2026-03-04 01:44:03.854 [HikariPool-1 housekeeper] [] WARN  com.zaxxer.hikari.pool.HikariPool - HikariPool-1 - Thread starvation or clock leap detected (housekeeper delta=2h7m28s348ms149µs400ns).
2026-03-04 01:44:10.673 [AsyncResolver-bootstrap-executor-0] [] INFO  c.n.d.s.r.aws.ConfigClusterResolver - Resolving eureka endpoints via configuration
2026-03-04 01:49:10.690 [AsyncResolver-bootstrap-executor-0] [] INFO  c.n.d.s.r.aws.ConfigClusterResolver - Resolving eureka endpoints via configuration
2026-03-04 01:54:10.699 [AsyncResolver-bootstrap-executor-0] [] INFO  c.n.d.s.r.aws.ConfigClusterResolver - Resolving eureka endpoints via configuration
2026-03-04 02:40:22.839 [main] [] DEBUG o.s.boot.SpringApplication - Loading source class org.springframework.cloud.bootstrap.BootstrapImportSelectorConfiguration
2026-03-04 02:40:25.054 [main] [] DEBUG o.s.b.a.l.ConditionEvaluationReportLogger - 


============================
CONDITIONS EVALUATION REPORT
============================


Positive matches:
-----------------

   ConfigServiceBootstrapConfiguration#configClientProperties matched:
      - @ConditionalOnMissingBean (types: org.springframework.cloud.config.client.ConfigClientProperties; SearchStrategy: all) did not find any beans (OnBeanCondition)

   ConfigServiceBootstrapConfiguration#configServicePropertySource matched:
      - @ConditionalOnProperty (spring.cloud.config.enabled) matched (OnPropertyCondition)
      - @ConditionalOnMissingBean (types: org.springframework.cloud.config.client.ConfigServicePropertySourceLocator; SearchStrategy: all) did not find any beans (OnBeanCondition)

   ConfigurationPropertiesRebinderAutoConfiguration matched:
      - @ConditionalOnBean (types: org.springframework.boot.context.properties.ConfigurationPropertiesBindingPostProcessor; SearchStrategy: all) found bean 'org.springframework.boot.context.properties.ConfigurationPropertiesBindingPostProcessor' (OnBeanCondition)

   ConfigurationPropertiesRebinderAutoConfiguration#configurationPropertiesBeans matched:
      - @ConditionalOnMissingBean (types: org.springframework.cloud.context.properties.ConfigurationPropertiesBeans; SearchStrategy: current) did not find any beans (OnBeanCondition)

   ConfigurationPropertiesRebinderAutoConfiguration#configurationPropertiesRebinder matched:
      - @ConditionalOnMissingBean (types: org.springframework.cloud.context.properties.ConfigurationPropertiesRebinder; SearchStrategy: current) did not find any beans (OnBeanCondition)

   EncryptionBootstrapConfiguration matched:
      - @ConditionalOnClass found required class 'org.springframework.security.crypto.encrypt.TextEncryptor' (OnClassCondition)

   EncryptionBootstrapConfiguration#keyProperties matched:
      - @ConditionalOnMissingBean (types: org.springframework.cloud.bootstrap.encrypt.KeyProperties; SearchStrategy: all) did not find any beans (OnBeanCondition)

   PropertyPlaceholderAutoConfiguration#propertySourcesPlaceholderConfigurer matched:
      - @ConditionalOnMissingBean (types: org.springframework.context.support.PropertySourcesPlaceholderConfigurer; SearchStrategy: current) did not find any beans (OnBeanCondition)


Negative matches:
-----------------

   ConfigServiceBootstrapConfiguration.RetryConfiguration:
      Did not match:
         - @ConditionalOnProperty (spring.cloud.config.fail-fast) did not find property 'spring.cloud.config.fail-fast' (OnPropertyCondition)
      Matched:
         - @ConditionalOnClass found required classes 'org.springframework.retry.annotation.Retryable', 'org.aspectj.lang.annotation.Aspect', 'org.springframework.boot.autoconfigure.aop.AopAutoConfiguration' (OnClassCondition)

   DiscoveryClientConfigServiceBootstrapConfiguration:
      Did not match:
         - @ConditionalOnProperty (spring.cloud.config.discovery.enabled) did not find property 'spring.cloud.config.discovery.enabled' (OnPropertyCondition)

   EncryptionBootstrapConfiguration.RsaEncryptionConfiguration:
      Did not match:
         - Keystore nor key found in Environment (EncryptionBootstrapConfiguration.KeyCondition)
      Matched:
         - @ConditionalOnClass found required class 'org.springframework.security.rsa.crypto.RsaSecretEncryptor' (OnClassCondition)

   EncryptionBootstrapConfiguration.VanillaEncryptionConfiguration:
      Did not match:
         - @ConditionalOnMissingClass found unwanted class 'org.springframework.security.rsa.crypto.RsaSecretEncryptor' (OnClassCondition)

   EurekaConfigServerBootstrapConfiguration:
      Did not match:
         - AllNestedConditions 1 matched 1 did not; NestedCondition on EurekaConfigServerBootstrapConfiguration.EurekaConfigServerBootstrapCondition.OnEurekaClient @ConditionalOnProperty (eureka.client.enabled) matched; NestedCondition on EurekaConfigServerBootstrapConfiguration.EurekaConfigServerBootstrapCondition.OnCloudConfigProperty @ConditionalOnProperty (spring.cloud.config.discovery.enabled) did not find property 'spring.cloud.config.discovery.enabled' (EurekaConfigServerBootstrapConfiguration.EurekaConfigServerBootstrapCondition)
      Matched:
         - @ConditionalOnClass found required class 'org.springframework.cloud.config.client.ConfigServicePropertySourceLocator' (OnClassCondition)

   EurekaConfigServerBootstrapConfiguration.WebClientConfiguration:
      Did not match:
         - @ConditionalOnClass did not find required class 'org.springframework.web.reactive.function.client.WebClient' (OnClassCondition)
         - Ancestor org.springframework.cloud.netflix.eureka.config.EurekaConfigServerBootstrapConfiguration did not match (ConditionEvaluationReport.AncestorsMatchedCondition)


Exclusions:
-----------

    None


Unconditional classes:
----------------------

    None



2026-03-04 02:40:26.039 [main] [] DEBUG o.s.b.w.s.c.ApplicationServletEnvironment - Activating profiles []
2026-03-04 02:40:29.149 [main] [] INFO  o.s.c.c.c.ConfigServicePropertySourceLocator - Fetching config from server at : http://localhost:8888
2026-03-04 02:40:29.298 [main] [] WARN  o.s.c.c.c.ConfigServicePropertySourceLocator - Could not locate PropertySource: 401 : [no body]
2026-03-04 02:40:29.318 [main] [] INFO  c.c.r.ReportingServiceApplication - No active profile set, falling back to 1 default profile: "default"
2026-03-04 02:40:29.320 [main] [] DEBUG o.s.boot.SpringApplication - Loading source class com.claimswift.reportingservice.ReportingServiceApplication,class org.springframework.cloud.bootstrap.BootstrapApplicationListener$BootstrapMarkerConfiguration
2026-03-04 02:40:29.459 [main] [] INFO  o.s.c.c.c.ConfigServerConfigDataLoader - Fetching config from server at : http://localhost:8888
2026-03-04 02:40:29.461 [main] [] INFO  o.s.c.c.c.ConfigServerConfigDataLoader - Located environment: name=reporting-service, profiles=[default], label=null, version=null, state=null
2026-03-04 02:40:29.462 [main] [] DEBUG o.s.b.w.s.c.AnnotationConfigServletWebServerApplicationContext - Refreshing org.springframework.boot.web.servlet.context.AnnotationConfigServletWebServerApplicationContext@f1a45f8
2026-03-04 02:40:33.208 [main] [] INFO  o.s.d.r.c.RepositoryConfigurationDelegate - Bootstrapping Spring Data JPA repositories in DEFAULT mode.
2026-03-04 02:40:33.249 [main] [] DEBUG o.s.b.a.AutoConfigurationPackages - @EnableAutoConfiguration was declared on a class in the package 'com.claimswift.reportingservice'. Automatic @Repository and @Entity scanning is enabled.
2026-03-04 02:40:33.277 [main] [] INFO  o.s.d.r.c.RepositoryConfigurationDelegate - Finished Spring Data repository scanning in 37 ms. Found 0 JPA repository interfaces.
2026-03-04 02:40:33.661 [main] [] WARN  o.s.b.w.s.c.AnnotationConfigServletWebServerApplicationContext - Exception encountered during context initialization - cancelling refresh attempt: java.lang.IllegalStateException: Error processing condition on org.springframework.cloud.netflix.eureka.EurekaDiscoveryClientConfiguration.discoveryClient
2026-03-04 02:40:33.731 [main] [] DEBUG o.s.b.a.l.ConditionEvaluationReportLogger - 


============================
CONDITIONS EVALUATION REPORT
============================


Positive matches:
-----------------

   AopAutoConfiguration matched:
      - @ConditionalOnProperty (spring.aop.auto=true) matched (OnPropertyCondition)

   AopAutoConfiguration.AspectJAutoProxyingConfiguration matched:
      - @ConditionalOnClass found required class 'org.aspectj.weaver.Advice' (OnClassCondition)

   AopAutoConfiguration.AspectJAutoProxyingConfiguration.CglibAutoProxyConfiguration matched:
      - @ConditionalOnProperty (spring.aop.proxy-target-class=true) matched (OnPropertyCondition)

   ApplicationAvailabilityAutoConfiguration#applicationAvailability matched:
      - @ConditionalOnMissingBean (types: org.springframework.boot.availability.ApplicationAvailability; SearchStrategy: all) did not find any beans (OnBeanCondition)

   AutoServiceRegistrationAutoConfiguration matched:
      - @ConditionalOnProperty (spring.cloud.service-registry.auto-registration.enabled) matched (OnPropertyCondition)

   AutoServiceRegistrationConfiguration matched:
      - @ConditionalOnProperty (spring.cloud.service-registry.auto-registration.enabled) matched (OnPropertyCondition)

   BlockingLoadBalancerClientAutoConfiguration matched:
      - @ConditionalOnProperty (spring.cloud.loadbalancer.enabled=true) matched (OnPropertyCondition)

   BlockingLoadBalancerClientAutoConfiguration.BlockingLoadBalancerRetryConfig matched:
      - @ConditionalOnClass found required class 'org.springframework.retry.support.RetryTemplate' (OnClassCondition)

   CompatibilityVerifierAutoConfiguration matched:
      - @ConditionalOnProperty (spring.cloud.compatibility-verifier.enabled) matched (OnPropertyCondition)

   ConfigurationPropertiesRebinderAutoConfiguration matched:
      - @ConditionalOnBean (types: org.springframework.boot.context.properties.ConfigurationPropertiesBindingPostProcessor; SearchStrategy: all) found bean 'org.springframework.boot.context.properties.ConfigurationPropertiesBindingPostProcessor' (OnBeanCondition)

   ConfigurationPropertiesRebinderAutoConfiguration#configurationPropertiesBeans matched:
      - @ConditionalOnMissingBean (types: org.springframework.cloud.context.properties.ConfigurationPropertiesBeans; SearchStrategy: current) did not find any beans (OnBeanCondition)

   ConfigurationPropertiesRebinderAutoConfiguration#configurationPropertiesRebinder matched:
      - @ConditionalOnMissingBean (types: org.springframework.cloud.context.properties.ConfigurationPropertiesRebinder; SearchStrategy: current) did not find any beans (OnBeanCondition)

   DataSourceAutoConfiguration matched:
      - @ConditionalOnClass found required classes 'javax.sql.DataSource', 'org.springframework.jdbc.datasource.embedded.EmbeddedDatabaseType' (OnClassCondition)
      - @ConditionalOnMissingBean (types: io.r2dbc.spi.ConnectionFactory; SearchStrategy: all) did not find any beans (OnBeanCondition)

   DataSourceAutoConfiguration.PooledDataSourceConfiguration matched:
      - AnyNestedCondition 1 matched 1 did not; NestedCondition on DataSourceAutoConfiguration.PooledDataSourceCondition.PooledDataSourceAvailable PooledDataSource found supported DataSource; NestedCondition on DataSourceAutoConfiguration.PooledDataSourceCondition.ExplicitType @ConditionalOnProperty (spring.datasource.type) did not find property 'type' (DataSourceAutoConfiguration.PooledDataSourceCondition)
      - @ConditionalOnMissingBean (types: javax.sql.DataSource,javax.sql.XADataSource; SearchStrategy: all) did not find any beans (OnBeanCondition)

   DataSourceAutoConfiguration.PooledDataSourceConfiguration#jdbcConnectionDetails matched:
      - @ConditionalOnMissingBean (types: org.springframework.boot.autoconfigure.jdbc.JdbcConnectionDetails; SearchStrategy: all) did not find any beans (OnBeanCondition)

   DataSourceConfiguration.Hikari matched:
      - @ConditionalOnClass found required class 'com.zaxxer.hikari.HikariDataSource' (OnClassCondition)
      - @ConditionalOnProperty (spring.datasource.type=com.zaxxer.hikari.HikariDataSource) matched (OnPropertyCondition)
      - @ConditionalOnMissingBean (types: javax.sql.DataSource; SearchStrategy: all) did not find any beans (OnBeanCondition)

   DataSourceInitializationConfiguration matched:
      - @ConditionalOnClass found required class 'org.springframework.jdbc.datasource.init.DatabasePopulator' (OnClassCondition)
      - @ConditionalOnSingleCandidate (types: javax.sql.DataSource; SearchStrategy: all) found a single bean 'dataSource'; @ConditionalOnMissingBean (types: org.springframework.boot.autoconfigure.sql.init.SqlDataSourceScriptDatabaseInitializer,org.springframework.boot.autoconfigure.sql.init.SqlR2dbcScriptDatabaseInitializer; SearchStrategy: all) did not find any beans (OnBeanCondition)

   DataSourceJmxConfiguration matched:
      - @ConditionalOnProperty (spring.jmx.enabled=true) matched (OnPropertyCondition)

   DataSourceJmxConfiguration.Hikari matched:
      - @ConditionalOnClass found required class 'com.zaxxer.hikari.HikariDataSource' (OnClassCondition)
      - @ConditionalOnSingleCandidate (types: javax.sql.DataSource; SearchStrategy: all) found a single bean 'dataSource' (OnBeanCondition)

   DataSourcePoolMetadataProvidersConfiguration.HikariPoolDataSourceMetadataProviderConfiguration matched:
      - @ConditionalOnClass found required class 'com.zaxxer.hikari.HikariDataSource' (OnClassCondition)

   DataSourceTransactionManagerAutoConfiguration matched:
      - @ConditionalOnClass found required classes 'org.springframework.jdbc.core.JdbcTemplate', 'org.springframework.transaction.TransactionManager' (OnClassCondition)

   DataSourceTransactionManagerAutoConfiguration.JdbcTransactionManagerConfiguration matched:
      - @ConditionalOnSingleCandidate (types: javax.sql.DataSource; SearchStrategy: all) found a single bean 'dataSource' (OnBeanCondition)

   DiscoveryClientOptionalArgsConfiguration#defaultEurekaClientHttpRequestFactorySupplier matched:
      - @ConditionalOnClass found required class 'org.springframework.web.client.RestTemplate' (OnClassCondition)
      - @ConditionalOnMissingBean (types: org.springframework.cloud.netflix.eureka.http.EurekaClientHttpRequestFactorySupplier; SearchStrategy: all) did not find any beans (OnBeanCondition)

   DiscoveryClientOptionalArgsConfiguration#restTemplateDiscoveryClientOptionalArgs matched:
      - @ConditionalOnClass found required class 'org.springframework.web.client.RestTemplate'; @ConditionalOnMissingClass did not find unwanted class 'org.glassfish.jersey.client.JerseyClient' (OnClassCondition)
      - @ConditionalOnProperty (eureka.client.webclient.enabled=false) matched (OnPropertyCondition)
      - @ConditionalOnMissingBean (types: com.netflix.discovery.AbstractDiscoveryClientOptionalArgs; SearchStrategy: current) did not find any beans (OnBeanCondition)

   DiscoveryClientOptionalArgsConfiguration#restTemplateTransportClientFactories matched:
      - @ConditionalOnClass found required class 'org.springframework.web.client.RestTemplate'; @ConditionalOnMissingClass did not find unwanted class 'org.glassfish.jersey.client.JerseyClient' (OnClassCondition)
      - @ConditionalOnProperty (eureka.client.webclient.enabled=false) matched (OnPropertyCondition)
      - @ConditionalOnMissingBean (types: com.netflix.discovery.shared.transport.jersey.TransportClientFactories; SearchStrategy: current) did not find any beans (OnBeanCondition)

   DispatcherServletAutoConfiguration matched:
      - @ConditionalOnClass found required class 'org.springframework.web.servlet.DispatcherServlet' (OnClassCondition)
      - found 'session' scope (OnWebApplicationCondition)

   DispatcherServletAutoConfiguration.DispatcherServletConfiguration matched:
      - @ConditionalOnClass found required class 'jakarta.servlet.ServletRegistration' (OnClassCondition)
      - Default DispatcherServlet did not find dispatcher servlet beans (DispatcherServletAutoConfiguration.DefaultDispatcherServletCondition)

   DispatcherServletAutoConfiguration.DispatcherServletRegistrationConfiguration matched:
      - @ConditionalOnClass found required class 'jakarta.servlet.ServletRegistration' (OnClassCondition)
      - DispatcherServlet Registration did not find servlet registration bean (DispatcherServletAutoConfiguration.DispatcherServletRegistrationCondition)

   DispatcherServletAutoConfiguration.DispatcherServletRegistrationConfiguration#dispatcherServletRegistration matched:
      - @ConditionalOnBean (names: dispatcherServlet types: org.springframework.web.servlet.DispatcherServlet; SearchStrategy: all) found bean 'dispatcherServlet' (OnBeanCondition)

   EmbeddedWebServerFactoryCustomizerAutoConfiguration matched:
      - @ConditionalOnWebApplication (required) found 'session' scope (OnWebApplicationCondition)
      - @ConditionalOnWarDeployment the application is not deployed as a WAR file. (OnWarDeploymentCondition)

   EmbeddedWebServerFactoryCustomizerAutoConfiguration.TomcatWebServerFactoryCustomizerConfiguration matched:
      - @ConditionalOnClass found required classes 'org.apache.catalina.startup.Tomcat', 'org.apache.coyote.UpgradeProtocol' (OnClassCondition)

   ErrorMvcAutoConfiguration matched:
      - @ConditionalOnClass found required classes 'jakarta.servlet.Servlet', 'org.springframework.web.servlet.DispatcherServlet' (OnClassCondition)
      - found 'session' scope (OnWebApplicationCondition)

   ErrorMvcAutoConfiguration#basicErrorController matched:
      - @ConditionalOnMissingBean (types: org.springframework.boot.web.servlet.error.ErrorController; SearchStrategy: current) did not find any beans (OnBeanCondition)

   ErrorMvcAutoConfiguration#errorAttributes matched:
      - @ConditionalOnMissingBean (types: org.springframework.boot.web.servlet.error.ErrorAttributes; SearchStrategy: current) did not find any beans (OnBeanCondition)

   ErrorMvcAutoConfiguration.DefaultErrorViewResolverConfiguration#conventionErrorViewResolver matched:
      - @ConditionalOnBean (types: org.springframework.web.servlet.DispatcherServlet; SearchStrategy: all) found bean 'dispatcherServlet'; @ConditionalOnMissingBean (types: org.springframework.boot.autoconfigure.web.servlet.error.ErrorViewResolver; SearchStrategy: all) did not find any beans (OnBeanCondition)

   EurekaClientAutoConfiguration matched:
      - @ConditionalOnClass found required class 'com.netflix.discovery.EurekaClientConfig' (OnClassCondition)
      - @ConditionalOnProperty (eureka.client.enabled) matched; @ConditionalOnProperty (spring.cloud.discovery.enabled) matched (OnPropertyCondition)

   EurekaClientAutoConfiguration.RefreshableEurekaClientConfiguration matched:
      - @ConditionalOnClass found required class 'org.springframework.cloud.context.scope.refresh.RefreshScope' (OnClassCondition)
      - @ConditionalOnProperty (eureka.client.refresh.enable=true) matched (OnPropertyCondition)

   EurekaDiscoveryClientConfiguration matched:
      - @ConditionalOnClass found required class 'com.netflix.discovery.EurekaClientConfig' (OnClassCondition)
      - @ConditionalOnProperty (eureka.client.enabled) matched; @ConditionalOnProperty (spring.cloud.discovery.enabled) matched; @ConditionalOnProperty (spring.cloud.discovery.blocking.enabled) matched (OnPropertyCondition)

   EurekaDiscoveryClientConfiguration.EurekaClientConfigurationRefresher matched:
      - @ConditionalOnClass found required class 'org.springframework.cloud.context.scope.refresh.RefreshScopeRefreshedEvent' (OnClassCondition)

   EurekaDiscoveryClientConfiguration.EurekaHealthCheckHandlerConfiguration matched:
      - @ConditionalOnProperty (eureka.client.healthcheck.enabled) matched (OnPropertyCondition)

   EurekaDiscoveryClientConfiguration.EurekaHealthCheckHandlerConfiguration#eurekaHealthCheckHandler matched:
      - @ConditionalOnMissingBean (types: com.netflix.appinfo.HealthCheckHandler; SearchStrategy: all) did not find any beans (OnBeanCondition)

   FeignAutoConfiguration matched:
      - @ConditionalOnClass found required class 'feign.Feign' (OnClassCondition)

   FeignAutoConfiguration.DefaultFeignTargeterConfiguration matched:
      - AnyNestedCondition 1 matched 1 did not; NestedCondition on FeignCircuitBreakerDisabledConditions.CircuitBreakerDisabled @ConditionalOnProperty (spring.cloud.openfeign.circuitbreaker.enabled=false) matched; NestedCondition on FeignCircuitBreakerDisabledConditions.CircuitBreakerClassMissing @ConditionalOnMissingClass found unwanted class 'org.springframework.cloud.client.circuitbreaker.CircuitBreaker' (FeignCircuitBreakerDisabledConditions)

   FeignAutoConfiguration.FeignJacksonConfiguration matched:
      - @ConditionalOnClass found required classes 'com.fasterxml.jackson.databind.Module', 'org.springframework.data.domain.Page', 'org.springframework.data.domain.Sort' (OnClassCondition)
      - @ConditionalOnProperty (spring.cloud.openfeign.autoconfiguration.jackson.enabled=true) matched (OnPropertyCondition)

   FeignLoadBalancerAutoConfiguration matched:
      - @ConditionalOnClass found required class 'feign.Feign' (OnClassCondition)

   GenericCacheConfiguration matched:
      - Cache org.springframework.boot.autoconfigure.cache.GenericCacheConfiguration automatic cache type (CacheCondition)

   GsonAutoConfiguration matched:
      - @ConditionalOnClass found required class 'com.google.gson.Gson' (OnClassCondition)

   GsonAutoConfiguration#gson matched:
      - @ConditionalOnMissingBean (types: com.google.gson.Gson; SearchStrategy: all) did not find any beans (OnBeanCondition)

   GsonAutoConfiguration#gsonBuilder matched:
      - @ConditionalOnMissingBean (types: com.google.gson.GsonBuilder; SearchStrategy: all) did not find any beans (OnBeanCondition)

   GsonHttpMessageConvertersConfiguration matched:
      - @ConditionalOnClass found required class 'com.google.gson.Gson' (OnClassCondition)

   HibernateJpaAutoConfiguration matched:
      - @ConditionalOnClass found required classes 'org.springframework.orm.jpa.LocalContainerEntityManagerFactoryBean', 'jakarta.persistence.EntityManager', 'org.hibernate.engine.spi.SessionImplementor' (OnClassCondition)

   HibernateJpaConfiguration matched:
      - @ConditionalOnSingleCandidate (types: javax.sql.DataSource; SearchStrategy: all) found a single bean 'dataSource' (OnBeanCondition)

   HttpEncodingAutoConfiguration matched:
      - @ConditionalOnClass found required class 'org.springframework.web.filter.CharacterEncodingFilter' (OnClassCondition)
      - found 'session' scope (OnWebApplicationCondition)
      - @ConditionalOnProperty (server.servlet.encoding.enabled) matched (OnPropertyCondition)

   HttpEncodingAutoConfiguration#characterEncodingFilter matched:
      - @ConditionalOnMissingBean (types: org.springframework.web.filter.CharacterEncodingFilter; SearchStrategy: all) did not find any beans (OnBeanCondition)

   HttpMessageConvertersAutoConfiguration matched:
      - @ConditionalOnClass found required class 'org.springframework.http.converter.HttpMessageConverter' (OnClassCondition)
      - NoneNestedConditions 0 matched 1 did not; NestedCondition on HttpMessageConvertersAutoConfiguration.NotReactiveWebApplicationCondition.ReactiveWebApplication did not find reactive web application classes (HttpMessageConvertersAutoConfiguration.NotReactiveWebApplicationCondition)

   HttpMessageConvertersAutoConfiguration#messageConverters matched:
      - @ConditionalOnMissingBean (types: org.springframework.boot.autoconfigure.http.HttpMessageConverters; SearchStrategy: all) did not find any beans (OnBeanCondition)

   HttpMessageConvertersAutoConfiguration.StringHttpMessageConverterConfiguration matched:
      - @ConditionalOnClass found required class 'org.springframework.http.converter.StringHttpMessageConverter' (OnClassCondition)

   HttpMessageConvertersAutoConfiguration.StringHttpMessageConverterConfiguration#stringHttpMessageConverter matched:
      - @ConditionalOnMissingBean (types: org.springframework.http.converter.StringHttpMessageConverter; SearchStrategy: all) did not find any beans (OnBeanCondition)

   JacksonAutoConfiguration matched:
      - @ConditionalOnClass found required class 'com.fasterxml.jackson.databind.ObjectMapper' (OnClassCondition)

   JacksonAutoConfiguration.Jackson2ObjectMapperBuilderCustomizerConfiguration matched:
      - @ConditionalOnClass found required class 'org.springframework.http.converter.json.Jackson2ObjectMapperBuilder' (OnClassCondition)

   JacksonAutoConfiguration.JacksonObjectMapperBuilderConfiguration matched:
      - @ConditionalOnClass found required class 'org.springframework.http.converter.json.Jackson2ObjectMapperBuilder' (OnClassCondition)

   JacksonAutoConfiguration.JacksonObjectMapperBuilderConfiguration#jacksonObjectMapperBuilder matched:
      - @ConditionalOnMissingBean (types: org.springframework.http.converter.json.Jackson2ObjectMapperBuilder; SearchStrategy: all) did not find any beans (OnBeanCondition)

   JacksonAutoConfiguration.JacksonObjectMapperConfiguration matched:
      - @ConditionalOnClass found required class 'org.springframework.http.converter.json.Jackson2ObjectMapperBuilder' (OnClassCondition)

   JacksonAutoConfiguration.JacksonObjectMapperConfiguration#jacksonObjectMapper matched:
      - @ConditionalOnMissingBean (types: com.fasterxml.jackson.databind.ObjectMapper; SearchStrategy: all) did not find any beans (OnBeanCondition)

   JacksonAutoConfiguration.ParameterNamesModuleConfiguration matched:
      - @ConditionalOnClass found required class 'com.fasterxml.jackson.module.paramnames.ParameterNamesModule' (OnClassCondition)

   JacksonAutoConfiguration.ParameterNamesModuleConfiguration#parameterNamesModule matched:
      - @ConditionalOnMissingBean (types: com.fasterxml.jackson.module.paramnames.ParameterNamesModule; SearchStrategy: all) did not find any beans (OnBeanCondition)

   JacksonHttpMessageConvertersConfiguration.MappingJackson2HttpMessageConverterConfiguration matched:
      - @ConditionalOnClass found required class 'com.fasterxml.jackson.databind.ObjectMapper' (OnClassCondition)
      - @ConditionalOnProperty (spring.mvc.converters.preferred-json-mapper=jackson) matched (OnPropertyCondition)
      - @ConditionalOnBean (types: com.fasterxml.jackson.databind.ObjectMapper; SearchStrategy: all) found bean 'jacksonObjectMapper' (OnBeanCondition)

   JacksonHttpMessageConvertersConfiguration.MappingJackson2HttpMessageConverterConfiguration#mappingJackson2HttpMessageConverter matched:
      - @ConditionalOnMissingBean (types: org.springframework.http.converter.json.MappingJackson2HttpMessageConverter ignored: org.springframework.hateoas.server.mvc.TypeConstrainedMappingJackson2HttpMessageConverter,org.springframework.data.rest.webmvc.alps.AlpsJsonHttpMessageConverter; SearchStrategy: all) did not find any beans (OnBeanCondition)

   JdbcClientAutoConfiguration matched:
      - @ConditionalOnSingleCandidate (types: org.springframework.jdbc.core.namedparam.NamedParameterJdbcTemplate; SearchStrategy: all) found a single bean 'namedParameterJdbcTemplate'; @ConditionalOnMissingBean (types: org.springframework.jdbc.core.simple.JdbcClient; SearchStrategy: all) did not find any beans (OnBeanCondition)

   JdbcTemplateAutoConfiguration matched:
      - @ConditionalOnClass found required classes 'javax.sql.DataSource', 'org.springframework.jdbc.core.JdbcTemplate' (OnClassCondition)
      - @ConditionalOnSingleCandidate (types: javax.sql.DataSource; SearchStrategy: all) found a single bean 'dataSource' (OnBeanCondition)

   JdbcTemplateConfiguration matched:
      - @ConditionalOnMissingBean (types: org.springframework.jdbc.core.JdbcOperations; SearchStrategy: all) did not find any beans (OnBeanCondition)

   JpaBaseConfiguration#entityManagerFactory matched:
      - @ConditionalOnMissingBean (types: org.springframework.orm.jpa.LocalContainerEntityManagerFactoryBean,jakarta.persistence.EntityManagerFactory; SearchStrategy: all) did not find any beans (OnBeanCondition)

   JpaBaseConfiguration#entityManagerFactoryBuilder matched:
      - @ConditionalOnMissingBean (types: org.springframework.boot.orm.jpa.EntityManagerFactoryBuilder; SearchStrategy: all) did not find any beans (OnBeanCondition)

   JpaBaseConfiguration#jpaVendorAdapter matched:
      - @ConditionalOnMissingBean (types: org.springframework.orm.jpa.JpaVendorAdapter; SearchStrategy: all) did not find any beans (OnBeanCondition)

   JpaBaseConfiguration#transactionManager matched:
      - @ConditionalOnMissingBean (types: org.springframework.transaction.TransactionManager; SearchStrategy: all) did not find any beans (OnBeanCondition)

   JpaBaseConfiguration.JpaWebConfiguration matched:
      - @ConditionalOnClass found required class 'org.springframework.web.servlet.config.annotation.WebMvcConfigurer' (OnClassCondition)
      - found 'session' scope (OnWebApplicationCondition)
      - @ConditionalOnProperty (spring.jpa.open-in-view=true) matched (OnPropertyCondition)
      - @ConditionalOnMissingBean (types: org.springframework.orm.jpa.support.OpenEntityManagerInViewInterceptor,org.springframework.orm.jpa.support.OpenEntityManagerInViewFilter; SearchStrategy: all) did not find any beans (OnBeanCondition)

   JpaBaseConfiguration.PersistenceManagedTypesConfiguration matched:
      - @ConditionalOnMissingBean (types: org.springframework.orm.jpa.LocalContainerEntityManagerFactoryBean,jakarta.persistence.EntityManagerFactory; SearchStrategy: all) did not find any beans (OnBeanCondition)

   JpaBaseConfiguration.PersistenceManagedTypesConfiguration#persistenceManagedTypes matched:
      - @ConditionalOnMissingBean (types: org.springframework.orm.jpa.persistenceunit.PersistenceManagedTypes; SearchStrategy: all) did not find any beans (OnBeanCondition)

   JpaRepositoriesAutoConfiguration matched:
      - @ConditionalOnClass found required class 'org.springframework.data.jpa.repository.JpaRepository' (OnClassCondition)
      - @ConditionalOnProperty (spring.data.jpa.repositories.enabled=true) matched (OnPropertyCondition)
      - @ConditionalOnBean (types: javax.sql.DataSource; SearchStrategy: all) found bean 'dataSource'; @ConditionalOnMissingBean (types: org.springframework.data.jpa.repository.support.JpaRepositoryFactoryBean,org.springframework.data.jpa.repository.config.JpaRepositoryConfigExtension; SearchStrategy: all) did not find any beans (OnBeanCondition)

   JtaAutoConfiguration matched:
      - @ConditionalOnClass found required class 'jakarta.transaction.Transaction' (OnClassCondition)
      - @ConditionalOnProperty (spring.jta.enabled) matched (OnPropertyCondition)

   LifecycleAutoConfiguration#defaultLifecycleProcessor matched:
      - @ConditionalOnMissingBean (names: lifecycleProcessor; SearchStrategy: current) did not find any beans (OnBeanCondition)

   LifecycleMvcEndpointAutoConfiguration#environmentManager matched:
      - @ConditionalOnMissingBean (types: org.springframework.cloud.context.environment.EnvironmentManager; SearchStrategy: all) did not find any beans (OnBeanCondition)

   LoadBalancerAutoConfiguration matched:
      - @ConditionalOnProperty (spring.cloud.loadbalancer.enabled=true) matched (OnPropertyCondition)

   LoadBalancerAutoConfiguration.RetryAutoConfiguration matched:
      - @ConditionalOnClass found required class 'org.springframework.retry.support.RetryTemplate' (OnClassCondition)

   LoadBalancerAutoConfiguration.RetryInterceptorAutoConfiguration matched:
      - @ConditionalOnClass found required class 'org.springframework.retry.support.RetryTemplate' (OnClassCondition)
      - @ConditionalOnProperty (spring.cloud.loadbalancer.retry.enabled) matched (OnPropertyCondition)

   LoadBalancerCacheAutoConfiguration matched:
      - @ConditionalOnClass found required classes 'org.springframework.cache.CacheManager', 'org.springframework.boot.autoconfigure.cache.CacheAutoConfiguration' (OnClassCondition)

   LoadBalancerCacheAutoConfiguration.DefaultLoadBalancerCacheManagerConfiguration matched:
      - @ConditionalOnClass found required class 'com.stoyanr.evictor.ConcurrentMapWithTimedEviction' (OnClassCondition)

   LoadBalancerEurekaAutoConfiguration matched:
      - @ConditionalOnClass found required class 'org.springframework.cloud.loadbalancer.annotation.LoadBalancerClientConfigurationRegistrar' (OnClassCondition)
      - @ConditionalOnProperty (eureka.client.enabled) matched (OnPropertyCondition)

   MultipartAutoConfiguration matched:
      - @ConditionalOnClass found required classes 'jakarta.servlet.Servlet', 'org.springframework.web.multipart.support.StandardServletMultipartResolver', 'jakarta.servlet.MultipartConfigElement' (OnClassCondition)
      - found 'session' scope (OnWebApplicationCondition)
      - @ConditionalOnProperty (spring.servlet.multipart.enabled) matched (OnPropertyCondition)

   MultipartAutoConfiguration#multipartConfigElement matched:
      - @ConditionalOnMissingBean (types: jakarta.servlet.MultipartConfigElement; SearchStrategy: all) did not find any beans (OnBeanCondition)

   MultipartAutoConfiguration#multipartResolver matched:
      - @ConditionalOnMissingBean (types: org.springframework.web.multipart.MultipartResolver; SearchStrategy: all) did not find any beans (OnBeanCondition)

   NamedParameterJdbcTemplateConfiguration matched:
      - @ConditionalOnSingleCandidate (types: org.springframework.jdbc.core.JdbcTemplate; SearchStrategy: all) found a single bean 'jdbcTemplate'; @ConditionalOnMissingBean (types: org.springframework.jdbc.core.namedparam.NamedParameterJdbcOperations; SearchStrategy: all) did not find any beans (OnBeanCondition)

   NoOpCacheConfiguration matched:
      - Cache org.springframework.boot.autoconfigure.cache.NoOpCacheConfiguration automatic cache type (CacheCondition)

   PersistenceExceptionTranslationAutoConfiguration matched:
      - @ConditionalOnClass found required class 'org.springframework.dao.annotation.PersistenceExceptionTranslationPostProcessor' (OnClassCondition)

   PersistenceExceptionTranslationAutoConfiguration#persistenceExceptionTranslationPostProcessor matched:
      - @ConditionalOnProperty (spring.dao.exceptiontranslation.enabled) matched (OnPropertyCondition)
      - @ConditionalOnMissingBean (types: org.springframework.dao.annotation.PersistenceExceptionTranslationPostProcessor; SearchStrategy: all) did not find any beans (OnBeanCondition)

   PropertyPlaceholderAutoConfiguration#propertySourcesPlaceholderConfigurer matched:
      - @ConditionalOnMissingBean (types: org.springframework.context.support.PropertySourcesPlaceholderConfigurer; SearchStrategy: current) did not find any beans (OnBeanCondition)

   ReactorAutoConfiguration matched:
      - @ConditionalOnClass found required class 'reactor.core.publisher.Hooks' (OnClassCondition)

   RefreshAutoConfiguration matched:
      - @ConditionalOnClass found required class 'org.springframework.cloud.context.scope.refresh.RefreshScope' (OnClassCondition)
      - @ConditionalOnProperty (spring.cloud.refresh.enabled) matched (OnPropertyCondition)

   RefreshAutoConfiguration#legacyContextRefresher matched:
      - AnyNestedCondition 1 matched 2 did not; NestedCondition on ConditionalOnBootstrapEnabled.OnBootstrapEnabledCondition.OnBootstrapEnabled @ConditionalOnProperty (spring.cloud.bootstrap.enabled) did not find property 'spring.cloud.bootstrap.enabled'; NestedCondition on ConditionalOnBootstrapEnabled.OnBootstrapEnabledCondition.OnUseLegacyProcessingEnabled @ConditionalOnProperty (spring.config.use-legacy-processing) did not find property 'spring.config.use-legacy-processing'; NestedCondition on ConditionalOnBootstrapEnabled.OnBootstrapEnabledCondition.OnBootstrapMarkerClassPresent @ConditionalOnClass found required class 'org.springframework.cloud.bootstrap.marker.Marker' (ConditionalOnBootstrapEnabled.OnBootstrapEnabledCondition)
      - @ConditionalOnMissingBean (types: org.springframework.cloud.context.refresh.LegacyContextRefresher; SearchStrategy: all) did not find any beans (OnBeanCondition)

   RefreshAutoConfiguration#loggingRebinder matched:
      - @ConditionalOnMissingBean (types: org.springframework.cloud.logging.LoggingRebinder; SearchStrategy: all) did not find any beans (OnBeanCondition)

   RefreshAutoConfiguration#refreshScope matched:
      - @ConditionalOnMissingBean (types: org.springframework.cloud.context.scope.refresh.RefreshScope; SearchStrategy: all) did not find any beans (OnBeanCondition)

   RefreshAutoConfiguration#refreshScopeLifecycle matched:
      - @ConditionalOnProperty (spring.cloud.refresh.on-restart.enabled) matched (OnPropertyCondition)

   ResourceServerTokenRelayAutoConfiguration matched:
      - @ConditionalOnClass found required class 'org.springframework.web.servlet.config.annotation.WebMvcConfigurer' (OnClassCondition)
      - found 'session' scope (OnWebApplicationCondition)
      - @ConditionalOnProperty (spring.cloud.mvc.token-relay.enabled) matched (OnPropertyCondition)

   RestClientAutoConfiguration matched:
      - @ConditionalOnClass found required class 'org.springframework.web.client.RestClient' (OnClassCondition)
      - NoneNestedConditions 0 matched 1 did not; NestedCondition on NotReactiveWebApplicationCondition.ReactiveWebApplication did not find reactive web application classes (NotReactiveWebApplicationCondition)

   RestClientAutoConfiguration#httpMessageConvertersRestClientCustomizer matched:
      - @ConditionalOnMissingBean (types: org.springframework.boot.autoconfigure.web.client.HttpMessageConvertersRestClientCustomizer; SearchStrategy: all) did not find any beans (OnBeanCondition)

   RestClientAutoConfiguration#restClientBuilder matched:
      - @ConditionalOnMissingBean (types: org.springframework.web.client.RestClient$Builder; SearchStrategy: all) did not find any beans (OnBeanCondition)

   RestClientAutoConfiguration#restClientBuilderConfigurer matched:
      - @ConditionalOnMissingBean (types: org.springframework.boot.autoconfigure.web.client.RestClientBuilderConfigurer; SearchStrategy: all) did not find any beans (OnBeanCondition)

   RestClientAutoConfiguration#restClientSsl matched:
      - @ConditionalOnBean (types: org.springframework.boot.ssl.SslBundles; SearchStrategy: all) found bean 'sslBundleRegistry'; @ConditionalOnMissingBean (types: org.springframework.boot.autoconfigure.web.client.RestClientSsl; SearchStrategy: all) did not find any beans (OnBeanCondition)

   RestTemplateAutoConfiguration matched:
      - @ConditionalOnClass found required class 'org.springframework.web.client.RestTemplate' (OnClassCondition)
      - NoneNestedConditions 0 matched 1 did not; NestedCondition on NotReactiveWebApplicationCondition.ReactiveWebApplication did not find reactive web application classes (NotReactiveWebApplicationCondition)

   RestTemplateAutoConfiguration#restTemplateBuilder matched:
      - @ConditionalOnMissingBean (types: org.springframework.boot.web.client.RestTemplateBuilder; SearchStrategy: all) did not find any beans (OnBeanCondition)

   SecurityAutoConfiguration matched:
      - @ConditionalOnClass found required class 'org.springframework.security.authentication.DefaultAuthenticationEventPublisher' (OnClassCondition)

   SecurityAutoConfiguration#authenticationEventPublisher matched:
      - @ConditionalOnMissingBean (types: org.springframework.security.authentication.AuthenticationEventPublisher; SearchStrategy: all) did not find any beans (OnBeanCondition)

   SecurityFilterAutoConfiguration matched:
      - @ConditionalOnClass found required classes 'org.springframework.security.web.context.AbstractSecurityWebApplicationInitializer', 'org.springframework.security.config.http.SessionCreationPolicy' (OnClassCondition)
      - found 'session' scope (OnWebApplicationCondition)

   SecurityFilterAutoConfiguration#securityFilterChainRegistration matched:
      - @ConditionalOnBean (names: springSecurityFilterChain; SearchStrategy: all) found bean 'springSecurityFilterChain' (OnBeanCondition)

   ServletWebServerFactoryAutoConfiguration matched:
      - @ConditionalOnClass found required class 'jakarta.servlet.ServletRequest' (OnClassCondition)
      - found 'session' scope (OnWebApplicationCondition)

   ServletWebServerFactoryAutoConfiguration#tomcatServletWebServerFactoryCustomizer matched:
      - @ConditionalOnClass found required class 'org.apache.catalina.startup.Tomcat' (OnClassCondition)

   ServletWebServerFactoryConfiguration.EmbeddedTomcat matched:
      - @ConditionalOnClass found required classes 'jakarta.servlet.Servlet', 'org.apache.catalina.startup.Tomcat', 'org.apache.coyote.UpgradeProtocol' (OnClassCondition)
      - @ConditionalOnMissingBean (types: org.springframework.boot.web.servlet.server.ServletWebServerFactory; SearchStrategy: current) did not find any beans (OnBeanCondition)

   SimpleCacheConfiguration matched:
      - Cache org.springframework.boot.autoconfigure.cache.SimpleCacheConfiguration automatic cache type (CacheCondition)

   SimpleDiscoveryClientAutoConfiguration#simpleDiscoveryProperties matched:
      - @ConditionalOnMissingBean (types: org.springframework.cloud.client.discovery.simple.SimpleDiscoveryProperties; SearchStrategy: all) did not find any beans (OnBeanCondition)

   SpringBootWebSecurityConfiguration matched:
      - found 'session' scope (OnWebApplicationCondition)

   SpringDataWebAutoConfiguration matched:
      - @ConditionalOnClass found required classes 'org.springframework.data.web.PageableHandlerMethodArgumentResolver', 'org.springframework.web.servlet.config.annotation.WebMvcConfigurer' (OnClassCondition)
      - found 'session' scope (OnWebApplicationCondition)
      - @ConditionalOnMissingBean (types: org.springframework.data.web.PageableHandlerMethodArgumentResolver; SearchStrategy: all) did not find any beans (OnBeanCondition)

   SpringDataWebAutoConfiguration#pageableCustomizer matched:
      - @ConditionalOnMissingBean (types: org.springframework.data.web.config.PageableHandlerMethodArgumentResolverCustomizer; SearchStrategy: all) did not find any beans (OnBeanCondition)

   SpringDataWebAutoConfiguration#sortCustomizer matched:
      - @ConditionalOnMissingBean (types: org.springframework.data.web.config.SortHandlerMethodArgumentResolverCustomizer; SearchStrategy: all) did not find any beans (OnBeanCondition)

   SqlInitializationAutoConfiguration matched:
      - @ConditionalOnProperty (spring.sql.init.enabled) matched (OnPropertyCondition)
      - NoneNestedConditions 0 matched 1 did not; NestedCondition on SqlInitializationAutoConfiguration.SqlInitializationModeCondition.ModeIsNever @ConditionalOnProperty (spring.sql.init.mode=never) did not find property 'mode' (SqlInitializationAutoConfiguration.SqlInitializationModeCondition)

   SslAutoConfiguration#sslBundleRegistry matched:
      - @ConditionalOnMissingBean (types: org.springframework.boot.ssl.SslBundleRegistry,org.springframework.boot.ssl.SslBundles; SearchStrategy: all) did not find any beans (OnBeanCondition)

   TaskExecutionAutoConfiguration matched:
      - @ConditionalOnClass found required class 'org.springframework.scheduling.concurrent.ThreadPoolTaskExecutor' (OnClassCondition)

   TaskExecutorConfigurations.SimpleAsyncTaskExecutorBuilderConfiguration#simpleAsyncTaskExecutorBuilder matched:
      - @ConditionalOnMissingBean (types: org.springframework.boot.task.SimpleAsyncTaskExecutorBuilder; SearchStrategy: all) did not find any beans (OnBeanCondition)
      - @ConditionalOnThreading found PLATFORM (OnThreadingCondition)

   TaskExecutorConfigurations.TaskExecutorBuilderConfiguration#taskExecutorBuilder matched:
      - @ConditionalOnMissingBean (types: org.springframework.boot.task.TaskExecutorBuilder; SearchStrategy: all) did not find any beans (OnBeanCondition)

   TaskExecutorConfigurations.TaskExecutorConfiguration matched:
      - @ConditionalOnMissingBean (types: java.util.concurrent.Executor; SearchStrategy: all) did not find any beans (OnBeanCondition)

   TaskExecutorConfigurations.TaskExecutorConfiguration#applicationTaskExecutor matched:
      - @ConditionalOnThreading found PLATFORM (OnThreadingCondition)

   TaskExecutorConfigurations.ThreadPoolTaskExecutorBuilderConfiguration#threadPoolTaskExecutorBuilder matched:
      - @ConditionalOnMissingBean (types: org.springframework.boot.task.TaskExecutorBuilder,org.springframework.boot.task.ThreadPoolTaskExecutorBuilder; SearchStrategy: all) did not find any beans (OnBeanCondition)

   TaskSchedulingAutoConfiguration matched:
      - @ConditionalOnClass found required class 'org.springframework.scheduling.concurrent.ThreadPoolTaskScheduler' (OnClassCondition)

   TaskSchedulingConfigurations.SimpleAsyncTaskSchedulerBuilderConfiguration#simpleAsyncTaskSchedulerBuilder matched:
      - @ConditionalOnMissingBean (types: org.springframework.boot.task.SimpleAsyncTaskSchedulerBuilder; SearchStrategy: all) did not find any beans (OnBeanCondition)
      - @ConditionalOnThreading found PLATFORM (OnThreadingCondition)

   TaskSchedulingConfigurations.TaskSchedulerBuilderConfiguration#taskSchedulerBuilder matched:
      - @ConditionalOnMissingBean (types: org.springframework.boot.task.TaskSchedulerBuilder; SearchStrategy: all) did not find any beans (OnBeanCondition)

   TaskSchedulingConfigurations.ThreadPoolTaskSchedulerBuilderConfiguration#threadPoolTaskSchedulerBuilder matched:
      - @ConditionalOnMissingBean (types: org.springframework.boot.task.TaskSchedulerBuilder,org.springframework.boot.task.ThreadPoolTaskSchedulerBuilder; SearchStrategy: all) did not find any beans (OnBeanCondition)

   TransactionAutoConfiguration matched:
      - @ConditionalOnClass found required class 'org.springframework.transaction.PlatformTransactionManager' (OnClassCondition)

   TransactionAutoConfiguration.EnableTransactionManagementConfiguration matched:
      - @ConditionalOnBean (types: org.springframework.transaction.TransactionManager; SearchStrategy: all) found bean 'transactionManager'; @ConditionalOnMissingBean (types: org.springframework.transaction.annotation.AbstractTransactionManagementConfiguration; SearchStrategy: all) did not find any beans (OnBeanCondition)

   TransactionAutoConfiguration.EnableTransactionManagementConfiguration.CglibAutoProxyConfiguration matched:
      - @ConditionalOnProperty (spring.aop.proxy-target-class=true) matched (OnPropertyCondition)

   TransactionAutoConfiguration.TransactionTemplateConfiguration matched:
      - @ConditionalOnSingleCandidate (types: org.springframework.transaction.PlatformTransactionManager; SearchStrategy: all) found a single bean 'transactionManager' (OnBeanCondition)

   TransactionAutoConfiguration.TransactionTemplateConfiguration#transactionTemplate matched:
      - @ConditionalOnMissingBean (types: org.springframework.transaction.support.TransactionOperations; SearchStrategy: all) did not find any beans (OnBeanCondition)

   TransactionManagerCustomizationAutoConfiguration matched:
      - @ConditionalOnClass found required class 'org.springframework.transaction.PlatformTransactionManager' (OnClassCondition)

   TransactionManagerCustomizationAutoConfiguration#platformTransactionManagerCustomizers matched:
      - @ConditionalOnMissingBean (types: org.springframework.boot.autoconfigure.transaction.TransactionManagerCustomizers; SearchStrategy: all) did not find any beans (OnBeanCondition)

   UserDetailsServiceAutoConfiguration matched:
      - @ConditionalOnClass found required class 'org.springframework.security.authentication.AuthenticationManager'; @ConditionalOnMissingClass did not find unwanted classes 'org.springframework.security.oauth2.client.registration.ClientRegistrationRepository', 'org.springframework.security.oauth2.server.resource.introspection.OpaqueTokenIntrospector', 'org.springframework.security.saml2.provider.service.registration.RelyingPartyRegistrationRepository' (OnClassCondition)
      - @ConditionalOnBean (types: org.springframework.security.config.annotation.ObjectPostProcessor; SearchStrategy: all) found bean 'objectPostProcessor'; @ConditionalOnMissingBean (types: org.springframework.security.authentication.AuthenticationManager,org.springframework.security.authentication.AuthenticationProvider,org.springframework.security.core.userdetails.UserDetailsService,org.springframework.security.authentication.AuthenticationManagerResolver,org.springframework.security.oauth2.jwt.JwtDecoder; SearchStrategy: all) did not find any beans (OnBeanCondition)

   UtilAutoConfiguration matched:
      - @ConditionalOnProperty (spring.cloud.util.enabled) matched (OnPropertyCondition)

   ValidationAutoConfiguration matched:
      - @ConditionalOnClass found required class 'jakarta.validation.executable.ExecutableValidator' (OnClassCondition)
      - @ConditionalOnResource found location classpath:META-INF/services/jakarta.validation.spi.ValidationProvider (OnResourceCondition)

   ValidationAutoConfiguration#defaultValidator matched:
      - @ConditionalOnMissingBean (types: jakarta.validation.Validator; SearchStrategy: all) did not find any beans (OnBeanCondition)

   ValidationAutoConfiguration#methodValidationPostProcessor matched:
      - @ConditionalOnMissingBean (types: org.springframework.validation.beanvalidation.MethodValidationPostProcessor; SearchStrategy: current) did not find any beans (OnBeanCondition)

   WebMvcAutoConfiguration matched:
      - @ConditionalOnClass found required classes 'jakarta.servlet.Servlet', 'org.springframework.web.servlet.DispatcherServlet', 'org.springframework.web.servlet.config.annotation.WebMvcConfigurer' (OnClassCondition)
      - found 'session' scope (OnWebApplicationCondition)
      - @ConditionalOnMissingBean (types: org.springframework.web.servlet.config.annotation.WebMvcConfigurationSupport; SearchStrategy: all) did not find any beans (OnBeanCondition)

   WebMvcAutoConfiguration#formContentFilter matched:
      - @ConditionalOnProperty (spring.mvc.formcontent.filter.enabled) matched (OnPropertyCondition)
      - @ConditionalOnMissingBean (types: org.springframework.web.filter.FormContentFilter; SearchStrategy: all) did not find any beans (OnBeanCondition)

   WebMvcAutoConfiguration.EnableWebMvcConfiguration#flashMapManager matched:
      - @ConditionalOnMissingBean (names: flashMapManager; SearchStrategy: all) did not find any beans (OnBeanCondition)

   WebMvcAutoConfiguration.EnableWebMvcConfiguration#localeResolver matched:
      - @ConditionalOnMissingBean (names: localeResolver; SearchStrategy: all) did not find any beans (OnBeanCondition)

   WebMvcAutoConfiguration.EnableWebMvcConfiguration#themeResolver matched:
      - @ConditionalOnMissingBean (names: themeResolver; SearchStrategy: all) did not find any beans (OnBeanCondition)

   WebMvcAutoConfiguration.WebMvcAutoConfigurationAdapter#defaultViewResolver matched:
      - @ConditionalOnMissingBean (types: org.springframework.web.servlet.view.InternalResourceViewResolver; SearchStrategy: all) did not find any beans (OnBeanCondition)

   WebMvcAutoConfiguration.WebMvcAutoConfigurationAdapter#requestContextFilter matched:
      - @ConditionalOnMissingBean (types: org.springframework.web.context.request.RequestContextListener,org.springframework.web.filter.RequestContextFilter; SearchStrategy: all) did not find any beans (OnBeanCondition)

   WebMvcAutoConfiguration.WebMvcAutoConfigurationAdapter#viewResolver matched:
      - @ConditionalOnBean (types: org.springframework.web.servlet.ViewResolver; SearchStrategy: all) found beans 'defaultViewResolver', 'mvcViewResolver'; @ConditionalOnMissingBean (names: viewResolver types: org.springframework.web.servlet.view.ContentNegotiatingViewResolver; SearchStrategy: all) did not find any beans (OnBeanCondition)

   WebSocketServletAutoConfiguration matched:
      - @ConditionalOnClass found required classes 'jakarta.servlet.Servlet', 'jakarta.websocket.server.ServerContainer' (OnClassCondition)
      - found 'session' scope (OnWebApplicationCondition)

   WebSocketServletAutoConfiguration.TomcatWebSocketConfiguration matched:
      - @ConditionalOnClass found required classes 'org.apache.catalina.startup.Tomcat', 'org.apache.tomcat.websocket.server.WsSci' (OnClassCondition)

   WebSocketServletAutoConfiguration.TomcatWebSocketConfiguration#websocketServletWebServerCustomizer matched:
      - @ConditionalOnMissingBean (names: websocketServletWebServerCustomizer; SearchStrategy: all) did not find any beans (OnBeanCondition)


Negative matches:
-----------------

   ActiveMQAutoConfiguration:
      Did not match:
         - @ConditionalOnClass did not find required class 'jakarta.jms.ConnectionFactory' (OnClassCondition)

   AopAutoConfiguration.AspectJAutoProxyingConfiguration.JdkDynamicAutoProxyConfiguration:
      Did not match:
         - @ConditionalOnProperty (spring.aop.proxy-target-class=false) did not find property 'proxy-target-class' (OnPropertyCondition)

   AopAutoConfiguration.ClassProxyingConfiguration:
      Did not match:
         - @ConditionalOnMissingClass found unwanted class 'org.aspectj.weaver.Advice' (OnClassCondition)

   ArtemisAutoConfiguration:
      Did not match:
         - @ConditionalOnClass did not find required class 'jakarta.jms.ConnectionFactory' (OnClassCondition)

   BatchAutoConfiguration:
      Did not match:
         - @ConditionalOnClass did not find required class 'org.springframework.batch.core.launch.JobLauncher' (OnClassCondition)

   Cache2kCacheConfiguration:
      Did not match:
         - @ConditionalOnClass did not find required class 'org.cache2k.Cache2kBuilder' (OnClassCondition)

   CacheAutoConfiguration:
      Did not match:
         - @ConditionalOnBean (types: org.springframework.cache.interceptor.CacheAspectSupport; SearchStrategy: all) did not find any beans of type org.springframework.cache.interceptor.CacheAspectSupport (OnBeanCondition)
      Matched:
         - @ConditionalOnClass found required class 'org.springframework.cache.CacheManager' (OnClassCondition)

   CacheAutoConfiguration.CacheManagerEntityManagerFactoryDependsOnPostProcessor:
      Did not match:
         - Ancestor org.springframework.boot.autoconfigure.cache.CacheAutoConfiguration did not match (ConditionEvaluationReport.AncestorsMatchedCondition)
      Matched:
         - @ConditionalOnClass found required class 'org.springframework.orm.jpa.LocalContainerEntityManagerFactoryBean' (OnClassCondition)

   CaffeineCacheConfiguration:
      Did not match:
         - @ConditionalOnClass did not find required class 'com.github.benmanes.caffeine.cache.Caffeine' (OnClassCondition)

   CassandraAutoConfiguration:
      Did not match:
         - @ConditionalOnClass did not find required class 'com.datastax.oss.driver.api.core.CqlSession' (OnClassCondition)

   CassandraDataAutoConfiguration:
      Did not match:
         - @ConditionalOnClass did not find required class 'com.datastax.oss.driver.api.core.CqlSession' (OnClassCondition)

   CassandraReactiveDataAutoConfiguration:
      Did not match:
         - @ConditionalOnClass did not find required class 'com.datastax.oss.driver.api.core.CqlSession' (OnClassCondition)

   CassandraReactiveRepositoriesAutoConfiguration:
      Did not match:
         - @ConditionalOnClass did not find required class 'org.springframework.data.cassandra.ReactiveSession' (OnClassCondition)

   CassandraRepositoriesAutoConfiguration:
      Did not match:
         - @ConditionalOnClass did not find required class 'com.datastax.oss.driver.api.core.CqlSession' (OnClassCondition)

   ClientHttpConnectorAutoConfiguration:
      Did not match:
         - @ConditionalOnClass did not find required class 'org.springframework.web.reactive.function.client.WebClient' (OnClassCondition)

   CloudHypermediaAutoConfiguration:
      Did not match:
         - @ConditionalOnClass did not find required class 'org.springframework.hateoas.Link' (OnClassCondition)

   CodecsAutoConfiguration:
      Did not match:
         - @ConditionalOnClass did not find required class 'org.springframework.web.reactive.function.client.WebClient' (OnClassCondition)

   CommonsClientAutoConfiguration.ActuatorConfiguration:
      Did not match:
         - @ConditionalOnClass did not find required class 'org.springframework.boot.actuate.endpoint.annotation.Endpoint' (OnClassCondition)

   CommonsClientAutoConfiguration.DiscoveryLoadBalancerConfiguration:
      Did not match:
         - @ConditionalOnClass did not find required class 'org.springframework.boot.actuate.health.HealthIndicator' (OnClassCondition)

   ConfigClientAutoConfiguration.ConfigClientWatchConfiguration:
      Did not match:
         - @ConditionalOnProperty (spring.cloud.config.watch.enabled) did not find property 'spring.cloud.config.watch.enabled' (OnPropertyCondition)
      Matched:
         - @ConditionalOnClass found required class 'org.springframework.cloud.context.refresh.ContextRefresher' (OnClassCondition)

   ConfigClientAutoConfiguration.ConfigServerHealthIndicatorConfiguration:
      Did not match:
         - @ConditionalOnClass did not find required class 'org.springframework.boot.actuate.health.HealthIndicator' (OnClassCondition)

   CouchbaseAutoConfiguration:
      Did not match:
         - @ConditionalOnClass did not find required class 'com.couchbase.client.java.Cluster' (OnClassCondition)

   CouchbaseCacheConfiguration:
      Did not match:
         - @ConditionalOnClass did not find required class 'com.couchbase.client.java.Cluster' (OnClassCondition)

   CouchbaseDataAutoConfiguration:
      Did not match:
         - @ConditionalOnClass did not find required class 'com.couchbase.client.java.Bucket' (OnClassCondition)

   CouchbaseReactiveDataAutoConfiguration:
      Did not match:
         - @ConditionalOnClass did not find required class 'com.couchbase.client.java.Cluster' (OnClassCondition)

   CouchbaseReactiveRepositoriesAutoConfiguration:
      Did not match:
         - @ConditionalOnClass did not find required class 'com.couchbase.client.java.Cluster' (OnClassCondition)

   CouchbaseRepositoriesAutoConfiguration:
      Did not match:
         - @ConditionalOnClass did not find required class 'com.couchbase.client.java.Bucket' (OnClassCondition)

   DataSourceAutoConfiguration.EmbeddedDatabaseConfiguration:
      Did not match:
         - EmbeddedDataSource spring.datasource.url is set (DataSourceAutoConfiguration.EmbeddedDatabaseCondition)

   DataSourceCheckpointRestoreConfiguration:
      Did not match:
         - @ConditionalOnClass did not find required class 'org.crac.Resource' (OnClassCondition)

   DataSourceConfiguration.Dbcp2:
      Did not match:
         - @ConditionalOnClass did not find required class 'org.apache.commons.dbcp2.BasicDataSource' (OnClassCondition)

   DataSourceConfiguration.Generic:
      Did not match:
         - @ConditionalOnProperty (spring.datasource.type) did not find property 'spring.datasource.type' (OnPropertyCondition)

   DataSourceConfiguration.OracleUcp:
      Did not match:
         - @ConditionalOnClass did not find required classes 'oracle.ucp.jdbc.PoolDataSourceImpl', 'oracle.jdbc.OracleConnection' (OnClassCondition)

   DataSourceConfiguration.Tomcat:
      Did not match:
         - @ConditionalOnClass did not find required class 'org.apache.tomcat.jdbc.pool.DataSource' (OnClassCondition)

   DataSourceJmxConfiguration.TomcatDataSourceJmxConfiguration:
      Did not match:
         - @ConditionalOnClass did not find required class 'org.apache.tomcat.jdbc.pool.DataSourceProxy' (OnClassCondition)

   DataSourcePoolMetadataProvidersConfiguration.CommonsDbcp2PoolDataSourceMetadataProviderConfiguration:
      Did not match:
         - @ConditionalOnClass did not find required class 'org.apache.commons.dbcp2.BasicDataSource' (OnClassCondition)

   DataSourcePoolMetadataProvidersConfiguration.OracleUcpPoolDataSourceMetadataProviderConfiguration:
      Did not match:
         - @ConditionalOnClass did not find required classes 'oracle.ucp.jdbc.PoolDataSource', 'oracle.jdbc.OracleConnection' (OnClassCondition)

   DataSourcePoolMetadataProvidersConfiguration.TomcatDataSourcePoolMetadataProviderConfiguration:
      Did not match:
         - @ConditionalOnClass did not find required class 'org.apache.tomcat.jdbc.pool.DataSource' (OnClassCondition)

   DataSourceTransactionManagerAutoConfiguration.JdbcTransactionManagerConfiguration#transactionManager:
      Did not match:
         - @ConditionalOnMissingBean (types: org.springframework.transaction.TransactionManager; SearchStrategy: all) found beans of type 'org.springframework.transaction.TransactionManager' transactionManager (OnBeanCondition)

   DiscoveryClientOptionalArgsConfiguration.DiscoveryClientOptionalArgsTlsConfiguration:
      Did not match:
         - @ConditionalOnClass did not find required class 'org.glassfish.jersey.client.JerseyClient' (OnClassCondition)

   DiscoveryClientOptionalArgsConfiguration.WebClientConfiguration:
      Did not match:
         - @ConditionalOnClass did not find required class 'org.springframework.web.reactive.function.client.WebClient' (OnClassCondition)

   DiscoveryClientOptionalArgsConfiguration.WebClientNotFoundConfiguration:
      Did not match:
         - @ConditionalOnProperty (eureka.client.webclient.enabled=true) did not find property 'webclient.enabled' (OnPropertyCondition)
      Matched:
         - @ConditionalOnMissingClass did not find unwanted classes 'org.glassfish.jersey.client.JerseyClient', 'org.springframework.web.reactive.function.client.WebClient' (OnClassCondition)

   DispatcherServletAutoConfiguration.DispatcherServletConfiguration#multipartResolver:
      Did not match:
         - @ConditionalOnBean (types: org.springframework.web.multipart.MultipartResolver; SearchStrategy: all) did not find any beans of type org.springframework.web.multipart.MultipartResolver (OnBeanCondition)

   ElasticsearchClientAutoConfiguration:
      Did not match:
         - @ConditionalOnClass did not find required class 'co.elastic.clients.elasticsearch.ElasticsearchClient' (OnClassCondition)

   ElasticsearchDataAutoConfiguration:
      Did not match:
         - @ConditionalOnClass did not find required class 'org.springframework.data.elasticsearch.client.elc.ElasticsearchTemplate' (OnClassCondition)

   ElasticsearchRepositoriesAutoConfiguration:
      Did not match:
         - @ConditionalOnClass did not find required class 'org.springframework.data.elasticsearch.repository.ElasticsearchRepository' (OnClassCondition)

   ElasticsearchRestClientAutoConfiguration:
      Did not match:
         - @ConditionalOnClass did not find required class 'org.elasticsearch.client.RestClientBuilder' (OnClassCondition)

   EmbeddedLdapAutoConfiguration:
      Did not match:
         - @ConditionalOnClass did not find required class 'com.unboundid.ldap.listener.InMemoryDirectoryServer' (OnClassCondition)

   EmbeddedWebServerFactoryCustomizerAutoConfiguration.JettyWebServerFactoryCustomizerConfiguration:
      Did not match:
         - @ConditionalOnClass did not find required classes 'org.eclipse.jetty.server.Server', 'org.eclipse.jetty.util.Loader', 'org.eclipse.jetty.ee10.webapp.WebAppContext' (OnClassCondition)

   EmbeddedWebServerFactoryCustomizerAutoConfiguration.NettyWebServerFactoryCustomizerConfiguration:
      Did not match:
         - @ConditionalOnClass did not find required class 'reactor.netty.http.server.HttpServer' (OnClassCondition)

   EmbeddedWebServerFactoryCustomizerAutoConfiguration.TomcatWebServerFactoryCustomizerConfiguration#tomcatVirtualThreadsProtocolHandlerCustomizer:
      Did not match:
         - @ConditionalOnThreading did not find VIRTUAL (OnThreadingCondition)

   EmbeddedWebServerFactoryCustomizerAutoConfiguration.UndertowWebServerFactoryCustomizerConfiguration:
      Did not match:
         - @ConditionalOnClass did not find required classes 'io.undertow.Undertow', 'org.xnio.SslClientAuthMode' (OnClassCondition)

   ErrorMvcAutoConfiguration.WhitelabelErrorViewConfiguration:
      Did not match:
         - @ConditionalOnProperty (server.error.whitelabel.enabled) found different value in property 'enabled' (OnPropertyCondition)

   ErrorWebFluxAutoConfiguration:
      Did not match:
         - @ConditionalOnClass did not find required class 'org.springframework.web.reactive.config.WebFluxConfigurer' (OnClassCondition)

   EurekaClientAutoConfiguration.EurekaHealthIndicatorConfiguration:
      Did not match:
         - @ConditionalOnClass did not find required class 'org.springframework.boot.actuate.health.Health' (OnClassCondition)

   EurekaClientConfigServerAutoConfiguration:
      Did not match:
         - @ConditionalOnClass did not find required class 'org.springframework.cloud.config.server.config.ConfigServerProperties' (OnClassCondition)

   EurekaReactiveDiscoveryClientConfiguration:
      Did not match:
         - @ConditionalOnClass did not find required class 'org.springframework.web.reactive.function.client.WebClient' (OnClassCondition)

   FeignAcceptGzipEncodingAutoConfiguration:
      Did not match:
         - @ConditionalOnProperty (spring.cloud.openfeign.compression.response.enabled) did not find property 'spring.cloud.openfeign.compression.response.enabled' (OnPropertyCondition)
      Matched:
         - @ConditionalOnClass found required class 'feign.Feign' (OnClassCondition)

   FeignAutoConfiguration.CircuitBreakerPresentFeignTargeterConfiguration:
      Did not match:
         - @ConditionalOnProperty (spring.cloud.openfeign.circuitbreaker.enabled=true) did not find property 'spring.cloud.openfeign.circuitbreaker.enabled' (OnPropertyCondition)
      Matched:
         - @ConditionalOnClass found required class 'org.springframework.cloud.client.circuitbreaker.CircuitBreaker' (OnClassCondition)

   FeignAutoConfiguration.Http2ClientFeignConfiguration:
      Did not match:
         - @ConditionalOnClass did not find required class 'feign.http2client.Http2Client' (OnClassCondition)

   FeignAutoConfiguration.HttpClient5FeignConfiguration:
      Did not match:
         - @ConditionalOnClass did not find required class 'feign.hc5.ApacheHttp5Client' (OnClassCondition)

   FeignAutoConfiguration.Oauth2FeignConfiguration:
      Did not match:
         - @ConditionalOnClass did not find required class 'org.springframework.security.oauth2.client.OAuth2AuthorizedClientManager' (OnClassCondition)

   FeignAutoConfiguration.OkHttpFeignConfiguration:
      Did not match:
         - @ConditionalOnClass did not find required class 'feign.okhttp.OkHttpClient' (OnClassCondition)

   FeignContentGzipEncodingAutoConfiguration:
      Did not match:
         - @ConditionalOnProperty (spring.cloud.openfeign.compression.request.enabled) did not find property 'spring.cloud.openfeign.compression.request.enabled' (OnPropertyCondition)
      Matched:
         - @ConditionalOnClass found required class 'feign.Feign' (OnClassCondition)

   FeignHalAutoConfiguration:
      Did not match:
         - @ConditionalOnClass did not find required class 'org.springframework.hateoas.config.WebConverters' (OnClassCondition)

   FlywayAutoConfiguration:
      Did not match:
         - @ConditionalOnClass did not find required class 'org.flywaydb.core.Flyway' (OnClassCondition)

   FreeMarkerAutoConfiguration:
      Did not match:
         - @ConditionalOnClass did not find required class 'freemarker.template.Configuration' (OnClassCondition)

   GraphQlAutoConfiguration:
      Did not match:
         - @ConditionalOnClass did not find required class 'graphql.GraphQL' (OnClassCondition)

   GraphQlQueryByExampleAutoConfiguration:
      Did not match:
         - @ConditionalOnClass did not find required class 'graphql.GraphQL' (OnClassCondition)

   GraphQlQuerydslAutoConfiguration:
      Did not match:
         - @ConditionalOnClass did not find required class 'com.querydsl.core.Query' (OnClassCondition)

   GraphQlRSocketAutoConfiguration:
      Did not match:
         - @ConditionalOnClass did not find required class 'graphql.GraphQL' (OnClassCondition)

   GraphQlReactiveQueryByExampleAutoConfiguration:
      Did not match:
         - @ConditionalOnClass did not find required class 'graphql.GraphQL' (OnClassCondition)

   GraphQlReactiveQuerydslAutoConfiguration:
      Did not match:
         - @ConditionalOnClass did not find required class 'com.querydsl.core.Query' (OnClassCondition)

   GraphQlWebFluxAutoConfiguration:
      Did not match:
         - @ConditionalOnClass did not find required class 'graphql.GraphQL' (OnClassCondition)

   GraphQlWebFluxSecurityAutoConfiguration:
      Did not match:
         - @ConditionalOnClass did not find required class 'graphql.GraphQL' (OnClassCondition)

   GraphQlWebMvcAutoConfiguration:
      Did not match:
         - @ConditionalOnClass did not find required class 'graphql.GraphQL' (OnClassCondition)

   GraphQlWebMvcSecurityAutoConfiguration:
      Did not match:
         - @ConditionalOnClass did not find required class 'graphql.GraphQL' (OnClassCondition)

   GroovyTemplateAutoConfiguration:
      Did not match:
         - @ConditionalOnClass did not find required class 'groovy.text.markup.MarkupTemplateEngine' (OnClassCondition)

   GsonHttpMessageConvertersConfiguration.GsonHttpMessageConverterConfiguration:
      Did not match:
         - AnyNestedCondition 0 matched 2 did not; NestedCondition on GsonHttpMessageConvertersConfiguration.PreferGsonOrJacksonAndJsonbUnavailableCondition.JacksonJsonbUnavailable NoneNestedConditions 1 matched 1 did not; NestedCondition on GsonHttpMessageConvertersConfiguration.JacksonAndJsonbUnavailableCondition.JsonbPreferred @ConditionalOnProperty (spring.mvc.converters.preferred-json-mapper=jsonb) did not find property 'spring.mvc.converters.preferred-json-mapper'; NestedCondition on GsonHttpMessageConvertersConfiguration.JacksonAndJsonbUnavailableCondition.JacksonAvailable @ConditionalOnBean (types: org.springframework.http.converter.json.MappingJackson2HttpMessageConverter; SearchStrategy: all) found bean 'mappingJackson2HttpMessageConverter'; NestedCondition on GsonHttpMessageConvertersConfiguration.PreferGsonOrJacksonAndJsonbUnavailableCondition.GsonPreferred @ConditionalOnProperty (spring.mvc.converters.preferred-json-mapper=gson) did not find property 'spring.mvc.converters.preferred-json-mapper' (GsonHttpMessageConvertersConfiguration.PreferGsonOrJacksonAndJsonbUnavailableCondition)

   H2ConsoleAutoConfiguration:
      Did not match:
         - @ConditionalOnClass did not find required class 'org.h2.server.web.JakartaWebServlet' (OnClassCondition)

   HazelcastAutoConfiguration:
      Did not match:
         - @ConditionalOnClass did not find required class 'com.hazelcast.core.HazelcastInstance' (OnClassCondition)

   HazelcastCacheConfiguration:
      Did not match:
         - @ConditionalOnClass did not find required class 'com.hazelcast.core.HazelcastInstance' (OnClassCondition)

   HazelcastJpaDependencyAutoConfiguration:
      Did not match:
         - @ConditionalOnClass did not find required class 'com.hazelcast.core.HazelcastInstance' (OnClassCondition)

   Http2ClientFeignLoadBalancerConfiguration:
      Did not match:
         - @ConditionalOnClass did not find required class 'feign.http2client.Http2Client' (OnClassCondition)

   HttpClient5FeignLoadBalancerConfiguration:
      Did not match:
         - @ConditionalOnClass did not find required class 'feign.hc5.ApacheHttp5Client' (OnClassCondition)

   HttpHandlerAutoConfiguration:
      Did not match:
         - @ConditionalOnClass did not find required class 'org.springframework.web.reactive.DispatcherHandler' (OnClassCondition)

   HypermediaAutoConfiguration:
      Did not match:
         - @ConditionalOnClass did not find required class 'org.springframework.hateoas.EntityModel' (OnClassCondition)

   InfinispanCacheConfiguration:
      Did not match:
         - @ConditionalOnClass did not find required class 'org.infinispan.spring.embedded.provider.SpringEmbeddedCacheManager' (OnClassCondition)

   InfluxDbAutoConfiguration:
      Did not match:
         - @ConditionalOnClass did not find required class 'org.influxdb.InfluxDB' (OnClassCondition)

   IntegrationAutoConfiguration:
      Did not match:
         - @ConditionalOnClass did not find required class 'org.springframework.integration.config.EnableIntegration' (OnClassCondition)

   JCacheCacheConfiguration:
      Did not match:
         - @ConditionalOnClass did not find required class 'javax.cache.Caching' (OnClassCondition)

   JacksonHttpMessageConvertersConfiguration.MappingJackson2XmlHttpMessageConverterConfiguration:
      Did not match:
         - @ConditionalOnClass did not find required class 'com.fasterxml.jackson.dataformat.xml.XmlMapper' (OnClassCondition)

   JdbcRepositoriesAutoConfiguration:
      Did not match:
         - @ConditionalOnClass did not find required class 'org.springframework.data.jdbc.repository.config.AbstractJdbcConfiguration' (OnClassCondition)

   JerseyAutoConfiguration:
      Did not match:
         - @ConditionalOnClass did not find required class 'org.glassfish.jersey.server.spring.SpringComponentProvider' (OnClassCondition)

   JmsAutoConfiguration:
      Did not match:
         - @ConditionalOnClass did not find required class 'jakarta.jms.Message' (OnClassCondition)

   JmxAutoConfiguration:
      Did not match:
         - @ConditionalOnProperty (spring.jmx.enabled=true) did not find property 'enabled' (OnPropertyCondition)
      Matched:
         - @ConditionalOnClass found required class 'org.springframework.jmx.export.MBeanExporter' (OnClassCondition)

   JndiConnectionFactoryAutoConfiguration:
      Did not match:
         - @ConditionalOnClass did not find required class 'org.springframework.jms.core.JmsTemplate' (OnClassCondition)

   JndiDataSourceAutoConfiguration:
      Did not match:
         - @ConditionalOnProperty (spring.datasource.jndi-name) did not find property 'jndi-name' (OnPropertyCondition)
      Matched:
         - @ConditionalOnClass found required classes 'javax.sql.DataSource', 'org.springframework.jdbc.datasource.embedded.EmbeddedDatabaseType' (OnClassCondition)

   JndiJtaConfiguration:
      Did not match:
         - @ConditionalOnJndi JNDI environment is not available (OnJndiCondition)
      Matched:
         - @ConditionalOnClass found required class 'org.springframework.transaction.jta.JtaTransactionManager' (OnClassCondition)

   JooqAutoConfiguration:
      Did not match:
         - @ConditionalOnClass did not find required class 'org.jooq.DSLContext' (OnClassCondition)

   JpaRepositoriesAutoConfiguration#entityManagerFactoryBootstrapExecutorCustomizer:
      Did not match:
         - AnyNestedCondition 0 matched 2 did not; NestedCondition on JpaRepositoriesAutoConfiguration.BootstrapExecutorCondition.LazyBootstrapMode @ConditionalOnProperty (spring.data.jpa.repositories.bootstrap-mode=lazy) did not find property 'bootstrap-mode'; NestedCondition on JpaRepositoriesAutoConfiguration.BootstrapExecutorCondition.DeferredBootstrapMode @ConditionalOnProperty (spring.data.jpa.repositories.bootstrap-mode=deferred) did not find property 'bootstrap-mode' (JpaRepositoriesAutoConfiguration.BootstrapExecutorCondition)

   JsonbAutoConfiguration:
      Did not match:
         - @ConditionalOnClass did not find required class 'jakarta.json.bind.Jsonb' (OnClassCondition)

   JsonbHttpMessageConvertersConfiguration:
      Did not match:
         - @ConditionalOnClass did not find required class 'jakarta.json.bind.Jsonb' (OnClassCondition)

   KafkaAutoConfiguration:
      Did not match:
         - @ConditionalOnClass did not find required class 'org.springframework.kafka.core.KafkaTemplate' (OnClassCondition)

   LdapAutoConfiguration:
      Did not match:
         - @ConditionalOnClass did not find required class 'org.springframework.ldap.core.ContextSource' (OnClassCondition)

   LdapRepositoriesAutoConfiguration:
      Did not match:
         - @ConditionalOnClass did not find required class 'org.springframework.data.ldap.repository.LdapRepository' (OnClassCondition)

   LiquibaseAutoConfiguration:
      Did not match:
         - @ConditionalOnClass did not find required class 'liquibase.change.DatabaseChange' (OnClassCondition)

   LoadBalancerBeanPostProcessorAutoConfiguration:
      Did not match:
         - @ConditionalOnClass did not find required class 'org.springframework.web.reactive.function.client.WebClient' (OnClassCondition)

   LoadBalancerCacheAutoConfiguration.CaffeineLoadBalancerCacheManagerConfiguration:
      Did not match:
         - @ConditionalOnClass did not find required class 'com.github.benmanes.caffeine.cache.Caffeine' (OnClassCondition)

   LoadBalancerStatsAutoConfiguration:
      Did not match:
         - @ConditionalOnClass did not find required class 'io.micrometer.core.instrument.MeterRegistry' (OnClassCondition)

   MailSenderAutoConfiguration:
      Did not match:
         - @ConditionalOnClass did not find required class 'jakarta.mail.internet.MimeMessage' (OnClassCondition)

   MailSenderValidatorAutoConfiguration:
      Did not match:
         - @ConditionalOnProperty (spring.mail.test-connection) did not find property 'test-connection' (OnPropertyCondition)

   MessageSourceAutoConfiguration:
      Did not match:
         - ResourceBundle did not find bundle with basename messages (MessageSourceAutoConfiguration.ResourceBundleCondition)

   MongoAutoConfiguration:
      Did not match:
         - @ConditionalOnClass did not find required class 'com.mongodb.client.MongoClient' (OnClassCondition)

   MongoDataAutoConfiguration:
      Did not match:
         - @ConditionalOnClass did not find required class 'com.mongodb.client.MongoClient' (OnClassCondition)

   MongoReactiveAutoConfiguration:
      Did not match:
         - @ConditionalOnClass did not find required class 'com.mongodb.reactivestreams.client.MongoClient' (OnClassCondition)

   MongoReactiveDataAutoConfiguration:
      Did not match:
         - @ConditionalOnClass did not find required class 'com.mongodb.reactivestreams.client.MongoClient' (OnClassCondition)

   MongoReactiveRepositoriesAutoConfiguration:
      Did not match:
         - @ConditionalOnClass did not find required class 'com.mongodb.reactivestreams.client.MongoClient' (OnClassCondition)

   MongoRepositoriesAutoConfiguration:
      Did not match:
         - @ConditionalOnClass did not find required class 'com.mongodb.client.MongoClient' (OnClassCondition)

   MustacheAutoConfiguration:
      Did not match:
         - @ConditionalOnClass did not find required class 'com.samskivert.mustache.Mustache' (OnClassCondition)

   Neo4jAutoConfiguration:
      Did not match:
         - @ConditionalOnClass did not find required class 'org.neo4j.driver.Driver' (OnClassCondition)

   Neo4jDataAutoConfiguration:
      Did not match:
         - @ConditionalOnClass did not find required class 'org.neo4j.driver.Driver' (OnClassCondition)

   Neo4jReactiveDataAutoConfiguration:
      Did not match:
         - @ConditionalOnClass did not find required class 'org.neo4j.driver.Driver' (OnClassCondition)

   Neo4jReactiveRepositoriesAutoConfiguration:
      Did not match:
         - @ConditionalOnClass did not find required class 'org.neo4j.driver.Driver' (OnClassCondition)

   Neo4jRepositoriesAutoConfiguration:
      Did not match:
         - @ConditionalOnClass did not find required class 'org.neo4j.driver.Driver' (OnClassCondition)

   NettyAutoConfiguration:
      Did not match:
         - @ConditionalOnClass did not find required class 'io.netty.util.NettyRuntime' (OnClassCondition)

   OAuth2AuthorizationServerAutoConfiguration:
      Did not match:
         - @ConditionalOnClass did not find required class 'org.springframework.security.oauth2.server.authorization.OAuth2Authorization' (OnClassCondition)

   OAuth2AuthorizationServerJwtAutoConfiguration:
      Did not match:
         - @ConditionalOnClass did not find required class 'org.springframework.security.oauth2.server.authorization.OAuth2Authorization' (OnClassCondition)

   OAuth2ClientAutoConfiguration:
      Did not match:
         - @ConditionalOnClass did not find required class 'org.springframework.security.oauth2.client.registration.ClientRegistration' (OnClassCondition)

   OAuth2LoadBalancerClientAutoConfiguration:
      Did not match:
         - @ConditionalOnProperty (spring.cloud.oauth2.load-balanced.enabled) did not find property 'spring.cloud.oauth2.load-balanced.enabled' (OnPropertyCondition)

   OAuth2ResourceServerAutoConfiguration:
      Did not match:
         - @ConditionalOnClass did not find required class 'org.springframework.security.oauth2.server.resource.authentication.BearerTokenAuthenticationToken' (OnClassCondition)

   OkHttpFeignLoadBalancerConfiguration:
      Did not match:
         - @ConditionalOnClass did not find required class 'feign.okhttp.OkHttpClient' (OnClassCondition)

   ProjectInfoAutoConfiguration#buildProperties:
      Did not match:
         - @ConditionalOnResource did not find resource '${spring.info.build.location:classpath:META-INF/build-info.properties}' (OnResourceCondition)

   ProjectInfoAutoConfiguration#gitProperties:
      Did not match:
         - GitResource did not find git info at classpath:git.properties (ProjectInfoAutoConfiguration.GitResourceAvailableCondition)

   PulsarAutoConfiguration:
      Did not match:
         - @ConditionalOnClass did not find required class 'org.apache.pulsar.client.api.PulsarClient' (OnClassCondition)

   PulsarReactiveAutoConfiguration:
      Did not match:
         - @ConditionalOnClass did not find required class 'org.apache.pulsar.client.api.PulsarClient' (OnClassCondition)

   QuartzAutoConfiguration:
      Did not match:
         - @ConditionalOnClass did not find required class 'org.quartz.Scheduler' (OnClassCondition)

   R2dbcAutoConfiguration:
      Did not match:
         - @ConditionalOnClass did not find required class 'io.r2dbc.spi.ConnectionFactory' (OnClassCondition)

   R2dbcDataAutoConfiguration:
      Did not match:
         - @ConditionalOnClass did not find required class 'org.springframework.data.r2dbc.core.R2dbcEntityTemplate' (OnClassCondition)

   R2dbcInitializationConfiguration:
      Did not match:
         - @ConditionalOnClass did not find required classes 'io.r2dbc.spi.ConnectionFactory', 'org.springframework.r2dbc.connection.init.DatabasePopulator' (OnClassCondition)

   R2dbcRepositoriesAutoConfiguration:
      Did not match:
         - @ConditionalOnClass did not find required class 'io.r2dbc.spi.ConnectionFactory' (OnClassCondition)

   R2dbcTransactionManagerAutoConfiguration:
      Did not match:
         - @ConditionalOnClass did not find required class 'org.springframework.r2dbc.connection.R2dbcTransactionManager' (OnClassCondition)

   RSocketGraphQlClientAutoConfiguration:
      Did not match:
         - @ConditionalOnClass did not find required class 'graphql.GraphQL' (OnClassCondition)

   RSocketMessagingAutoConfiguration:
      Did not match:
         - @ConditionalOnClass did not find required class 'io.rsocket.RSocket' (OnClassCondition)

   RSocketRequesterAutoConfiguration:
      Did not match:
         - @ConditionalOnClass did not find required class 'io.rsocket.RSocket' (OnClassCondition)

   RSocketSecurityAutoConfiguration:
      Did not match:
         - @ConditionalOnClass did not find required class 'org.springframework.security.rsocket.core.SecuritySocketAcceptorInterceptor' (OnClassCondition)

   RSocketServerAutoConfiguration:
      Did not match:
         - @ConditionalOnClass did not find required class 'io.rsocket.core.RSocketServer' (OnClassCondition)

   RSocketStrategiesAutoConfiguration:
      Did not match:
         - @ConditionalOnClass did not find required class 'io.netty.buffer.PooledByteBufAllocator' (OnClassCondition)

   RabbitAutoConfiguration:
      Did not match:
         - @ConditionalOnClass did not find required class 'com.rabbitmq.client.Channel' (OnClassCondition)

   ReactiveCommonsClientAutoConfiguration.ReactiveDiscoveryLoadBalancerConfiguration:
      Did not match:
         - @ConditionalOnClass did not find required classes 'org.springframework.boot.actuate.health.ReactiveHealthIndicator', 'org.springframework.web.reactive.function.client.WebClient' (OnClassCondition)

   ReactiveCompositeDiscoveryClientAutoConfiguration:
      Did not match:
         - @ConditionalOnClass did not find required class 'org.springframework.web.reactive.function.client.WebClient' (OnClassCondition)

   ReactiveElasticsearchClientAutoConfiguration:
      Did not match:
         - @ConditionalOnClass did not find required class 'co.elastic.clients.transport.ElasticsearchTransport' (OnClassCondition)

   ReactiveElasticsearchRepositoriesAutoConfiguration:
      Did not match:
         - @ConditionalOnClass did not find required class 'org.springframework.data.elasticsearch.client.elc.ReactiveElasticsearchClient' (OnClassCondition)

   ReactiveMultipartAutoConfiguration:
      Did not match:
         - @ConditionalOnClass did not find required class 'org.springframework.web.reactive.config.WebFluxConfigurer' (OnClassCondition)

   ReactiveOAuth2ClientAutoConfiguration:
      Did not match:
         - @ConditionalOnClass did not find required class 'org.springframework.security.oauth2.client.registration.ClientRegistration' (OnClassCondition)

   ReactiveOAuth2ResourceServerAutoConfiguration:
      Did not match:
         - @ConditionalOnWebApplication did not find reactive web application classes (OnWebApplicationCondition)

   ReactiveSecurityAutoConfiguration:
      Did not match:
         - @ConditionalOnClass did not find required class 'org.springframework.web.reactive.config.WebFluxConfigurer' (OnClassCondition)

   ReactiveUserDetailsServiceAutoConfiguration:
      Did not match:
         - AnyNestedCondition 0 matched 2 did not; NestedCondition on ReactiveUserDetailsServiceAutoConfiguration.ReactiveUserDetailsServiceCondition.ReactiveWebApplicationCondition did not find reactive web application classes; NestedCondition on ReactiveUserDetailsServiceAutoConfiguration.ReactiveUserDetailsServiceCondition.RSocketSecurityEnabledCondition @ConditionalOnBean (types: org.springframework.messaging.rsocket.annotation.support.RSocketMessageHandler; SearchStrategy: all) did not find any beans of type org.springframework.messaging.rsocket.annotation.support.RSocketMessageHandler (ReactiveUserDetailsServiceAutoConfiguration.ReactiveUserDetailsServiceCondition)
      Matched:
         - @ConditionalOnClass found required class 'org.springframework.security.authentication.ReactiveAuthenticationManager'; @ConditionalOnMissingClass did not find unwanted classes 'org.springframework.security.oauth2.client.registration.ClientRegistrationRepository', 'org.springframework.security.oauth2.server.resource.introspection.ReactiveOpaqueTokenIntrospector' (OnClassCondition)

   ReactiveWebServerFactoryAutoConfiguration:
      Did not match:
         - @ConditionalOnWebApplication did not find reactive web application classes (OnWebApplicationCondition)

   ReactorLoadBalancerClientAutoConfiguration:
      Did not match:
         - @ConditionalOnClass did not find required class 'org.springframework.web.reactive.function.client.WebClient' (OnClassCondition)

   RedisAutoConfiguration:
      Did not match:
         - @ConditionalOnClass did not find required class 'org.springframework.data.redis.core.RedisOperations' (OnClassCondition)

   RedisCacheConfiguration:
      Did not match:
         - @ConditionalOnClass did not find required class 'org.springframework.data.redis.connection.RedisConnectionFactory' (OnClassCondition)

   RedisReactiveAutoConfiguration:
      Did not match:
         - @ConditionalOnClass did not find required class 'org.springframework.data.redis.connection.ReactiveRedisConnectionFactory' (OnClassCondition)

   RedisRepositoriesAutoConfiguration:
      Did not match:
         - @ConditionalOnClass did not find required class 'org.springframework.data.redis.repository.configuration.EnableRedisRepositories' (OnClassCondition)

   RefreshAutoConfiguration#configDataContextRefresher:
      Did not match:
         - NoneNestedConditions 1 matched 2 did not; NestedCondition on ConditionalOnBootstrapDisabled.OnBootstrapDisabledCondition.OnBootstrapEnabled @ConditionalOnProperty (spring.cloud.bootstrap.enabled) did not find property 'spring.cloud.bootstrap.enabled'; NestedCondition on ConditionalOnBootstrapDisabled.OnBootstrapDisabledCondition.OnUseLegacyProcessingEnabled @ConditionalOnProperty (spring.config.use-legacy-processing) did not find property 'spring.config.use-legacy-processing'; NestedCondition on ConditionalOnBootstrapDisabled.OnBootstrapDisabledCondition.OnBootstrapMarkerClassPresent @ConditionalOnClass found required class 'org.springframework.cloud.bootstrap.marker.Marker' (ConditionalOnBootstrapDisabled.OnBootstrapDisabledCondition)
      Matched:
         - @ConditionalOnMissingBean (types: org.springframework.cloud.context.refresh.ConfigDataContextRefresher; SearchStrategy: all) did not find any beans (OnBeanCondition)

   RefreshAutoConfiguration.JpaInvokerConfiguration:
      Did not match:
         - @ConditionalOnClass did not find required class 'javax.persistence.EntityManagerFactory' (OnClassCondition)

   RefreshEndpointAutoConfiguration:
      Did not match:
         - @ConditionalOnClass did not find required class 'org.springframework.boot.actuate.autoconfigure.endpoint.EndpointAutoConfiguration' (OnClassCondition)

   RepositoryRestMvcAutoConfiguration:
      Did not match:
         - @ConditionalOnClass did not find required class 'org.springframework.data.rest.webmvc.config.RepositoryRestMvcConfiguration' (OnClassCondition)

   Saml2RelyingPartyAutoConfiguration:
      Did not match:
         - @ConditionalOnClass did not find required class 'org.springframework.security.saml2.provider.service.registration.RelyingPartyRegistrationRepository' (OnClassCondition)

   SecurityDataConfiguration:
      Did not match:
         - @ConditionalOnClass did not find required class 'org.springframework.security.data.repository.query.SecurityEvaluationContextExtension' (OnClassCondition)

   SendGridAutoConfiguration:
      Did not match:
         - @ConditionalOnClass did not find required class 'com.sendgrid.SendGrid' (OnClassCondition)

   ServiceRegistryAutoConfiguration.ServiceRegistryEndpointConfiguration:
      Did not match:
         - @ConditionalOnClass did not find required class 'org.springframework.boot.actuate.endpoint.annotation.Endpoint' (OnClassCondition)

   ServletWebServerFactoryAutoConfiguration.ForwardedHeaderFilterConfiguration:
      Did not match:
         - @ConditionalOnProperty (server.forward-headers-strategy=framework) did not find property 'server.forward-headers-strategy' (OnPropertyCondition)

   ServletWebServerFactoryConfiguration.EmbeddedJetty:
      Did not match:
         - @ConditionalOnClass did not find required classes 'org.eclipse.jetty.server.Server', 'org.eclipse.jetty.util.Loader', 'org.eclipse.jetty.ee10.webapp.WebAppContext' (OnClassCondition)

   ServletWebServerFactoryConfiguration.EmbeddedUndertow:
      Did not match:
         - @ConditionalOnClass did not find required classes 'io.undertow.Undertow', 'org.xnio.SslClientAuthMode' (OnClassCondition)

   SessionAutoConfiguration:
      Did not match:
         - @ConditionalOnClass did not find required class 'org.springframework.session.Session' (OnClassCondition)

   SimpleReactiveDiscoveryClientAutoConfiguration:
      Did not match:
         - @ConditionalOnClass did not find required class 'org.springframework.web.reactive.function.client.WebClient' (OnClassCondition)

   SpringApplicationAdminJmxAutoConfiguration:
      Did not match:
         - @ConditionalOnProperty (spring.application.admin.enabled=true) did not find property 'enabled' (OnPropertyCondition)

   SpringBootWebSecurityConfiguration.SecurityFilterChainConfiguration:
      Did not match:
         - AllNestedConditions 1 matched 1 did not; NestedCondition on DefaultWebSecurityCondition.Beans @ConditionalOnMissingBean (types: org.springframework.security.web.SecurityFilterChain; SearchStrategy: all) found beans of type 'org.springframework.security.web.SecurityFilterChain' securityFilterChain; NestedCondition on DefaultWebSecurityCondition.Classes @ConditionalOnClass found required classes 'org.springframework.security.web.SecurityFilterChain', 'org.springframework.security.config.annotation.web.builders.HttpSecurity' (DefaultWebSecurityCondition)

   SpringBootWebSecurityConfiguration.WebSecurityEnablerConfiguration:
      Did not match:
         - @ConditionalOnMissingBean (names: springSecurityFilterChain; SearchStrategy: all) found beans named springSecurityFilterChain (OnBeanCondition)
      Matched:
         - @ConditionalOnClass found required class 'org.springframework.security.config.annotation.web.configuration.EnableWebSecurity' (OnClassCondition)

   TaskExecutorConfigurations.SimpleAsyncTaskExecutorBuilderConfiguration#simpleAsyncTaskExecutorBuilderVirtualThreads:
      Did not match:
         - @ConditionalOnMissingBean (types: org.springframework.boot.task.SimpleAsyncTaskExecutorBuilder; SearchStrategy: all) found beans of type 'org.springframework.boot.task.SimpleAsyncTaskExecutorBuilder' simpleAsyncTaskExecutorBuilder (OnBeanCondition)

   TaskExecutorConfigurations.TaskExecutorConfiguration#applicationTaskExecutorVirtualThreads:
      Did not match:
         - @ConditionalOnThreading did not find VIRTUAL (OnThreadingCondition)

   TaskSchedulingAutoConfiguration#scheduledBeanLazyInitializationExcludeFilter:
      Did not match:
         - @ConditionalOnBean (names: org.springframework.context.annotation.internalScheduledAnnotationProcessor; SearchStrategy: all) did not find any beans named org.springframework.context.annotation.internalScheduledAnnotationProcessor (OnBeanCondition)

   TaskSchedulingConfigurations.SimpleAsyncTaskSchedulerBuilderConfiguration#simpleAsyncTaskSchedulerBuilderVirtualThreads:
      Did not match:
         - @ConditionalOnMissingBean (types: org.springframework.boot.task.SimpleAsyncTaskSchedulerBuilder; SearchStrategy: all) found beans of type 'org.springframework.boot.task.SimpleAsyncTaskSchedulerBuilder' simpleAsyncTaskSchedulerBuilder (OnBeanCondition)

   TaskSchedulingConfigurations.TaskSchedulerConfiguration:
      Did not match:
         - @ConditionalOnBean (names: org.springframework.context.annotation.internalScheduledAnnotationProcessor; SearchStrategy: all) did not find any beans named org.springframework.context.annotation.internalScheduledAnnotationProcessor (OnBeanCondition)

   ThymeleafAutoConfiguration:
      Did not match:
         - @ConditionalOnClass did not find required class 'org.thymeleaf.spring6.SpringTemplateEngine' (OnClassCondition)

   TransactionAutoConfiguration#transactionalOperator:
      Did not match:
         - @ConditionalOnSingleCandidate (types: org.springframework.transaction.ReactiveTransactionManager; SearchStrategy: all) did not find any beans (OnBeanCondition)

   TransactionAutoConfiguration.AspectJTransactionManagementConfiguration:
      Did not match:
         - @ConditionalOnBean (types: org.springframework.transaction.aspectj.AbstractTransactionAspect; SearchStrategy: all) did not find any beans of type org.springframework.transaction.aspectj.AbstractTransactionAspect (OnBeanCondition)

   TransactionAutoConfiguration.EnableTransactionManagementConfiguration.JdkDynamicAutoProxyConfiguration:
      Did not match:
         - @ConditionalOnProperty (spring.aop.proxy-target-class=false) did not find property 'proxy-target-class' (OnPropertyCondition)

   WebClientAutoConfiguration:
      Did not match:
         - @ConditionalOnClass did not find required class 'org.springframework.web.reactive.function.client.WebClient' (OnClassCondition)

   WebFluxAutoConfiguration:
      Did not match:
         - @ConditionalOnClass did not find required class 'org.springframework.web.reactive.config.WebFluxConfigurer' (OnClassCondition)

   WebMvcAutoConfiguration#hiddenHttpMethodFilter:
      Did not match:
         - @ConditionalOnProperty (spring.mvc.hiddenmethod.filter.enabled) did not find property 'enabled' (OnPropertyCondition)

   WebMvcAutoConfiguration.ProblemDetailsErrorHandlingConfiguration:
      Did not match:
         - @ConditionalOnProperty (spring.mvc.problemdetails.enabled=true) did not find property 'enabled' (OnPropertyCondition)

   WebMvcAutoConfiguration.ResourceChainCustomizerConfiguration:
      Did not match:
         - @ConditionalOnEnabledResourceChain did not find class org.webjars.WebJarAssetLocator (OnEnabledResourceChainCondition)

   WebMvcAutoConfiguration.WebMvcAutoConfigurationAdapter#beanNameViewResolver:
      Did not match:
         - @ConditionalOnBean (types: org.springframework.web.servlet.View; SearchStrategy: all) did not find any beans of type org.springframework.web.servlet.View (OnBeanCondition)

   WebServiceTemplateAutoConfiguration:
      Did not match:
         - @ConditionalOnClass did not find required class 'org.springframework.oxm.Marshaller' (OnClassCondition)

   WebServicesAutoConfiguration:
      Did not match:
         - @ConditionalOnClass did not find required class 'org.springframework.ws.transport.http.MessageDispatcherServlet' (OnClassCondition)

   WebSessionIdResolverAutoConfiguration:
      Did not match:
         - @ConditionalOnWebApplication did not find reactive web application classes (OnWebApplicationCondition)

   WebSocketMessagingAutoConfiguration:
      Did not match:
         - @ConditionalOnClass did not find required class 'org.springframework.web.socket.config.annotation.WebSocketMessageBrokerConfigurer' (OnClassCondition)

   WebSocketReactiveAutoConfiguration:
      Did not match:
         - @ConditionalOnWebApplication did not find reactive web application classes (OnWebApplicationCondition)

   WebSocketServletAutoConfiguration.JettyWebSocketConfiguration:
      Did not match:
         - @ConditionalOnClass did not find required class 'org.eclipse.jetty.ee10.websocket.jakarta.server.config.JakartaWebSocketServletContainerInitializer' (OnClassCondition)

   WebSocketServletAutoConfiguration.UndertowWebSocketConfiguration:
      Did not match:
         - @ConditionalOnClass did not find required class 'io.undertow.websockets.jsr.Bootstrap' (OnClassCondition)

   WritableEnvironmentEndpointAutoConfiguration:
      Did not match:
         - @ConditionalOnClass did not find required class 'org.springframework.boot.actuate.autoconfigure.env.EnvironmentEndpointProperties' (OnClassCondition)

   XADataSourceAutoConfiguration:
      Did not match:
         - @ConditionalOnBean (types: org.springframework.boot.jdbc.XADataSourceWrapper; SearchStrategy: all) did not find any beans of type org.springframework.boot.jdbc.XADataSourceWrapper (OnBeanCondition)
      Matched:
         - @ConditionalOnClass found required classes 'javax.sql.DataSource', 'jakarta.transaction.TransactionManager', 'org.springframework.jdbc.datasource.embedded.EmbeddedDatabaseType' (OnClassCondition)


Exclusions:
-----------

    None


Unconditional classes:
----------------------

    org.springframework.boot.autoconfigure.context.ConfigurationPropertiesAutoConfiguration

    org.springframework.cloud.client.ReactiveCommonsClientAutoConfiguration

    org.springframework.boot.autoconfigure.ssl.SslAutoConfiguration

    org.springframework.boot.autoconfigure.context.PropertyPlaceholderAutoConfiguration

    org.springframework.cloud.client.discovery.simple.SimpleDiscoveryClientAutoConfiguration

    org.springframework.boot.autoconfigure.context.LifecycleAutoConfiguration

    org.springframework.cloud.client.loadbalancer.LoadBalancerAutoConfiguration

    org.springframework.cloud.client.CommonsClientAutoConfiguration

    org.springframework.cloud.commons.config.CommonsConfigAutoConfiguration

    org.springframework.cloud.netflix.eureka.config.DiscoveryClientOptionalArgsConfiguration

    org.springframework.cloud.client.loadbalancer.LoadBalancerDefaultMappingsProviderAutoConfiguration

    org.springframework.cloud.config.client.ConfigClientAutoConfiguration

    org.springframework.cloud.client.discovery.composite.CompositeDiscoveryClientAutoConfiguration

    org.springframework.cloud.client.serviceregistry.ServiceRegistryAutoConfiguration

    org.springframework.cloud.autoconfigure.LifecycleMvcEndpointAutoConfiguration

    org.springframework.boot.autoconfigure.availability.ApplicationAvailabilityAutoConfiguration

    org.springframework.boot.autoconfigure.info.ProjectInfoAutoConfiguration



2026-03-04 02:40:33.800 [main] [] ERROR o.s.boot.SpringApplication - Application run failed
java.lang.IllegalStateException: Error processing condition on org.springframework.cloud.netflix.eureka.EurekaDiscoveryClientConfiguration.discoveryClient
	at org.springframework.boot.autoconfigure.condition.SpringBootCondition.matches(SpringBootCondition.java:60)
	at org.springframework.context.annotation.ConditionEvaluator.shouldSkip(ConditionEvaluator.java:108)
	at org.springframework.context.annotation.ConfigurationClassBeanDefinitionReader.loadBeanDefinitionsForBeanMethod(ConfigurationClassBeanDefinitionReader.java:183)
	at org.springframework.context.annotation.ConfigurationClassBeanDefinitionReader.loadBeanDefinitionsForConfigurationClass(ConfigurationClassBeanDefinitionReader.java:144)
	at org.springframework.context.annotation.ConfigurationClassBeanDefinitionReader.loadBeanDefinitions(ConfigurationClassBeanDefinitionReader.java:120)
	at org.springframework.context.annotation.ConfigurationClassPostProcessor.processConfigBeanDefinitions(ConfigurationClassPostProcessor.java:428)
	at org.springframework.context.annotation.ConfigurationClassPostProcessor.postProcessBeanDefinitionRegistry(ConfigurationClassPostProcessor.java:289)
	at org.springframework.context.support.PostProcessorRegistrationDelegate.invokeBeanDefinitionRegistryPostProcessors(PostProcessorRegistrationDelegate.java:349)
	at org.springframework.context.support.PostProcessorRegistrationDelegate.invokeBeanFactoryPostProcessors(PostProcessorRegistrationDelegate.java:118)
	at org.springframework.context.support.AbstractApplicationContext.invokeBeanFactoryPostProcessors(AbstractApplicationContext.java:775)
	at org.springframework.context.support.AbstractApplicationContext.refresh(AbstractApplicationContext.java:597)
	at org.springframework.boot.web.servlet.context.ServletWebServerApplicationContext.refresh(ServletWebServerApplicationContext.java:146)
	at org.springframework.boot.SpringApplication.refresh(SpringApplication.java:753)
	at org.springframework.boot.SpringApplication.refreshContext(SpringApplication.java:455)
	at org.springframework.boot.SpringApplication.run(SpringApplication.java:323)
	at org.springframework.boot.SpringApplication.run(SpringApplication.java:1342)
	at org.springframework.boot.SpringApplication.run(SpringApplication.java:1331)
	at com.claimswift.reportingservice.ReportingServiceApplication.main(ReportingServiceApplication.java:25)
Caused by: java.lang.IllegalStateException: Failed to introspect Class [org.springframework.cloud.netflix.eureka.EurekaDiscoveryClientConfiguration$EurekaHealthCheckHandlerConfiguration] from ClassLoader [jdk.internal.loader.ClassLoaders$AppClassLoader@70dea4e]
	at org.springframework.util.ReflectionUtils.getDeclaredMethods(ReflectionUtils.java:483)
	at org.springframework.util.ReflectionUtils.doWithMethods(ReflectionUtils.java:360)
	at org.springframework.util.ReflectionUtils.getUniqueDeclaredMethods(ReflectionUtils.java:417)
	at org.springframework.beans.factory.support.AbstractAutowireCapableBeanFactory.lambda$getTypeForFactoryMethod$1(AbstractAutowireCapableBeanFactory.java:751)
	at java.base/java.util.concurrent.ConcurrentHashMap.computeIfAbsent(ConcurrentHashMap.java:1710)
	at org.springframework.beans.factory.support.AbstractAutowireCapableBeanFactory.getTypeForFactoryMethod(AbstractAutowireCapableBeanFactory.java:750)
	at org.springframework.beans.factory.support.AbstractAutowireCapableBeanFactory.determineTargetType(AbstractAutowireCapableBeanFactory.java:683)
	at org.springframework.beans.factory.support.AbstractAutowireCapableBeanFactory.predictBeanType(AbstractAutowireCapableBeanFactory.java:654)
	at org.springframework.beans.factory.support.AbstractBeanFactory.isFactoryBean(AbstractBeanFactory.java:1636)
	at org.springframework.beans.factory.support.DefaultListableBeanFactory.doGetBeanNamesForType(DefaultListableBeanFactory.java:560)
	at org.springframework.beans.factory.support.DefaultListableBeanFactory.getBeanNamesForType(DefaultListableBeanFactory.java:532)
	at org.springframework.boot.autoconfigure.condition.OnBeanCondition.collectBeanNamesForType(OnBeanCondition.java:247)
	at org.springframework.boot.autoconfigure.condition.OnBeanCondition.getBeanNamesForType(OnBeanCondition.java:240)
	at org.springframework.boot.autoconfigure.condition.OnBeanCondition.getBeanNamesForType(OnBeanCondition.java:230)
	at org.springframework.boot.autoconfigure.condition.OnBeanCondition.getMatchingBeans(OnBeanCondition.java:183)
	at org.springframework.boot.autoconfigure.condition.OnBeanCondition.getMatchOutcome(OnBeanCondition.java:158)
	at org.springframework.boot.autoconfigure.condition.SpringBootCondition.matches(SpringBootCondition.java:47)
	... 17 common frames omitted
Caused by: java.lang.NoClassDefFoundError: org/springframework/boot/actuate/health/StatusAggregator
	at java.base/java.lang.Class.getDeclaredMethods0(Native Method)
	at java.base/java.lang.Class.privateGetDeclaredMethods(Class.java:3601)
	at java.base/java.lang.Class.getDeclaredMethods(Class.java:2686)
	at org.springframework.util.ReflectionUtils.getDeclaredMethods(ReflectionUtils.java:465)
	... 33 common frames omitted
Caused by: java.lang.ClassNotFoundException: org.springframework.boot.actuate.health.StatusAggregator
	at java.base/jdk.internal.loader.BuiltinClassLoader.loadClass(BuiltinClassLoader.java:641)
	at java.base/jdk.internal.loader.ClassLoaders$AppClassLoader.loadClass(ClassLoaders.java:188)
	at java.base/java.lang.ClassLoader.loadClass(ClassLoader.java:525)
	... 37 common frames omitted
2026-03-04 03:15:16.700 [main] [] INFO  o.s.c.c.c.ConfigServicePropertySourceLocator - Fetching config from server at : http://localhost:8888
2026-03-04 03:15:16.727 [main] [] WARN  o.s.c.c.c.ConfigServicePropertySourceLocator - Could not locate PropertySource: 401 : [no body]
2026-03-04 03:15:16.729 [main] [] INFO  c.c.r.ReportingServiceApplication - No active profile set, falling back to 1 default profile: "default"
2026-03-04 03:15:16.740 [main] [] INFO  o.s.c.c.c.ConfigServerConfigDataLoader - Fetching config from server at : http://localhost:8888
2026-03-04 03:15:16.740 [main] [] INFO  o.s.c.c.c.ConfigServerConfigDataLoader - Located environment: name=reporting-service, profiles=[default], label=null, version=null, state=null
2026-03-04 03:15:17.423 [main] [] INFO  o.s.d.r.c.RepositoryConfigurationDelegate - Bootstrapping Spring Data JPA repositories in DEFAULT mode.
2026-03-04 03:15:17.437 [main] [] INFO  o.s.d.r.c.RepositoryConfigurationDelegate - Finished Spring Data repository scanning in 7 ms. Found 0 JPA repository interfaces.
2026-03-04 03:15:17.649 [main] [] INFO  o.s.cloud.context.scope.GenericScope - BeanFactory id=bcd39040-c4da-3aac-903c-dbbba5499da2
2026-03-04 03:15:18.012 [main] [] WARN  o.s.c.s.PostProcessorRegistrationDelegate$BeanPostProcessorChecker - Bean 'org.springframework.cloud.client.loadbalancer.LoadBalancerAutoConfiguration$RetryInterceptorAutoConfiguration' of type [org.springframework.cloud.client.loadbalancer.LoadBalancerAutoConfiguration$RetryInterceptorAutoConfiguration] is not eligible for getting processed by all BeanPostProcessors (for example: not eligible for auto-proxying). The currently created BeanPostProcessor [lbRestClientPostProcessor] is declared through a non-static factory method on that class; consider declaring it as static instead.
2026-03-04 03:15:18.018 [main] [] WARN  o.s.c.s.PostProcessorRegistrationDelegate$BeanPostProcessorChecker - Bean 'org.springframework.cloud.loadbalancer.config.BlockingLoadBalancerClientAutoConfiguration' of type [org.springframework.cloud.loadbalancer.config.BlockingLoadBalancerClientAutoConfiguration] is not eligible for getting processed by all BeanPostProcessors (for example: not eligible for auto-proxying). Is this bean getting eagerly injected into a currently created BeanPostProcessor [lbRestClientPostProcessor]? Check the corresponding BeanPostProcessor declaration and its dependencies.
2026-03-04 03:15:18.021 [main] [] WARN  o.s.c.s.PostProcessorRegistrationDelegate$BeanPostProcessorChecker - Bean 'org.springframework.cloud.loadbalancer.config.LoadBalancerAutoConfiguration' of type [org.springframework.cloud.loadbalancer.config.LoadBalancerAutoConfiguration] is not eligible for getting processed by all BeanPostProcessors (for example: not eligible for auto-proxying). Is this bean getting eagerly injected into a currently created BeanPostProcessor [lbRestClientPostProcessor]? Check the corresponding BeanPostProcessor declaration and its dependencies.
2026-03-04 03:15:18.029 [main] [] WARN  o.s.c.s.PostProcessorRegistrationDelegate$BeanPostProcessorChecker - Bean 'org.springframework.cloud.commons.config.CommonsConfigAutoConfiguration' of type [org.springframework.cloud.commons.config.CommonsConfigAutoConfiguration] is not eligible for getting processed by all BeanPostProcessors (for example: not eligible for auto-proxying). Is this bean getting eagerly injected into a currently created BeanPostProcessor [lbRestClientPostProcessor]? Check the corresponding BeanPostProcessor declaration and its dependencies.
2026-03-04 03:15:18.031 [main] [] WARN  o.s.c.s.PostProcessorRegistrationDelegate$BeanPostProcessorChecker - Bean 'org.springframework.cloud.client.loadbalancer.LoadBalancerDefaultMappingsProviderAutoConfiguration' of type [org.springframework.cloud.client.loadbalancer.LoadBalancerDefaultMappingsProviderAutoConfiguration] is not eligible for getting processed by all BeanPostProcessors (for example: not eligible for auto-proxying). Is this bean getting eagerly injected into a currently created BeanPostProcessor [lbRestClientPostProcessor]? Check the corresponding BeanPostProcessor declaration and its dependencies.
2026-03-04 03:15:18.034 [main] [] WARN  o.s.c.s.PostProcessorRegistrationDelegate$BeanPostProcessorChecker - Bean 'loadBalancerClientsDefaultsMappingsProvider' of type [org.springframework.cloud.client.loadbalancer.LoadBalancerDefaultMappingsProviderAutoConfiguration$$Lambda/0x000001ba14603500] is not eligible for getting processed by all BeanPostProcessors (for example: not eligible for auto-proxying). Is this bean getting eagerly injected into a currently created BeanPostProcessor [lbRestClientPostProcessor]? Check the corresponding BeanPostProcessor declaration and its dependencies.
2026-03-04 03:15:18.037 [main] [] WARN  o.s.c.s.PostProcessorRegistrationDelegate$BeanPostProcessorChecker - Bean 'defaultsBindHandlerAdvisor' of type [org.springframework.cloud.commons.config.DefaultsBindHandlerAdvisor] is not eligible for getting processed by all BeanPostProcessors (for example: not eligible for auto-proxying). Is this bean getting eagerly injected into a currently created BeanPostProcessor [lbRestClientPostProcessor]? Check the corresponding BeanPostProcessor declaration and its dependencies.
2026-03-04 03:15:18.041 [main] [] WARN  o.s.c.s.PostProcessorRegistrationDelegate$BeanPostProcessorChecker - Bean 'spring.cloud.loadbalancer-org.springframework.cloud.client.loadbalancer.LoadBalancerClientsProperties' of type [org.springframework.cloud.client.loadbalancer.LoadBalancerClientsProperties] is not eligible for getting processed by all BeanPostProcessors (for example: not eligible for auto-proxying). Is this bean getting eagerly injected into a currently created BeanPostProcessor [lbRestClientPostProcessor]? Check the corresponding BeanPostProcessor declaration and its dependencies.
2026-03-04 03:15:18.048 [main] [] WARN  o.s.c.s.PostProcessorRegistrationDelegate$BeanPostProcessorChecker - Bean 'default.org.springframework.cloud.loadbalancer.config.LoadBalancerAutoConfiguration.LoadBalancerClientSpecification' of type [org.springframework.cloud.loadbalancer.annotation.LoadBalancerClientSpecification] is not eligible for getting processed by all BeanPostProcessors (for example: not eligible for auto-proxying). Is this bean getting eagerly injected into a currently created BeanPostProcessor [lbRestClientPostProcessor]? Check the corresponding BeanPostProcessor declaration and its dependencies.
2026-03-04 03:15:18.050 [main] [] WARN  o.s.c.s.PostProcessorRegistrationDelegate$BeanPostProcessorChecker - Bean 'default.org.springframework.cloud.loadbalancer.config.BlockingLoadBalancerClientAutoConfiguration.LoadBalancerClientSpecification' of type [org.springframework.cloud.loadbalancer.annotation.LoadBalancerClientSpecification] is not eligible for getting processed by all BeanPostProcessors (for example: not eligible for auto-proxying). Is this bean getting eagerly injected into a currently created BeanPostProcessor [lbRestClientPostProcessor]? Check the corresponding BeanPostProcessor declaration and its dependencies.
2026-03-04 03:15:18.051 [main] [] WARN  o.s.c.s.PostProcessorRegistrationDelegate$BeanPostProcessorChecker - Bean 'default.org.springframework.cloud.netflix.eureka.loadbalancer.LoadBalancerEurekaAutoConfiguration.LoadBalancerClientSpecification' of type [org.springframework.cloud.loadbalancer.annotation.LoadBalancerClientSpecification] is not eligible for getting processed by all BeanPostProcessors (for example: not eligible for auto-proxying). Is this bean getting eagerly injected into a currently created BeanPostProcessor [lbRestClientPostProcessor]? Check the corresponding BeanPostProcessor declaration and its dependencies.
2026-03-04 03:15:18.052 [main] [] WARN  o.s.c.s.PostProcessorRegistrationDelegate$BeanPostProcessorChecker - Bean 'loadBalancerClientFactory' of type [org.springframework.cloud.loadbalancer.support.LoadBalancerClientFactory] is not eligible for getting processed by all BeanPostProcessors (for example: not eligible for auto-proxying). Is this bean getting eagerly injected into a currently created BeanPostProcessor [lbRestClientPostProcessor]? Check the corresponding BeanPostProcessor declaration and its dependencies.
2026-03-04 03:15:18.058 [main] [] WARN  o.s.c.s.PostProcessorRegistrationDelegate$BeanPostProcessorChecker - Bean 'blockingLoadBalancerClient' of type [org.springframework.cloud.loadbalancer.blocking.client.BlockingLoadBalancerClient] is not eligible for getting processed by all BeanPostProcessors (for example: not eligible for auto-proxying). Is this bean getting eagerly injected into a currently created BeanPostProcessor [lbRestClientPostProcessor]? Check the corresponding BeanPostProcessor declaration and its dependencies.
2026-03-04 03:15:18.065 [main] [] WARN  o.s.c.s.PostProcessorRegistrationDelegate$BeanPostProcessorChecker - Bean 'loadBalancerServiceInstanceCookieTransformer' of type [org.springframework.cloud.loadbalancer.core.LoadBalancerServiceInstanceCookieTransformer] is not eligible for getting processed by all BeanPostProcessors (for example: not eligible for auto-proxying). Is this bean getting eagerly injected into a currently created BeanPostProcessor [lbRestClientPostProcessor]? Check the corresponding BeanPostProcessor declaration and its dependencies.
2026-03-04 03:15:18.066 [main] [] WARN  o.s.c.s.PostProcessorRegistrationDelegate$BeanPostProcessorChecker - Bean 'xForwarderHeadersTransformer' of type [org.springframework.cloud.loadbalancer.blocking.XForwardedHeadersTransformer] is not eligible for getting processed by all BeanPostProcessors (for example: not eligible for auto-proxying). Is this bean getting eagerly injected into a currently created BeanPostProcessor [lbRestClientPostProcessor]? Check the corresponding BeanPostProcessor declaration and its dependencies.
2026-03-04 03:15:18.068 [main] [] WARN  o.s.c.s.PostProcessorRegistrationDelegate$BeanPostProcessorChecker - Bean 'org.springframework.cloud.client.loadbalancer.LoadBalancerAutoConfiguration' of type [org.springframework.cloud.client.loadbalancer.LoadBalancerAutoConfiguration] is not eligible for getting processed by all BeanPostProcessors (for example: not eligible for auto-proxying). Is this bean getting eagerly injected into a currently created BeanPostProcessor [lbRestClientPostProcessor]? Check the corresponding BeanPostProcessor declaration and its dependencies.
2026-03-04 03:15:18.071 [main] [] WARN  o.s.c.s.PostProcessorRegistrationDelegate$BeanPostProcessorChecker - Bean 'loadBalancerRequestFactory' of type [org.springframework.cloud.client.loadbalancer.LoadBalancerRequestFactory] is not eligible for getting processed by all BeanPostProcessors (for example: not eligible for auto-proxying). Is this bean getting eagerly injected into a currently created BeanPostProcessor [lbRestClientPostProcessor]? Check the corresponding BeanPostProcessor declaration and its dependencies.
2026-03-04 03:15:18.073 [main] [] WARN  o.s.c.s.PostProcessorRegistrationDelegate$BeanPostProcessorChecker - Bean 'org.springframework.cloud.loadbalancer.config.BlockingLoadBalancerClientAutoConfiguration$BlockingLoadBalancerRetryConfig' of type [org.springframework.cloud.loadbalancer.config.BlockingLoadBalancerClientAutoConfiguration$BlockingLoadBalancerRetryConfig$$SpringCGLIB$$0] is not eligible for getting processed by all BeanPostProcessors (for example: not eligible for auto-proxying). Is this bean getting eagerly injected into a currently created BeanPostProcessor [lbRestClientPostProcessor]? Check the corresponding BeanPostProcessor declaration and its dependencies.
2026-03-04 03:15:18.077 [main] [] WARN  o.s.c.s.PostProcessorRegistrationDelegate$BeanPostProcessorChecker - Bean 'loadBalancedRetryFactory' of type [org.springframework.cloud.loadbalancer.blocking.retry.BlockingLoadBalancedRetryFactory] is not eligible for getting processed by all BeanPostProcessors (for example: not eligible for auto-proxying). Is this bean getting eagerly injected into a currently created BeanPostProcessor [lbRestClientPostProcessor]? Check the corresponding BeanPostProcessor declaration and its dependencies.
2026-03-04 03:15:18.081 [main] [] WARN  o.s.c.s.PostProcessorRegistrationDelegate$BeanPostProcessorChecker - Bean 'loadBalancerInterceptor' of type [org.springframework.cloud.client.loadbalancer.RetryLoadBalancerInterceptor] is not eligible for getting processed by all BeanPostProcessors (for example: not eligible for auto-proxying). Is this bean getting eagerly injected into a currently created BeanPostProcessor [lbRestClientPostProcessor]? Check the corresponding BeanPostProcessor declaration and its dependencies.
2026-03-04 03:15:18.291 [main] [] INFO  o.s.b.w.e.tomcat.TomcatWebServer - Tomcat initialized with port 8087 (http)
2026-03-04 03:15:18.300 [main] [] INFO  o.a.catalina.core.StandardService - Starting service [Tomcat]
2026-03-04 03:15:18.300 [main] [] INFO  o.a.catalina.core.StandardEngine - Starting Servlet engine: [Apache Tomcat/10.1.16]
2026-03-04 03:15:18.383 [main] [] INFO  o.a.c.c.C.[Tomcat].[localhost].[/] - Initializing Spring embedded WebApplicationContext
2026-03-04 03:15:18.383 [main] [] INFO  o.s.b.w.s.c.ServletWebServerApplicationContext - Root WebApplicationContext: initialization completed in 1643 ms
2026-03-04 03:15:18.611 [main] [] DEBUG c.c.r.s.JwtAuthenticationFilter - Filter 'jwtAuthenticationFilter' configured for use
2026-03-04 03:15:18.885 [main] [] INFO  o.h.jpa.internal.util.LogHelper - HHH000204: Processing PersistenceUnitInfo [name: default]
2026-03-04 03:15:19.076 [main] [] INFO  org.hibernate.Version - HHH000412: Hibernate ORM core version 6.3.1.Final
2026-03-04 03:15:19.199 [main] [] INFO  o.h.c.i.RegionFactoryInitiator - HHH000026: Second-level cache disabled
2026-03-04 03:15:19.775 [main] [] INFO  o.s.o.j.p.SpringPersistenceUnitInfo - No LoadTimeWeaver setup: ignoring JPA class transformer
2026-03-04 03:15:19.823 [main] [] INFO  com.zaxxer.hikari.HikariDataSource - HikariPool-1 - Starting...
2026-03-04 03:15:20.177 [main] [] INFO  com.zaxxer.hikari.pool.HikariPool - HikariPool-1 - Added connection com.mysql.cj.jdbc.ConnectionImpl@2bbaf983
2026-03-04 03:15:20.183 [main] [] INFO  com.zaxxer.hikari.HikariDataSource - HikariPool-1 - Start completed.
2026-03-04 03:15:20.309 [main] [] WARN  org.hibernate.orm.deprecation - HHH90000025: MySQLDialect does not need to be specified explicitly using 'hibernate.dialect' (remove the property setting and it will be selected by default)
2026-03-04 03:15:21.063 [main] [] INFO  o.h.e.t.j.p.i.JtaPlatformInitiator - HHH000489: No JTA platform available (set 'hibernate.transaction.jta.platform' to enable JTA platform integration)
2026-03-04 03:15:21.086 [main] [] INFO  o.s.o.j.LocalContainerEntityManagerFactoryBean - Initialized JPA EntityManagerFactory for persistence unit 'default'
2026-03-04 03:15:21.472 [main] [] WARN  o.s.b.a.o.j.JpaBaseConfiguration$JpaWebConfiguration - spring.jpa.open-in-view is enabled by default. Therefore, database queries may be performed during view rendering. Explicitly configure spring.jpa.open-in-view to disable this warning
2026-03-04 03:15:21.797 [main] [] INFO  o.s.c.o.FeignClientFactoryBean - For 'claim-service' URL not provided. Will try picking an instance via load-balancing.
2026-03-04 03:15:21.952 [main] [] INFO  o.s.c.o.FeignClientFactoryBean - For 'payment-service' URL not provided. Will try picking an instance via load-balancing.
2026-03-04 03:15:22.131 [main] [] WARN  o.s.b.a.s.s.UserDetailsServiceAutoConfiguration - 

Using generated security password: c2439e1b-6e6b-498d-9f1d-1d64517e0dfa

This generated password is for development use only. Your security configuration must be updated before running your application in production.

2026-03-04 03:15:23.493 [main] [] INFO  o.s.b.a.e.web.EndpointLinksResolver - Exposing 3 endpoint(s) beneath base path '/actuator'
2026-03-04 03:15:23.673 [main] [] INFO  o.s.s.web.DefaultSecurityFilterChain - Will secure any request with [org.springframework.security.web.session.DisableEncodeUrlFilter@236e6563, org.springframework.security.web.context.request.async.WebAsyncManagerIntegrationFilter@528070fe, org.springframework.security.web.context.SecurityContextHolderFilter@3217e970, org.springframework.security.web.header.HeaderWriterFilter@3d837af7, org.springframework.web.filter.CorsFilter@3df79197, org.springframework.security.web.authentication.logout.LogoutFilter@59eff566, com.claimswift.reportingservice.security.JwtAuthenticationFilter@560d6d2, org.springframework.security.web.savedrequest.RequestCacheAwareFilter@4bd7e0b6, org.springframework.security.web.servletapi.SecurityContextHolderAwareRequestFilter@1464a177, org.springframework.security.web.authentication.AnonymousAuthenticationFilter@53741683, org.springframework.security.web.session.SessionManagementFilter@67c020c8, org.springframework.security.web.access.ExceptionTranslationFilter@4ca50bb9, org.springframework.security.web.access.intercept.AuthorizationFilter@336b7da4]
2026-03-04 03:15:25.111 [main] [] INFO  o.s.c.n.e.c.DiscoveryClientOptionalArgsConfiguration - Eureka HTTP Client uses RestTemplate.
2026-03-04 03:15:25.232 [main] [] WARN  o.s.c.l.c.LoadBalancerCacheAutoConfiguration$LoadBalancerCaffeineWarnLogger - Spring Cloud LoadBalancer is currently working with the default cache. While this cache implementation is useful for development and tests, it's recommended to use Caffeine cache in production.You can switch to using Caffeine cache, by adding it and org.springframework.cache.caffeine.CaffeineCacheManager to the classpath.
2026-03-04 03:15:25.461 [main] [] INFO  o.s.c.n.eureka.InstanceInfoFactory - Setting initial instance status as: STARTING
2026-03-04 03:15:25.540 [main] [] INFO  c.netflix.discovery.DiscoveryClient - Initializing Eureka in region us-east-1
2026-03-04 03:15:25.540 [main] [] INFO  c.n.d.s.r.aws.ConfigClusterResolver - Resolving eureka endpoints via configuration
2026-03-04 03:15:25.588 [main] [] INFO  c.netflix.discovery.DiscoveryClient - Disable delta property : false
2026-03-04 03:15:25.588 [main] [] INFO  c.netflix.discovery.DiscoveryClient - Single vip registry refresh property : null
2026-03-04 03:15:25.588 [main] [] INFO  c.netflix.discovery.DiscoveryClient - Force full registry fetch : false
2026-03-04 03:15:25.588 [main] [] INFO  c.netflix.discovery.DiscoveryClient - Application is null : false
2026-03-04 03:15:25.588 [main] [] INFO  c.netflix.discovery.DiscoveryClient - Registered Applications size is zero : true
2026-03-04 03:15:25.588 [main] [] INFO  c.netflix.discovery.DiscoveryClient - Application version is -1: true
2026-03-04 03:15:25.588 [main] [] INFO  c.netflix.discovery.DiscoveryClient - Getting all instance registry info from the eureka server
2026-03-04 03:15:26.318 [main] [] INFO  c.netflix.discovery.DiscoveryClient - The response status is 200
2026-03-04 03:15:26.323 [main] [] INFO  c.netflix.discovery.DiscoveryClient - Starting heartbeat executor: renew interval is: 30
2026-03-04 03:15:26.323 [main] [] INFO  c.n.discovery.InstanceInfoReplicator - InstanceInfoReplicator onDemand update allowed rate per min is 4
2026-03-04 03:15:26.341 [main] [] INFO  c.netflix.discovery.DiscoveryClient - Discovery Client initialized at timestamp 1772574326341 with initial instances count: 7
2026-03-04 03:15:26.371 [main] [] INFO  o.s.c.n.e.s.EurekaServiceRegistry - Registering application REPORTING-SERVICE with eureka with status UP
2026-03-04 03:15:26.371 [main] [] INFO  c.netflix.discovery.DiscoveryClient - Saw local status change event StatusChangeEvent [timestamp=1772574326371, current=UP, previous=STARTING]
2026-03-04 03:15:26.371 [main] [] WARN  c.n.discovery.InstanceInfoReplicator - Ignoring onDemand update due to rate limiter
2026-03-04 03:15:26.385 [DiscoveryClient-InstanceInfoReplicator-0] [] INFO  c.netflix.discovery.DiscoveryClient - DiscoveryClient_REPORTING-SERVICE/IBLW5CD324RM64:reporting-service:8087: registering service...
2026-03-04 03:15:26.469 [main] [] INFO  o.s.b.w.e.tomcat.TomcatWebServer - Tomcat started on port 8087 (http) with context path ''
2026-03-04 03:15:26.469 [main] [] INFO  o.s.c.n.e.s.EurekaAutoServiceRegistration - Updating port to 8087
2026-03-04 03:15:26.505 [main] [] INFO  c.c.r.ReportingServiceApplication - Started ReportingServiceApplication in 11.022 seconds (process running for 12.142)
2026-03-04 03:15:26.619 [DiscoveryClient-InstanceInfoReplicator-0] [] INFO  c.netflix.discovery.DiscoveryClient - DiscoveryClient_REPORTING-SERVICE/IBLW5CD324RM64:reporting-service:8087 - registration status: 204
2026-03-04 03:15:26.871 [RMI TCP Connection(4)-127.0.0.1] [] INFO  o.a.c.c.C.[Tomcat].[localhost].[/] - Initializing Spring DispatcherServlet 'dispatcherServlet'
2026-03-04 03:15:26.871 [RMI TCP Connection(4)-127.0.0.1] [] INFO  o.s.web.servlet.DispatcherServlet - Initializing Servlet 'dispatcherServlet'
2026-03-04 03:15:26.871 [RMI TCP Connection(4)-127.0.0.1] [] INFO  o.s.web.servlet.DispatcherServlet - Completed initialization in 0 ms
2026-03-04 03:20:25.609 [AsyncResolver-bootstrap-executor-0] [] INFO  c.n.d.s.r.aws.ConfigClusterResolver - Resolving eureka endpoints via configuration
2026-03-04 03:25:25.617 [AsyncResolver-bootstrap-executor-0] [] INFO  c.n.d.s.r.aws.ConfigClusterResolver - Resolving eureka endpoints via configuration
2026-03-04 03:30:25.626 [AsyncResolver-bootstrap-executor-0] [] INFO  c.n.d.s.r.aws.ConfigClusterResolver - Resolving eureka endpoints via configuration
2026-03-04 03:35:25.633 [AsyncResolver-bootstrap-executor-0] [] INFO  c.n.d.s.r.aws.ConfigClusterResolver - Resolving eureka endpoints via configuration
2026-03-04 03:40:25.650 [AsyncResolver-bootstrap-executor-0] [] INFO  c.n.d.s.r.aws.ConfigClusterResolver - Resolving eureka endpoints via configuration
2026-03-04 03:45:25.668 [AsyncResolver-bootstrap-executor-0] [] INFO  c.n.d.s.r.aws.ConfigClusterResolver - Resolving eureka endpoints via configuration
2026-03-04 03:50:25.670 [AsyncResolver-bootstrap-executor-0] [] INFO  c.n.d.s.r.aws.ConfigClusterResolver - Resolving eureka endpoints via configuration
2026-03-04 03:55:25.681 [AsyncResolver-bootstrap-executor-0] [] INFO  c.n.d.s.r.aws.ConfigClusterResolver - Resolving eureka endpoints via configuration
2026-03-04 04:00:25.691 [AsyncResolver-bootstrap-executor-0] [] INFO  c.n.d.s.r.aws.ConfigClusterResolver - Resolving eureka endpoints via configuration
2026-03-04 04:05:25.704 [AsyncResolver-bootstrap-executor-0] [] INFO  c.n.d.s.r.aws.ConfigClusterResolver - Resolving eureka endpoints via configuration
2026-03-04 04:10:25.717 [AsyncResolver-bootstrap-executor-0] [] INFO  c.n.d.s.r.aws.ConfigClusterResolver - Resolving eureka endpoints via configuration
2026-03-04 04:15:25.727 [AsyncResolver-bootstrap-executor-0] [] INFO  c.n.d.s.r.aws.ConfigClusterResolver - Resolving eureka endpoints via configuration
2026-03-04 04:20:25.730 [AsyncResolver-bootstrap-executor-0] [] INFO  c.n.d.s.r.aws.ConfigClusterResolver - Resolving eureka endpoints via configuration
2026-03-04 04:25:25.735 [AsyncResolver-bootstrap-executor-0] [] INFO  c.n.d.s.r.aws.ConfigClusterResolver - Resolving eureka endpoints via configuration
2026-03-04 04:30:25.741 [AsyncResolver-bootstrap-executor-0] [] INFO  c.n.d.s.r.aws.ConfigClusterResolver - Resolving eureka endpoints via configuration
2026-03-04 04:35:25.748 [AsyncResolver-bootstrap-executor-0] [] INFO  c.n.d.s.r.aws.ConfigClusterResolver - Resolving eureka endpoints via configuration
2026-03-04 04:40:25.752 [AsyncResolver-bootstrap-executor-0] [] INFO  c.n.d.s.r.aws.ConfigClusterResolver - Resolving eureka endpoints via configuration
2026-03-04 04:45:25.768 [AsyncResolver-bootstrap-executor-0] [] INFO  c.n.d.s.r.aws.ConfigClusterResolver - Resolving eureka endpoints via configuration
2026-03-04 10:54:54.525 [HikariPool-1 housekeeper] [] WARN  com.zaxxer.hikari.pool.HikariPool - HikariPool-1 - Thread starvation or clock leap detected (housekeeper delta=6h7m2s709ms932µs100ns).
2026-03-04 11:46:14.627 [HikariPool-1 housekeeper] [] WARN  com.zaxxer.hikari.pool.HikariPool - HikariPool-1 - Thread starvation or clock leap detected (housekeeper delta=51m27s66ms290µs300ns).
2026-03-04 11:47:48.544 [AsyncResolver-bootstrap-executor-0] [] INFO  c.n.d.s.r.aws.ConfigClusterResolver - Resolving eureka endpoints via configuration
2026-03-04 11:52:48.555 [AsyncResolver-bootstrap-executor-0] [] INFO  c.n.d.s.r.aws.ConfigClusterResolver - Resolving eureka endpoints via configuration
2026-03-04 11:57:48.567 [AsyncResolver-bootstrap-executor-0] [] INFO  c.n.d.s.r.aws.ConfigClusterResolver - Resolving eureka endpoints via configuration
2026-03-04 12:02:48.579 [AsyncResolver-bootstrap-executor-0] [] INFO  c.n.d.s.r.aws.ConfigClusterResolver - Resolving eureka endpoints via configuration
2026-03-04 12:07:48.584 [AsyncResolver-bootstrap-executor-0] [] INFO  c.n.d.s.r.aws.ConfigClusterResolver - Resolving eureka endpoints via configuration
2026-03-04 12:12:48.594 [AsyncResolver-bootstrap-executor-0] [] INFO  c.n.d.s.r.aws.ConfigClusterResolver - Resolving eureka endpoints via configuration
2026-03-04 12:17:48.602 [AsyncResolver-bootstrap-executor-0] [] INFO  c.n.d.s.r.aws.ConfigClusterResolver - Resolving eureka endpoints via configuration
2026-03-04 12:22:48.605 [AsyncResolver-bootstrap-executor-0] [] INFO  c.n.d.s.r.aws.ConfigClusterResolver - Resolving eureka endpoints via configuration
2026-03-04 12:27:48.622 [AsyncResolver-bootstrap-executor-0] [] INFO  c.n.d.s.r.aws.ConfigClusterResolver - Resolving eureka endpoints via configuration
2026-03-04 12:32:48.624 [AsyncResolver-bootstrap-executor-0] [] INFO  c.n.d.s.r.aws.ConfigClusterResolver - Resolving eureka endpoints via configuration
2026-03-04 12:37:48.633 [AsyncResolver-bootstrap-executor-0] [] INFO  c.n.d.s.r.aws.ConfigClusterResolver - Resolving eureka endpoints via configuration
2026-03-04 12:42:48.643 [AsyncResolver-bootstrap-executor-0] [] INFO  c.n.d.s.r.aws.ConfigClusterResolver - Resolving eureka endpoints via configuration
2026-03-04 12:44:30.583 [http-nio-8087-exec-1] [] DEBUG o.s.security.web.FilterChainProxy - Securing GET /api/reports/claims/summary
2026-03-04 12:44:30.655 [http-nio-8087-exec-1] [] WARN  o.s.w.s.h.HandlerMappingIntrospector - Cache miss for REQUEST dispatch to '/api/reports/claims/summary' (previous null). Performing CorsConfiguration lookup. This is logged once only at WARN level, and every time at TRACE.
2026-03-04 12:44:31.187 [http-nio-8087-exec-1] [] DEBUG c.c.r.s.JwtAuthenticationFilter - Authenticated user: manager1 for URI: /api/reports/claims/summary
2026-03-04 12:44:31.217 [http-nio-8087-exec-1] [] WARN  o.s.w.s.h.HandlerMappingIntrospector - Cache miss for REQUEST dispatch to '/api/reports/claims/summary' (previous null). Performing MatchableHandlerMapping lookup. This is logged once only at WARN level, and every time at TRACE.
2026-03-04 12:44:31.261 [http-nio-8087-exec-1] [] DEBUG o.s.security.web.FilterChainProxy - Secured GET /api/reports/claims/summary
2026-03-04 12:44:31.778 [http-nio-8087-exec-1] [] ERROR o.a.c.c.C.[.[.[.[dispatcherServlet] - Servlet.service() for servlet [dispatcherServlet] in context with path [] threw exception [Request processing failed: java.lang.IllegalArgumentException: Name for argument of type [java.time.LocalDate] not specified, and parameter name information not found in class file either.] with root cause
java.lang.IllegalArgumentException: Name for argument of type [java.time.LocalDate] not specified, and parameter name information not found in class file either.
	at org.springframework.web.method.annotation.AbstractNamedValueMethodArgumentResolver.updateNamedValueInfo(AbstractNamedValueMethodArgumentResolver.java:183)
	at org.springframework.web.method.annotation.AbstractNamedValueMethodArgumentResolver.getNamedValueInfo(AbstractNamedValueMethodArgumentResolver.java:160)
	at org.springframework.web.method.annotation.AbstractNamedValueMethodArgumentResolver.resolveArgument(AbstractNamedValueMethodArgumentResolver.java:106)
	at org.springframework.web.method.support.HandlerMethodArgumentResolverComposite.resolveArgument(HandlerMethodArgumentResolverComposite.java:122)
	at org.springframework.web.method.support.InvocableHandlerMethod.getMethodArgumentValues(InvocableHandlerMethod.java:218)
	at org.springframework.web.method.support.InvocableHandlerMethod.invokeForRequest(InvocableHandlerMethod.java:171)
	at org.springframework.web.servlet.mvc.method.annotation.ServletInvocableHandlerMethod.invokeAndHandle(ServletInvocableHandlerMethod.java:118)
	at org.springframework.web.servlet.mvc.method.annotation.RequestMappingHandlerAdapter.invokeHandlerMethod(RequestMappingHandlerAdapter.java:917)
	at org.springframework.web.servlet.mvc.method.annotation.RequestMappingHandlerAdapter.handleInternal(RequestMappingHandlerAdapter.java:829)
	at org.springframework.web.servlet.mvc.method.AbstractHandlerMethodAdapter.handle(AbstractHandlerMethodAdapter.java:87)
	at org.springframework.web.servlet.DispatcherServlet.doDispatch(DispatcherServlet.java:1089)
	at org.springframework.web.servlet.DispatcherServlet.doService(DispatcherServlet.java:979)
	at org.springframework.web.servlet.FrameworkServlet.processRequest(FrameworkServlet.java:1014)
	at org.springframework.web.servlet.FrameworkServlet.doGet(FrameworkServlet.java:903)
	at jakarta.servlet.http.HttpServlet.service(HttpServlet.java:564)
	at org.springframework.web.servlet.FrameworkServlet.service(FrameworkServlet.java:885)
	at jakarta.servlet.http.HttpServlet.service(HttpServlet.java:658)
	at org.apache.catalina.core.ApplicationFilterChain.internalDoFilter(ApplicationFilterChain.java:205)
	at org.apache.catalina.core.ApplicationFilterChain.doFilter(ApplicationFilterChain.java:149)
	at org.apache.tomcat.websocket.server.WsFilter.doFilter(WsFilter.java:51)
	at org.apache.catalina.core.ApplicationFilterChain.internalDoFilter(ApplicationFilterChain.java:174)
	at org.apache.catalina.core.ApplicationFilterChain.doFilter(ApplicationFilterChain.java:149)
	at org.springframework.web.filter.OncePerRequestFilter.doFilter(OncePerRequestFilter.java:110)
	at org.apache.catalina.core.ApplicationFilterChain.internalDoFilter(ApplicationFilterChain.java:174)
	at org.apache.catalina.core.ApplicationFilterChain.doFilter(ApplicationFilterChain.java:149)
	at org.springframework.security.web.FilterChainProxy.lambda$doFilterInternal$3(FilterChainProxy.java:231)
	at org.springframework.security.web.ObservationFilterChainDecorator$FilterObservation$SimpleFilterObservation.lambda$wrap$1(ObservationFilterChainDecorator.java:479)
	at org.springframework.security.web.ObservationFilterChainDecorator$AroundFilterObservation$SimpleAroundFilterObservation.lambda$wrap$1(ObservationFilterChainDecorator.java:340)
	at org.springframework.security.web.ObservationFilterChainDecorator.lambda$wrapSecured$0(ObservationFilterChainDecorator.java:82)
	at org.springframework.security.web.ObservationFilterChainDecorator$VirtualFilterChain.doFilter(ObservationFilterChainDecorator.java:128)
	at org.springframework.security.web.access.intercept.AuthorizationFilter.doFilter(AuthorizationFilter.java:100)
	at org.springframework.security.web.ObservationFilterChainDecorator$ObservationFilter.wrapFilter(ObservationFilterChainDecorator.java:240)
	at org.springframework.security.web.ObservationFilterChainDecorator$ObservationFilter.doFilter(ObservationFilterChainDecorator.java:227)
	at org.springframework.security.web.ObservationFilterChainDecorator$VirtualFilterChain.doFilter(ObservationFilterChainDecorator.java:137)
	at org.springframework.security.web.access.ExceptionTranslationFilter.doFilter(ExceptionTranslationFilter.java:126)
	at org.springframework.security.web.access.ExceptionTranslationFilter.doFilter(ExceptionTranslationFilter.java:120)
	at org.springframework.security.web.ObservationFilterChainDecorator$ObservationFilter.wrapFilter(ObservationFilterChainDecorator.java:240)
	at org.springframework.security.web.ObservationFilterChainDecorator$ObservationFilter.doFilter(ObservationFilterChainDecorator.java:227)
	at org.springframework.security.web.ObservationFilterChainDecorator$VirtualFilterChain.doFilter(ObservationFilterChainDecorator.java:137)
	at org.springframework.security.web.session.SessionManagementFilter.doFilter(SessionManagementFilter.java:131)
	at org.springframework.security.web.session.SessionManagementFilter.doFilter(SessionManagementFilter.java:85)
	at org.springframework.security.web.ObservationFilterChainDecorator$ObservationFilter.wrapFilter(ObservationFilterChainDecorator.java:240)
	at org.springframework.security.web.ObservationFilterChainDecorator$ObservationFilter.doFilter(ObservationFilterChainDecorator.java:227)
	at org.springframework.security.web.ObservationFilterChainDecorator$VirtualFilterChain.doFilter(ObservationFilterChainDecorator.java:137)
	at org.springframework.security.web.authentication.AnonymousAuthenticationFilter.doFilter(AnonymousAuthenticationFilter.java:100)
	at org.springframework.security.web.ObservationFilterChainDecorator$ObservationFilter.wrapFilter(ObservationFilterChainDecorator.java:240)
	at org.springframework.security.web.ObservationFilterChainDecorator$ObservationFilter.doFilter(ObservationFilterChainDecorator.java:227)
	at org.springframework.security.web.ObservationFilterChainDecorator$VirtualFilterChain.doFilter(ObservationFilterChainDecorator.java:137)
	at org.springframework.security.web.servletapi.SecurityContextHolderAwareRequestFilter.doFilter(SecurityContextHolderAwareRequestFilter.java:179)
	at org.springframework.security.web.ObservationFilterChainDecorator$ObservationFilter.wrapFilter(ObservationFilterChainDecorator.java:240)
	at org.springframework.security.web.ObservationFilterChainDecorator$ObservationFilter.doFilter(ObservationFilterChainDecorator.java:227)
	at org.springframework.security.web.ObservationFilterChainDecorator$VirtualFilterChain.doFilter(ObservationFilterChainDecorator.java:137)
	at org.springframework.security.web.savedrequest.RequestCacheAwareFilter.doFilter(RequestCacheAwareFilter.java:63)
	at org.springframework.security.web.ObservationFilterChainDecorator$ObservationFilter.wrapFilter(ObservationFilterChainDecorator.java:240)
	at org.springframework.security.web.ObservationFilterChainDecorator$ObservationFilter.doFilter(ObservationFilterChainDecorator.java:227)
	at org.springframework.security.web.ObservationFilterChainDecorator$VirtualFilterChain.doFilter(ObservationFilterChainDecorator.java:137)
	at com.claimswift.reportingservice.security.JwtAuthenticationFilter.doFilterInternal(JwtAuthenticationFilter.java:59)
	at org.springframework.web.filter.OncePerRequestFilter.doFilter(OncePerRequestFilter.java:116)
	at org.springframework.security.web.ObservationFilterChainDecorator$ObservationFilter.wrapFilter(ObservationFilterChainDecorator.java:240)
	at org.springframework.security.web.ObservationFilterChainDecorator$ObservationFilter.doFilter(ObservationFilterChainDecorator.java:227)
	at org.springframework.security.web.ObservationFilterChainDecorator$VirtualFilterChain.doFilter(ObservationFilterChainDecorator.java:137)
	at org.springframework.security.web.authentication.logout.LogoutFilter.doFilter(LogoutFilter.java:107)
	at org.springframework.security.web.authentication.logout.LogoutFilter.doFilter(LogoutFilter.java:93)
	at org.springframework.security.web.ObservationFilterChainDecorator$ObservationFilter.wrapFilter(ObservationFilterChainDecorator.java:240)
	at org.springframework.security.web.ObservationFilterChainDecorator$ObservationFilter.doFilter(ObservationFilterChainDecorator.java:227)
	at org.springframework.security.web.ObservationFilterChainDecorator$VirtualFilterChain.doFilter(ObservationFilterChainDecorator.java:137)
	at org.springframework.web.filter.CorsFilter.doFilterInternal(CorsFilter.java:91)
	at org.springframework.web.filter.OncePerRequestFilter.doFilter(OncePerRequestFilter.java:116)
	at org.springframework.security.web.ObservationFilterChainDecorator$ObservationFilter.wrapFilter(ObservationFilterChainDecorator.java:240)
	at org.springframework.security.web.ObservationFilterChainDecorator$ObservationFilter.doFilter(ObservationFilterChainDecorator.java:227)
	at org.springframework.security.web.ObservationFilterChainDecorator$VirtualFilterChain.doFilter(ObservationFilterChainDecorator.java:137)
	at org.springframework.security.web.header.HeaderWriterFilter.doHeadersAfter(HeaderWriterFilter.java:90)
	at org.springframework.security.web.header.HeaderWriterFilter.doFilterInternal(HeaderWriterFilter.java:75)
	at org.springframework.web.filter.OncePerRequestFilter.doFilter(OncePerRequestFilter.java:116)
	at org.springframework.security.web.ObservationFilterChainDecorator$ObservationFilter.wrapFilter(ObservationFilterChainDecorator.java:240)
	at org.springframework.security.web.ObservationFilterChainDecorator$ObservationFilter.doFilter(ObservationFilterChainDecorator.java:227)
	at org.springframework.security.web.ObservationFilterChainDecorator$VirtualFilterChain.doFilter(ObservationFilterChainDecorator.java:137)
	at org.springframework.security.web.context.SecurityContextHolderFilter.doFilter(SecurityContextHolderFilter.java:82)
	at org.springframework.security.web.context.SecurityContextHolderFilter.doFilter(SecurityContextHolderFilter.java:69)
	at org.springframework.security.web.ObservationFilterChainDecorator$ObservationFilter.wrapFilter(ObservationFilterChainDecorator.java:240)
	at org.springframework.security.web.ObservationFilterChainDecorator$ObservationFilter.doFilter(ObservationFilterChainDecorator.java:227)
	at org.springframework.security.web.ObservationFilterChainDecorator$VirtualFilterChain.doFilter(ObservationFilterChainDecorator.java:137)
	at org.springframework.security.web.context.request.async.WebAsyncManagerIntegrationFilter.doFilterInternal(WebAsyncManagerIntegrationFilter.java:62)
	at org.springframework.web.filter.OncePerRequestFilter.doFilter(OncePerRequestFilter.java:116)
	at org.springframework.security.web.ObservationFilterChainDecorator$ObservationFilter.wrapFilter(ObservationFilterChainDecorator.java:240)
	at org.springframework.security.web.ObservationFilterChainDecorator$ObservationFilter.doFilter(ObservationFilterChainDecorator.java:227)
	at org.springframework.security.web.ObservationFilterChainDecorator$VirtualFilterChain.doFilter(ObservationFilterChainDecorator.java:137)
	at org.springframework.security.web.session.DisableEncodeUrlFilter.doFilterInternal(DisableEncodeUrlFilter.java:42)
	at org.springframework.web.filter.OncePerRequestFilter.doFilter(OncePerRequestFilter.java:116)
	at org.springframework.security.web.ObservationFilterChainDecorator$ObservationFilter.wrapFilter(ObservationFilterChainDecorator.java:240)
	at org.springframework.security.web.ObservationFilterChainDecorator$AroundFilterObservation$SimpleAroundFilterObservation.lambda$wrap$0(ObservationFilterChainDecorator.java:323)
	at org.springframework.security.web.ObservationFilterChainDecorator$ObservationFilter.doFilter(ObservationFilterChainDecorator.java:224)
	at org.springframework.security.web.ObservationFilterChainDecorator$VirtualFilterChain.doFilter(ObservationFilterChainDecorator.java:137)
	at org.springframework.security.web.FilterChainProxy.doFilterInternal(FilterChainProxy.java:233)
	at org.springframework.security.web.FilterChainProxy.doFilter(FilterChainProxy.java:191)
	at org.springframework.web.filter.DelegatingFilterProxy.invokeDelegate(DelegatingFilterProxy.java:352)
	at org.springframework.web.filter.DelegatingFilterProxy.doFilter(DelegatingFilterProxy.java:268)
	at org.apache.catalina.core.ApplicationFilterChain.internalDoFilter(ApplicationFilterChain.java:174)
	at org.apache.catalina.core.ApplicationFilterChain.doFilter(ApplicationFilterChain.java:149)
	at org.springframework.web.filter.RequestContextFilter.doFilterInternal(RequestContextFilter.java:100)
	at org.springframework.web.filter.OncePerRequestFilter.doFilter(OncePerRequestFilter.java:116)
	at org.apache.catalina.core.ApplicationFilterChain.internalDoFilter(ApplicationFilterChain.java:174)
	at org.apache.catalina.core.ApplicationFilterChain.doFilter(ApplicationFilterChain.java:149)
	at org.springframework.web.filter.FormContentFilter.doFilterInternal(FormContentFilter.java:93)
	at org.springframework.web.filter.OncePerRequestFilter.doFilter(OncePerRequestFilter.java:116)
	at org.apache.catalina.core.ApplicationFilterChain.internalDoFilter(ApplicationFilterChain.java:174)
	at org.apache.catalina.core.ApplicationFilterChain.doFilter(ApplicationFilterChain.java:149)
	at org.springframework.web.filter.ServerHttpObservationFilter.doFilterInternal(ServerHttpObservationFilter.java:109)
	at org.springframework.web.filter.OncePerRequestFilter.doFilter(OncePerRequestFilter.java:116)
	at org.apache.catalina.core.ApplicationFilterChain.internalDoFilter(ApplicationFilterChain.java:174)
	at org.apache.catalina.core.ApplicationFilterChain.doFilter(ApplicationFilterChain.java:149)
	at org.springframework.web.filter.CharacterEncodingFilter.doFilterInternal(CharacterEncodingFilter.java:201)
	at org.springframework.web.filter.OncePerRequestFilter.doFilter(OncePerRequestFilter.java:116)
	at org.apache.catalina.core.ApplicationFilterChain.internalDoFilter(ApplicationFilterChain.java:174)
	at org.apache.catalina.core.ApplicationFilterChain.doFilter(ApplicationFilterChain.java:149)
	at org.apache.catalina.core.StandardWrapperValve.invoke(StandardWrapperValve.java:167)
	at org.apache.catalina.core.StandardContextValve.invoke(StandardContextValve.java:90)
	at org.apache.catalina.authenticator.AuthenticatorBase.invoke(AuthenticatorBase.java:482)
	at org.apache.catalina.core.StandardHostValve.invoke(StandardHostValve.java:115)
	at org.apache.catalina.valves.ErrorReportValve.invoke(ErrorReportValve.java:93)
	at org.apache.catalina.core.StandardEngineValve.invoke(StandardEngineValve.java:74)
	at org.apache.catalina.connector.CoyoteAdapter.service(CoyoteAdapter.java:340)
	at org.apache.coyote.http11.Http11Processor.service(Http11Processor.java:391)
	at org.apache.coyote.AbstractProcessorLight.process(AbstractProcessorLight.java:63)
	at org.apache.coyote.AbstractProtocol$ConnectionHandler.process(AbstractProtocol.java:896)
	at org.apache.tomcat.util.net.NioEndpoint$SocketProcessor.doRun(NioEndpoint.java:1744)
	at org.apache.tomcat.util.net.SocketProcessorBase.run(SocketProcessorBase.java:52)
	at org.apache.tomcat.util.threads.ThreadPoolExecutor.runWorker(ThreadPoolExecutor.java:1191)
	at org.apache.tomcat.util.threads.ThreadPoolExecutor$Worker.run(ThreadPoolExecutor.java:659)
	at org.apache.tomcat.util.threads.TaskThread$WrappingRunnable.run(TaskThread.java:61)
	at java.base/java.lang.Thread.run(Thread.java:1583)
2026-03-04 12:44:31.812 [http-nio-8087-exec-1] [] DEBUG o.s.security.web.FilterChainProxy - Securing GET /error
2026-03-04 12:44:31.823 [http-nio-8087-exec-1] [] DEBUG o.s.s.w.a.AnonymousAuthenticationFilter - Set SecurityContextHolder to anonymous SecurityContext
2026-03-04 12:44:31.838 [http-nio-8087-exec-1] [] DEBUG o.s.s.w.a.Http403ForbiddenEntryPoint - Pre-authenticated entry point called. Rejecting access
2026-03-04 12:45:58.928 [http-nio-8087-exec-3] [] DEBUG o.s.security.web.FilterChainProxy - Securing POST /api/reports/status-change
2026-03-04 12:45:58.939 [http-nio-8087-exec-3] [] DEBUG c.c.r.s.JwtAuthenticationFilter - Authenticated user: manager1 for URI: /api/reports/status-change
2026-03-04 12:45:58.945 [http-nio-8087-exec-3] [] DEBUG o.s.security.web.FilterChainProxy - Secured POST /api/reports/status-change
2026-03-04 12:45:59.022 [http-nio-8087-exec-3] [] DEBUG o.s.s.a.m.AuthorizationManagerBeforeMethodInterceptor - Authorizing method invocation ReflectiveMethodInvocation: public org.springframework.http.ResponseEntity com.claimswift.reportingservice.controller.ReportingController.reportStatusChange(java.util.Map); target is of class [com.claimswift.reportingservice.controller.ReportingController]
2026-03-04 12:45:59.249 [http-nio-8087-exec-3] [] DEBUG o.s.s.a.m.AuthorizationManagerBeforeMethodInterceptor - Authorized method invocation ReflectiveMethodInvocation: public org.springframework.http.ResponseEntity com.claimswift.reportingservice.controller.ReportingController.reportStatusChange(java.util.Map); target is of class [com.claimswift.reportingservice.controller.ReportingController]
2026-03-04 12:45:59.435 [http-nio-8087-exec-3] [] INFO  c.c.r.controller.ReportingController - Claim status change received: {claimId=1, oldStatus=UNDER_REVIEW, newStatus=APPROVED}
2026-03-04 12:47:48.656 [AsyncResolver-bootstrap-executor-0] [] INFO  c.n.d.s.r.aws.ConfigClusterResolver - Resolving eureka endpoints via configuration
2026-03-04 12:48:58.160 [http-nio-8087-exec-5] [] DEBUG o.s.security.web.FilterChainProxy - Securing GET /actuator/health
2026-03-04 12:48:58.167 [http-nio-8087-exec-5] [] DEBUG o.s.s.w.a.AnonymousAuthenticationFilter - Set SecurityContextHolder to anonymous SecurityContext
2026-03-04 12:48:58.171 [http-nio-8087-exec-5] [] DEBUG o.s.security.web.FilterChainProxy - Secured GET /actuator/health
2026-03-04 12:50:13.537 [http-nio-8087-exec-7] [] DEBUG o.s.security.web.FilterChainProxy - Securing GET /api/reports/claims/summary?startDate=2026-01-01&endDate=2026-12-31
2026-03-04 12:50:13.547 [http-nio-8087-exec-7] [] DEBUG c.c.r.s.JwtAuthenticationFilter - Authenticated user: manager.smoke for URI: /api/reports/claims/summary
2026-03-04 12:50:13.552 [http-nio-8087-exec-7] [] DEBUG o.s.security.web.FilterChainProxy - Secured GET /api/reports/claims/summary?startDate=2026-01-01&endDate=2026-12-31
2026-03-04 12:50:13.555 [http-nio-8087-exec-7] [] ERROR o.a.c.c.C.[.[.[.[dispatcherServlet] - Servlet.service() for servlet [dispatcherServlet] in context with path [] threw exception [Request processing failed: java.lang.IllegalArgumentException: Name for argument of type [java.time.LocalDate] not specified, and parameter name information not found in class file either.] with root cause
java.lang.IllegalArgumentException: Name for argument of type [java.time.LocalDate] not specified, and parameter name information not found in class file either.
	at org.springframework.web.method.annotation.AbstractNamedValueMethodArgumentResolver.updateNamedValueInfo(AbstractNamedValueMethodArgumentResolver.java:183)
	at org.springframework.web.method.annotation.AbstractNamedValueMethodArgumentResolver.getNamedValueInfo(AbstractNamedValueMethodArgumentResolver.java:160)
	at org.springframework.web.method.annotation.AbstractNamedValueMethodArgumentResolver.resolveArgument(AbstractNamedValueMethodArgumentResolver.java:106)
	at org.springframework.web.method.support.HandlerMethodArgumentResolverComposite.resolveArgument(HandlerMethodArgumentResolverComposite.java:122)
	at org.springframework.web.method.support.InvocableHandlerMethod.getMethodArgumentValues(InvocableHandlerMethod.java:218)
	at org.springframework.web.method.support.InvocableHandlerMethod.invokeForRequest(InvocableHandlerMethod.java:171)
	at org.springframework.web.servlet.mvc.method.annotation.ServletInvocableHandlerMethod.invokeAndHandle(ServletInvocableHandlerMethod.java:118)
	at org.springframework.web.servlet.mvc.method.annotation.RequestMappingHandlerAdapter.invokeHandlerMethod(RequestMappingHandlerAdapter.java:917)
	at org.springframework.web.servlet.mvc.method.annotation.RequestMappingHandlerAdapter.handleInternal(RequestMappingHandlerAdapter.java:829)
	at org.springframework.web.servlet.mvc.method.AbstractHandlerMethodAdapter.handle(AbstractHandlerMethodAdapter.java:87)
	at org.springframework.web.servlet.DispatcherServlet.doDispatch(DispatcherServlet.java:1089)
	at org.springframework.web.servlet.DispatcherServlet.doService(DispatcherServlet.java:979)
	at org.springframework.web.servlet.FrameworkServlet.processRequest(FrameworkServlet.java:1014)
	at org.springframework.web.servlet.FrameworkServlet.doGet(FrameworkServlet.java:903)
	at jakarta.servlet.http.HttpServlet.service(HttpServlet.java:564)
	at org.springframework.web.servlet.FrameworkServlet.service(FrameworkServlet.java:885)
	at jakarta.servlet.http.HttpServlet.service(HttpServlet.java:658)
	at org.apache.catalina.core.ApplicationFilterChain.internalDoFilter(ApplicationFilterChain.java:205)
	at org.apache.catalina.core.ApplicationFilterChain.doFilter(ApplicationFilterChain.java:149)
	at org.apache.tomcat.websocket.server.WsFilter.doFilter(WsFilter.java:51)
	at org.apache.catalina.core.ApplicationFilterChain.internalDoFilter(ApplicationFilterChain.java:174)
	at org.apache.catalina.core.ApplicationFilterChain.doFilter(ApplicationFilterChain.java:149)
	at org.springframework.web.filter.OncePerRequestFilter.doFilter(OncePerRequestFilter.java:110)
	at org.apache.catalina.core.ApplicationFilterChain.internalDoFilter(ApplicationFilterChain.java:174)
	at org.apache.catalina.core.ApplicationFilterChain.doFilter(ApplicationFilterChain.java:149)
	at org.springframework.security.web.FilterChainProxy.lambda$doFilterInternal$3(FilterChainProxy.java:231)
	at org.springframework.security.web.ObservationFilterChainDecorator$FilterObservation$SimpleFilterObservation.lambda$wrap$1(ObservationFilterChainDecorator.java:479)
	at org.springframework.security.web.ObservationFilterChainDecorator$AroundFilterObservation$SimpleAroundFilterObservation.lambda$wrap$1(ObservationFilterChainDecorator.java:340)
	at org.springframework.security.web.ObservationFilterChainDecorator.lambda$wrapSecured$0(ObservationFilterChainDecorator.java:82)
	at org.springframework.security.web.ObservationFilterChainDecorator$VirtualFilterChain.doFilter(ObservationFilterChainDecorator.java:128)
	at org.springframework.security.web.access.intercept.AuthorizationFilter.doFilter(AuthorizationFilter.java:100)
	at org.springframework.security.web.ObservationFilterChainDecorator$ObservationFilter.wrapFilter(ObservationFilterChainDecorator.java:240)
	at org.springframework.security.web.ObservationFilterChainDecorator$ObservationFilter.doFilter(ObservationFilterChainDecorator.java:227)
	at org.springframework.security.web.ObservationFilterChainDecorator$VirtualFilterChain.doFilter(ObservationFilterChainDecorator.java:137)
	at org.springframework.security.web.access.ExceptionTranslationFilter.doFilter(ExceptionTranslationFilter.java:126)
	at org.springframework.security.web.access.ExceptionTranslationFilter.doFilter(ExceptionTranslationFilter.java:120)
	at org.springframework.security.web.ObservationFilterChainDecorator$ObservationFilter.wrapFilter(ObservationFilterChainDecorator.java:240)
	at org.springframework.security.web.ObservationFilterChainDecorator$ObservationFilter.doFilter(ObservationFilterChainDecorator.java:227)
	at org.springframework.security.web.ObservationFilterChainDecorator$VirtualFilterChain.doFilter(ObservationFilterChainDecorator.java:137)
	at org.springframework.security.web.session.SessionManagementFilter.doFilter(SessionManagementFilter.java:131)
	at org.springframework.security.web.session.SessionManagementFilter.doFilter(SessionManagementFilter.java:85)
	at org.springframework.security.web.ObservationFilterChainDecorator$ObservationFilter.wrapFilter(ObservationFilterChainDecorator.java:240)
	at org.springframework.security.web.ObservationFilterChainDecorator$ObservationFilter.doFilter(ObservationFilterChainDecorator.java:227)
	at org.springframework.security.web.ObservationFilterChainDecorator$VirtualFilterChain.doFilter(ObservationFilterChainDecorator.java:137)
	at org.springframework.security.web.authentication.AnonymousAuthenticationFilter.doFilter(AnonymousAuthenticationFilter.java:100)
	at org.springframework.security.web.ObservationFilterChainDecorator$ObservationFilter.wrapFilter(ObservationFilterChainDecorator.java:240)
	at org.springframework.security.web.ObservationFilterChainDecorator$ObservationFilter.doFilter(ObservationFilterChainDecorator.java:227)
	at org.springframework.security.web.ObservationFilterChainDecorator$VirtualFilterChain.doFilter(ObservationFilterChainDecorator.java:137)
	at org.springframework.security.web.servletapi.SecurityContextHolderAwareRequestFilter.doFilter(SecurityContextHolderAwareRequestFilter.java:179)
	at org.springframework.security.web.ObservationFilterChainDecorator$ObservationFilter.wrapFilter(ObservationFilterChainDecorator.java:240)
	at org.springframework.security.web.ObservationFilterChainDecorator$ObservationFilter.doFilter(ObservationFilterChainDecorator.java:227)
	at org.springframework.security.web.ObservationFilterChainDecorator$VirtualFilterChain.doFilter(ObservationFilterChainDecorator.java:137)
	at org.springframework.security.web.savedrequest.RequestCacheAwareFilter.doFilter(RequestCacheAwareFilter.java:63)
	at org.springframework.security.web.ObservationFilterChainDecorator$ObservationFilter.wrapFilter(ObservationFilterChainDecorator.java:240)
	at org.springframework.security.web.ObservationFilterChainDecorator$ObservationFilter.doFilter(ObservationFilterChainDecorator.java:227)
	at org.springframework.security.web.ObservationFilterChainDecorator$VirtualFilterChain.doFilter(ObservationFilterChainDecorator.java:137)
	at com.claimswift.reportingservice.security.JwtAuthenticationFilter.doFilterInternal(JwtAuthenticationFilter.java:59)
	at org.springframework.web.filter.OncePerRequestFilter.doFilter(OncePerRequestFilter.java:116)
	at org.springframework.security.web.ObservationFilterChainDecorator$ObservationFilter.wrapFilter(ObservationFilterChainDecorator.java:240)
	at org.springframework.security.web.ObservationFilterChainDecorator$ObservationFilter.doFilter(ObservationFilterChainDecorator.java:227)
	at org.springframework.security.web.ObservationFilterChainDecorator$VirtualFilterChain.doFilter(ObservationFilterChainDecorator.java:137)
	at org.springframework.security.web.authentication.logout.LogoutFilter.doFilter(LogoutFilter.java:107)
	at org.springframework.security.web.authentication.logout.LogoutFilter.doFilter(LogoutFilter.java:93)
	at org.springframework.security.web.ObservationFilterChainDecorator$ObservationFilter.wrapFilter(ObservationFilterChainDecorator.java:240)
	at org.springframework.security.web.ObservationFilterChainDecorator$ObservationFilter.doFilter(ObservationFilterChainDecorator.java:227)
	at org.springframework.security.web.ObservationFilterChainDecorator$VirtualFilterChain.doFilter(ObservationFilterChainDecorator.java:137)
	at org.springframework.web.filter.CorsFilter.doFilterInternal(CorsFilter.java:91)
	at org.springframework.web.filter.OncePerRequestFilter.doFilter(OncePerRequestFilter.java:116)
	at org.springframework.security.web.ObservationFilterChainDecorator$ObservationFilter.wrapFilter(ObservationFilterChainDecorator.java:240)
	at org.springframework.security.web.ObservationFilterChainDecorator$ObservationFilter.doFilter(ObservationFilterChainDecorator.java:227)
	at org.springframework.security.web.ObservationFilterChainDecorator$VirtualFilterChain.doFilter(ObservationFilterChainDecorator.java:137)
	at org.springframework.security.web.header.HeaderWriterFilter.doHeadersAfter(HeaderWriterFilter.java:90)
	at org.springframework.security.web.header.HeaderWriterFilter.doFilterInternal(HeaderWriterFilter.java:75)
	at org.springframework.web.filter.OncePerRequestFilter.doFilter(OncePerRequestFilter.java:116)
	at org.springframework.security.web.ObservationFilterChainDecorator$ObservationFilter.wrapFilter(ObservationFilterChainDecorator.java:240)
	at org.springframework.security.web.ObservationFilterChainDecorator$ObservationFilter.doFilter(ObservationFilterChainDecorator.java:227)
	at org.springframework.security.web.ObservationFilterChainDecorator$VirtualFilterChain.doFilter(ObservationFilterChainDecorator.java:137)
	at org.springframework.security.web.context.SecurityContextHolderFilter.doFilter(SecurityContextHolderFilter.java:82)
	at org.springframework.security.web.context.SecurityContextHolderFilter.doFilter(SecurityContextHolderFilter.java:69)
	at org.springframework.security.web.ObservationFilterChainDecorator$ObservationFilter.wrapFilter(ObservationFilterChainDecorator.java:240)
	at org.springframework.security.web.ObservationFilterChainDecorator$ObservationFilter.doFilter(ObservationFilterChainDecorator.java:227)
	at org.springframework.security.web.ObservationFilterChainDecorator$VirtualFilterChain.doFilter(ObservationFilterChainDecorator.java:137)
	at org.springframework.security.web.context.request.async.WebAsyncManagerIntegrationFilter.doFilterInternal(WebAsyncManagerIntegrationFilter.java:62)
	at org.springframework.web.filter.OncePerRequestFilter.doFilter(OncePerRequestFilter.java:116)
	at org.springframework.security.web.ObservationFilterChainDecorator$ObservationFilter.wrapFilter(ObservationFilterChainDecorator.java:240)
	at org.springframework.security.web.ObservationFilterChainDecorator$ObservationFilter.doFilter(ObservationFilterChainDecorator.java:227)
	at org.springframework.security.web.ObservationFilterChainDecorator$VirtualFilterChain.doFilter(ObservationFilterChainDecorator.java:137)
	at org.springframework.security.web.session.DisableEncodeUrlFilter.doFilterInternal(DisableEncodeUrlFilter.java:42)
	at org.springframework.web.filter.OncePerRequestFilter.doFilter(OncePerRequestFilter.java:116)
	at org.springframework.security.web.ObservationFilterChainDecorator$ObservationFilter.wrapFilter(ObservationFilterChainDecorator.java:240)
	at org.springframework.security.web.ObservationFilterChainDecorator$AroundFilterObservation$SimpleAroundFilterObservation.lambda$wrap$0(ObservationFilterChainDecorator.java:323)
	at org.springframework.security.web.ObservationFilterChainDecorator$ObservationFilter.doFilter(ObservationFilterChainDecorator.java:224)
	at org.springframework.security.web.ObservationFilterChainDecorator$VirtualFilterChain.doFilter(ObservationFilterChainDecorator.java:137)
	at org.springframework.security.web.FilterChainProxy.doFilterInternal(FilterChainProxy.java:233)
	at org.springframework.security.web.FilterChainProxy.doFilter(FilterChainProxy.java:191)
	at org.springframework.web.filter.DelegatingFilterProxy.invokeDelegate(DelegatingFilterProxy.java:352)
	at org.springframework.web.filter.DelegatingFilterProxy.doFilter(DelegatingFilterProxy.java:268)
	at org.apache.catalina.core.ApplicationFilterChain.internalDoFilter(ApplicationFilterChain.java:174)
	at org.apache.catalina.core.ApplicationFilterChain.doFilter(ApplicationFilterChain.java:149)
	at org.springframework.web.filter.RequestContextFilter.doFilterInternal(RequestContextFilter.java:100)
	at org.springframework.web.filter.OncePerRequestFilter.doFilter(OncePerRequestFilter.java:116)
	at org.apache.catalina.core.ApplicationFilterChain.internalDoFilter(ApplicationFilterChain.java:174)
	at org.apache.catalina.core.ApplicationFilterChain.doFilter(ApplicationFilterChain.java:149)
	at org.springframework.web.filter.FormContentFilter.doFilterInternal(FormContentFilter.java:93)
	at org.springframework.web.filter.OncePerRequestFilter.doFilter(OncePerRequestFilter.java:116)
	at org.apache.catalina.core.ApplicationFilterChain.internalDoFilter(ApplicationFilterChain.java:174)
	at org.apache.catalina.core.ApplicationFilterChain.doFilter(ApplicationFilterChain.java:149)
	at org.springframework.web.filter.ServerHttpObservationFilter.doFilterInternal(ServerHttpObservationFilter.java:109)
	at org.springframework.web.filter.OncePerRequestFilter.doFilter(OncePerRequestFilter.java:116)
	at org.apache.catalina.core.ApplicationFilterChain.internalDoFilter(ApplicationFilterChain.java:174)
	at org.apache.catalina.core.ApplicationFilterChain.doFilter(ApplicationFilterChain.java:149)
	at org.springframework.web.filter.CharacterEncodingFilter.doFilterInternal(CharacterEncodingFilter.java:201)
	at org.springframework.web.filter.OncePerRequestFilter.doFilter(OncePerRequestFilter.java:116)
	at org.apache.catalina.core.ApplicationFilterChain.internalDoFilter(ApplicationFilterChain.java:174)
	at org.apache.catalina.core.ApplicationFilterChain.doFilter(ApplicationFilterChain.java:149)
	at org.apache.catalina.core.StandardWrapperValve.invoke(StandardWrapperValve.java:167)
	at org.apache.catalina.core.StandardContextValve.invoke(StandardContextValve.java:90)
	at org.apache.catalina.authenticator.AuthenticatorBase.invoke(AuthenticatorBase.java:482)
	at org.apache.catalina.core.StandardHostValve.invoke(StandardHostValve.java:115)
	at org.apache.catalina.valves.ErrorReportValve.invoke(ErrorReportValve.java:93)
	at org.apache.catalina.core.StandardEngineValve.invoke(StandardEngineValve.java:74)
	at org.apache.catalina.connector.CoyoteAdapter.service(CoyoteAdapter.java:340)
	at org.apache.coyote.http11.Http11Processor.service(Http11Processor.java:391)
	at org.apache.coyote.AbstractProcessorLight.process(AbstractProcessorLight.java:63)
	at org.apache.coyote.AbstractProtocol$ConnectionHandler.process(AbstractProtocol.java:896)
	at org.apache.tomcat.util.net.NioEndpoint$SocketProcessor.doRun(NioEndpoint.java:1744)
	at org.apache.tomcat.util.net.SocketProcessorBase.run(SocketProcessorBase.java:52)
	at org.apache.tomcat.util.threads.ThreadPoolExecutor.runWorker(ThreadPoolExecutor.java:1191)
	at org.apache.tomcat.util.threads.ThreadPoolExecutor$Worker.run(ThreadPoolExecutor.java:659)
	at org.apache.tomcat.util.threads.TaskThread$WrappingRunnable.run(TaskThread.java:61)
	at java.base/java.lang.Thread.run(Thread.java:1583)
2026-03-04 12:50:13.558 [http-nio-8087-exec-7] [] DEBUG o.s.security.web.FilterChainProxy - Securing GET /error?startDate=2026-01-01&endDate=2026-12-31
2026-03-04 12:50:13.563 [http-nio-8087-exec-7] [] DEBUG o.s.s.w.a.AnonymousAuthenticationFilter - Set SecurityContextHolder to anonymous SecurityContext
2026-03-04 12:50:13.564 [http-nio-8087-exec-7] [] DEBUG o.s.s.w.a.Http403ForbiddenEntryPoint - Pre-authenticated entry point called. Rejecting access
2026-03-04 12:50:13.572 [http-nio-8087-exec-8] [] DEBUG o.s.security.web.FilterChainProxy - Securing GET /api/reports/claims/summary/pdf?startDate=2026-01-01&endDate=2026-12-31
2026-03-04 12:50:13.581 [http-nio-8087-exec-8] [] DEBUG c.c.r.s.JwtAuthenticationFilter - Authenticated user: manager.smoke for URI: /api/reports/claims/summary/pdf
2026-03-04 12:50:13.588 [http-nio-8087-exec-8] [] DEBUG o.s.security.web.FilterChainProxy - Secured GET /api/reports/claims/summary/pdf?startDate=2026-01-01&endDate=2026-12-31
2026-03-04 12:50:13.592 [http-nio-8087-exec-8] [] ERROR o.a.c.c.C.[.[.[.[dispatcherServlet] - Servlet.service() for servlet [dispatcherServlet] in context with path [] threw exception [Request processing failed: java.lang.IllegalArgumentException: Name for argument of type [java.time.LocalDate] not specified, and parameter name information not found in class file either.] with root cause
java.lang.IllegalArgumentException: Name for argument of type [java.time.LocalDate] not specified, and parameter name information not found in class file either.
	at org.springframework.web.method.annotation.AbstractNamedValueMethodArgumentResolver.updateNamedValueInfo(AbstractNamedValueMethodArgumentResolver.java:183)
	at org.springframework.web.method.annotation.AbstractNamedValueMethodArgumentResolver.getNamedValueInfo(AbstractNamedValueMethodArgumentResolver.java:160)
	at org.springframework.web.method.annotation.AbstractNamedValueMethodArgumentResolver.resolveArgument(AbstractNamedValueMethodArgumentResolver.java:106)
	at org.springframework.web.method.support.HandlerMethodArgumentResolverComposite.resolveArgument(HandlerMethodArgumentResolverComposite.java:122)
	at org.springframework.web.method.support.InvocableHandlerMethod.getMethodArgumentValues(InvocableHandlerMethod.java:218)
	at org.springframework.web.method.support.InvocableHandlerMethod.invokeForRequest(InvocableHandlerMethod.java:171)
	at org.springframework.web.servlet.mvc.method.annotation.ServletInvocableHandlerMethod.invokeAndHandle(ServletInvocableHandlerMethod.java:118)
	at org.springframework.web.servlet.mvc.method.annotation.RequestMappingHandlerAdapter.invokeHandlerMethod(RequestMappingHandlerAdapter.java:917)
	at org.springframework.web.servlet.mvc.method.annotation.RequestMappingHandlerAdapter.handleInternal(RequestMappingHandlerAdapter.java:829)
	at org.springframework.web.servlet.mvc.method.AbstractHandlerMethodAdapter.handle(AbstractHandlerMethodAdapter.java:87)
	at org.springframework.web.servlet.DispatcherServlet.doDispatch(DispatcherServlet.java:1089)
	at org.springframework.web.servlet.DispatcherServlet.doService(DispatcherServlet.java:979)
	at org.springframework.web.servlet.FrameworkServlet.processRequest(FrameworkServlet.java:1014)
	at org.springframework.web.servlet.FrameworkServlet.doGet(FrameworkServlet.java:903)
	at jakarta.servlet.http.HttpServlet.service(HttpServlet.java:564)
	at org.springframework.web.servlet.FrameworkServlet.service(FrameworkServlet.java:885)
	at jakarta.servlet.http.HttpServlet.service(HttpServlet.java:658)
	at org.apache.catalina.core.ApplicationFilterChain.internalDoFilter(ApplicationFilterChain.java:205)
	at org.apache.catalina.core.ApplicationFilterChain.doFilter(ApplicationFilterChain.java:149)
	at org.apache.tomcat.websocket.server.WsFilter.doFilter(WsFilter.java:51)
	at org.apache.catalina.core.ApplicationFilterChain.internalDoFilter(ApplicationFilterChain.java:174)
	at org.apache.catalina.core.ApplicationFilterChain.doFilter(ApplicationFilterChain.java:149)
	at org.springframework.web.filter.OncePerRequestFilter.doFilter(OncePerRequestFilter.java:110)
	at org.apache.catalina.core.ApplicationFilterChain.internalDoFilter(ApplicationFilterChain.java:174)
	at org.apache.catalina.core.ApplicationFilterChain.doFilter(ApplicationFilterChain.java:149)
	at org.springframework.security.web.FilterChainProxy.lambda$doFilterInternal$3(FilterChainProxy.java:231)
	at org.springframework.security.web.ObservationFilterChainDecorator$FilterObservation$SimpleFilterObservation.lambda$wrap$1(ObservationFilterChainDecorator.java:479)
	at org.springframework.security.web.ObservationFilterChainDecorator$AroundFilterObservation$SimpleAroundFilterObservation.lambda$wrap$1(ObservationFilterChainDecorator.java:340)
	at org.springframework.security.web.ObservationFilterChainDecorator.lambda$wrapSecured$0(ObservationFilterChainDecorator.java:82)
	at org.springframework.security.web.ObservationFilterChainDecorator$VirtualFilterChain.doFilter(ObservationFilterChainDecorator.java:128)
	at org.springframework.security.web.access.intercept.AuthorizationFilter.doFilter(AuthorizationFilter.java:100)
	at org.springframework.security.web.ObservationFilterChainDecorator$ObservationFilter.wrapFilter(ObservationFilterChainDecorator.java:240)
	at org.springframework.security.web.ObservationFilterChainDecorator$ObservationFilter.doFilter(ObservationFilterChainDecorator.java:227)
	at org.springframework.security.web.ObservationFilterChainDecorator$VirtualFilterChain.doFilter(ObservationFilterChainDecorator.java:137)
	at org.springframework.security.web.access.ExceptionTranslationFilter.doFilter(ExceptionTranslationFilter.java:126)
	at org.springframework.security.web.access.ExceptionTranslationFilter.doFilter(ExceptionTranslationFilter.java:120)
	at org.springframework.security.web.ObservationFilterChainDecorator$ObservationFilter.wrapFilter(ObservationFilterChainDecorator.java:240)
	at org.springframework.security.web.ObservationFilterChainDecorator$ObservationFilter.doFilter(ObservationFilterChainDecorator.java:227)
	at org.springframework.security.web.ObservationFilterChainDecorator$VirtualFilterChain.doFilter(ObservationFilterChainDecorator.java:137)
	at org.springframework.security.web.session.SessionManagementFilter.doFilter(SessionManagementFilter.java:131)
	at org.springframework.security.web.session.SessionManagementFilter.doFilter(SessionManagementFilter.java:85)
	at org.springframework.security.web.ObservationFilterChainDecorator$ObservationFilter.wrapFilter(ObservationFilterChainDecorator.java:240)
	at org.springframework.security.web.ObservationFilterChainDecorator$ObservationFilter.doFilter(ObservationFilterChainDecorator.java:227)
	at org.springframework.security.web.ObservationFilterChainDecorator$VirtualFilterChain.doFilter(ObservationFilterChainDecorator.java:137)
	at org.springframework.security.web.authentication.AnonymousAuthenticationFilter.doFilter(AnonymousAuthenticationFilter.java:100)
	at org.springframework.security.web.ObservationFilterChainDecorator$ObservationFilter.wrapFilter(ObservationFilterChainDecorator.java:240)
	at org.springframework.security.web.ObservationFilterChainDecorator$ObservationFilter.doFilter(ObservationFilterChainDecorator.java:227)
	at org.springframework.security.web.ObservationFilterChainDecorator$VirtualFilterChain.doFilter(ObservationFilterChainDecorator.java:137)
	at org.springframework.security.web.servletapi.SecurityContextHolderAwareRequestFilter.doFilter(SecurityContextHolderAwareRequestFilter.java:179)
	at org.springframework.security.web.ObservationFilterChainDecorator$ObservationFilter.wrapFilter(ObservationFilterChainDecorator.java:240)
	at org.springframework.security.web.ObservationFilterChainDecorator$ObservationFilter.doFilter(ObservationFilterChainDecorator.java:227)
	at org.springframework.security.web.ObservationFilterChainDecorator$VirtualFilterChain.doFilter(ObservationFilterChainDecorator.java:137)
	at org.springframework.security.web.savedrequest.RequestCacheAwareFilter.doFilter(RequestCacheAwareFilter.java:63)
	at org.springframework.security.web.ObservationFilterChainDecorator$ObservationFilter.wrapFilter(ObservationFilterChainDecorator.java:240)
	at org.springframework.security.web.ObservationFilterChainDecorator$ObservationFilter.doFilter(ObservationFilterChainDecorator.java:227)
	at org.springframework.security.web.ObservationFilterChainDecorator$VirtualFilterChain.doFilter(ObservationFilterChainDecorator.java:137)
	at com.claimswift.reportingservice.security.JwtAuthenticationFilter.doFilterInternal(JwtAuthenticationFilter.java:59)
	at org.springframework.web.filter.OncePerRequestFilter.doFilter(OncePerRequestFilter.java:116)
	at org.springframework.security.web.ObservationFilterChainDecorator$ObservationFilter.wrapFilter(ObservationFilterChainDecorator.java:240)
	at org.springframework.security.web.ObservationFilterChainDecorator$ObservationFilter.doFilter(ObservationFilterChainDecorator.java:227)
	at org.springframework.security.web.ObservationFilterChainDecorator$VirtualFilterChain.doFilter(ObservationFilterChainDecorator.java:137)
	at org.springframework.security.web.authentication.logout.LogoutFilter.doFilter(LogoutFilter.java:107)
	at org.springframework.security.web.authentication.logout.LogoutFilter.doFilter(LogoutFilter.java:93)
	at org.springframework.security.web.ObservationFilterChainDecorator$ObservationFilter.wrapFilter(ObservationFilterChainDecorator.java:240)
	at org.springframework.security.web.ObservationFilterChainDecorator$ObservationFilter.doFilter(ObservationFilterChainDecorator.java:227)
	at org.springframework.security.web.ObservationFilterChainDecorator$VirtualFilterChain.doFilter(ObservationFilterChainDecorator.java:137)
	at org.springframework.web.filter.CorsFilter.doFilterInternal(CorsFilter.java:91)
	at org.springframework.web.filter.OncePerRequestFilter.doFilter(OncePerRequestFilter.java:116)
	at org.springframework.security.web.ObservationFilterChainDecorator$ObservationFilter.wrapFilter(ObservationFilterChainDecorator.java:240)
	at org.springframework.security.web.ObservationFilterChainDecorator$ObservationFilter.doFilter(ObservationFilterChainDecorator.java:227)
	at org.springframework.security.web.ObservationFilterChainDecorator$VirtualFilterChain.doFilter(ObservationFilterChainDecorator.java:137)
	at org.springframework.security.web.header.HeaderWriterFilter.doHeadersAfter(HeaderWriterFilter.java:90)
	at org.springframework.security.web.header.HeaderWriterFilter.doFilterInternal(HeaderWriterFilter.java:75)
	at org.springframework.web.filter.OncePerRequestFilter.doFilter(OncePerRequestFilter.java:116)
	at org.springframework.security.web.ObservationFilterChainDecorator$ObservationFilter.wrapFilter(ObservationFilterChainDecorator.java:240)
	at org.springframework.security.web.ObservationFilterChainDecorator$ObservationFilter.doFilter(ObservationFilterChainDecorator.java:227)
	at org.springframework.security.web.ObservationFilterChainDecorator$VirtualFilterChain.doFilter(ObservationFilterChainDecorator.java:137)
	at org.springframework.security.web.context.SecurityContextHolderFilter.doFilter(SecurityContextHolderFilter.java:82)
	at org.springframework.security.web.context.SecurityContextHolderFilter.doFilter(SecurityContextHolderFilter.java:69)
	at org.springframework.security.web.ObservationFilterChainDecorator$ObservationFilter.wrapFilter(ObservationFilterChainDecorator.java:240)
	at org.springframework.security.web.ObservationFilterChainDecorator$ObservationFilter.doFilter(ObservationFilterChainDecorator.java:227)
	at org.springframework.security.web.ObservationFilterChainDecorator$VirtualFilterChain.doFilter(ObservationFilterChainDecorator.java:137)
	at org.springframework.security.web.context.request.async.WebAsyncManagerIntegrationFilter.doFilterInternal(WebAsyncManagerIntegrationFilter.java:62)
	at org.springframework.web.filter.OncePerRequestFilter.doFilter(OncePerRequestFilter.java:116)
	at org.springframework.security.web.ObservationFilterChainDecorator$ObservationFilter.wrapFilter(ObservationFilterChainDecorator.java:240)
	at org.springframework.security.web.ObservationFilterChainDecorator$ObservationFilter.doFilter(ObservationFilterChainDecorator.java:227)
	at org.springframework.security.web.ObservationFilterChainDecorator$VirtualFilterChain.doFilter(ObservationFilterChainDecorator.java:137)
	at org.springframework.security.web.session.DisableEncodeUrlFilter.doFilterInternal(DisableEncodeUrlFilter.java:42)
	at org.springframework.web.filter.OncePerRequestFilter.doFilter(OncePerRequestFilter.java:116)
	at org.springframework.security.web.ObservationFilterChainDecorator$ObservationFilter.wrapFilter(ObservationFilterChainDecorator.java:240)
	at org.springframework.security.web.ObservationFilterChainDecorator$AroundFilterObservation$SimpleAroundFilterObservation.lambda$wrap$0(ObservationFilterChainDecorator.java:323)
	at org.springframework.security.web.ObservationFilterChainDecorator$ObservationFilter.doFilter(ObservationFilterChainDecorator.java:224)
	at org.springframework.security.web.ObservationFilterChainDecorator$VirtualFilterChain.doFilter(ObservationFilterChainDecorator.java:137)
	at org.springframework.security.web.FilterChainProxy.doFilterInternal(FilterChainProxy.java:233)
	at org.springframework.security.web.FilterChainProxy.doFilter(FilterChainProxy.java:191)
	at org.springframework.web.filter.DelegatingFilterProxy.invokeDelegate(DelegatingFilterProxy.java:352)
	at org.springframework.web.filter.DelegatingFilterProxy.doFilter(DelegatingFilterProxy.java:268)
	at org.apache.catalina.core.ApplicationFilterChain.internalDoFilter(ApplicationFilterChain.java:174)
	at org.apache.catalina.core.ApplicationFilterChain.doFilter(ApplicationFilterChain.java:149)
	at org.springframework.web.filter.RequestContextFilter.doFilterInternal(RequestContextFilter.java:100)
	at org.springframework.web.filter.OncePerRequestFilter.doFilter(OncePerRequestFilter.java:116)
	at org.apache.catalina.core.ApplicationFilterChain.internalDoFilter(ApplicationFilterChain.java:174)
	at org.apache.catalina.core.ApplicationFilterChain.doFilter(ApplicationFilterChain.java:149)
	at org.springframework.web.filter.FormContentFilter.doFilterInternal(FormContentFilter.java:93)
	at org.springframework.web.filter.OncePerRequestFilter.doFilter(OncePerRequestFilter.java:116)
	at org.apache.catalina.core.ApplicationFilterChain.internalDoFilter(ApplicationFilterChain.java:174)
	at org.apache.catalina.core.ApplicationFilterChain.doFilter(ApplicationFilterChain.java:149)
	at org.springframework.web.filter.ServerHttpObservationFilter.doFilterInternal(ServerHttpObservationFilter.java:109)
	at org.springframework.web.filter.OncePerRequestFilter.doFilter(OncePerRequestFilter.java:116)
	at org.apache.catalina.core.ApplicationFilterChain.internalDoFilter(ApplicationFilterChain.java:174)
	at org.apache.catalina.core.ApplicationFilterChain.doFilter(ApplicationFilterChain.java:149)
	at org.springframework.web.filter.CharacterEncodingFilter.doFilterInternal(CharacterEncodingFilter.java:201)
	at org.springframework.web.filter.OncePerRequestFilter.doFilter(OncePerRequestFilter.java:116)
	at org.apache.catalina.core.ApplicationFilterChain.internalDoFilter(ApplicationFilterChain.java:174)
	at org.apache.catalina.core.ApplicationFilterChain.doFilter(ApplicationFilterChain.java:149)
	at org.apache.catalina.core.StandardWrapperValve.invoke(StandardWrapperValve.java:167)
	at org.apache.catalina.core.StandardContextValve.invoke(StandardContextValve.java:90)
	at org.apache.catalina.authenticator.AuthenticatorBase.invoke(AuthenticatorBase.java:482)
	at org.apache.catalina.core.StandardHostValve.invoke(StandardHostValve.java:115)
	at org.apache.catalina.valves.ErrorReportValve.invoke(ErrorReportValve.java:93)
	at org.apache.catalina.core.StandardEngineValve.invoke(StandardEngineValve.java:74)
	at org.apache.catalina.connector.CoyoteAdapter.service(CoyoteAdapter.java:340)
	at org.apache.coyote.http11.Http11Processor.service(Http11Processor.java:391)
	at org.apache.coyote.AbstractProcessorLight.process(AbstractProcessorLight.java:63)
	at org.apache.coyote.AbstractProtocol$ConnectionHandler.process(AbstractProtocol.java:896)
	at org.apache.tomcat.util.net.NioEndpoint$SocketProcessor.doRun(NioEndpoint.java:1744)
	at org.apache.tomcat.util.net.SocketProcessorBase.run(SocketProcessorBase.java:52)
	at org.apache.tomcat.util.threads.ThreadPoolExecutor.runWorker(ThreadPoolExecutor.java:1191)
	at org.apache.tomcat.util.threads.ThreadPoolExecutor$Worker.run(ThreadPoolExecutor.java:659)
	at org.apache.tomcat.util.threads.TaskThread$WrappingRunnable.run(TaskThread.java:61)
	at java.base/java.lang.Thread.run(Thread.java:1583)
2026-03-04 12:50:13.598 [http-nio-8087-exec-8] [] DEBUG o.s.security.web.FilterChainProxy - Securing GET /error?startDate=2026-01-01&endDate=2026-12-31
2026-03-04 12:50:13.602 [http-nio-8087-exec-8] [] DEBUG o.s.s.w.a.AnonymousAuthenticationFilter - Set SecurityContextHolder to anonymous SecurityContext
2026-03-04 12:50:13.603 [http-nio-8087-exec-8] [] DEBUG o.s.s.w.a.Http403ForbiddenEntryPoint - Pre-authenticated entry point called. Rejecting access
2026-03-04 12:50:13.611 [http-nio-8087-exec-9] [] DEBUG o.s.security.web.FilterChainProxy - Securing GET /api/reports/payments?startDate=2026-01-01&endDate=2026-12-31
2026-03-04 12:50:13.618 [http-nio-8087-exec-9] [] DEBUG c.c.r.s.JwtAuthenticationFilter - Authenticated user: manager.smoke for URI: /api/reports/payments
2026-03-04 12:50:13.622 [http-nio-8087-exec-9] [] DEBUG o.s.security.web.FilterChainProxy - Secured GET /api/reports/payments?startDate=2026-01-01&endDate=2026-12-31
2026-03-04 12:50:13.628 [http-nio-8087-exec-9] [] ERROR o.a.c.c.C.[.[.[.[dispatcherServlet] - Servlet.service() for servlet [dispatcherServlet] in context with path [] threw exception [Request processing failed: java.lang.IllegalArgumentException: Name for argument of type [java.time.LocalDate] not specified, and parameter name information not found in class file either.] with root cause
java.lang.IllegalArgumentException: Name for argument of type [java.time.LocalDate] not specified, and parameter name information not found in class file either.
	at org.springframework.web.method.annotation.AbstractNamedValueMethodArgumentResolver.updateNamedValueInfo(AbstractNamedValueMethodArgumentResolver.java:183)
	at org.springframework.web.method.annotation.AbstractNamedValueMethodArgumentResolver.getNamedValueInfo(AbstractNamedValueMethodArgumentResolver.java:160)
	at org.springframework.web.method.annotation.AbstractNamedValueMethodArgumentResolver.resolveArgument(AbstractNamedValueMethodArgumentResolver.java:106)
	at org.springframework.web.method.support.HandlerMethodArgumentResolverComposite.resolveArgument(HandlerMethodArgumentResolverComposite.java:122)
	at org.springframework.web.method.support.InvocableHandlerMethod.getMethodArgumentValues(InvocableHandlerMethod.java:218)
	at org.springframework.web.method.support.InvocableHandlerMethod.invokeForRequest(InvocableHandlerMethod.java:171)
	at org.springframework.web.servlet.mvc.method.annotation.ServletInvocableHandlerMethod.invokeAndHandle(ServletInvocableHandlerMethod.java:118)
	at org.springframework.web.servlet.mvc.method.annotation.RequestMappingHandlerAdapter.invokeHandlerMethod(RequestMappingHandlerAdapter.java:917)
	at org.springframework.web.servlet.mvc.method.annotation.RequestMappingHandlerAdapter.handleInternal(RequestMappingHandlerAdapter.java:829)
	at org.springframework.web.servlet.mvc.method.AbstractHandlerMethodAdapter.handle(AbstractHandlerMethodAdapter.java:87)
	at org.springframework.web.servlet.DispatcherServlet.doDispatch(DispatcherServlet.java:1089)
	at org.springframework.web.servlet.DispatcherServlet.doService(DispatcherServlet.java:979)
	at org.springframework.web.servlet.FrameworkServlet.processRequest(FrameworkServlet.java:1014)
	at org.springframework.web.servlet.FrameworkServlet.doGet(FrameworkServlet.java:903)
	at jakarta.servlet.http.HttpServlet.service(HttpServlet.java:564)
	at org.springframework.web.servlet.FrameworkServlet.service(FrameworkServlet.java:885)
	at jakarta.servlet.http.HttpServlet.service(HttpServlet.java:658)
	at org.apache.catalina.core.ApplicationFilterChain.internalDoFilter(ApplicationFilterChain.java:205)
	at org.apache.catalina.core.ApplicationFilterChain.doFilter(ApplicationFilterChain.java:149)
	at org.apache.tomcat.websocket.server.WsFilter.doFilter(WsFilter.java:51)
	at org.apache.catalina.core.ApplicationFilterChain.internalDoFilter(ApplicationFilterChain.java:174)
	at org.apache.catalina.core.ApplicationFilterChain.doFilter(ApplicationFilterChain.java:149)
	at org.springframework.web.filter.OncePerRequestFilter.doFilter(OncePerRequestFilter.java:110)
	at org.apache.catalina.core.ApplicationFilterChain.internalDoFilter(ApplicationFilterChain.java:174)
	at org.apache.catalina.core.ApplicationFilterChain.doFilter(ApplicationFilterChain.java:149)
	at org.springframework.security.web.FilterChainProxy.lambda$doFilterInternal$3(FilterChainProxy.java:231)
	at org.springframework.security.web.ObservationFilterChainDecorator$FilterObservation$SimpleFilterObservation.lambda$wrap$1(ObservationFilterChainDecorator.java:479)
	at org.springframework.security.web.ObservationFilterChainDecorator$AroundFilterObservation$SimpleAroundFilterObservation.lambda$wrap$1(ObservationFilterChainDecorator.java:340)
	at org.springframework.security.web.ObservationFilterChainDecorator.lambda$wrapSecured$0(ObservationFilterChainDecorator.java:82)
	at org.springframework.security.web.ObservationFilterChainDecorator$VirtualFilterChain.doFilter(ObservationFilterChainDecorator.java:128)
	at org.springframework.security.web.access.intercept.AuthorizationFilter.doFilter(AuthorizationFilter.java:100)
	at org.springframework.security.web.ObservationFilterChainDecorator$ObservationFilter.wrapFilter(ObservationFilterChainDecorator.java:240)
	at org.springframework.security.web.ObservationFilterChainDecorator$ObservationFilter.doFilter(ObservationFilterChainDecorator.java:227)
	at org.springframework.security.web.ObservationFilterChainDecorator$VirtualFilterChain.doFilter(ObservationFilterChainDecorator.java:137)
	at org.springframework.security.web.access.ExceptionTranslationFilter.doFilter(ExceptionTranslationFilter.java:126)
	at org.springframework.security.web.access.ExceptionTranslationFilter.doFilter(ExceptionTranslationFilter.java:120)
	at org.springframework.security.web.ObservationFilterChainDecorator$ObservationFilter.wrapFilter(ObservationFilterChainDecorator.java:240)
	at org.springframework.security.web.ObservationFilterChainDecorator$ObservationFilter.doFilter(ObservationFilterChainDecorator.java:227)
	at org.springframework.security.web.ObservationFilterChainDecorator$VirtualFilterChain.doFilter(ObservationFilterChainDecorator.java:137)
	at org.springframework.security.web.session.SessionManagementFilter.doFilter(SessionManagementFilter.java:131)
	at org.springframework.security.web.session.SessionManagementFilter.doFilter(SessionManagementFilter.java:85)
	at org.springframework.security.web.ObservationFilterChainDecorator$ObservationFilter.wrapFilter(ObservationFilterChainDecorator.java:240)
	at org.springframework.security.web.ObservationFilterChainDecorator$ObservationFilter.doFilter(ObservationFilterChainDecorator.java:227)
	at org.springframework.security.web.ObservationFilterChainDecorator$VirtualFilterChain.doFilter(ObservationFilterChainDecorator.java:137)
	at org.springframework.security.web.authentication.AnonymousAuthenticationFilter.doFilter(AnonymousAuthenticationFilter.java:100)
	at org.springframework.security.web.ObservationFilterChainDecorator$ObservationFilter.wrapFilter(ObservationFilterChainDecorator.java:240)
	at org.springframework.security.web.ObservationFilterChainDecorator$ObservationFilter.doFilter(ObservationFilterChainDecorator.java:227)
	at org.springframework.security.web.ObservationFilterChainDecorator$VirtualFilterChain.doFilter(ObservationFilterChainDecorator.java:137)
	at org.springframework.security.web.servletapi.SecurityContextHolderAwareRequestFilter.doFilter(SecurityContextHolderAwareRequestFilter.java:179)
	at org.springframework.security.web.ObservationFilterChainDecorator$ObservationFilter.wrapFilter(ObservationFilterChainDecorator.java:240)
	at org.springframework.security.web.ObservationFilterChainDecorator$ObservationFilter.doFilter(ObservationFilterChainDecorator.java:227)
	at org.springframework.security.web.ObservationFilterChainDecorator$VirtualFilterChain.doFilter(ObservationFilterChainDecorator.java:137)
	at org.springframework.security.web.savedrequest.RequestCacheAwareFilter.doFilter(RequestCacheAwareFilter.java:63)
	at org.springframework.security.web.ObservationFilterChainDecorator$ObservationFilter.wrapFilter(ObservationFilterChainDecorator.java:240)
	at org.springframework.security.web.ObservationFilterChainDecorator$ObservationFilter.doFilter(ObservationFilterChainDecorator.java:227)
	at org.springframework.security.web.ObservationFilterChainDecorator$VirtualFilterChain.doFilter(ObservationFilterChainDecorator.java:137)
	at com.claimswift.reportingservice.security.JwtAuthenticationFilter.doFilterInternal(JwtAuthenticationFilter.java:59)
	at org.springframework.web.filter.OncePerRequestFilter.doFilter(OncePerRequestFilter.java:116)
	at org.springframework.security.web.ObservationFilterChainDecorator$ObservationFilter.wrapFilter(ObservationFilterChainDecorator.java:240)
	at org.springframework.security.web.ObservationFilterChainDecorator$ObservationFilter.doFilter(ObservationFilterChainDecorator.java:227)
	at org.springframework.security.web.ObservationFilterChainDecorator$VirtualFilterChain.doFilter(ObservationFilterChainDecorator.java:137)
	at org.springframework.security.web.authentication.logout.LogoutFilter.doFilter(LogoutFilter.java:107)
	at org.springframework.security.web.authentication.logout.LogoutFilter.doFilter(LogoutFilter.java:93)
	at org.springframework.security.web.ObservationFilterChainDecorator$ObservationFilter.wrapFilter(ObservationFilterChainDecorator.java:240)
	at org.springframework.security.web.ObservationFilterChainDecorator$ObservationFilter.doFilter(ObservationFilterChainDecorator.java:227)
	at org.springframework.security.web.ObservationFilterChainDecorator$VirtualFilterChain.doFilter(ObservationFilterChainDecorator.java:137)
	at org.springframework.web.filter.CorsFilter.doFilterInternal(CorsFilter.java:91)
	at org.springframework.web.filter.OncePerRequestFilter.doFilter(OncePerRequestFilter.java:116)
	at org.springframework.security.web.ObservationFilterChainDecorator$ObservationFilter.wrapFilter(ObservationFilterChainDecorator.java:240)
	at org.springframework.security.web.ObservationFilterChainDecorator$ObservationFilter.doFilter(ObservationFilterChainDecorator.java:227)
	at org.springframework.security.web.ObservationFilterChainDecorator$VirtualFilterChain.doFilter(ObservationFilterChainDecorator.java:137)
	at org.springframework.security.web.header.HeaderWriterFilter.doHeadersAfter(HeaderWriterFilter.java:90)
	at org.springframework.security.web.header.HeaderWriterFilter.doFilterInternal(HeaderWriterFilter.java:75)
	at org.springframework.web.filter.OncePerRequestFilter.doFilter(OncePerRequestFilter.java:116)
	at org.springframework.security.web.ObservationFilterChainDecorator$ObservationFilter.wrapFilter(ObservationFilterChainDecorator.java:240)
	at org.springframework.security.web.ObservationFilterChainDecorator$ObservationFilter.doFilter(ObservationFilterChainDecorator.java:227)
	at org.springframework.security.web.ObservationFilterChainDecorator$VirtualFilterChain.doFilter(ObservationFilterChainDecorator.java:137)
	at org.springframework.security.web.context.SecurityContextHolderFilter.doFilter(SecurityContextHolderFilter.java:82)
	at org.springframework.security.web.context.SecurityContextHolderFilter.doFilter(SecurityContextHolderFilter.java:69)
	at org.springframework.security.web.ObservationFilterChainDecorator$ObservationFilter.wrapFilter(ObservationFilterChainDecorator.java:240)
	at org.springframework.security.web.ObservationFilterChainDecorator$ObservationFilter.doFilter(ObservationFilterChainDecorator.java:227)
	at org.springframework.security.web.ObservationFilterChainDecorator$VirtualFilterChain.doFilter(ObservationFilterChainDecorator.java:137)
	at org.springframework.security.web.context.request.async.WebAsyncManagerIntegrationFilter.doFilterInternal(WebAsyncManagerIntegrationFilter.java:62)
	at org.springframework.web.filter.OncePerRequestFilter.doFilter(OncePerRequestFilter.java:116)
	at org.springframework.security.web.ObservationFilterChainDecorator$ObservationFilter.wrapFilter(ObservationFilterChainDecorator.java:240)
	at org.springframework.security.web.ObservationFilterChainDecorator$ObservationFilter.doFilter(ObservationFilterChainDecorator.java:227)
	at org.springframework.security.web.ObservationFilterChainDecorator$VirtualFilterChain.doFilter(ObservationFilterChainDecorator.java:137)
	at org.springframework.security.web.session.DisableEncodeUrlFilter.doFilterInternal(DisableEncodeUrlFilter.java:42)
	at org.springframework.web.filter.OncePerRequestFilter.doFilter(OncePerRequestFilter.java:116)
	at org.springframework.security.web.ObservationFilterChainDecorator$ObservationFilter.wrapFilter(ObservationFilterChainDecorator.java:240)
	at org.springframework.security.web.ObservationFilterChainDecorator$AroundFilterObservation$SimpleAroundFilterObservation.lambda$wrap$0(ObservationFilterChainDecorator.java:323)
	at org.springframework.security.web.ObservationFilterChainDecorator$ObservationFilter.doFilter(ObservationFilterChainDecorator.java:224)
	at org.springframework.security.web.ObservationFilterChainDecorator$VirtualFilterChain.doFilter(ObservationFilterChainDecorator.java:137)
	at org.springframework.security.web.FilterChainProxy.doFilterInternal(FilterChainProxy.java:233)
	at org.springframework.security.web.FilterChainProxy.doFilter(FilterChainProxy.java:191)
	at org.springframework.web.filter.DelegatingFilterProxy.invokeDelegate(DelegatingFilterProxy.java:352)
	at org.springframework.web.filter.DelegatingFilterProxy.doFilter(DelegatingFilterProxy.java:268)
	at org.apache.catalina.core.ApplicationFilterChain.internalDoFilter(ApplicationFilterChain.java:174)
	at org.apache.catalina.core.ApplicationFilterChain.doFilter(ApplicationFilterChain.java:149)
	at org.springframework.web.filter.RequestContextFilter.doFilterInternal(RequestContextFilter.java:100)
	at org.springframework.web.filter.OncePerRequestFilter.doFilter(OncePerRequestFilter.java:116)
	at org.apache.catalina.core.ApplicationFilterChain.internalDoFilter(ApplicationFilterChain.java:174)
	at org.apache.catalina.core.ApplicationFilterChain.doFilter(ApplicationFilterChain.java:149)
	at org.springframework.web.filter.FormContentFilter.doFilterInternal(FormContentFilter.java:93)
	at org.springframework.web.filter.OncePerRequestFilter.doFilter(OncePerRequestFilter.java:116)
	at org.apache.catalina.core.ApplicationFilterChain.internalDoFilter(ApplicationFilterChain.java:174)
	at org.apache.catalina.core.ApplicationFilterChain.doFilter(ApplicationFilterChain.java:149)
	at org.springframework.web.filter.ServerHttpObservationFilter.doFilterInternal(ServerHttpObservationFilter.java:109)
	at org.springframework.web.filter.OncePerRequestFilter.doFilter(OncePerRequestFilter.java:116)
	at org.apache.catalina.core.ApplicationFilterChain.internalDoFilter(ApplicationFilterChain.java:174)
	at org.apache.catalina.core.ApplicationFilterChain.doFilter(ApplicationFilterChain.java:149)
	at org.springframework.web.filter.CharacterEncodingFilter.doFilterInternal(CharacterEncodingFilter.java:201)
	at org.springframework.web.filter.OncePerRequestFilter.doFilter(OncePerRequestFilter.java:116)
	at org.apache.catalina.core.ApplicationFilterChain.internalDoFilter(ApplicationFilterChain.java:174)
	at org.apache.catalina.core.ApplicationFilterChain.doFilter(ApplicationFilterChain.java:149)
	at org.apache.catalina.core.StandardWrapperValve.invoke(StandardWrapperValve.java:167)
	at org.apache.catalina.core.StandardContextValve.invoke(StandardContextValve.java:90)
	at org.apache.catalina.authenticator.AuthenticatorBase.invoke(AuthenticatorBase.java:482)
	at org.apache.catalina.core.StandardHostValve.invoke(StandardHostValve.java:115)
	at org.apache.catalina.valves.ErrorReportValve.invoke(ErrorReportValve.java:93)
	at org.apache.catalina.core.StandardEngineValve.invoke(StandardEngineValve.java:74)
	at org.apache.catalina.connector.CoyoteAdapter.service(CoyoteAdapter.java:340)
	at org.apache.coyote.http11.Http11Processor.service(Http11Processor.java:391)
	at org.apache.coyote.AbstractProcessorLight.process(AbstractProcessorLight.java:63)
	at org.apache.coyote.AbstractProtocol$ConnectionHandler.process(AbstractProtocol.java:896)
	at org.apache.tomcat.util.net.NioEndpoint$SocketProcessor.doRun(NioEndpoint.java:1744)
	at org.apache.tomcat.util.net.SocketProcessorBase.run(SocketProcessorBase.java:52)
	at org.apache.tomcat.util.threads.ThreadPoolExecutor.runWorker(ThreadPoolExecutor.java:1191)
	at org.apache.tomcat.util.threads.ThreadPoolExecutor$Worker.run(ThreadPoolExecutor.java:659)
	at org.apache.tomcat.util.threads.TaskThread$WrappingRunnable.run(TaskThread.java:61)
	at java.base/java.lang.Thread.run(Thread.java:1583)
2026-03-04 12:50:13.633 [http-nio-8087-exec-9] [] DEBUG o.s.security.web.FilterChainProxy - Securing GET /error?startDate=2026-01-01&endDate=2026-12-31
2026-03-04 12:50:13.637 [http-nio-8087-exec-9] [] DEBUG o.s.s.w.a.AnonymousAuthenticationFilter - Set SecurityContextHolder to anonymous SecurityContext
2026-03-04 12:50:13.639 [http-nio-8087-exec-9] [] DEBUG o.s.s.w.a.Http403ForbiddenEntryPoint - Pre-authenticated entry point called. Rejecting access
2026-03-04 12:50:13.648 [http-nio-8087-exec-10] [] DEBUG o.s.security.web.FilterChainProxy - Securing GET /api/reports/payments/pdf?startDate=2026-01-01&endDate=2026-12-31
2026-03-04 12:50:13.654 [http-nio-8087-exec-10] [] DEBUG c.c.r.s.JwtAuthenticationFilter - Authenticated user: manager.smoke for URI: /api/reports/payments/pdf
2026-03-04 12:50:13.658 [http-nio-8087-exec-10] [] DEBUG o.s.security.web.FilterChainProxy - Secured GET /api/reports/payments/pdf?startDate=2026-01-01&endDate=2026-12-31
2026-03-04 12:50:13.663 [http-nio-8087-exec-10] [] ERROR o.a.c.c.C.[.[.[.[dispatcherServlet] - Servlet.service() for servlet [dispatcherServlet] in context with path [] threw exception [Request processing failed: java.lang.IllegalArgumentException: Name for argument of type [java.time.LocalDate] not specified, and parameter name information not found in class file either.] with root cause
java.lang.IllegalArgumentException: Name for argument of type [java.time.LocalDate] not specified, and parameter name information not found in class file either.
	at org.springframework.web.method.annotation.AbstractNamedValueMethodArgumentResolver.updateNamedValueInfo(AbstractNamedValueMethodArgumentResolver.java:183)
	at org.springframework.web.method.annotation.AbstractNamedValueMethodArgumentResolver.getNamedValueInfo(AbstractNamedValueMethodArgumentResolver.java:160)
	at org.springframework.web.method.annotation.AbstractNamedValueMethodArgumentResolver.resolveArgument(AbstractNamedValueMethodArgumentResolver.java:106)
	at org.springframework.web.method.support.HandlerMethodArgumentResolverComposite.resolveArgument(HandlerMethodArgumentResolverComposite.java:122)
	at org.springframework.web.method.support.InvocableHandlerMethod.getMethodArgumentValues(InvocableHandlerMethod.java:218)
	at org.springframework.web.method.support.InvocableHandlerMethod.invokeForRequest(InvocableHandlerMethod.java:171)
	at org.springframework.web.servlet.mvc.method.annotation.ServletInvocableHandlerMethod.invokeAndHandle(ServletInvocableHandlerMethod.java:118)
	at org.springframework.web.servlet.mvc.method.annotation.RequestMappingHandlerAdapter.invokeHandlerMethod(RequestMappingHandlerAdapter.java:917)
	at org.springframework.web.servlet.mvc.method.annotation.RequestMappingHandlerAdapter.handleInternal(RequestMappingHandlerAdapter.java:829)
	at org.springframework.web.servlet.mvc.method.AbstractHandlerMethodAdapter.handle(AbstractHandlerMethodAdapter.java:87)
	at org.springframework.web.servlet.DispatcherServlet.doDispatch(DispatcherServlet.java:1089)
	at org.springframework.web.servlet.DispatcherServlet.doService(DispatcherServlet.java:979)
	at org.springframework.web.servlet.FrameworkServlet.processRequest(FrameworkServlet.java:1014)
	at org.springframework.web.servlet.FrameworkServlet.doGet(FrameworkServlet.java:903)
	at jakarta.servlet.http.HttpServlet.service(HttpServlet.java:564)
	at org.springframework.web.servlet.FrameworkServlet.service(FrameworkServlet.java:885)
	at jakarta.servlet.http.HttpServlet.service(HttpServlet.java:658)
	at org.apache.catalina.core.ApplicationFilterChain.internalDoFilter(ApplicationFilterChain.java:205)
	at org.apache.catalina.core.ApplicationFilterChain.doFilter(ApplicationFilterChain.java:149)
	at org.apache.tomcat.websocket.server.WsFilter.doFilter(WsFilter.java:51)
	at org.apache.catalina.core.ApplicationFilterChain.internalDoFilter(ApplicationFilterChain.java:174)
	at org.apache.catalina.core.ApplicationFilterChain.doFilter(ApplicationFilterChain.java:149)
	at org.springframework.web.filter.OncePerRequestFilter.doFilter(OncePerRequestFilter.java:110)
	at org.apache.catalina.core.ApplicationFilterChain.internalDoFilter(ApplicationFilterChain.java:174)
	at org.apache.catalina.core.ApplicationFilterChain.doFilter(ApplicationFilterChain.java:149)
	at org.springframework.security.web.FilterChainProxy.lambda$doFilterInternal$3(FilterChainProxy.java:231)
	at org.springframework.security.web.ObservationFilterChainDecorator$FilterObservation$SimpleFilterObservation.lambda$wrap$1(ObservationFilterChainDecorator.java:479)
	at org.springframework.security.web.ObservationFilterChainDecorator$AroundFilterObservation$SimpleAroundFilterObservation.lambda$wrap$1(ObservationFilterChainDecorator.java:340)
	at org.springframework.security.web.ObservationFilterChainDecorator.lambda$wrapSecured$0(ObservationFilterChainDecorator.java:82)
	at org.springframework.security.web.ObservationFilterChainDecorator$VirtualFilterChain.doFilter(ObservationFilterChainDecorator.java:128)
	at org.springframework.security.web.access.intercept.AuthorizationFilter.doFilter(AuthorizationFilter.java:100)
	at org.springframework.security.web.ObservationFilterChainDecorator$ObservationFilter.wrapFilter(ObservationFilterChainDecorator.java:240)
	at org.springframework.security.web.ObservationFilterChainDecorator$ObservationFilter.doFilter(ObservationFilterChainDecorator.java:227)
	at org.springframework.security.web.ObservationFilterChainDecorator$VirtualFilterChain.doFilter(ObservationFilterChainDecorator.java:137)
	at org.springframework.security.web.access.ExceptionTranslationFilter.doFilter(ExceptionTranslationFilter.java:126)
	at org.springframework.security.web.access.ExceptionTranslationFilter.doFilter(ExceptionTranslationFilter.java:120)
	at org.springframework.security.web.ObservationFilterChainDecorator$ObservationFilter.wrapFilter(ObservationFilterChainDecorator.java:240)
	at org.springframework.security.web.ObservationFilterChainDecorator$ObservationFilter.doFilter(ObservationFilterChainDecorator.java:227)
	at org.springframework.security.web.ObservationFilterChainDecorator$VirtualFilterChain.doFilter(ObservationFilterChainDecorator.java:137)
	at org.springframework.security.web.session.SessionManagementFilter.doFilter(SessionManagementFilter.java:131)
	at org.springframework.security.web.session.SessionManagementFilter.doFilter(SessionManagementFilter.java:85)
	at org.springframework.security.web.ObservationFilterChainDecorator$ObservationFilter.wrapFilter(ObservationFilterChainDecorator.java:240)
	at org.springframework.security.web.ObservationFilterChainDecorator$ObservationFilter.doFilter(ObservationFilterChainDecorator.java:227)
	at org.springframework.security.web.ObservationFilterChainDecorator$VirtualFilterChain.doFilter(ObservationFilterChainDecorator.java:137)
	at org.springframework.security.web.authentication.AnonymousAuthenticationFilter.doFilter(AnonymousAuthenticationFilter.java:100)
	at org.springframework.security.web.ObservationFilterChainDecorator$ObservationFilter.wrapFilter(ObservationFilterChainDecorator.java:240)
	at org.springframework.security.web.ObservationFilterChainDecorator$ObservationFilter.doFilter(ObservationFilterChainDecorator.java:227)
	at org.springframework.security.web.ObservationFilterChainDecorator$VirtualFilterChain.doFilter(ObservationFilterChainDecorator.java:137)
	at org.springframework.security.web.servletapi.SecurityContextHolderAwareRequestFilter.doFilter(SecurityContextHolderAwareRequestFilter.java:179)
	at org.springframework.security.web.ObservationFilterChainDecorator$ObservationFilter.wrapFilter(ObservationFilterChainDecorator.java:240)
	at org.springframework.security.web.ObservationFilterChainDecorator$ObservationFilter.doFilter(ObservationFilterChainDecorator.java:227)
	at org.springframework.security.web.ObservationFilterChainDecorator$VirtualFilterChain.doFilter(ObservationFilterChainDecorator.java:137)
	at org.springframework.security.web.savedrequest.RequestCacheAwareFilter.doFilter(RequestCacheAwareFilter.java:63)
	at org.springframework.security.web.ObservationFilterChainDecorator$ObservationFilter.wrapFilter(ObservationFilterChainDecorator.java:240)
	at org.springframework.security.web.ObservationFilterChainDecorator$ObservationFilter.doFilter(ObservationFilterChainDecorator.java:227)
	at org.springframework.security.web.ObservationFilterChainDecorator$VirtualFilterChain.doFilter(ObservationFilterChainDecorator.java:137)
	at com.claimswift.reportingservice.security.JwtAuthenticationFilter.doFilterInternal(JwtAuthenticationFilter.java:59)
	at org.springframework.web.filter.OncePerRequestFilter.doFilter(OncePerRequestFilter.java:116)
	at org.springframework.security.web.ObservationFilterChainDecorator$ObservationFilter.wrapFilter(ObservationFilterChainDecorator.java:240)
	at org.springframework.security.web.ObservationFilterChainDecorator$ObservationFilter.doFilter(ObservationFilterChainDecorator.java:227)
	at org.springframework.security.web.ObservationFilterChainDecorator$VirtualFilterChain.doFilter(ObservationFilterChainDecorator.java:137)
	at org.springframework.security.web.authentication.logout.LogoutFilter.doFilter(LogoutFilter.java:107)
	at org.springframework.security.web.authentication.logout.LogoutFilter.doFilter(LogoutFilter.java:93)
	at org.springframework.security.web.ObservationFilterChainDecorator$ObservationFilter.wrapFilter(ObservationFilterChainDecorator.java:240)
	at org.springframework.security.web.ObservationFilterChainDecorator$ObservationFilter.doFilter(ObservationFilterChainDecorator.java:227)
	at org.springframework.security.web.ObservationFilterChainDecorator$VirtualFilterChain.doFilter(ObservationFilterChainDecorator.java:137)
	at org.springframework.web.filter.CorsFilter.doFilterInternal(CorsFilter.java:91)
	at org.springframework.web.filter.OncePerRequestFilter.doFilter(OncePerRequestFilter.java:116)
	at org.springframework.security.web.ObservationFilterChainDecorator$ObservationFilter.wrapFilter(ObservationFilterChainDecorator.java:240)
	at org.springframework.security.web.ObservationFilterChainDecorator$ObservationFilter.doFilter(ObservationFilterChainDecorator.java:227)
	at org.springframework.security.web.ObservationFilterChainDecorator$VirtualFilterChain.doFilter(ObservationFilterChainDecorator.java:137)
	at org.springframework.security.web.header.HeaderWriterFilter.doHeadersAfter(HeaderWriterFilter.java:90)
	at org.springframework.security.web.header.HeaderWriterFilter.doFilterInternal(HeaderWriterFilter.java:75)
	at org.springframework.web.filter.OncePerRequestFilter.doFilter(OncePerRequestFilter.java:116)
	at org.springframework.security.web.ObservationFilterChainDecorator$ObservationFilter.wrapFilter(ObservationFilterChainDecorator.java:240)
	at org.springframework.security.web.ObservationFilterChainDecorator$ObservationFilter.doFilter(ObservationFilterChainDecorator.java:227)
	at org.springframework.security.web.ObservationFilterChainDecorator$VirtualFilterChain.doFilter(ObservationFilterChainDecorator.java:137)
	at org.springframework.security.web.context.SecurityContextHolderFilter.doFilter(SecurityContextHolderFilter.java:82)
	at org.springframework.security.web.context.SecurityContextHolderFilter.doFilter(SecurityContextHolderFilter.java:69)
	at org.springframework.security.web.ObservationFilterChainDecorator$ObservationFilter.wrapFilter(ObservationFilterChainDecorator.java:240)
	at org.springframework.security.web.ObservationFilterChainDecorator$ObservationFilter.doFilter(ObservationFilterChainDecorator.java:227)
	at org.springframework.security.web.ObservationFilterChainDecorator$VirtualFilterChain.doFilter(ObservationFilterChainDecorator.java:137)
	at org.springframework.security.web.context.request.async.WebAsyncManagerIntegrationFilter.doFilterInternal(WebAsyncManagerIntegrationFilter.java:62)
	at org.springframework.web.filter.OncePerRequestFilter.doFilter(OncePerRequestFilter.java:116)
	at org.springframework.security.web.ObservationFilterChainDecorator$ObservationFilter.wrapFilter(ObservationFilterChainDecorator.java:240)
	at org.springframework.security.web.ObservationFilterChainDecorator$ObservationFilter.doFilter(ObservationFilterChainDecorator.java:227)
	at org.springframework.security.web.ObservationFilterChainDecorator$VirtualFilterChain.doFilter(ObservationFilterChainDecorator.java:137)
	at org.springframework.security.web.session.DisableEncodeUrlFilter.doFilterInternal(DisableEncodeUrlFilter.java:42)
	at org.springframework.web.filter.OncePerRequestFilter.doFilter(OncePerRequestFilter.java:116)
	at org.springframework.security.web.ObservationFilterChainDecorator$ObservationFilter.wrapFilter(ObservationFilterChainDecorator.java:240)
	at org.springframework.security.web.ObservationFilterChainDecorator$AroundFilterObservation$SimpleAroundFilterObservation.lambda$wrap$0(ObservationFilterChainDecorator.java:323)
	at org.springframework.security.web.ObservationFilterChainDecorator$ObservationFilter.doFilter(ObservationFilterChainDecorator.java:224)
	at org.springframework.security.web.ObservationFilterChainDecorator$VirtualFilterChain.doFilter(ObservationFilterChainDecorator.java:137)
	at org.springframework.security.web.FilterChainProxy.doFilterInternal(FilterChainProxy.java:233)
	at org.springframework.security.web.FilterChainProxy.doFilter(FilterChainProxy.java:191)
	at org.springframework.web.filter.DelegatingFilterProxy.invokeDelegate(DelegatingFilterProxy.java:352)
	at org.springframework.web.filter.DelegatingFilterProxy.doFilter(DelegatingFilterProxy.java:268)
	at org.apache.catalina.core.ApplicationFilterChain.internalDoFilter(ApplicationFilterChain.java:174)
	at org.apache.catalina.core.ApplicationFilterChain.doFilter(ApplicationFilterChain.java:149)
	at org.springframework.web.filter.RequestContextFilter.doFilterInternal(RequestContextFilter.java:100)
	at org.springframework.web.filter.OncePerRequestFilter.doFilter(OncePerRequestFilter.java:116)
	at org.apache.catalina.core.ApplicationFilterChain.internalDoFilter(ApplicationFilterChain.java:174)
	at org.apache.catalina.core.ApplicationFilterChain.doFilter(ApplicationFilterChain.java:149)
	at org.springframework.web.filter.FormContentFilter.doFilterInternal(FormContentFilter.java:93)
	at org.springframework.web.filter.OncePerRequestFilter.doFilter(OncePerRequestFilter.java:116)
	at org.apache.catalina.core.ApplicationFilterChain.internalDoFilter(ApplicationFilterChain.java:174)
	at org.apache.catalina.core.ApplicationFilterChain.doFilter(ApplicationFilterChain.java:149)
	at org.springframework.web.filter.ServerHttpObservationFilter.doFilterInternal(ServerHttpObservationFilter.java:109)
	at org.springframework.web.filter.OncePerRequestFilter.doFilter(OncePerRequestFilter.java:116)
	at org.apache.catalina.core.ApplicationFilterChain.internalDoFilter(ApplicationFilterChain.java:174)
	at org.apache.catalina.core.ApplicationFilterChain.doFilter(ApplicationFilterChain.java:149)
	at org.springframework.web.filter.CharacterEncodingFilter.doFilterInternal(CharacterEncodingFilter.java:201)
	at org.springframework.web.filter.OncePerRequestFilter.doFilter(OncePerRequestFilter.java:116)
	at org.apache.catalina.core.ApplicationFilterChain.internalDoFilter(ApplicationFilterChain.java:174)
	at org.apache.catalina.core.ApplicationFilterChain.doFilter(ApplicationFilterChain.java:149)
	at org.apache.catalina.core.StandardWrapperValve.invoke(StandardWrapperValve.java:167)
	at org.apache.catalina.core.StandardContextValve.invoke(StandardContextValve.java:90)
	at org.apache.catalina.authenticator.AuthenticatorBase.invoke(AuthenticatorBase.java:482)
	at org.apache.catalina.core.StandardHostValve.invoke(StandardHostValve.java:115)
	at org.apache.catalina.valves.ErrorReportValve.invoke(ErrorReportValve.java:93)
	at org.apache.catalina.core.StandardEngineValve.invoke(StandardEngineValve.java:74)
	at org.apache.catalina.connector.CoyoteAdapter.service(CoyoteAdapter.java:340)
	at org.apache.coyote.http11.Http11Processor.service(Http11Processor.java:391)
	at org.apache.coyote.AbstractProcessorLight.process(AbstractProcessorLight.java:63)
	at org.apache.coyote.AbstractProtocol$ConnectionHandler.process(AbstractProtocol.java:896)
	at org.apache.tomcat.util.net.NioEndpoint$SocketProcessor.doRun(NioEndpoint.java:1744)
	at org.apache.tomcat.util.net.SocketProcessorBase.run(SocketProcessorBase.java:52)
	at org.apache.tomcat.util.threads.ThreadPoolExecutor.runWorker(ThreadPoolExecutor.java:1191)
	at org.apache.tomcat.util.threads.ThreadPoolExecutor$Worker.run(ThreadPoolExecutor.java:659)
	at org.apache.tomcat.util.threads.TaskThread$WrappingRunnable.run(TaskThread.java:61)
	at java.base/java.lang.Thread.run(Thread.java:1583)
2026-03-04 12:50:13.666 [http-nio-8087-exec-10] [] DEBUG o.s.security.web.FilterChainProxy - Securing GET /error?startDate=2026-01-01&endDate=2026-12-31
2026-03-04 12:50:13.669 [http-nio-8087-exec-10] [] DEBUG o.s.s.w.a.AnonymousAuthenticationFilter - Set SecurityContextHolder to anonymous SecurityContext
2026-03-04 12:50:13.670 [http-nio-8087-exec-10] [] DEBUG o.s.s.w.a.Http403ForbiddenEntryPoint - Pre-authenticated entry point called. Rejecting access
2026-03-04 12:50:13.678 [http-nio-8087-exec-1] [] DEBUG o.s.security.web.FilterChainProxy - Securing GET /api/reports/adjusters/performance?startDate=2026-01-01&endDate=2026-12-31
2026-03-04 12:50:13.689 [http-nio-8087-exec-1] [] DEBUG c.c.r.s.JwtAuthenticationFilter - Authenticated user: manager.smoke for URI: /api/reports/adjusters/performance
2026-03-04 12:50:13.692 [http-nio-8087-exec-1] [] DEBUG o.s.security.web.FilterChainProxy - Secured GET /api/reports/adjusters/performance?startDate=2026-01-01&endDate=2026-12-31
2026-03-04 12:50:13.696 [http-nio-8087-exec-1] [] ERROR o.a.c.c.C.[.[.[.[dispatcherServlet] - Servlet.service() for servlet [dispatcherServlet] in context with path [] threw exception [Request processing failed: java.lang.IllegalArgumentException: Name for argument of type [java.time.LocalDate] not specified, and parameter name information not found in class file either.] with root cause
java.lang.IllegalArgumentException: Name for argument of type [java.time.LocalDate] not specified, and parameter name information not found in class file either.
	at org.springframework.web.method.annotation.AbstractNamedValueMethodArgumentResolver.updateNamedValueInfo(AbstractNamedValueMethodArgumentResolver.java:183)
	at org.springframework.web.method.annotation.AbstractNamedValueMethodArgumentResolver.getNamedValueInfo(AbstractNamedValueMethodArgumentResolver.java:160)
	at org.springframework.web.method.annotation.AbstractNamedValueMethodArgumentResolver.resolveArgument(AbstractNamedValueMethodArgumentResolver.java:106)
	at org.springframework.web.method.support.HandlerMethodArgumentResolverComposite.resolveArgument(HandlerMethodArgumentResolverComposite.java:122)
	at org.springframework.web.method.support.InvocableHandlerMethod.getMethodArgumentValues(InvocableHandlerMethod.java:218)
	at org.springframework.web.method.support.InvocableHandlerMethod.invokeForRequest(InvocableHandlerMethod.java:171)
	at org.springframework.web.servlet.mvc.method.annotation.ServletInvocableHandlerMethod.invokeAndHandle(ServletInvocableHandlerMethod.java:118)
	at org.springframework.web.servlet.mvc.method.annotation.RequestMappingHandlerAdapter.invokeHandlerMethod(RequestMappingHandlerAdapter.java:917)
	at org.springframework.web.servlet.mvc.method.annotation.RequestMappingHandlerAdapter.handleInternal(RequestMappingHandlerAdapter.java:829)
	at org.springframework.web.servlet.mvc.method.AbstractHandlerMethodAdapter.handle(AbstractHandlerMethodAdapter.java:87)
	at org.springframework.web.servlet.DispatcherServlet.doDispatch(DispatcherServlet.java:1089)
	at org.springframework.web.servlet.DispatcherServlet.doService(DispatcherServlet.java:979)
	at org.springframework.web.servlet.FrameworkServlet.processRequest(FrameworkServlet.java:1014)
	at org.springframework.web.servlet.FrameworkServlet.doGet(FrameworkServlet.java:903)
	at jakarta.servlet.http.HttpServlet.service(HttpServlet.java:564)
	at org.springframework.web.servlet.FrameworkServlet.service(FrameworkServlet.java:885)
	at jakarta.servlet.http.HttpServlet.service(HttpServlet.java:658)
	at org.apache.catalina.core.ApplicationFilterChain.internalDoFilter(ApplicationFilterChain.java:205)
	at org.apache.catalina.core.ApplicationFilterChain.doFilter(ApplicationFilterChain.java:149)
	at org.apache.tomcat.websocket.server.WsFilter.doFilter(WsFilter.java:51)
	at org.apache.catalina.core.ApplicationFilterChain.internalDoFilter(ApplicationFilterChain.java:174)
	at org.apache.catalina.core.ApplicationFilterChain.doFilter(ApplicationFilterChain.java:149)
	at org.springframework.web.filter.OncePerRequestFilter.doFilter(OncePerRequestFilter.java:110)
	at org.apache.catalina.core.ApplicationFilterChain.internalDoFilter(ApplicationFilterChain.java:174)
	at org.apache.catalina.core.ApplicationFilterChain.doFilter(ApplicationFilterChain.java:149)
	at org.springframework.security.web.FilterChainProxy.lambda$doFilterInternal$3(FilterChainProxy.java:231)
	at org.springframework.security.web.ObservationFilterChainDecorator$FilterObservation$SimpleFilterObservation.lambda$wrap$1(ObservationFilterChainDecorator.java:479)
	at org.springframework.security.web.ObservationFilterChainDecorator$AroundFilterObservation$SimpleAroundFilterObservation.lambda$wrap$1(ObservationFilterChainDecorator.java:340)
	at org.springframework.security.web.ObservationFilterChainDecorator.lambda$wrapSecured$0(ObservationFilterChainDecorator.java:82)
	at org.springframework.security.web.ObservationFilterChainDecorator$VirtualFilterChain.doFilter(ObservationFilterChainDecorator.java:128)
	at org.springframework.security.web.access.intercept.AuthorizationFilter.doFilter(AuthorizationFilter.java:100)
	at org.springframework.security.web.ObservationFilterChainDecorator$ObservationFilter.wrapFilter(ObservationFilterChainDecorator.java:240)
	at org.springframework.security.web.ObservationFilterChainDecorator$ObservationFilter.doFilter(ObservationFilterChainDecorator.java:227)
	at org.springframework.security.web.ObservationFilterChainDecorator$VirtualFilterChain.doFilter(ObservationFilterChainDecorator.java:137)
	at org.springframework.security.web.access.ExceptionTranslationFilter.doFilter(ExceptionTranslationFilter.java:126)
	at org.springframework.security.web.access.ExceptionTranslationFilter.doFilter(ExceptionTranslationFilter.java:120)
	at org.springframework.security.web.ObservationFilterChainDecorator$ObservationFilter.wrapFilter(ObservationFilterChainDecorator.java:240)
	at org.springframework.security.web.ObservationFilterChainDecorator$ObservationFilter.doFilter(ObservationFilterChainDecorator.java:227)
	at org.springframework.security.web.ObservationFilterChainDecorator$VirtualFilterChain.doFilter(ObservationFilterChainDecorator.java:137)
	at org.springframework.security.web.session.SessionManagementFilter.doFilter(SessionManagementFilter.java:131)
	at org.springframework.security.web.session.SessionManagementFilter.doFilter(SessionManagementFilter.java:85)
	at org.springframework.security.web.ObservationFilterChainDecorator$ObservationFilter.wrapFilter(ObservationFilterChainDecorator.java:240)
	at org.springframework.security.web.ObservationFilterChainDecorator$ObservationFilter.doFilter(ObservationFilterChainDecorator.java:227)
	at org.springframework.security.web.ObservationFilterChainDecorator$VirtualFilterChain.doFilter(ObservationFilterChainDecorator.java:137)
	at org.springframework.security.web.authentication.AnonymousAuthenticationFilter.doFilter(AnonymousAuthenticationFilter.java:100)
	at org.springframework.security.web.ObservationFilterChainDecorator$ObservationFilter.wrapFilter(ObservationFilterChainDecorator.java:240)
	at org.springframework.security.web.ObservationFilterChainDecorator$ObservationFilter.doFilter(ObservationFilterChainDecorator.java:227)
	at org.springframework.security.web.ObservationFilterChainDecorator$VirtualFilterChain.doFilter(ObservationFilterChainDecorator.java:137)
	at org.springframework.security.web.servletapi.SecurityContextHolderAwareRequestFilter.doFilter(SecurityContextHolderAwareRequestFilter.java:179)
	at org.springframework.security.web.ObservationFilterChainDecorator$ObservationFilter.wrapFilter(ObservationFilterChainDecorator.java:240)
	at org.springframework.security.web.ObservationFilterChainDecorator$ObservationFilter.doFilter(ObservationFilterChainDecorator.java:227)
	at org.springframework.security.web.ObservationFilterChainDecorator$VirtualFilterChain.doFilter(ObservationFilterChainDecorator.java:137)
	at org.springframework.security.web.savedrequest.RequestCacheAwareFilter.doFilter(RequestCacheAwareFilter.java:63)
	at org.springframework.security.web.ObservationFilterChainDecorator$ObservationFilter.wrapFilter(ObservationFilterChainDecorator.java:240)
	at org.springframework.security.web.ObservationFilterChainDecorator$ObservationFilter.doFilter(ObservationFilterChainDecorator.java:227)
	at org.springframework.security.web.ObservationFilterChainDecorator$VirtualFilterChain.doFilter(ObservationFilterChainDecorator.java:137)
	at com.claimswift.reportingservice.security.JwtAuthenticationFilter.doFilterInternal(JwtAuthenticationFilter.java:59)
	at org.springframework.web.filter.OncePerRequestFilter.doFilter(OncePerRequestFilter.java:116)
	at org.springframework.security.web.ObservationFilterChainDecorator$ObservationFilter.wrapFilter(ObservationFilterChainDecorator.java:240)
	at org.springframework.security.web.ObservationFilterChainDecorator$ObservationFilter.doFilter(ObservationFilterChainDecorator.java:227)
	at org.springframework.security.web.ObservationFilterChainDecorator$VirtualFilterChain.doFilter(ObservationFilterChainDecorator.java:137)
	at org.springframework.security.web.authentication.logout.LogoutFilter.doFilter(LogoutFilter.java:107)
	at org.springframework.security.web.authentication.logout.LogoutFilter.doFilter(LogoutFilter.java:93)
	at org.springframework.security.web.ObservationFilterChainDecorator$ObservationFilter.wrapFilter(ObservationFilterChainDecorator.java:240)
	at org.springframework.security.web.ObservationFilterChainDecorator$ObservationFilter.doFilter(ObservationFilterChainDecorator.java:227)
	at org.springframework.security.web.ObservationFilterChainDecorator$VirtualFilterChain.doFilter(ObservationFilterChainDecorator.java:137)
	at org.springframework.web.filter.CorsFilter.doFilterInternal(CorsFilter.java:91)
	at org.springframework.web.filter.OncePerRequestFilter.doFilter(OncePerRequestFilter.java:116)
	at org.springframework.security.web.ObservationFilterChainDecorator$ObservationFilter.wrapFilter(ObservationFilterChainDecorator.java:240)
	at org.springframework.security.web.ObservationFilterChainDecorator$ObservationFilter.doFilter(ObservationFilterChainDecorator.java:227)
	at org.springframework.security.web.ObservationFilterChainDecorator$VirtualFilterChain.doFilter(ObservationFilterChainDecorator.java:137)
	at org.springframework.security.web.header.HeaderWriterFilter.doHeadersAfter(HeaderWriterFilter.java:90)
	at org.springframework.security.web.header.HeaderWriterFilter.doFilterInternal(HeaderWriterFilter.java:75)
	at org.springframework.web.filter.OncePerRequestFilter.doFilter(OncePerRequestFilter.java:116)
	at org.springframework.security.web.ObservationFilterChainDecorator$ObservationFilter.wrapFilter(ObservationFilterChainDecorator.java:240)
	at org.springframework.security.web.ObservationFilterChainDecorator$ObservationFilter.doFilter(ObservationFilterChainDecorator.java:227)
	at org.springframework.security.web.ObservationFilterChainDecorator$VirtualFilterChain.doFilter(ObservationFilterChainDecorator.java:137)
	at org.springframework.security.web.context.SecurityContextHolderFilter.doFilter(SecurityContextHolderFilter.java:82)
	at org.springframework.security.web.context.SecurityContextHolderFilter.doFilter(SecurityContextHolderFilter.java:69)
	at org.springframework.security.web.ObservationFilterChainDecorator$ObservationFilter.wrapFilter(ObservationFilterChainDecorator.java:240)
	at org.springframework.security.web.ObservationFilterChainDecorator$ObservationFilter.doFilter(ObservationFilterChainDecorator.java:227)
	at org.springframework.security.web.ObservationFilterChainDecorator$VirtualFilterChain.doFilter(ObservationFilterChainDecorator.java:137)
	at org.springframework.security.web.context.request.async.WebAsyncManagerIntegrationFilter.doFilterInternal(WebAsyncManagerIntegrationFilter.java:62)
	at org.springframework.web.filter.OncePerRequestFilter.doFilter(OncePerRequestFilter.java:116)
	at org.springframework.security.web.ObservationFilterChainDecorator$ObservationFilter.wrapFilter(ObservationFilterChainDecorator.java:240)
	at org.springframework.security.web.ObservationFilterChainDecorator$ObservationFilter.doFilter(ObservationFilterChainDecorator.java:227)
	at org.springframework.security.web.ObservationFilterChainDecorator$VirtualFilterChain.doFilter(ObservationFilterChainDecorator.java:137)
	at org.springframework.security.web.session.DisableEncodeUrlFilter.doFilterInternal(DisableEncodeUrlFilter.java:42)
	at org.springframework.web.filter.OncePerRequestFilter.doFilter(OncePerRequestFilter.java:116)
	at org.springframework.security.web.ObservationFilterChainDecorator$ObservationFilter.wrapFilter(ObservationFilterChainDecorator.java:240)
	at org.springframework.security.web.ObservationFilterChainDecorator$AroundFilterObservation$SimpleAroundFilterObservation.lambda$wrap$0(ObservationFilterChainDecorator.java:323)
	at org.springframework.security.web.ObservationFilterChainDecorator$ObservationFilter.doFilter(ObservationFilterChainDecorator.java:224)
	at org.springframework.security.web.ObservationFilterChainDecorator$VirtualFilterChain.doFilter(ObservationFilterChainDecorator.java:137)
	at org.springframework.security.web.FilterChainProxy.doFilterInternal(FilterChainProxy.java:233)
	at org.springframework.security.web.FilterChainProxy.doFilter(FilterChainProxy.java:191)
	at org.springframework.web.filter.DelegatingFilterProxy.invokeDelegate(DelegatingFilterProxy.java:352)
	at org.springframework.web.filter.DelegatingFilterProxy.doFilter(DelegatingFilterProxy.java:268)
	at org.apache.catalina.core.ApplicationFilterChain.internalDoFilter(ApplicationFilterChain.java:174)
	at org.apache.catalina.core.ApplicationFilterChain.doFilter(ApplicationFilterChain.java:149)
	at org.springframework.web.filter.RequestContextFilter.doFilterInternal(RequestContextFilter.java:100)
	at org.springframework.web.filter.OncePerRequestFilter.doFilter(OncePerRequestFilter.java:116)
	at org.apache.catalina.core.ApplicationFilterChain.internalDoFilter(ApplicationFilterChain.java:174)
	at org.apache.catalina.core.ApplicationFilterChain.doFilter(ApplicationFilterChain.java:149)
	at org.springframework.web.filter.FormContentFilter.doFilterInternal(FormContentFilter.java:93)
	at org.springframework.web.filter.OncePerRequestFilter.doFilter(OncePerRequestFilter.java:116)
	at org.apache.catalina.core.ApplicationFilterChain.internalDoFilter(ApplicationFilterChain.java:174)
	at org.apache.catalina.core.ApplicationFilterChain.doFilter(ApplicationFilterChain.java:149)
	at org.springframework.web.filter.ServerHttpObservationFilter.doFilterInternal(ServerHttpObservationFilter.java:109)
	at org.springframework.web.filter.OncePerRequestFilter.doFilter(OncePerRequestFilter.java:116)
	at org.apache.catalina.core.ApplicationFilterChain.internalDoFilter(ApplicationFilterChain.java:174)
	at org.apache.catalina.core.ApplicationFilterChain.doFilter(ApplicationFilterChain.java:149)
	at org.springframework.web.filter.CharacterEncodingFilter.doFilterInternal(CharacterEncodingFilter.java:201)
	at org.springframework.web.filter.OncePerRequestFilter.doFilter(OncePerRequestFilter.java:116)
	at org.apache.catalina.core.ApplicationFilterChain.internalDoFilter(ApplicationFilterChain.java:174)
	at org.apache.catalina.core.ApplicationFilterChain.doFilter(ApplicationFilterChain.java:149)
	at org.apache.catalina.core.StandardWrapperValve.invoke(StandardWrapperValve.java:167)
	at org.apache.catalina.core.StandardContextValve.invoke(StandardContextValve.java:90)
	at org.apache.catalina.authenticator.AuthenticatorBase.invoke(AuthenticatorBase.java:482)
	at org.apache.catalina.core.StandardHostValve.invoke(StandardHostValve.java:115)
	at org.apache.catalina.valves.ErrorReportValve.invoke(ErrorReportValve.java:93)
	at org.apache.catalina.core.StandardEngineValve.invoke(StandardEngineValve.java:74)
	at org.apache.catalina.connector.CoyoteAdapter.service(CoyoteAdapter.java:340)
	at org.apache.coyote.http11.Http11Processor.service(Http11Processor.java:391)
	at org.apache.coyote.AbstractProcessorLight.process(AbstractProcessorLight.java:63)
	at org.apache.coyote.AbstractProtocol$ConnectionHandler.process(AbstractProtocol.java:896)
	at org.apache.tomcat.util.net.NioEndpoint$SocketProcessor.doRun(NioEndpoint.java:1744)
	at org.apache.tomcat.util.net.SocketProcessorBase.run(SocketProcessorBase.java:52)
	at org.apache.tomcat.util.threads.ThreadPoolExecutor.runWorker(ThreadPoolExecutor.java:1191)
	at org.apache.tomcat.util.threads.ThreadPoolExecutor$Worker.run(ThreadPoolExecutor.java:659)
	at org.apache.tomcat.util.threads.TaskThread$WrappingRunnable.run(TaskThread.java:61)
	at java.base/java.lang.Thread.run(Thread.java:1583)
2026-03-04 12:50:13.700 [http-nio-8087-exec-1] [] DEBUG o.s.security.web.FilterChainProxy - Securing GET /error?startDate=2026-01-01&endDate=2026-12-31
2026-03-04 12:50:13.703 [http-nio-8087-exec-1] [] DEBUG o.s.s.w.a.AnonymousAuthenticationFilter - Set SecurityContextHolder to anonymous SecurityContext
2026-03-04 12:50:13.704 [http-nio-8087-exec-1] [] DEBUG o.s.s.w.a.Http403ForbiddenEntryPoint - Pre-authenticated entry point called. Rejecting access
2026-03-04 12:50:13.711 [http-nio-8087-exec-2] [] DEBUG o.s.security.web.FilterChainProxy - Securing GET /api/reports/adjusters/performance/pdf?startDate=2026-01-01&endDate=2026-12-31
2026-03-04 12:50:13.717 [http-nio-8087-exec-2] [] DEBUG c.c.r.s.JwtAuthenticationFilter - Authenticated user: manager.smoke for URI: /api/reports/adjusters/performance/pdf
2026-03-04 12:50:13.721 [http-nio-8087-exec-2] [] DEBUG o.s.security.web.FilterChainProxy - Secured GET /api/reports/adjusters/performance/pdf?startDate=2026-01-01&endDate=2026-12-31
2026-03-04 12:50:13.725 [http-nio-8087-exec-2] [] ERROR o.a.c.c.C.[.[.[.[dispatcherServlet] - Servlet.service() for servlet [dispatcherServlet] in context with path [] threw exception [Request processing failed: java.lang.IllegalArgumentException: Name for argument of type [java.time.LocalDate] not specified, and parameter name information not found in class file either.] with root cause
java.lang.IllegalArgumentException: Name for argument of type [java.time.LocalDate] not specified, and parameter name information not found in class file either.
	at org.springframework.web.method.annotation.AbstractNamedValueMethodArgumentResolver.updateNamedValueInfo(AbstractNamedValueMethodArgumentResolver.java:183)
	at org.springframework.web.method.annotation.AbstractNamedValueMethodArgumentResolver.getNamedValueInfo(AbstractNamedValueMethodArgumentResolver.java:160)
	at org.springframework.web.method.annotation.AbstractNamedValueMethodArgumentResolver.resolveArgument(AbstractNamedValueMethodArgumentResolver.java:106)
	at org.springframework.web.method.support.HandlerMethodArgumentResolverComposite.resolveArgument(HandlerMethodArgumentResolverComposite.java:122)
	at org.springframework.web.method.support.InvocableHandlerMethod.getMethodArgumentValues(InvocableHandlerMethod.java:218)
	at org.springframework.web.method.support.InvocableHandlerMethod.invokeForRequest(InvocableHandlerMethod.java:171)
	at org.springframework.web.servlet.mvc.method.annotation.ServletInvocableHandlerMethod.invokeAndHandle(ServletInvocableHandlerMethod.java:118)
	at org.springframework.web.servlet.mvc.method.annotation.RequestMappingHandlerAdapter.invokeHandlerMethod(RequestMappingHandlerAdapter.java:917)
	at org.springframework.web.servlet.mvc.method.annotation.RequestMappingHandlerAdapter.handleInternal(RequestMappingHandlerAdapter.java:829)
	at org.springframework.web.servlet.mvc.method.AbstractHandlerMethodAdapter.handle(AbstractHandlerMethodAdapter.java:87)
	at org.springframework.web.servlet.DispatcherServlet.doDispatch(DispatcherServlet.java:1089)
	at org.springframework.web.servlet.DispatcherServlet.doService(DispatcherServlet.java:979)
	at org.springframework.web.servlet.FrameworkServlet.processRequest(FrameworkServlet.java:1014)
	at org.springframework.web.servlet.FrameworkServlet.doGet(FrameworkServlet.java:903)
	at jakarta.servlet.http.HttpServlet.service(HttpServlet.java:564)
	at org.springframework.web.servlet.FrameworkServlet.service(FrameworkServlet.java:885)
	at jakarta.servlet.http.HttpServlet.service(HttpServlet.java:658)
	at org.apache.catalina.core.ApplicationFilterChain.internalDoFilter(ApplicationFilterChain.java:205)
	at org.apache.catalina.core.ApplicationFilterChain.doFilter(ApplicationFilterChain.java:149)
	at org.apache.tomcat.websocket.server.WsFilter.doFilter(WsFilter.java:51)
	at org.apache.catalina.core.ApplicationFilterChain.internalDoFilter(ApplicationFilterChain.java:174)
	at org.apache.catalina.core.ApplicationFilterChain.doFilter(ApplicationFilterChain.java:149)
	at org.springframework.web.filter.OncePerRequestFilter.doFilter(OncePerRequestFilter.java:110)
	at org.apache.catalina.core.ApplicationFilterChain.internalDoFilter(ApplicationFilterChain.java:174)
	at org.apache.catalina.core.ApplicationFilterChain.doFilter(ApplicationFilterChain.java:149)
	at org.springframework.security.web.FilterChainProxy.lambda$doFilterInternal$3(FilterChainProxy.java:231)
	at org.springframework.security.web.ObservationFilterChainDecorator$FilterObservation$SimpleFilterObservation.lambda$wrap$1(ObservationFilterChainDecorator.java:479)
	at org.springframework.security.web.ObservationFilterChainDecorator$AroundFilterObservation$SimpleAroundFilterObservation.lambda$wrap$1(ObservationFilterChainDecorator.java:340)
	at org.springframework.security.web.ObservationFilterChainDecorator.lambda$wrapSecured$0(ObservationFilterChainDecorator.java:82)
	at org.springframework.security.web.ObservationFilterChainDecorator$VirtualFilterChain.doFilter(ObservationFilterChainDecorator.java:128)
	at org.springframework.security.web.access.intercept.AuthorizationFilter.doFilter(AuthorizationFilter.java:100)
	at org.springframework.security.web.ObservationFilterChainDecorator$ObservationFilter.wrapFilter(ObservationFilterChainDecorator.java:240)
	at org.springframework.security.web.ObservationFilterChainDecorator$ObservationFilter.doFilter(ObservationFilterChainDecorator.java:227)
	at org.springframework.security.web.ObservationFilterChainDecorator$VirtualFilterChain.doFilter(ObservationFilterChainDecorator.java:137)
	at org.springframework.security.web.access.ExceptionTranslationFilter.doFilter(ExceptionTranslationFilter.java:126)
	at org.springframework.security.web.access.ExceptionTranslationFilter.doFilter(ExceptionTranslationFilter.java:120)
	at org.springframework.security.web.ObservationFilterChainDecorator$ObservationFilter.wrapFilter(ObservationFilterChainDecorator.java:240)
	at org.springframework.security.web.ObservationFilterChainDecorator$ObservationFilter.doFilter(ObservationFilterChainDecorator.java:227)
	at org.springframework.security.web.ObservationFilterChainDecorator$VirtualFilterChain.doFilter(ObservationFilterChainDecorator.java:137)
	at org.springframework.security.web.session.SessionManagementFilter.doFilter(SessionManagementFilter.java:131)
	at org.springframework.security.web.session.SessionManagementFilter.doFilter(SessionManagementFilter.java:85)
	at org.springframework.security.web.ObservationFilterChainDecorator$ObservationFilter.wrapFilter(ObservationFilterChainDecorator.java:240)
	at org.springframework.security.web.ObservationFilterChainDecorator$ObservationFilter.doFilter(ObservationFilterChainDecorator.java:227)
	at org.springframework.security.web.ObservationFilterChainDecorator$VirtualFilterChain.doFilter(ObservationFilterChainDecorator.java:137)
	at org.springframework.security.web.authentication.AnonymousAuthenticationFilter.doFilter(AnonymousAuthenticationFilter.java:100)
	at org.springframework.security.web.ObservationFilterChainDecorator$ObservationFilter.wrapFilter(ObservationFilterChainDecorator.java:240)
	at org.springframework.security.web.ObservationFilterChainDecorator$ObservationFilter.doFilter(ObservationFilterChainDecorator.java:227)
	at org.springframework.security.web.ObservationFilterChainDecorator$VirtualFilterChain.doFilter(ObservationFilterChainDecorator.java:137)
	at org.springframework.security.web.servletapi.SecurityContextHolderAwareRequestFilter.doFilter(SecurityContextHolderAwareRequestFilter.java:179)
	at org.springframework.security.web.ObservationFilterChainDecorator$ObservationFilter.wrapFilter(ObservationFilterChainDecorator.java:240)
	at org.springframework.security.web.ObservationFilterChainDecorator$ObservationFilter.doFilter(ObservationFilterChainDecorator.java:227)
	at org.springframework.security.web.ObservationFilterChainDecorator$VirtualFilterChain.doFilter(ObservationFilterChainDecorator.java:137)
	at org.springframework.security.web.savedrequest.RequestCacheAwareFilter.doFilter(RequestCacheAwareFilter.java:63)
	at org.springframework.security.web.ObservationFilterChainDecorator$ObservationFilter.wrapFilter(ObservationFilterChainDecorator.java:240)
	at org.springframework.security.web.ObservationFilterChainDecorator$ObservationFilter.doFilter(ObservationFilterChainDecorator.java:227)
	at org.springframework.security.web.ObservationFilterChainDecorator$VirtualFilterChain.doFilter(ObservationFilterChainDecorator.java:137)
	at com.claimswift.reportingservice.security.JwtAuthenticationFilter.doFilterInternal(JwtAuthenticationFilter.java:59)
	at org.springframework.web.filter.OncePerRequestFilter.doFilter(OncePerRequestFilter.java:116)
	at org.springframework.security.web.ObservationFilterChainDecorator$ObservationFilter.wrapFilter(ObservationFilterChainDecorator.java:240)
	at org.springframework.security.web.ObservationFilterChainDecorator$ObservationFilter.doFilter(ObservationFilterChainDecorator.java:227)
	at org.springframework.security.web.ObservationFilterChainDecorator$VirtualFilterChain.doFilter(ObservationFilterChainDecorator.java:137)
	at org.springframework.security.web.authentication.logout.LogoutFilter.doFilter(LogoutFilter.java:107)
	at org.springframework.security.web.authentication.logout.LogoutFilter.doFilter(LogoutFilter.java:93)
	at org.springframework.security.web.ObservationFilterChainDecorator$ObservationFilter.wrapFilter(ObservationFilterChainDecorator.java:240)
	at org.springframework.security.web.ObservationFilterChainDecorator$ObservationFilter.doFilter(ObservationFilterChainDecorator.java:227)
	at org.springframework.security.web.ObservationFilterChainDecorator$VirtualFilterChain.doFilter(ObservationFilterChainDecorator.java:137)
	at org.springframework.web.filter.CorsFilter.doFilterInternal(CorsFilter.java:91)
	at org.springframework.web.filter.OncePerRequestFilter.doFilter(OncePerRequestFilter.java:116)
	at org.springframework.security.web.ObservationFilterChainDecorator$ObservationFilter.wrapFilter(ObservationFilterChainDecorator.java:240)
	at org.springframework.security.web.ObservationFilterChainDecorator$ObservationFilter.doFilter(ObservationFilterChainDecorator.java:227)
	at org.springframework.security.web.ObservationFilterChainDecorator$VirtualFilterChain.doFilter(ObservationFilterChainDecorator.java:137)
	at org.springframework.security.web.header.HeaderWriterFilter.doHeadersAfter(HeaderWriterFilter.java:90)
	at org.springframework.security.web.header.HeaderWriterFilter.doFilterInternal(HeaderWriterFilter.java:75)
	at org.springframework.web.filter.OncePerRequestFilter.doFilter(OncePerRequestFilter.java:116)
	at org.springframework.security.web.ObservationFilterChainDecorator$ObservationFilter.wrapFilter(ObservationFilterChainDecorator.java:240)
	at org.springframework.security.web.ObservationFilterChainDecorator$ObservationFilter.doFilter(ObservationFilterChainDecorator.java:227)
	at org.springframework.security.web.ObservationFilterChainDecorator$VirtualFilterChain.doFilter(ObservationFilterChainDecorator.java:137)
	at org.springframework.security.web.context.SecurityContextHolderFilter.doFilter(SecurityContextHolderFilter.java:82)
	at org.springframework.security.web.context.SecurityContextHolderFilter.doFilter(SecurityContextHolderFilter.java:69)
	at org.springframework.security.web.ObservationFilterChainDecorator$ObservationFilter.wrapFilter(ObservationFilterChainDecorator.java:240)
	at org.springframework.security.web.ObservationFilterChainDecorator$ObservationFilter.doFilter(ObservationFilterChainDecorator.java:227)
	at org.springframework.security.web.ObservationFilterChainDecorator$VirtualFilterChain.doFilter(ObservationFilterChainDecorator.java:137)
	at org.springframework.security.web.context.request.async.WebAsyncManagerIntegrationFilter.doFilterInternal(WebAsyncManagerIntegrationFilter.java:62)
	at org.springframework.web.filter.OncePerRequestFilter.doFilter(OncePerRequestFilter.java:116)
	at org.springframework.security.web.ObservationFilterChainDecorator$ObservationFilter.wrapFilter(ObservationFilterChainDecorator.java:240)
	at org.springframework.security.web.ObservationFilterChainDecorator$ObservationFilter.doFilter(ObservationFilterChainDecorator.java:227)
	at org.springframework.security.web.ObservationFilterChainDecorator$VirtualFilterChain.doFilter(ObservationFilterChainDecorator.java:137)
	at org.springframework.security.web.session.DisableEncodeUrlFilter.doFilterInternal(DisableEncodeUrlFilter.java:42)
	at org.springframework.web.filter.OncePerRequestFilter.doFilter(OncePerRequestFilter.java:116)
	at org.springframework.security.web.ObservationFilterChainDecorator$ObservationFilter.wrapFilter(ObservationFilterChainDecorator.java:240)
	at org.springframework.security.web.ObservationFilterChainDecorator$AroundFilterObservation$SimpleAroundFilterObservation.lambda$wrap$0(ObservationFilterChainDecorator.java:323)
	at org.springframework.security.web.ObservationFilterChainDecorator$ObservationFilter.doFilter(ObservationFilterChainDecorator.java:224)
	at org.springframework.security.web.ObservationFilterChainDecorator$VirtualFilterChain.doFilter(ObservationFilterChainDecorator.java:137)
	at org.springframework.security.web.FilterChainProxy.doFilterInternal(FilterChainProxy.java:233)
	at org.springframework.security.web.FilterChainProxy.doFilter(FilterChainProxy.java:191)
	at org.springframework.web.filter.DelegatingFilterProxy.invokeDelegate(DelegatingFilterProxy.java:352)
	at org.springframework.web.filter.DelegatingFilterProxy.doFilter(DelegatingFilterProxy.java:268)
	at org.apache.catalina.core.ApplicationFilterChain.internalDoFilter(ApplicationFilterChain.java:174)
	at org.apache.catalina.core.ApplicationFilterChain.doFilter(ApplicationFilterChain.java:149)
	at org.springframework.web.filter.RequestContextFilter.doFilterInternal(RequestContextFilter.java:100)
	at org.springframework.web.filter.OncePerRequestFilter.doFilter(OncePerRequestFilter.java:116)
	at org.apache.catalina.core.ApplicationFilterChain.internalDoFilter(ApplicationFilterChain.java:174)
	at org.apache.catalina.core.ApplicationFilterChain.doFilter(ApplicationFilterChain.java:149)
	at org.springframework.web.filter.FormContentFilter.doFilterInternal(FormContentFilter.java:93)
	at org.springframework.web.filter.OncePerRequestFilter.doFilter(OncePerRequestFilter.java:116)
	at org.apache.catalina.core.ApplicationFilterChain.internalDoFilter(ApplicationFilterChain.java:174)
	at org.apache.catalina.core.ApplicationFilterChain.doFilter(ApplicationFilterChain.java:149)
	at org.springframework.web.filter.ServerHttpObservationFilter.doFilterInternal(ServerHttpObservationFilter.java:109)
	at org.springframework.web.filter.OncePerRequestFilter.doFilter(OncePerRequestFilter.java:116)
	at org.apache.catalina.core.ApplicationFilterChain.internalDoFilter(ApplicationFilterChain.java:174)
	at org.apache.catalina.core.ApplicationFilterChain.doFilter(ApplicationFilterChain.java:149)
	at org.springframework.web.filter.CharacterEncodingFilter.doFilterInternal(CharacterEncodingFilter.java:201)
	at org.springframework.web.filter.OncePerRequestFilter.doFilter(OncePerRequestFilter.java:116)
	at org.apache.catalina.core.ApplicationFilterChain.internalDoFilter(ApplicationFilterChain.java:174)
	at org.apache.catalina.core.ApplicationFilterChain.doFilter(ApplicationFilterChain.java:149)
	at org.apache.catalina.core.StandardWrapperValve.invoke(StandardWrapperValve.java:167)
	at org.apache.catalina.core.StandardContextValve.invoke(StandardContextValve.java:90)
	at org.apache.catalina.authenticator.AuthenticatorBase.invoke(AuthenticatorBase.java:482)
	at org.apache.catalina.core.StandardHostValve.invoke(StandardHostValve.java:115)
	at org.apache.catalina.valves.ErrorReportValve.invoke(ErrorReportValve.java:93)
	at org.apache.catalina.core.StandardEngineValve.invoke(StandardEngineValve.java:74)
	at org.apache.catalina.connector.CoyoteAdapter.service(CoyoteAdapter.java:340)
	at org.apache.coyote.http11.Http11Processor.service(Http11Processor.java:391)
	at org.apache.coyote.AbstractProcessorLight.process(AbstractProcessorLight.java:63)
	at org.apache.coyote.AbstractProtocol$ConnectionHandler.process(AbstractProtocol.java:896)
	at org.apache.tomcat.util.net.NioEndpoint$SocketProcessor.doRun(NioEndpoint.java:1744)
	at org.apache.tomcat.util.net.SocketProcessorBase.run(SocketProcessorBase.java:52)
	at org.apache.tomcat.util.threads.ThreadPoolExecutor.runWorker(ThreadPoolExecutor.java:1191)
	at org.apache.tomcat.util.threads.ThreadPoolExecutor$Worker.run(ThreadPoolExecutor.java:659)
	at org.apache.tomcat.util.threads.TaskThread$WrappingRunnable.run(TaskThread.java:61)
	at java.base/java.lang.Thread.run(Thread.java:1583)
2026-03-04 12:50:13.728 [http-nio-8087-exec-2] [] DEBUG o.s.security.web.FilterChainProxy - Securing GET /error?startDate=2026-01-01&endDate=2026-12-31
2026-03-04 12:50:13.731 [http-nio-8087-exec-2] [] DEBUG o.s.s.w.a.AnonymousAuthenticationFilter - Set SecurityContextHolder to anonymous SecurityContext
2026-03-04 12:50:13.731 [http-nio-8087-exec-2] [] DEBUG o.s.s.w.a.Http403ForbiddenEntryPoint - Pre-authenticated entry point called. Rejecting access
2026-03-04 12:50:13.744 [http-nio-8087-exec-3] [] DEBUG o.s.security.web.FilterChainProxy - Securing POST /api/reports/claim-event
2026-03-04 12:50:13.753 [http-nio-8087-exec-3] [] DEBUG c.c.r.s.JwtAuthenticationFilter - Authenticated user: policyholder.smoke for URI: /api/reports/claim-event
2026-03-04 12:50:13.755 [http-nio-8087-exec-3] [] DEBUG o.s.security.web.FilterChainProxy - Secured POST /api/reports/claim-event
2026-03-04 12:50:13.760 [http-nio-8087-exec-3] [] DEBUG o.s.s.a.m.AuthorizationManagerBeforeMethodInterceptor - Authorizing method invocation ReflectiveMethodInvocation: public org.springframework.http.ResponseEntity com.claimswift.reportingservice.controller.ReportingController.reportClaimEvent(java.util.Map); target is of class [com.claimswift.reportingservice.controller.ReportingController]
2026-03-04 12:50:13.763 [http-nio-8087-exec-3] [] DEBUG o.s.s.a.m.AuthorizationManagerBeforeMethodInterceptor - Authorized method invocation ReflectiveMethodInvocation: public org.springframework.http.ResponseEntity com.claimswift.reportingservice.controller.ReportingController.reportClaimEvent(java.util.Map); target is of class [com.claimswift.reportingservice.controller.ReportingController]
2026-03-04 12:50:13.763 [http-nio-8087-exec-3] [] INFO  c.c.r.controller.ReportingController - Claim event received: {claimId=1, timestamp=2026-03-04T12:50:13, eventType=SMOKE_TEST, claimNumber=CLM-76D12203}
2026-03-04 12:50:13.819 [http-nio-8087-exec-4] [] DEBUG o.s.security.web.FilterChainProxy - Securing POST /api/reports/status-change
2026-03-04 12:50:13.825 [http-nio-8087-exec-4] [] DEBUG c.c.r.s.JwtAuthenticationFilter - Authenticated user: manager.smoke for URI: /api/reports/status-change
2026-03-04 12:50:13.828 [http-nio-8087-exec-4] [] DEBUG o.s.security.web.FilterChainProxy - Secured POST /api/reports/status-change
2026-03-04 12:50:13.831 [http-nio-8087-exec-4] [] DEBUG o.s.s.a.m.AuthorizationManagerBeforeMethodInterceptor - Authorizing method invocation ReflectiveMethodInvocation: public org.springframework.http.ResponseEntity com.claimswift.reportingservice.controller.ReportingController.reportStatusChange(java.util.Map); target is of class [com.claimswift.reportingservice.controller.ReportingController]
2026-03-04 12:50:13.832 [http-nio-8087-exec-4] [] DEBUG o.s.s.a.m.AuthorizationManagerBeforeMethodInterceptor - Authorized method invocation ReflectiveMethodInvocation: public org.springframework.http.ResponseEntity com.claimswift.reportingservice.controller.ReportingController.reportStatusChange(java.util.Map); target is of class [com.claimswift.reportingservice.controller.ReportingController]
2026-03-04 12:50:13.832 [http-nio-8087-exec-4] [] INFO  c.c.r.controller.ReportingController - Claim status change received: {claimId=1, timestamp=2026-03-04T12:50:13, oldStatus=UNDER_REVIEW, newStatus=APPROVED, claimNumber=CLM-76D12203}
2026-03-04 12:52:48.663 [AsyncResolver-bootstrap-executor-0] [] INFO  c.n.d.s.r.aws.ConfigClusterResolver - Resolving eureka endpoints via configuration
2026-03-04 12:57:48.672 [AsyncResolver-bootstrap-executor-0] [] INFO  c.n.d.s.r.aws.ConfigClusterResolver - Resolving eureka endpoints via configuration
2026-03-04 12:59:10.033 [http-nio-8087-exec-6] [] DEBUG o.s.security.web.FilterChainProxy - Securing GET /actuator/health
2026-03-04 12:59:10.035 [http-nio-8087-exec-6] [] DEBUG o.s.s.w.a.AnonymousAuthenticationFilter - Set SecurityContextHolder to anonymous SecurityContext
2026-03-04 12:59:10.036 [http-nio-8087-exec-6] [] DEBUG o.s.security.web.FilterChainProxy - Secured GET /actuator/health
2026-03-04 13:00:17.060 [http-nio-8087-exec-8] [] DEBUG o.s.security.web.FilterChainProxy - Securing GET /api/reports/claims/summary?startDate=2026-01-01&endDate=2026-12-31
2026-03-04 13:00:17.067 [http-nio-8087-exec-8] [] DEBUG c.c.r.s.JwtAuthenticationFilter - Authenticated user: manager.smoke for URI: /api/reports/claims/summary
2026-03-04 13:00:17.071 [http-nio-8087-exec-8] [] DEBUG o.s.security.web.FilterChainProxy - Secured GET /api/reports/claims/summary?startDate=2026-01-01&endDate=2026-12-31
2026-03-04 13:00:17.075 [http-nio-8087-exec-8] [] ERROR o.a.c.c.C.[.[.[.[dispatcherServlet] - Servlet.service() for servlet [dispatcherServlet] in context with path [] threw exception [Request processing failed: java.lang.IllegalArgumentException: Name for argument of type [java.time.LocalDate] not specified, and parameter name information not found in class file either.] with root cause
java.lang.IllegalArgumentException: Name for argument of type [java.time.LocalDate] not specified, and parameter name information not found in class file either.
	at org.springframework.web.method.annotation.AbstractNamedValueMethodArgumentResolver.updateNamedValueInfo(AbstractNamedValueMethodArgumentResolver.java:183)
	at org.springframework.web.method.annotation.AbstractNamedValueMethodArgumentResolver.getNamedValueInfo(AbstractNamedValueMethodArgumentResolver.java:160)
	at org.springframework.web.method.annotation.AbstractNamedValueMethodArgumentResolver.resolveArgument(AbstractNamedValueMethodArgumentResolver.java:106)
	at org.springframework.web.method.support.HandlerMethodArgumentResolverComposite.resolveArgument(HandlerMethodArgumentResolverComposite.java:122)
	at org.springframework.web.method.support.InvocableHandlerMethod.getMethodArgumentValues(InvocableHandlerMethod.java:218)
	at org.springframework.web.method.support.InvocableHandlerMethod.invokeForRequest(InvocableHandlerMethod.java:171)
	at org.springframework.web.servlet.mvc.method.annotation.ServletInvocableHandlerMethod.invokeAndHandle(ServletInvocableHandlerMethod.java:118)
	at org.springframework.web.servlet.mvc.method.annotation.RequestMappingHandlerAdapter.invokeHandlerMethod(RequestMappingHandlerAdapter.java:917)
	at org.springframework.web.servlet.mvc.method.annotation.RequestMappingHandlerAdapter.handleInternal(RequestMappingHandlerAdapter.java:829)
	at org.springframework.web.servlet.mvc.method.AbstractHandlerMethodAdapter.handle(AbstractHandlerMethodAdapter.java:87)
	at org.springframework.web.servlet.DispatcherServlet.doDispatch(DispatcherServlet.java:1089)
	at org.springframework.web.servlet.DispatcherServlet.doService(DispatcherServlet.java:979)
	at org.springframework.web.servlet.FrameworkServlet.processRequest(FrameworkServlet.java:1014)
	at org.springframework.web.servlet.FrameworkServlet.doGet(FrameworkServlet.java:903)
	at jakarta.servlet.http.HttpServlet.service(HttpServlet.java:564)
	at org.springframework.web.servlet.FrameworkServlet.service(FrameworkServlet.java:885)
	at jakarta.servlet.http.HttpServlet.service(HttpServlet.java:658)
	at org.apache.catalina.core.ApplicationFilterChain.internalDoFilter(ApplicationFilterChain.java:205)
	at org.apache.catalina.core.ApplicationFilterChain.doFilter(ApplicationFilterChain.java:149)
	at org.apache.tomcat.websocket.server.WsFilter.doFilter(WsFilter.java:51)
	at org.apache.catalina.core.ApplicationFilterChain.internalDoFilter(ApplicationFilterChain.java:174)
	at org.apache.catalina.core.ApplicationFilterChain.doFilter(ApplicationFilterChain.java:149)
	at org.springframework.web.filter.OncePerRequestFilter.doFilter(OncePerRequestFilter.java:110)
	at org.apache.catalina.core.ApplicationFilterChain.internalDoFilter(ApplicationFilterChain.java:174)
	at org.apache.catalina.core.ApplicationFilterChain.doFilter(ApplicationFilterChain.java:149)
	at org.springframework.security.web.FilterChainProxy.lambda$doFilterInternal$3(FilterChainProxy.java:231)
	at org.springframework.security.web.ObservationFilterChainDecorator$FilterObservation$SimpleFilterObservation.lambda$wrap$1(ObservationFilterChainDecorator.java:479)
	at org.springframework.security.web.ObservationFilterChainDecorator$AroundFilterObservation$SimpleAroundFilterObservation.lambda$wrap$1(ObservationFilterChainDecorator.java:340)
	at org.springframework.security.web.ObservationFilterChainDecorator.lambda$wrapSecured$0(ObservationFilterChainDecorator.java:82)
	at org.springframework.security.web.ObservationFilterChainDecorator$VirtualFilterChain.doFilter(ObservationFilterChainDecorator.java:128)
	at org.springframework.security.web.access.intercept.AuthorizationFilter.doFilter(AuthorizationFilter.java:100)
	at org.springframework.security.web.ObservationFilterChainDecorator$ObservationFilter.wrapFilter(ObservationFilterChainDecorator.java:240)
	at org.springframework.security.web.ObservationFilterChainDecorator$ObservationFilter.doFilter(ObservationFilterChainDecorator.java:227)
	at org.springframework.security.web.ObservationFilterChainDecorator$VirtualFilterChain.doFilter(ObservationFilterChainDecorator.java:137)
	at org.springframework.security.web.access.ExceptionTranslationFilter.doFilter(ExceptionTranslationFilter.java:126)
	at org.springframework.security.web.access.ExceptionTranslationFilter.doFilter(ExceptionTranslationFilter.java:120)
	at org.springframework.security.web.ObservationFilterChainDecorator$ObservationFilter.wrapFilter(ObservationFilterChainDecorator.java:240)
	at org.springframework.security.web.ObservationFilterChainDecorator$ObservationFilter.doFilter(ObservationFilterChainDecorator.java:227)
	at org.springframework.security.web.ObservationFilterChainDecorator$VirtualFilterChain.doFilter(ObservationFilterChainDecorator.java:137)
	at org.springframework.security.web.session.SessionManagementFilter.doFilter(SessionManagementFilter.java:131)
	at org.springframework.security.web.session.SessionManagementFilter.doFilter(SessionManagementFilter.java:85)
	at org.springframework.security.web.ObservationFilterChainDecorator$ObservationFilter.wrapFilter(ObservationFilterChainDecorator.java:240)
	at org.springframework.security.web.ObservationFilterChainDecorator$ObservationFilter.doFilter(ObservationFilterChainDecorator.java:227)
	at org.springframework.security.web.ObservationFilterChainDecorator$VirtualFilterChain.doFilter(ObservationFilterChainDecorator.java:137)
	at org.springframework.security.web.authentication.AnonymousAuthenticationFilter.doFilter(AnonymousAuthenticationFilter.java:100)
	at org.springframework.security.web.ObservationFilterChainDecorator$ObservationFilter.wrapFilter(ObservationFilterChainDecorator.java:240)
	at org.springframework.security.web.ObservationFilterChainDecorator$ObservationFilter.doFilter(ObservationFilterChainDecorator.java:227)
	at org.springframework.security.web.ObservationFilterChainDecorator$VirtualFilterChain.doFilter(ObservationFilterChainDecorator.java:137)
	at org.springframework.security.web.servletapi.SecurityContextHolderAwareRequestFilter.doFilter(SecurityContextHolderAwareRequestFilter.java:179)
	at org.springframework.security.web.ObservationFilterChainDecorator$ObservationFilter.wrapFilter(ObservationFilterChainDecorator.java:240)
	at org.springframework.security.web.ObservationFilterChainDecorator$ObservationFilter.doFilter(ObservationFilterChainDecorator.java:227)
	at org.springframework.security.web.ObservationFilterChainDecorator$VirtualFilterChain.doFilter(ObservationFilterChainDecorator.java:137)
	at org.springframework.security.web.savedrequest.RequestCacheAwareFilter.doFilter(RequestCacheAwareFilter.java:63)
	at org.springframework.security.web.ObservationFilterChainDecorator$ObservationFilter.wrapFilter(ObservationFilterChainDecorator.java:240)
	at org.springframework.security.web.ObservationFilterChainDecorator$ObservationFilter.doFilter(ObservationFilterChainDecorator.java:227)
	at org.springframework.security.web.ObservationFilterChainDecorator$VirtualFilterChain.doFilter(ObservationFilterChainDecorator.java:137)
	at com.claimswift.reportingservice.security.JwtAuthenticationFilter.doFilterInternal(JwtAuthenticationFilter.java:59)
	at org.springframework.web.filter.OncePerRequestFilter.doFilter(OncePerRequestFilter.java:116)
	at org.springframework.security.web.ObservationFilterChainDecorator$ObservationFilter.wrapFilter(ObservationFilterChainDecorator.java:240)
	at org.springframework.security.web.ObservationFilterChainDecorator$ObservationFilter.doFilter(ObservationFilterChainDecorator.java:227)
	at org.springframework.security.web.ObservationFilterChainDecorator$VirtualFilterChain.doFilter(ObservationFilterChainDecorator.java:137)
	at org.springframework.security.web.authentication.logout.LogoutFilter.doFilter(LogoutFilter.java:107)
	at org.springframework.security.web.authentication.logout.LogoutFilter.doFilter(LogoutFilter.java:93)
	at org.springframework.security.web.ObservationFilterChainDecorator$ObservationFilter.wrapFilter(ObservationFilterChainDecorator.java:240)
	at org.springframework.security.web.ObservationFilterChainDecorator$ObservationFilter.doFilter(ObservationFilterChainDecorator.java:227)
	at org.springframework.security.web.ObservationFilterChainDecorator$VirtualFilterChain.doFilter(ObservationFilterChainDecorator.java:137)
	at org.springframework.web.filter.CorsFilter.doFilterInternal(CorsFilter.java:91)
	at org.springframework.web.filter.OncePerRequestFilter.doFilter(OncePerRequestFilter.java:116)
	at org.springframework.security.web.ObservationFilterChainDecorator$ObservationFilter.wrapFilter(ObservationFilterChainDecorator.java:240)
	at org.springframework.security.web.ObservationFilterChainDecorator$ObservationFilter.doFilter(ObservationFilterChainDecorator.java:227)
	at org.springframework.security.web.ObservationFilterChainDecorator$VirtualFilterChain.doFilter(ObservationFilterChainDecorator.java:137)
	at org.springframework.security.web.header.HeaderWriterFilter.doHeadersAfter(HeaderWriterFilter.java:90)
	at org.springframework.security.web.header.HeaderWriterFilter.doFilterInternal(HeaderWriterFilter.java:75)
	at org.springframework.web.filter.OncePerRequestFilter.doFilter(OncePerRequestFilter.java:116)
	at org.springframework.security.web.ObservationFilterChainDecorator$ObservationFilter.wrapFilter(ObservationFilterChainDecorator.java:240)
	at org.springframework.security.web.ObservationFilterChainDecorator$ObservationFilter.doFilter(ObservationFilterChainDecorator.java:227)
	at org.springframework.security.web.ObservationFilterChainDecorator$VirtualFilterChain.doFilter(ObservationFilterChainDecorator.java:137)
	at org.springframework.security.web.context.SecurityContextHolderFilter.doFilter(SecurityContextHolderFilter.java:82)
	at org.springframework.security.web.context.SecurityContextHolderFilter.doFilter(SecurityContextHolderFilter.java:69)
	at org.springframework.security.web.ObservationFilterChainDecorator$ObservationFilter.wrapFilter(ObservationFilterChainDecorator.java:240)
	at org.springframework.security.web.ObservationFilterChainDecorator$ObservationFilter.doFilter(ObservationFilterChainDecorator.java:227)
	at org.springframework.security.web.ObservationFilterChainDecorator$VirtualFilterChain.doFilter(ObservationFilterChainDecorator.java:137)
	at org.springframework.security.web.context.request.async.WebAsyncManagerIntegrationFilter.doFilterInternal(WebAsyncManagerIntegrationFilter.java:62)
	at org.springframework.web.filter.OncePerRequestFilter.doFilter(OncePerRequestFilter.java:116)
	at org.springframework.security.web.ObservationFilterChainDecorator$ObservationFilter.wrapFilter(ObservationFilterChainDecorator.java:240)
	at org.springframework.security.web.ObservationFilterChainDecorator$ObservationFilter.doFilter(ObservationFilterChainDecorator.java:227)
	at org.springframework.security.web.ObservationFilterChainDecorator$VirtualFilterChain.doFilter(ObservationFilterChainDecorator.java:137)
	at org.springframework.security.web.session.DisableEncodeUrlFilter.doFilterInternal(DisableEncodeUrlFilter.java:42)
	at org.springframework.web.filter.OncePerRequestFilter.doFilter(OncePerRequestFilter.java:116)
	at org.springframework.security.web.ObservationFilterChainDecorator$ObservationFilter.wrapFilter(ObservationFilterChainDecorator.java:240)
	at org.springframework.security.web.ObservationFilterChainDecorator$AroundFilterObservation$SimpleAroundFilterObservation.lambda$wrap$0(ObservationFilterChainDecorator.java:323)
	at org.springframework.security.web.ObservationFilterChainDecorator$ObservationFilter.doFilter(ObservationFilterChainDecorator.java:224)
	at org.springframework.security.web.ObservationFilterChainDecorator$VirtualFilterChain.doFilter(ObservationFilterChainDecorator.java:137)
	at org.springframework.security.web.FilterChainProxy.doFilterInternal(FilterChainProxy.java:233)
	at org.springframework.security.web.FilterChainProxy.doFilter(FilterChainProxy.java:191)
	at org.springframework.web.filter.DelegatingFilterProxy.invokeDelegate(DelegatingFilterProxy.java:352)
	at org.springframework.web.filter.DelegatingFilterProxy.doFilter(DelegatingFilterProxy.java:268)
	at org.apache.catalina.core.ApplicationFilterChain.internalDoFilter(ApplicationFilterChain.java:174)
	at org.apache.catalina.core.ApplicationFilterChain.doFilter(ApplicationFilterChain.java:149)
	at org.springframework.web.filter.RequestContextFilter.doFilterInternal(RequestContextFilter.java:100)
	at org.springframework.web.filter.OncePerRequestFilter.doFilter(OncePerRequestFilter.java:116)
	at org.apache.catalina.core.ApplicationFilterChain.internalDoFilter(ApplicationFilterChain.java:174)
	at org.apache.catalina.core.ApplicationFilterChain.doFilter(ApplicationFilterChain.java:149)
	at org.springframework.web.filter.FormContentFilter.doFilterInternal(FormContentFilter.java:93)
	at org.springframework.web.filter.OncePerRequestFilter.doFilter(OncePerRequestFilter.java:116)
	at org.apache.catalina.core.ApplicationFilterChain.internalDoFilter(ApplicationFilterChain.java:174)
	at org.apache.catalina.core.ApplicationFilterChain.doFilter(ApplicationFilterChain.java:149)
	at org.springframework.web.filter.ServerHttpObservationFilter.doFilterInternal(ServerHttpObservationFilter.java:109)
	at org.springframework.web.filter.OncePerRequestFilter.doFilter(OncePerRequestFilter.java:116)
	at org.apache.catalina.core.ApplicationFilterChain.internalDoFilter(ApplicationFilterChain.java:174)
	at org.apache.catalina.core.ApplicationFilterChain.doFilter(ApplicationFilterChain.java:149)
	at org.springframework.web.filter.CharacterEncodingFilter.doFilterInternal(CharacterEncodingFilter.java:201)
	at org.springframework.web.filter.OncePerRequestFilter.doFilter(OncePerRequestFilter.java:116)
	at org.apache.catalina.core.ApplicationFilterChain.internalDoFilter(ApplicationFilterChain.java:174)
	at org.apache.catalina.core.ApplicationFilterChain.doFilter(ApplicationFilterChain.java:149)
	at org.apache.catalina.core.StandardWrapperValve.invoke(StandardWrapperValve.java:167)
	at org.apache.catalina.core.StandardContextValve.invoke(StandardContextValve.java:90)
	at org.apache.catalina.authenticator.AuthenticatorBase.invoke(AuthenticatorBase.java:482)
	at org.apache.catalina.core.StandardHostValve.invoke(StandardHostValve.java:115)
	at org.apache.catalina.valves.ErrorReportValve.invoke(ErrorReportValve.java:93)
	at org.apache.catalina.core.StandardEngineValve.invoke(StandardEngineValve.java:74)
	at org.apache.catalina.connector.CoyoteAdapter.service(CoyoteAdapter.java:340)
	at org.apache.coyote.http11.Http11Processor.service(Http11Processor.java:391)
	at org.apache.coyote.AbstractProcessorLight.process(AbstractProcessorLight.java:63)
	at org.apache.coyote.AbstractProtocol$ConnectionHandler.process(AbstractProtocol.java:896)
	at org.apache.tomcat.util.net.NioEndpoint$SocketProcessor.doRun(NioEndpoint.java:1744)
	at org.apache.tomcat.util.net.SocketProcessorBase.run(SocketProcessorBase.java:52)
	at org.apache.tomcat.util.threads.ThreadPoolExecutor.runWorker(ThreadPoolExecutor.java:1191)
	at org.apache.tomcat.util.threads.ThreadPoolExecutor$Worker.run(ThreadPoolExecutor.java:659)
	at org.apache.tomcat.util.threads.TaskThread$WrappingRunnable.run(TaskThread.java:61)
	at java.base/java.lang.Thread.run(Thread.java:1583)
2026-03-04 13:00:17.077 [http-nio-8087-exec-8] [] DEBUG o.s.security.web.FilterChainProxy - Securing GET /error?startDate=2026-01-01&endDate=2026-12-31
2026-03-04 13:00:17.080 [http-nio-8087-exec-8] [] DEBUG o.s.s.w.a.AnonymousAuthenticationFilter - Set SecurityContextHolder to anonymous SecurityContext
2026-03-04 13:00:17.082 [http-nio-8087-exec-8] [] DEBUG o.s.s.w.a.Http403ForbiddenEntryPoint - Pre-authenticated entry point called. Rejecting access
2026-03-04 13:00:17.090 [http-nio-8087-exec-9] [] DEBUG o.s.security.web.FilterChainProxy - Securing GET /api/reports/claims/summary/pdf?startDate=2026-01-01&endDate=2026-12-31
2026-03-04 13:00:17.094 [http-nio-8087-exec-9] [] DEBUG c.c.r.s.JwtAuthenticationFilter - Authenticated user: manager.smoke for URI: /api/reports/claims/summary/pdf
2026-03-04 13:00:17.097 [http-nio-8087-exec-9] [] DEBUG o.s.security.web.FilterChainProxy - Secured GET /api/reports/claims/summary/pdf?startDate=2026-01-01&endDate=2026-12-31
2026-03-04 13:00:17.099 [http-nio-8087-exec-9] [] ERROR o.a.c.c.C.[.[.[.[dispatcherServlet] - Servlet.service() for servlet [dispatcherServlet] in context with path [] threw exception [Request processing failed: java.lang.IllegalArgumentException: Name for argument of type [java.time.LocalDate] not specified, and parameter name information not found in class file either.] with root cause
java.lang.IllegalArgumentException: Name for argument of type [java.time.LocalDate] not specified, and parameter name information not found in class file either.
	at org.springframework.web.method.annotation.AbstractNamedValueMethodArgumentResolver.updateNamedValueInfo(AbstractNamedValueMethodArgumentResolver.java:183)
	at org.springframework.web.method.annotation.AbstractNamedValueMethodArgumentResolver.getNamedValueInfo(AbstractNamedValueMethodArgumentResolver.java:160)
	at org.springframework.web.method.annotation.AbstractNamedValueMethodArgumentResolver.resolveArgument(AbstractNamedValueMethodArgumentResolver.java:106)
	at org.springframework.web.method.support.HandlerMethodArgumentResolverComposite.resolveArgument(HandlerMethodArgumentResolverComposite.java:122)
	at org.springframework.web.method.support.InvocableHandlerMethod.getMethodArgumentValues(InvocableHandlerMethod.java:218)
	at org.springframework.web.method.support.InvocableHandlerMethod.invokeForRequest(InvocableHandlerMethod.java:171)
	at org.springframework.web.servlet.mvc.method.annotation.ServletInvocableHandlerMethod.invokeAndHandle(ServletInvocableHandlerMethod.java:118)
	at org.springframework.web.servlet.mvc.method.annotation.RequestMappingHandlerAdapter.invokeHandlerMethod(RequestMappingHandlerAdapter.java:917)
	at org.springframework.web.servlet.mvc.method.annotation.RequestMappingHandlerAdapter.handleInternal(RequestMappingHandlerAdapter.java:829)
	at org.springframework.web.servlet.mvc.method.AbstractHandlerMethodAdapter.handle(AbstractHandlerMethodAdapter.java:87)
	at org.springframework.web.servlet.DispatcherServlet.doDispatch(DispatcherServlet.java:1089)
	at org.springframework.web.servlet.DispatcherServlet.doService(DispatcherServlet.java:979)
	at org.springframework.web.servlet.FrameworkServlet.processRequest(FrameworkServlet.java:1014)
	at org.springframework.web.servlet.FrameworkServlet.doGet(FrameworkServlet.java:903)
	at jakarta.servlet.http.HttpServlet.service(HttpServlet.java:564)
	at org.springframework.web.servlet.FrameworkServlet.service(FrameworkServlet.java:885)
	at jakarta.servlet.http.HttpServlet.service(HttpServlet.java:658)
	at org.apache.catalina.core.ApplicationFilterChain.internalDoFilter(ApplicationFilterChain.java:205)
	at org.apache.catalina.core.ApplicationFilterChain.doFilter(ApplicationFilterChain.java:149)
	at org.apache.tomcat.websocket.server.WsFilter.doFilter(WsFilter.java:51)
	at org.apache.catalina.core.ApplicationFilterChain.internalDoFilter(ApplicationFilterChain.java:174)
	at org.apache.catalina.core.ApplicationFilterChain.doFilter(ApplicationFilterChain.java:149)
	at org.springframework.web.filter.OncePerRequestFilter.doFilter(OncePerRequestFilter.java:110)
	at org.apache.catalina.core.ApplicationFilterChain.internalDoFilter(ApplicationFilterChain.java:174)
	at org.apache.catalina.core.ApplicationFilterChain.doFilter(ApplicationFilterChain.java:149)
	at org.springframework.security.web.FilterChainProxy.lambda$doFilterInternal$3(FilterChainProxy.java:231)
	at org.springframework.security.web.ObservationFilterChainDecorator$FilterObservation$SimpleFilterObservation.lambda$wrap$1(ObservationFilterChainDecorator.java:479)
	at org.springframework.security.web.ObservationFilterChainDecorator$AroundFilterObservation$SimpleAroundFilterObservation.lambda$wrap$1(ObservationFilterChainDecorator.java:340)
	at org.springframework.security.web.ObservationFilterChainDecorator.lambda$wrapSecured$0(ObservationFilterChainDecorator.java:82)
	at org.springframework.security.web.ObservationFilterChainDecorator$VirtualFilterChain.doFilter(ObservationFilterChainDecorator.java:128)
	at org.springframework.security.web.access.intercept.AuthorizationFilter.doFilter(AuthorizationFilter.java:100)
	at org.springframework.security.web.ObservationFilterChainDecorator$ObservationFilter.wrapFilter(ObservationFilterChainDecorator.java:240)
	at org.springframework.security.web.ObservationFilterChainDecorator$ObservationFilter.doFilter(ObservationFilterChainDecorator.java:227)
	at org.springframework.security.web.ObservationFilterChainDecorator$VirtualFilterChain.doFilter(ObservationFilterChainDecorator.java:137)
	at org.springframework.security.web.access.ExceptionTranslationFilter.doFilter(ExceptionTranslationFilter.java:126)
	at org.springframework.security.web.access.ExceptionTranslationFilter.doFilter(ExceptionTranslationFilter.java:120)
	at org.springframework.security.web.ObservationFilterChainDecorator$ObservationFilter.wrapFilter(ObservationFilterChainDecorator.java:240)
	at org.springframework.security.web.ObservationFilterChainDecorator$ObservationFilter.doFilter(ObservationFilterChainDecorator.java:227)
	at org.springframework.security.web.ObservationFilterChainDecorator$VirtualFilterChain.doFilter(ObservationFilterChainDecorator.java:137)
	at org.springframework.security.web.session.SessionManagementFilter.doFilter(SessionManagementFilter.java:131)
	at org.springframework.security.web.session.SessionManagementFilter.doFilter(SessionManagementFilter.java:85)
	at org.springframework.security.web.ObservationFilterChainDecorator$ObservationFilter.wrapFilter(ObservationFilterChainDecorator.java:240)
	at org.springframework.security.web.ObservationFilterChainDecorator$ObservationFilter.doFilter(ObservationFilterChainDecorator.java:227)
	at org.springframework.security.web.ObservationFilterChainDecorator$VirtualFilterChain.doFilter(ObservationFilterChainDecorator.java:137)
	at org.springframework.security.web.authentication.AnonymousAuthenticationFilter.doFilter(AnonymousAuthenticationFilter.java:100)
	at org.springframework.security.web.ObservationFilterChainDecorator$ObservationFilter.wrapFilter(ObservationFilterChainDecorator.java:240)
	at org.springframework.security.web.ObservationFilterChainDecorator$ObservationFilter.doFilter(ObservationFilterChainDecorator.java:227)
	at org.springframework.security.web.ObservationFilterChainDecorator$VirtualFilterChain.doFilter(ObservationFilterChainDecorator.java:137)
	at org.springframework.security.web.servletapi.SecurityContextHolderAwareRequestFilter.doFilter(SecurityContextHolderAwareRequestFilter.java:179)
	at org.springframework.security.web.ObservationFilterChainDecorator$ObservationFilter.wrapFilter(ObservationFilterChainDecorator.java:240)
	at org.springframework.security.web.ObservationFilterChainDecorator$ObservationFilter.doFilter(ObservationFilterChainDecorator.java:227)
	at org.springframework.security.web.ObservationFilterChainDecorator$VirtualFilterChain.doFilter(ObservationFilterChainDecorator.java:137)
	at org.springframework.security.web.savedrequest.RequestCacheAwareFilter.doFilter(RequestCacheAwareFilter.java:63)
	at org.springframework.security.web.ObservationFilterChainDecorator$ObservationFilter.wrapFilter(ObservationFilterChainDecorator.java:240)
	at org.springframework.security.web.ObservationFilterChainDecorator$ObservationFilter.doFilter(ObservationFilterChainDecorator.java:227)
	at org.springframework.security.web.ObservationFilterChainDecorator$VirtualFilterChain.doFilter(ObservationFilterChainDecorator.java:137)
	at com.claimswift.reportingservice.security.JwtAuthenticationFilter.doFilterInternal(JwtAuthenticationFilter.java:59)
	at org.springframework.web.filter.OncePerRequestFilter.doFilter(OncePerRequestFilter.java:116)
	at org.springframework.security.web.ObservationFilterChainDecorator$ObservationFilter.wrapFilter(ObservationFilterChainDecorator.java:240)
	at org.springframework.security.web.ObservationFilterChainDecorator$ObservationFilter.doFilter(ObservationFilterChainDecorator.java:227)
	at org.springframework.security.web.ObservationFilterChainDecorator$VirtualFilterChain.doFilter(ObservationFilterChainDecorator.java:137)
	at org.springframework.security.web.authentication.logout.LogoutFilter.doFilter(LogoutFilter.java:107)
	at org.springframework.security.web.authentication.logout.LogoutFilter.doFilter(LogoutFilter.java:93)
	at org.springframework.security.web.ObservationFilterChainDecorator$ObservationFilter.wrapFilter(ObservationFilterChainDecorator.java:240)
	at org.springframework.security.web.ObservationFilterChainDecorator$ObservationFilter.doFilter(ObservationFilterChainDecorator.java:227)
	at org.springframework.security.web.ObservationFilterChainDecorator$VirtualFilterChain.doFilter(ObservationFilterChainDecorator.java:137)
	at org.springframework.web.filter.CorsFilter.doFilterInternal(CorsFilter.java:91)
	at org.springframework.web.filter.OncePerRequestFilter.doFilter(OncePerRequestFilter.java:116)
	at org.springframework.security.web.ObservationFilterChainDecorator$ObservationFilter.wrapFilter(ObservationFilterChainDecorator.java:240)
	at org.springframework.security.web.ObservationFilterChainDecorator$ObservationFilter.doFilter(ObservationFilterChainDecorator.java:227)
	at org.springframework.security.web.ObservationFilterChainDecorator$VirtualFilterChain.doFilter(ObservationFilterChainDecorator.java:137)
	at org.springframework.security.web.header.HeaderWriterFilter.doHeadersAfter(HeaderWriterFilter.java:90)
	at org.springframework.security.web.header.HeaderWriterFilter.doFilterInternal(HeaderWriterFilter.java:75)
	at org.springframework.web.filter.OncePerRequestFilter.doFilter(OncePerRequestFilter.java:116)
	at org.springframework.security.web.ObservationFilterChainDecorator$ObservationFilter.wrapFilter(ObservationFilterChainDecorator.java:240)
	at org.springframework.security.web.ObservationFilterChainDecorator$ObservationFilter.doFilter(ObservationFilterChainDecorator.java:227)
	at org.springframework.security.web.ObservationFilterChainDecorator$VirtualFilterChain.doFilter(ObservationFilterChainDecorator.java:137)
	at org.springframework.security.web.context.SecurityContextHolderFilter.doFilter(SecurityContextHolderFilter.java:82)
	at org.springframework.security.web.context.SecurityContextHolderFilter.doFilter(SecurityContextHolderFilter.java:69)
	at org.springframework.security.web.ObservationFilterChainDecorator$ObservationFilter.wrapFilter(ObservationFilterChainDecorator.java:240)
	at org.springframework.security.web.ObservationFilterChainDecorator$ObservationFilter.doFilter(ObservationFilterChainDecorator.java:227)
	at org.springframework.security.web.ObservationFilterChainDecorator$VirtualFilterChain.doFilter(ObservationFilterChainDecorator.java:137)
	at org.springframework.security.web.context.request.async.WebAsyncManagerIntegrationFilter.doFilterInternal(WebAsyncManagerIntegrationFilter.java:62)
	at org.springframework.web.filter.OncePerRequestFilter.doFilter(OncePerRequestFilter.java:116)
	at org.springframework.security.web.ObservationFilterChainDecorator$ObservationFilter.wrapFilter(ObservationFilterChainDecorator.java:240)
	at org.springframework.security.web.ObservationFilterChainDecorator$ObservationFilter.doFilter(ObservationFilterChainDecorator.java:227)
	at org.springframework.security.web.ObservationFilterChainDecorator$VirtualFilterChain.doFilter(ObservationFilterChainDecorator.java:137)
	at org.springframework.security.web.session.DisableEncodeUrlFilter.doFilterInternal(DisableEncodeUrlFilter.java:42)
	at org.springframework.web.filter.OncePerRequestFilter.doFilter(OncePerRequestFilter.java:116)
	at org.springframework.security.web.ObservationFilterChainDecorator$ObservationFilter.wrapFilter(ObservationFilterChainDecorator.java:240)
	at org.springframework.security.web.ObservationFilterChainDecorator$AroundFilterObservation$SimpleAroundFilterObservation.lambda$wrap$0(ObservationFilterChainDecorator.java:323)
	at org.springframework.security.web.ObservationFilterChainDecorator$ObservationFilter.doFilter(ObservationFilterChainDecorator.java:224)
	at org.springframework.security.web.ObservationFilterChainDecorator$VirtualFilterChain.doFilter(ObservationFilterChainDecorator.java:137)
	at org.springframework.security.web.FilterChainProxy.doFilterInternal(FilterChainProxy.java:233)
	at org.springframework.security.web.FilterChainProxy.doFilter(FilterChainProxy.java:191)
	at org.springframework.web.filter.DelegatingFilterProxy.invokeDelegate(DelegatingFilterProxy.java:352)
	at org.springframework.web.filter.DelegatingFilterProxy.doFilter(DelegatingFilterProxy.java:268)
	at org.apache.catalina.core.ApplicationFilterChain.internalDoFilter(ApplicationFilterChain.java:174)
	at org.apache.catalina.core.ApplicationFilterChain.doFilter(ApplicationFilterChain.java:149)
	at org.springframework.web.filter.RequestContextFilter.doFilterInternal(RequestContextFilter.java:100)
	at org.springframework.web.filter.OncePerRequestFilter.doFilter(OncePerRequestFilter.java:116)
	at org.apache.catalina.core.ApplicationFilterChain.internalDoFilter(ApplicationFilterChain.java:174)
	at org.apache.catalina.core.ApplicationFilterChain.doFilter(ApplicationFilterChain.java:149)
	at org.springframework.web.filter.FormContentFilter.doFilterInternal(FormContentFilter.java:93)
	at org.springframework.web.filter.OncePerRequestFilter.doFilter(OncePerRequestFilter.java:116)
	at org.apache.catalina.core.ApplicationFilterChain.internalDoFilter(ApplicationFilterChain.java:174)
	at org.apache.catalina.core.ApplicationFilterChain.doFilter(ApplicationFilterChain.java:149)
	at org.springframework.web.filter.ServerHttpObservationFilter.doFilterInternal(ServerHttpObservationFilter.java:109)
	at org.springframework.web.filter.OncePerRequestFilter.doFilter(OncePerRequestFilter.java:116)
	at org.apache.catalina.core.ApplicationFilterChain.internalDoFilter(ApplicationFilterChain.java:174)
	at org.apache.catalina.core.ApplicationFilterChain.doFilter(ApplicationFilterChain.java:149)
	at org.springframework.web.filter.CharacterEncodingFilter.doFilterInternal(CharacterEncodingFilter.java:201)
	at org.springframework.web.filter.OncePerRequestFilter.doFilter(OncePerRequestFilter.java:116)
	at org.apache.catalina.core.ApplicationFilterChain.internalDoFilter(ApplicationFilterChain.java:174)
	at org.apache.catalina.core.ApplicationFilterChain.doFilter(ApplicationFilterChain.java:149)
	at org.apache.catalina.core.StandardWrapperValve.invoke(StandardWrapperValve.java:167)
	at org.apache.catalina.core.StandardContextValve.invoke(StandardContextValve.java:90)
	at org.apache.catalina.authenticator.AuthenticatorBase.invoke(AuthenticatorBase.java:482)
	at org.apache.catalina.core.StandardHostValve.invoke(StandardHostValve.java:115)
	at org.apache.catalina.valves.ErrorReportValve.invoke(ErrorReportValve.java:93)
	at org.apache.catalina.core.StandardEngineValve.invoke(StandardEngineValve.java:74)
	at org.apache.catalina.connector.CoyoteAdapter.service(CoyoteAdapter.java:340)
	at org.apache.coyote.http11.Http11Processor.service(Http11Processor.java:391)
	at org.apache.coyote.AbstractProcessorLight.process(AbstractProcessorLight.java:63)
	at org.apache.coyote.AbstractProtocol$ConnectionHandler.process(AbstractProtocol.java:896)
	at org.apache.tomcat.util.net.NioEndpoint$SocketProcessor.doRun(NioEndpoint.java:1744)
	at org.apache.tomcat.util.net.SocketProcessorBase.run(SocketProcessorBase.java:52)
	at org.apache.tomcat.util.threads.ThreadPoolExecutor.runWorker(ThreadPoolExecutor.java:1191)
	at org.apache.tomcat.util.threads.ThreadPoolExecutor$Worker.run(ThreadPoolExecutor.java:659)
	at org.apache.tomcat.util.threads.TaskThread$WrappingRunnable.run(TaskThread.java:61)
	at java.base/java.lang.Thread.run(Thread.java:1583)
2026-03-04 13:00:17.101 [http-nio-8087-exec-9] [] DEBUG o.s.security.web.FilterChainProxy - Securing GET /error?startDate=2026-01-01&endDate=2026-12-31
2026-03-04 13:00:17.104 [http-nio-8087-exec-9] [] DEBUG o.s.s.w.a.AnonymousAuthenticationFilter - Set SecurityContextHolder to anonymous SecurityContext
2026-03-04 13:00:17.105 [http-nio-8087-exec-9] [] DEBUG o.s.s.w.a.Http403ForbiddenEntryPoint - Pre-authenticated entry point called. Rejecting access
2026-03-04 13:00:17.113 [http-nio-8087-exec-10] [] DEBUG o.s.security.web.FilterChainProxy - Securing GET /api/reports/payments?startDate=2026-01-01&endDate=2026-12-31
2026-03-04 13:00:17.119 [http-nio-8087-exec-10] [] DEBUG c.c.r.s.JwtAuthenticationFilter - Authenticated user: manager.smoke for URI: /api/reports/payments
2026-03-04 13:00:17.122 [http-nio-8087-exec-10] [] DEBUG o.s.security.web.FilterChainProxy - Secured GET /api/reports/payments?startDate=2026-01-01&endDate=2026-12-31
2026-03-04 13:00:17.126 [http-nio-8087-exec-10] [] ERROR o.a.c.c.C.[.[.[.[dispatcherServlet] - Servlet.service() for servlet [dispatcherServlet] in context with path [] threw exception [Request processing failed: java.lang.IllegalArgumentException: Name for argument of type [java.time.LocalDate] not specified, and parameter name information not found in class file either.] with root cause
java.lang.IllegalArgumentException: Name for argument of type [java.time.LocalDate] not specified, and parameter name information not found in class file either.
	at org.springframework.web.method.annotation.AbstractNamedValueMethodArgumentResolver.updateNamedValueInfo(AbstractNamedValueMethodArgumentResolver.java:183)
	at org.springframework.web.method.annotation.AbstractNamedValueMethodArgumentResolver.getNamedValueInfo(AbstractNamedValueMethodArgumentResolver.java:160)
	at org.springframework.web.method.annotation.AbstractNamedValueMethodArgumentResolver.resolveArgument(AbstractNamedValueMethodArgumentResolver.java:106)
	at org.springframework.web.method.support.HandlerMethodArgumentResolverComposite.resolveArgument(HandlerMethodArgumentResolverComposite.java:122)
	at org.springframework.web.method.support.InvocableHandlerMethod.getMethodArgumentValues(InvocableHandlerMethod.java:218)
	at org.springframework.web.method.support.InvocableHandlerMethod.invokeForRequest(InvocableHandlerMethod.java:171)
	at org.springframework.web.servlet.mvc.method.annotation.ServletInvocableHandlerMethod.invokeAndHandle(ServletInvocableHandlerMethod.java:118)
	at org.springframework.web.servlet.mvc.method.annotation.RequestMappingHandlerAdapter.invokeHandlerMethod(RequestMappingHandlerAdapter.java:917)
	at org.springframework.web.servlet.mvc.method.annotation.RequestMappingHandlerAdapter.handleInternal(RequestMappingHandlerAdapter.java:829)
	at org.springframework.web.servlet.mvc.method.AbstractHandlerMethodAdapter.handle(AbstractHandlerMethodAdapter.java:87)
	at org.springframework.web.servlet.DispatcherServlet.doDispatch(DispatcherServlet.java:1089)
	at org.springframework.web.servlet.DispatcherServlet.doService(DispatcherServlet.java:979)
	at org.springframework.web.servlet.FrameworkServlet.processRequest(FrameworkServlet.java:1014)
	at org.springframework.web.servlet.FrameworkServlet.doGet(FrameworkServlet.java:903)
	at jakarta.servlet.http.HttpServlet.service(HttpServlet.java:564)
	at org.springframework.web.servlet.FrameworkServlet.service(FrameworkServlet.java:885)
	at jakarta.servlet.http.HttpServlet.service(HttpServlet.java:658)
	at org.apache.catalina.core.ApplicationFilterChain.internalDoFilter(ApplicationFilterChain.java:205)
	at org.apache.catalina.core.ApplicationFilterChain.doFilter(ApplicationFilterChain.java:149)
	at org.apache.tomcat.websocket.server.WsFilter.doFilter(WsFilter.java:51)
	at org.apache.catalina.core.ApplicationFilterChain.internalDoFilter(ApplicationFilterChain.java:174)
	at org.apache.catalina.core.ApplicationFilterChain.doFilter(ApplicationFilterChain.java:149)
	at org.springframework.web.filter.OncePerRequestFilter.doFilter(OncePerRequestFilter.java:110)
	at org.apache.catalina.core.ApplicationFilterChain.internalDoFilter(ApplicationFilterChain.java:174)
	at org.apache.catalina.core.ApplicationFilterChain.doFilter(ApplicationFilterChain.java:149)
	at org.springframework.security.web.FilterChainProxy.lambda$doFilterInternal$3(FilterChainProxy.java:231)
	at org.springframework.security.web.ObservationFilterChainDecorator$FilterObservation$SimpleFilterObservation.lambda$wrap$1(ObservationFilterChainDecorator.java:479)
	at org.springframework.security.web.ObservationFilterChainDecorator$AroundFilterObservation$SimpleAroundFilterObservation.lambda$wrap$1(ObservationFilterChainDecorator.java:340)
	at org.springframework.security.web.ObservationFilterChainDecorator.lambda$wrapSecured$0(ObservationFilterChainDecorator.java:82)
	at org.springframework.security.web.ObservationFilterChainDecorator$VirtualFilterChain.doFilter(ObservationFilterChainDecorator.java:128)
	at org.springframework.security.web.access.intercept.AuthorizationFilter.doFilter(AuthorizationFilter.java:100)
	at org.springframework.security.web.ObservationFilterChainDecorator$ObservationFilter.wrapFilter(ObservationFilterChainDecorator.java:240)
	at org.springframework.security.web.ObservationFilterChainDecorator$ObservationFilter.doFilter(ObservationFilterChainDecorator.java:227)
	at org.springframework.security.web.ObservationFilterChainDecorator$VirtualFilterChain.doFilter(ObservationFilterChainDecorator.java:137)
	at org.springframework.security.web.access.ExceptionTranslationFilter.doFilter(ExceptionTranslationFilter.java:126)
	at org.springframework.security.web.access.ExceptionTranslationFilter.doFilter(ExceptionTranslationFilter.java:120)
	at org.springframework.security.web.ObservationFilterChainDecorator$ObservationFilter.wrapFilter(ObservationFilterChainDecorator.java:240)
	at org.springframework.security.web.ObservationFilterChainDecorator$ObservationFilter.doFilter(ObservationFilterChainDecorator.java:227)
	at org.springframework.security.web.ObservationFilterChainDecorator$VirtualFilterChain.doFilter(ObservationFilterChainDecorator.java:137)
	at org.springframework.security.web.session.SessionManagementFilter.doFilter(SessionManagementFilter.java:131)
	at org.springframework.security.web.session.SessionManagementFilter.doFilter(SessionManagementFilter.java:85)
	at org.springframework.security.web.ObservationFilterChainDecorator$ObservationFilter.wrapFilter(ObservationFilterChainDecorator.java:240)
	at org.springframework.security.web.ObservationFilterChainDecorator$ObservationFilter.doFilter(ObservationFilterChainDecorator.java:227)
	at org.springframework.security.web.ObservationFilterChainDecorator$VirtualFilterChain.doFilter(ObservationFilterChainDecorator.java:137)
	at org.springframework.security.web.authentication.AnonymousAuthenticationFilter.doFilter(AnonymousAuthenticationFilter.java:100)
	at org.springframework.security.web.ObservationFilterChainDecorator$ObservationFilter.wrapFilter(ObservationFilterChainDecorator.java:240)
	at org.springframework.security.web.ObservationFilterChainDecorator$ObservationFilter.doFilter(ObservationFilterChainDecorator.java:227)
	at org.springframework.security.web.ObservationFilterChainDecorator$VirtualFilterChain.doFilter(ObservationFilterChainDecorator.java:137)
	at org.springframework.security.web.servletapi.SecurityContextHolderAwareRequestFilter.doFilter(SecurityContextHolderAwareRequestFilter.java:179)
	at org.springframework.security.web.ObservationFilterChainDecorator$ObservationFilter.wrapFilter(ObservationFilterChainDecorator.java:240)
	at org.springframework.security.web.ObservationFilterChainDecorator$ObservationFilter.doFilter(ObservationFilterChainDecorator.java:227)
	at org.springframework.security.web.ObservationFilterChainDecorator$VirtualFilterChain.doFilter(ObservationFilterChainDecorator.java:137)
	at org.springframework.security.web.savedrequest.RequestCacheAwareFilter.doFilter(RequestCacheAwareFilter.java:63)
	at org.springframework.security.web.ObservationFilterChainDecorator$ObservationFilter.wrapFilter(ObservationFilterChainDecorator.java:240)
	at org.springframework.security.web.ObservationFilterChainDecorator$ObservationFilter.doFilter(ObservationFilterChainDecorator.java:227)
	at org.springframework.security.web.ObservationFilterChainDecorator$VirtualFilterChain.doFilter(ObservationFilterChainDecorator.java:137)
	at com.claimswift.reportingservice.security.JwtAuthenticationFilter.doFilterInternal(JwtAuthenticationFilter.java:59)
	at org.springframework.web.filter.OncePerRequestFilter.doFilter(OncePerRequestFilter.java:116)
	at org.springframework.security.web.ObservationFilterChainDecorator$ObservationFilter.wrapFilter(ObservationFilterChainDecorator.java:240)
	at org.springframework.security.web.ObservationFilterChainDecorator$ObservationFilter.doFilter(ObservationFilterChainDecorator.java:227)
	at org.springframework.security.web.ObservationFilterChainDecorator$VirtualFilterChain.doFilter(ObservationFilterChainDecorator.java:137)
	at org.springframework.security.web.authentication.logout.LogoutFilter.doFilter(LogoutFilter.java:107)
	at org.springframework.security.web.authentication.logout.LogoutFilter.doFilter(LogoutFilter.java:93)
	at org.springframework.security.web.ObservationFilterChainDecorator$ObservationFilter.wrapFilter(ObservationFilterChainDecorator.java:240)
	at org.springframework.security.web.ObservationFilterChainDecorator$ObservationFilter.doFilter(ObservationFilterChainDecorator.java:227)
	at org.springframework.security.web.ObservationFilterChainDecorator$VirtualFilterChain.doFilter(ObservationFilterChainDecorator.java:137)
	at org.springframework.web.filter.CorsFilter.doFilterInternal(CorsFilter.java:91)
	at org.springframework.web.filter.OncePerRequestFilter.doFilter(OncePerRequestFilter.java:116)
	at org.springframework.security.web.ObservationFilterChainDecorator$ObservationFilter.wrapFilter(ObservationFilterChainDecorator.java:240)
	at org.springframework.security.web.ObservationFilterChainDecorator$ObservationFilter.doFilter(ObservationFilterChainDecorator.java:227)
	at org.springframework.security.web.ObservationFilterChainDecorator$VirtualFilterChain.doFilter(ObservationFilterChainDecorator.java:137)
	at org.springframework.security.web.header.HeaderWriterFilter.doHeadersAfter(HeaderWriterFilter.java:90)
	at org.springframework.security.web.header.HeaderWriterFilter.doFilterInternal(HeaderWriterFilter.java:75)
	at org.springframework.web.filter.OncePerRequestFilter.doFilter(OncePerRequestFilter.java:116)
	at org.springframework.security.web.ObservationFilterChainDecorator$ObservationFilter.wrapFilter(ObservationFilterChainDecorator.java:240)
	at org.springframework.security.web.ObservationFilterChainDecorator$ObservationFilter.doFilter(ObservationFilterChainDecorator.java:227)
	at org.springframework.security.web.ObservationFilterChainDecorator$VirtualFilterChain.doFilter(ObservationFilterChainDecorator.java:137)
	at org.springframework.security.web.context.SecurityContextHolderFilter.doFilter(SecurityContextHolderFilter.java:82)
	at org.springframework.security.web.context.SecurityContextHolderFilter.doFilter(SecurityContextHolderFilter.java:69)
	at org.springframework.security.web.ObservationFilterChainDecorator$ObservationFilter.wrapFilter(ObservationFilterChainDecorator.java:240)
	at org.springframework.security.web.ObservationFilterChainDecorator$ObservationFilter.doFilter(ObservationFilterChainDecorator.java:227)
	at org.springframework.security.web.ObservationFilterChainDecorator$VirtualFilterChain.doFilter(ObservationFilterChainDecorator.java:137)
	at org.springframework.security.web.context.request.async.WebAsyncManagerIntegrationFilter.doFilterInternal(WebAsyncManagerIntegrationFilter.java:62)
	at org.springframework.web.filter.OncePerRequestFilter.doFilter(OncePerRequestFilter.java:116)
	at org.springframework.security.web.ObservationFilterChainDecorator$ObservationFilter.wrapFilter(ObservationFilterChainDecorator.java:240)
	at org.springframework.security.web.ObservationFilterChainDecorator$ObservationFilter.doFilter(ObservationFilterChainDecorator.java:227)
	at org.springframework.security.web.ObservationFilterChainDecorator$VirtualFilterChain.doFilter(ObservationFilterChainDecorator.java:137)
	at org.springframework.security.web.session.DisableEncodeUrlFilter.doFilterInternal(DisableEncodeUrlFilter.java:42)
	at org.springframework.web.filter.OncePerRequestFilter.doFilter(OncePerRequestFilter.java:116)
	at org.springframework.security.web.ObservationFilterChainDecorator$ObservationFilter.wrapFilter(ObservationFilterChainDecorator.java:240)
	at org.springframework.security.web.ObservationFilterChainDecorator$AroundFilterObservation$SimpleAroundFilterObservation.lambda$wrap$0(ObservationFilterChainDecorator.java:323)
	at org.springframework.security.web.ObservationFilterChainDecorator$ObservationFilter.doFilter(ObservationFilterChainDecorator.java:224)
	at org.springframework.security.web.ObservationFilterChainDecorator$VirtualFilterChain.doFilter(ObservationFilterChainDecorator.java:137)
	at org.springframework.security.web.FilterChainProxy.doFilterInternal(FilterChainProxy.java:233)
	at org.springframework.security.web.FilterChainProxy.doFilter(FilterChainProxy.java:191)
	at org.springframework.web.filter.DelegatingFilterProxy.invokeDelegate(DelegatingFilterProxy.java:352)
	at org.springframework.web.filter.DelegatingFilterProxy.doFilter(DelegatingFilterProxy.java:268)
	at org.apache.catalina.core.ApplicationFilterChain.internalDoFilter(ApplicationFilterChain.java:174)
	at org.apache.catalina.core.ApplicationFilterChain.doFilter(ApplicationFilterChain.java:149)
	at org.springframework.web.filter.RequestContextFilter.doFilterInternal(RequestContextFilter.java:100)
	at org.springframework.web.filter.OncePerRequestFilter.doFilter(OncePerRequestFilter.java:116)
	at org.apache.catalina.core.ApplicationFilterChain.internalDoFilter(ApplicationFilterChain.java:174)
	at org.apache.catalina.core.ApplicationFilterChain.doFilter(ApplicationFilterChain.java:149)
	at org.springframework.web.filter.FormContentFilter.doFilterInternal(FormContentFilter.java:93)
	at org.springframework.web.filter.OncePerRequestFilter.doFilter(OncePerRequestFilter.java:116)
	at org.apache.catalina.core.ApplicationFilterChain.internalDoFilter(ApplicationFilterChain.java:174)
	at org.apache.catalina.core.ApplicationFilterChain.doFilter(ApplicationFilterChain.java:149)
	at org.springframework.web.filter.ServerHttpObservationFilter.doFilterInternal(ServerHttpObservationFilter.java:109)
	at org.springframework.web.filter.OncePerRequestFilter.doFilter(OncePerRequestFilter.java:116)
	at org.apache.catalina.core.ApplicationFilterChain.internalDoFilter(ApplicationFilterChain.java:174)
	at org.apache.catalina.core.ApplicationFilterChain.doFilter(ApplicationFilterChain.java:149)
	at org.springframework.web.filter.CharacterEncodingFilter.doFilterInternal(CharacterEncodingFilter.java:201)
	at org.springframework.web.filter.OncePerRequestFilter.doFilter(OncePerRequestFilter.java:116)
	at org.apache.catalina.core.ApplicationFilterChain.internalDoFilter(ApplicationFilterChain.java:174)
	at org.apache.catalina.core.ApplicationFilterChain.doFilter(ApplicationFilterChain.java:149)
	at org.apache.catalina.core.StandardWrapperValve.invoke(StandardWrapperValve.java:167)
	at org.apache.catalina.core.StandardContextValve.invoke(StandardContextValve.java:90)
	at org.apache.catalina.authenticator.AuthenticatorBase.invoke(AuthenticatorBase.java:482)
	at org.apache.catalina.core.StandardHostValve.invoke(StandardHostValve.java:115)
	at org.apache.catalina.valves.ErrorReportValve.invoke(ErrorReportValve.java:93)
	at org.apache.catalina.core.StandardEngineValve.invoke(StandardEngineValve.java:74)
	at org.apache.catalina.connector.CoyoteAdapter.service(CoyoteAdapter.java:340)
	at org.apache.coyote.http11.Http11Processor.service(Http11Processor.java:391)
	at org.apache.coyote.AbstractProcessorLight.process(AbstractProcessorLight.java:63)
	at org.apache.coyote.AbstractProtocol$ConnectionHandler.process(AbstractProtocol.java:896)
	at org.apache.tomcat.util.net.NioEndpoint$SocketProcessor.doRun(NioEndpoint.java:1744)
	at org.apache.tomcat.util.net.SocketProcessorBase.run(SocketProcessorBase.java:52)
	at org.apache.tomcat.util.threads.ThreadPoolExecutor.runWorker(ThreadPoolExecutor.java:1191)
	at org.apache.tomcat.util.threads.ThreadPoolExecutor$Worker.run(ThreadPoolExecutor.java:659)
	at org.apache.tomcat.util.threads.TaskThread$WrappingRunnable.run(TaskThread.java:61)
	at java.base/java.lang.Thread.run(Thread.java:1583)
2026-03-04 13:00:17.128 [http-nio-8087-exec-10] [] DEBUG o.s.security.web.FilterChainProxy - Securing GET /error?startDate=2026-01-01&endDate=2026-12-31
2026-03-04 13:00:17.131 [http-nio-8087-exec-10] [] DEBUG o.s.s.w.a.AnonymousAuthenticationFilter - Set SecurityContextHolder to anonymous SecurityContext
2026-03-04 13:00:17.132 [http-nio-8087-exec-10] [] DEBUG o.s.s.w.a.Http403ForbiddenEntryPoint - Pre-authenticated entry point called. Rejecting access
2026-03-04 13:00:17.137 [http-nio-8087-exec-1] [] DEBUG o.s.security.web.FilterChainProxy - Securing GET /api/reports/payments/pdf?startDate=2026-01-01&endDate=2026-12-31
2026-03-04 13:00:17.142 [http-nio-8087-exec-1] [] DEBUG c.c.r.s.JwtAuthenticationFilter - Authenticated user: manager.smoke for URI: /api/reports/payments/pdf
2026-03-04 13:00:17.145 [http-nio-8087-exec-1] [] DEBUG o.s.security.web.FilterChainProxy - Secured GET /api/reports/payments/pdf?startDate=2026-01-01&endDate=2026-12-31
2026-03-04 13:00:17.150 [http-nio-8087-exec-1] [] ERROR o.a.c.c.C.[.[.[.[dispatcherServlet] - Servlet.service() for servlet [dispatcherServlet] in context with path [] threw exception [Request processing failed: java.lang.IllegalArgumentException: Name for argument of type [java.time.LocalDate] not specified, and parameter name information not found in class file either.] with root cause
java.lang.IllegalArgumentException: Name for argument of type [java.time.LocalDate] not specified, and parameter name information not found in class file either.
	at org.springframework.web.method.annotation.AbstractNamedValueMethodArgumentResolver.updateNamedValueInfo(AbstractNamedValueMethodArgumentResolver.java:183)
	at org.springframework.web.method.annotation.AbstractNamedValueMethodArgumentResolver.getNamedValueInfo(AbstractNamedValueMethodArgumentResolver.java:160)
	at org.springframework.web.method.annotation.AbstractNamedValueMethodArgumentResolver.resolveArgument(AbstractNamedValueMethodArgumentResolver.java:106)
	at org.springframework.web.method.support.HandlerMethodArgumentResolverComposite.resolveArgument(HandlerMethodArgumentResolverComposite.java:122)
	at org.springframework.web.method.support.InvocableHandlerMethod.getMethodArgumentValues(InvocableHandlerMethod.java:218)
	at org.springframework.web.method.support.InvocableHandlerMethod.invokeForRequest(InvocableHandlerMethod.java:171)
	at org.springframework.web.servlet.mvc.method.annotation.ServletInvocableHandlerMethod.invokeAndHandle(ServletInvocableHandlerMethod.java:118)
	at org.springframework.web.servlet.mvc.method.annotation.RequestMappingHandlerAdapter.invokeHandlerMethod(RequestMappingHandlerAdapter.java:917)
	at org.springframework.web.servlet.mvc.method.annotation.RequestMappingHandlerAdapter.handleInternal(RequestMappingHandlerAdapter.java:829)
	at org.springframework.web.servlet.mvc.method.AbstractHandlerMethodAdapter.handle(AbstractHandlerMethodAdapter.java:87)
	at org.springframework.web.servlet.DispatcherServlet.doDispatch(DispatcherServlet.java:1089)
	at org.springframework.web.servlet.DispatcherServlet.doService(DispatcherServlet.java:979)
	at org.springframework.web.servlet.FrameworkServlet.processRequest(FrameworkServlet.java:1014)
	at org.springframework.web.servlet.FrameworkServlet.doGet(FrameworkServlet.java:903)
	at jakarta.servlet.http.HttpServlet.service(HttpServlet.java:564)
	at org.springframework.web.servlet.FrameworkServlet.service(FrameworkServlet.java:885)
	at jakarta.servlet.http.HttpServlet.service(HttpServlet.java:658)
	at org.apache.catalina.core.ApplicationFilterChain.internalDoFilter(ApplicationFilterChain.java:205)
	at org.apache.catalina.core.ApplicationFilterChain.doFilter(ApplicationFilterChain.java:149)
	at org.apache.tomcat.websocket.server.WsFilter.doFilter(WsFilter.java:51)
	at org.apache.catalina.core.ApplicationFilterChain.internalDoFilter(ApplicationFilterChain.java:174)
	at org.apache.catalina.core.ApplicationFilterChain.doFilter(ApplicationFilterChain.java:149)
	at org.springframework.web.filter.OncePerRequestFilter.doFilter(OncePerRequestFilter.java:110)
	at org.apache.catalina.core.ApplicationFilterChain.internalDoFilter(ApplicationFilterChain.java:174)
	at org.apache.catalina.core.ApplicationFilterChain.doFilter(ApplicationFilterChain.java:149)
	at org.springframework.security.web.FilterChainProxy.lambda$doFilterInternal$3(FilterChainProxy.java:231)
	at org.springframework.security.web.ObservationFilterChainDecorator$FilterObservation$SimpleFilterObservation.lambda$wrap$1(ObservationFilterChainDecorator.java:479)
	at org.springframework.security.web.ObservationFilterChainDecorator$AroundFilterObservation$SimpleAroundFilterObservation.lambda$wrap$1(ObservationFilterChainDecorator.java:340)
	at org.springframework.security.web.ObservationFilterChainDecorator.lambda$wrapSecured$0(ObservationFilterChainDecorator.java:82)
	at org.springframework.security.web.ObservationFilterChainDecorator$VirtualFilterChain.doFilter(ObservationFilterChainDecorator.java:128)
	at org.springframework.security.web.access.intercept.AuthorizationFilter.doFilter(AuthorizationFilter.java:100)
	at org.springframework.security.web.ObservationFilterChainDecorator$ObservationFilter.wrapFilter(ObservationFilterChainDecorator.java:240)
	at org.springframework.security.web.ObservationFilterChainDecorator$ObservationFilter.doFilter(ObservationFilterChainDecorator.java:227)
	at org.springframework.security.web.ObservationFilterChainDecorator$VirtualFilterChain.doFilter(ObservationFilterChainDecorator.java:137)
	at org.springframework.security.web.access.ExceptionTranslationFilter.doFilter(ExceptionTranslationFilter.java:126)
	at org.springframework.security.web.access.ExceptionTranslationFilter.doFilter(ExceptionTranslationFilter.java:120)
	at org.springframework.security.web.ObservationFilterChainDecorator$ObservationFilter.wrapFilter(ObservationFilterChainDecorator.java:240)
	at org.springframework.security.web.ObservationFilterChainDecorator$ObservationFilter.doFilter(ObservationFilterChainDecorator.java:227)
	at org.springframework.security.web.ObservationFilterChainDecorator$VirtualFilterChain.doFilter(ObservationFilterChainDecorator.java:137)
	at org.springframework.security.web.session.SessionManagementFilter.doFilter(SessionManagementFilter.java:131)
	at org.springframework.security.web.session.SessionManagementFilter.doFilter(SessionManagementFilter.java:85)
	at org.springframework.security.web.ObservationFilterChainDecorator$ObservationFilter.wrapFilter(ObservationFilterChainDecorator.java:240)
	at org.springframework.security.web.ObservationFilterChainDecorator$ObservationFilter.doFilter(ObservationFilterChainDecorator.java:227)
	at org.springframework.security.web.ObservationFilterChainDecorator$VirtualFilterChain.doFilter(ObservationFilterChainDecorator.java:137)
	at org.springframework.security.web.authentication.AnonymousAuthenticationFilter.doFilter(AnonymousAuthenticationFilter.java:100)
	at org.springframework.security.web.ObservationFilterChainDecorator$ObservationFilter.wrapFilter(ObservationFilterChainDecorator.java:240)
	at org.springframework.security.web.ObservationFilterChainDecorator$ObservationFilter.doFilter(ObservationFilterChainDecorator.java:227)
	at org.springframework.security.web.ObservationFilterChainDecorator$VirtualFilterChain.doFilter(ObservationFilterChainDecorator.java:137)
	at org.springframework.security.web.servletapi.SecurityContextHolderAwareRequestFilter.doFilter(SecurityContextHolderAwareRequestFilter.java:179)
	at org.springframework.security.web.ObservationFilterChainDecorator$ObservationFilter.wrapFilter(ObservationFilterChainDecorator.java:240)
	at org.springframework.security.web.ObservationFilterChainDecorator$ObservationFilter.doFilter(ObservationFilterChainDecorator.java:227)
	at org.springframework.security.web.ObservationFilterChainDecorator$VirtualFilterChain.doFilter(ObservationFilterChainDecorator.java:137)
	at org.springframework.security.web.savedrequest.RequestCacheAwareFilter.doFilter(RequestCacheAwareFilter.java:63)
	at org.springframework.security.web.ObservationFilterChainDecorator$ObservationFilter.wrapFilter(ObservationFilterChainDecorator.java:240)
	at org.springframework.security.web.ObservationFilterChainDecorator$ObservationFilter.doFilter(ObservationFilterChainDecorator.java:227)
	at org.springframework.security.web.ObservationFilterChainDecorator$VirtualFilterChain.doFilter(ObservationFilterChainDecorator.java:137)
	at com.claimswift.reportingservice.security.JwtAuthenticationFilter.doFilterInternal(JwtAuthenticationFilter.java:59)
	at org.springframework.web.filter.OncePerRequestFilter.doFilter(OncePerRequestFilter.java:116)
	at org.springframework.security.web.ObservationFilterChainDecorator$ObservationFilter.wrapFilter(ObservationFilterChainDecorator.java:240)
	at org.springframework.security.web.ObservationFilterChainDecorator$ObservationFilter.doFilter(ObservationFilterChainDecorator.java:227)
	at org.springframework.security.web.ObservationFilterChainDecorator$VirtualFilterChain.doFilter(ObservationFilterChainDecorator.java:137)
	at org.springframework.security.web.authentication.logout.LogoutFilter.doFilter(LogoutFilter.java:107)
	at org.springframework.security.web.authentication.logout.LogoutFilter.doFilter(LogoutFilter.java:93)
	at org.springframework.security.web.ObservationFilterChainDecorator$ObservationFilter.wrapFilter(ObservationFilterChainDecorator.java:240)
	at org.springframework.security.web.ObservationFilterChainDecorator$ObservationFilter.doFilter(ObservationFilterChainDecorator.java:227)
	at org.springframework.security.web.ObservationFilterChainDecorator$VirtualFilterChain.doFilter(ObservationFilterChainDecorator.java:137)
	at org.springframework.web.filter.CorsFilter.doFilterInternal(CorsFilter.java:91)
	at org.springframework.web.filter.OncePerRequestFilter.doFilter(OncePerRequestFilter.java:116)
	at org.springframework.security.web.ObservationFilterChainDecorator$ObservationFilter.wrapFilter(ObservationFilterChainDecorator.java:240)
	at org.springframework.security.web.ObservationFilterChainDecorator$ObservationFilter.doFilter(ObservationFilterChainDecorator.java:227)
	at org.springframework.security.web.ObservationFilterChainDecorator$VirtualFilterChain.doFilter(ObservationFilterChainDecorator.java:137)
	at org.springframework.security.web.header.HeaderWriterFilter.doHeadersAfter(HeaderWriterFilter.java:90)
	at org.springframework.security.web.header.HeaderWriterFilter.doFilterInternal(HeaderWriterFilter.java:75)
	at org.springframework.web.filter.OncePerRequestFilter.doFilter(OncePerRequestFilter.java:116)
	at org.springframework.security.web.ObservationFilterChainDecorator$ObservationFilter.wrapFilter(ObservationFilterChainDecorator.java:240)
	at org.springframework.security.web.ObservationFilterChainDecorator$ObservationFilter.doFilter(ObservationFilterChainDecorator.java:227)
	at org.springframework.security.web.ObservationFilterChainDecorator$VirtualFilterChain.doFilter(ObservationFilterChainDecorator.java:137)
	at org.springframework.security.web.context.SecurityContextHolderFilter.doFilter(SecurityContextHolderFilter.java:82)
	at org.springframework.security.web.context.SecurityContextHolderFilter.doFilter(SecurityContextHolderFilter.java:69)
	at org.springframework.security.web.ObservationFilterChainDecorator$ObservationFilter.wrapFilter(ObservationFilterChainDecorator.java:240)
	at org.springframework.security.web.ObservationFilterChainDecorator$ObservationFilter.doFilter(ObservationFilterChainDecorator.java:227)
	at org.springframework.security.web.ObservationFilterChainDecorator$VirtualFilterChain.doFilter(ObservationFilterChainDecorator.java:137)
	at org.springframework.security.web.context.request.async.WebAsyncManagerIntegrationFilter.doFilterInternal(WebAsyncManagerIntegrationFilter.java:62)
	at org.springframework.web.filter.OncePerRequestFilter.doFilter(OncePerRequestFilter.java:116)
	at org.springframework.security.web.ObservationFilterChainDecorator$ObservationFilter.wrapFilter(ObservationFilterChainDecorator.java:240)
	at org.springframework.security.web.ObservationFilterChainDecorator$ObservationFilter.doFilter(ObservationFilterChainDecorator.java:227)
	at org.springframework.security.web.ObservationFilterChainDecorator$VirtualFilterChain.doFilter(ObservationFilterChainDecorator.java:137)
	at org.springframework.security.web.session.DisableEncodeUrlFilter.doFilterInternal(DisableEncodeUrlFilter.java:42)
	at org.springframework.web.filter.OncePerRequestFilter.doFilter(OncePerRequestFilter.java:116)
	at org.springframework.security.web.ObservationFilterChainDecorator$ObservationFilter.wrapFilter(ObservationFilterChainDecorator.java:240)
	at org.springframework.security.web.ObservationFilterChainDecorator$AroundFilterObservation$SimpleAroundFilterObservation.lambda$wrap$0(ObservationFilterChainDecorator.java:323)
	at org.springframework.security.web.ObservationFilterChainDecorator$ObservationFilter.doFilter(ObservationFilterChainDecorator.java:224)
	at org.springframework.security.web.ObservationFilterChainDecorator$VirtualFilterChain.doFilter(ObservationFilterChainDecorator.java:137)
	at org.springframework.security.web.FilterChainProxy.doFilterInternal(FilterChainProxy.java:233)
	at org.springframework.security.web.FilterChainProxy.doFilter(FilterChainProxy.java:191)
	at org.springframework.web.filter.DelegatingFilterProxy.invokeDelegate(DelegatingFilterProxy.java:352)
	at org.springframework.web.filter.DelegatingFilterProxy.doFilter(DelegatingFilterProxy.java:268)
	at org.apache.catalina.core.ApplicationFilterChain.internalDoFilter(ApplicationFilterChain.java:174)
	at org.apache.catalina.core.ApplicationFilterChain.doFilter(ApplicationFilterChain.java:149)
	at org.springframework.web.filter.RequestContextFilter.doFilterInternal(RequestContextFilter.java:100)
	at org.springframework.web.filter.OncePerRequestFilter.doFilter(OncePerRequestFilter.java:116)
	at org.apache.catalina.core.ApplicationFilterChain.internalDoFilter(ApplicationFilterChain.java:174)
	at org.apache.catalina.core.ApplicationFilterChain.doFilter(ApplicationFilterChain.java:149)
	at org.springframework.web.filter.FormContentFilter.doFilterInternal(FormContentFilter.java:93)
	at org.springframework.web.filter.OncePerRequestFilter.doFilter(OncePerRequestFilter.java:116)
	at org.apache.catalina.core.ApplicationFilterChain.internalDoFilter(ApplicationFilterChain.java:174)
	at org.apache.catalina.core.ApplicationFilterChain.doFilter(ApplicationFilterChain.java:149)
	at org.springframework.web.filter.ServerHttpObservationFilter.doFilterInternal(ServerHttpObservationFilter.java:109)
	at org.springframework.web.filter.OncePerRequestFilter.doFilter(OncePerRequestFilter.java:116)
	at org.apache.catalina.core.ApplicationFilterChain.internalDoFilter(ApplicationFilterChain.java:174)
	at org.apache.catalina.core.ApplicationFilterChain.doFilter(ApplicationFilterChain.java:149)
	at org.springframework.web.filter.CharacterEncodingFilter.doFilterInternal(CharacterEncodingFilter.java:201)
	at org.springframework.web.filter.OncePerRequestFilter.doFilter(OncePerRequestFilter.java:116)
	at org.apache.catalina.core.ApplicationFilterChain.internalDoFilter(ApplicationFilterChain.java:174)
	at org.apache.catalina.core.ApplicationFilterChain.doFilter(ApplicationFilterChain.java:149)
	at org.apache.catalina.core.StandardWrapperValve.invoke(StandardWrapperValve.java:167)
	at org.apache.catalina.core.StandardContextValve.invoke(StandardContextValve.java:90)
	at org.apache.catalina.authenticator.AuthenticatorBase.invoke(AuthenticatorBase.java:482)
	at org.apache.catalina.core.StandardHostValve.invoke(StandardHostValve.java:115)
	at org.apache.catalina.valves.ErrorReportValve.invoke(ErrorReportValve.java:93)
	at org.apache.catalina.core.StandardEngineValve.invoke(StandardEngineValve.java:74)
	at org.apache.catalina.connector.CoyoteAdapter.service(CoyoteAdapter.java:340)
	at org.apache.coyote.http11.Http11Processor.service(Http11Processor.java:391)
	at org.apache.coyote.AbstractProcessorLight.process(AbstractProcessorLight.java:63)
	at org.apache.coyote.AbstractProtocol$ConnectionHandler.process(AbstractProtocol.java:896)
	at org.apache.tomcat.util.net.NioEndpoint$SocketProcessor.doRun(NioEndpoint.java:1744)
	at org.apache.tomcat.util.net.SocketProcessorBase.run(SocketProcessorBase.java:52)
	at org.apache.tomcat.util.threads.ThreadPoolExecutor.runWorker(ThreadPoolExecutor.java:1191)
	at org.apache.tomcat.util.threads.ThreadPoolExecutor$Worker.run(ThreadPoolExecutor.java:659)
	at org.apache.tomcat.util.threads.TaskThread$WrappingRunnable.run(TaskThread.java:61)
	at java.base/java.lang.Thread.run(Thread.java:1583)
2026-03-04 13:00:17.152 [http-nio-8087-exec-1] [] DEBUG o.s.security.web.FilterChainProxy - Securing GET /error?startDate=2026-01-01&endDate=2026-12-31
2026-03-04 13:00:17.160 [http-nio-8087-exec-1] [] DEBUG o.s.s.w.a.AnonymousAuthenticationFilter - Set SecurityContextHolder to anonymous SecurityContext
2026-03-04 13:00:17.162 [http-nio-8087-exec-1] [] DEBUG o.s.s.w.a.Http403ForbiddenEntryPoint - Pre-authenticated entry point called. Rejecting access
2026-03-04 13:00:17.167 [http-nio-8087-exec-2] [] DEBUG o.s.security.web.FilterChainProxy - Securing GET /api/reports/adjusters/performance?startDate=2026-01-01&endDate=2026-12-31
2026-03-04 13:00:17.175 [http-nio-8087-exec-2] [] DEBUG c.c.r.s.JwtAuthenticationFilter - Authenticated user: manager.smoke for URI: /api/reports/adjusters/performance
2026-03-04 13:00:17.179 [http-nio-8087-exec-2] [] DEBUG o.s.security.web.FilterChainProxy - Secured GET /api/reports/adjusters/performance?startDate=2026-01-01&endDate=2026-12-31
2026-03-04 13:00:17.182 [http-nio-8087-exec-2] [] ERROR o.a.c.c.C.[.[.[.[dispatcherServlet] - Servlet.service() for servlet [dispatcherServlet] in context with path [] threw exception [Request processing failed: java.lang.IllegalArgumentException: Name for argument of type [java.time.LocalDate] not specified, and parameter name information not found in class file either.] with root cause
java.lang.IllegalArgumentException: Name for argument of type [java.time.LocalDate] not specified, and parameter name information not found in class file either.
	at org.springframework.web.method.annotation.AbstractNamedValueMethodArgumentResolver.updateNamedValueInfo(AbstractNamedValueMethodArgumentResolver.java:183)
	at org.springframework.web.method.annotation.AbstractNamedValueMethodArgumentResolver.getNamedValueInfo(AbstractNamedValueMethodArgumentResolver.java:160)
	at org.springframework.web.method.annotation.AbstractNamedValueMethodArgumentResolver.resolveArgument(AbstractNamedValueMethodArgumentResolver.java:106)
	at org.springframework.web.method.support.HandlerMethodArgumentResolverComposite.resolveArgument(HandlerMethodArgumentResolverComposite.java:122)
	at org.springframework.web.method.support.InvocableHandlerMethod.getMethodArgumentValues(InvocableHandlerMethod.java:218)
	at org.springframework.web.method.support.InvocableHandlerMethod.invokeForRequest(InvocableHandlerMethod.java:171)
	at org.springframework.web.servlet.mvc.method.annotation.ServletInvocableHandlerMethod.invokeAndHandle(ServletInvocableHandlerMethod.java:118)
	at org.springframework.web.servlet.mvc.method.annotation.RequestMappingHandlerAdapter.invokeHandlerMethod(RequestMappingHandlerAdapter.java:917)
	at org.springframework.web.servlet.mvc.method.annotation.RequestMappingHandlerAdapter.handleInternal(RequestMappingHandlerAdapter.java:829)
	at org.springframework.web.servlet.mvc.method.AbstractHandlerMethodAdapter.handle(AbstractHandlerMethodAdapter.java:87)
	at org.springframework.web.servlet.DispatcherServlet.doDispatch(DispatcherServlet.java:1089)
	at org.springframework.web.servlet.DispatcherServlet.doService(DispatcherServlet.java:979)
	at org.springframework.web.servlet.FrameworkServlet.processRequest(FrameworkServlet.java:1014)
	at org.springframework.web.servlet.FrameworkServlet.doGet(FrameworkServlet.java:903)
	at jakarta.servlet.http.HttpServlet.service(HttpServlet.java:564)
	at org.springframework.web.servlet.FrameworkServlet.service(FrameworkServlet.java:885)
	at jakarta.servlet.http.HttpServlet.service(HttpServlet.java:658)
	at org.apache.catalina.core.ApplicationFilterChain.internalDoFilter(ApplicationFilterChain.java:205)
	at org.apache.catalina.core.ApplicationFilterChain.doFilter(ApplicationFilterChain.java:149)
	at org.apache.tomcat.websocket.server.WsFilter.doFilter(WsFilter.java:51)
	at org.apache.catalina.core.ApplicationFilterChain.internalDoFilter(ApplicationFilterChain.java:174)
	at org.apache.catalina.core.ApplicationFilterChain.doFilter(ApplicationFilterChain.java:149)
	at org.springframework.web.filter.OncePerRequestFilter.doFilter(OncePerRequestFilter.java:110)
	at org.apache.catalina.core.ApplicationFilterChain.internalDoFilter(ApplicationFilterChain.java:174)
	at org.apache.catalina.core.ApplicationFilterChain.doFilter(ApplicationFilterChain.java:149)
	at org.springframework.security.web.FilterChainProxy.lambda$doFilterInternal$3(FilterChainProxy.java:231)
	at org.springframework.security.web.ObservationFilterChainDecorator$FilterObservation$SimpleFilterObservation.lambda$wrap$1(ObservationFilterChainDecorator.java:479)
	at org.springframework.security.web.ObservationFilterChainDecorator$AroundFilterObservation$SimpleAroundFilterObservation.lambda$wrap$1(ObservationFilterChainDecorator.java:340)
	at org.springframework.security.web.ObservationFilterChainDecorator.lambda$wrapSecured$0(ObservationFilterChainDecorator.java:82)
	at org.springframework.security.web.ObservationFilterChainDecorator$VirtualFilterChain.doFilter(ObservationFilterChainDecorator.java:128)
	at org.springframework.security.web.access.intercept.AuthorizationFilter.doFilter(AuthorizationFilter.java:100)
	at org.springframework.security.web.ObservationFilterChainDecorator$ObservationFilter.wrapFilter(ObservationFilterChainDecorator.java:240)
	at org.springframework.security.web.ObservationFilterChainDecorator$ObservationFilter.doFilter(ObservationFilterChainDecorator.java:227)
	at org.springframework.security.web.ObservationFilterChainDecorator$VirtualFilterChain.doFilter(ObservationFilterChainDecorator.java:137)
	at org.springframework.security.web.access.ExceptionTranslationFilter.doFilter(ExceptionTranslationFilter.java:126)
	at org.springframework.security.web.access.ExceptionTranslationFilter.doFilter(ExceptionTranslationFilter.java:120)
	at org.springframework.security.web.ObservationFilterChainDecorator$ObservationFilter.wrapFilter(ObservationFilterChainDecorator.java:240)
	at org.springframework.security.web.ObservationFilterChainDecorator$ObservationFilter.doFilter(ObservationFilterChainDecorator.java:227)
	at org.springframework.security.web.ObservationFilterChainDecorator$VirtualFilterChain.doFilter(ObservationFilterChainDecorator.java:137)
	at org.springframework.security.web.session.SessionManagementFilter.doFilter(SessionManagementFilter.java:131)
	at org.springframework.security.web.session.SessionManagementFilter.doFilter(SessionManagementFilter.java:85)
	at org.springframework.security.web.ObservationFilterChainDecorator$ObservationFilter.wrapFilter(ObservationFilterChainDecorator.java:240)
	at org.springframework.security.web.ObservationFilterChainDecorator$ObservationFilter.doFilter(ObservationFilterChainDecorator.java:227)
	at org.springframework.security.web.ObservationFilterChainDecorator$VirtualFilterChain.doFilter(ObservationFilterChainDecorator.java:137)
	at org.springframework.security.web.authentication.AnonymousAuthenticationFilter.doFilter(AnonymousAuthenticationFilter.java:100)
	at org.springframework.security.web.ObservationFilterChainDecorator$ObservationFilter.wrapFilter(ObservationFilterChainDecorator.java:240)
	at org.springframework.security.web.ObservationFilterChainDecorator$ObservationFilter.doFilter(ObservationFilterChainDecorator.java:227)
	at org.springframework.security.web.ObservationFilterChainDecorator$VirtualFilterChain.doFilter(ObservationFilterChainDecorator.java:137)
	at org.springframework.security.web.servletapi.SecurityContextHolderAwareRequestFilter.doFilter(SecurityContextHolderAwareRequestFilter.java:179)
	at org.springframework.security.web.ObservationFilterChainDecorator$ObservationFilter.wrapFilter(ObservationFilterChainDecorator.java:240)
	at org.springframework.security.web.ObservationFilterChainDecorator$ObservationFilter.doFilter(ObservationFilterChainDecorator.java:227)
	at org.springframework.security.web.ObservationFilterChainDecorator$VirtualFilterChain.doFilter(ObservationFilterChainDecorator.java:137)
	at org.springframework.security.web.savedrequest.RequestCacheAwareFilter.doFilter(RequestCacheAwareFilter.java:63)
	at org.springframework.security.web.ObservationFilterChainDecorator$ObservationFilter.wrapFilter(ObservationFilterChainDecorator.java:240)
	at org.springframework.security.web.ObservationFilterChainDecorator$ObservationFilter.doFilter(ObservationFilterChainDecorator.java:227)
	at org.springframework.security.web.ObservationFilterChainDecorator$VirtualFilterChain.doFilter(ObservationFilterChainDecorator.java:137)
	at com.claimswift.reportingservice.security.JwtAuthenticationFilter.doFilterInternal(JwtAuthenticationFilter.java:59)
	at org.springframework.web.filter.OncePerRequestFilter.doFilter(OncePerRequestFilter.java:116)
	at org.springframework.security.web.ObservationFilterChainDecorator$ObservationFilter.wrapFilter(ObservationFilterChainDecorator.java:240)
	at org.springframework.security.web.ObservationFilterChainDecorator$ObservationFilter.doFilter(ObservationFilterChainDecorator.java:227)
	at org.springframework.security.web.ObservationFilterChainDecorator$VirtualFilterChain.doFilter(ObservationFilterChainDecorator.java:137)
	at org.springframework.security.web.authentication.logout.LogoutFilter.doFilter(LogoutFilter.java:107)
	at org.springframework.security.web.authentication.logout.LogoutFilter.doFilter(LogoutFilter.java:93)
	at org.springframework.security.web.ObservationFilterChainDecorator$ObservationFilter.wrapFilter(ObservationFilterChainDecorator.java:240)
	at org.springframework.security.web.ObservationFilterChainDecorator$ObservationFilter.doFilter(ObservationFilterChainDecorator.java:227)
	at org.springframework.security.web.ObservationFilterChainDecorator$VirtualFilterChain.doFilter(ObservationFilterChainDecorator.java:137)
	at org.springframework.web.filter.CorsFilter.doFilterInternal(CorsFilter.java:91)
	at org.springframework.web.filter.OncePerRequestFilter.doFilter(OncePerRequestFilter.java:116)
	at org.springframework.security.web.ObservationFilterChainDecorator$ObservationFilter.wrapFilter(ObservationFilterChainDecorator.java:240)
	at org.springframework.security.web.ObservationFilterChainDecorator$ObservationFilter.doFilter(ObservationFilterChainDecorator.java:227)
	at org.springframework.security.web.ObservationFilterChainDecorator$VirtualFilterChain.doFilter(ObservationFilterChainDecorator.java:137)
	at org.springframework.security.web.header.HeaderWriterFilter.doHeadersAfter(HeaderWriterFilter.java:90)
	at org.springframework.security.web.header.HeaderWriterFilter.doFilterInternal(HeaderWriterFilter.java:75)
	at org.springframework.web.filter.OncePerRequestFilter.doFilter(OncePerRequestFilter.java:116)
	at org.springframework.security.web.ObservationFilterChainDecorator$ObservationFilter.wrapFilter(ObservationFilterChainDecorator.java:240)
	at org.springframework.security.web.ObservationFilterChainDecorator$ObservationFilter.doFilter(ObservationFilterChainDecorator.java:227)
	at org.springframework.security.web.ObservationFilterChainDecorator$VirtualFilterChain.doFilter(ObservationFilterChainDecorator.java:137)
	at org.springframework.security.web.context.SecurityContextHolderFilter.doFilter(SecurityContextHolderFilter.java:82)
	at org.springframework.security.web.context.SecurityContextHolderFilter.doFilter(SecurityContextHolderFilter.java:69)
	at org.springframework.security.web.ObservationFilterChainDecorator$ObservationFilter.wrapFilter(ObservationFilterChainDecorator.java:240)
	at org.springframework.security.web.ObservationFilterChainDecorator$ObservationFilter.doFilter(ObservationFilterChainDecorator.java:227)
	at org.springframework.security.web.ObservationFilterChainDecorator$VirtualFilterChain.doFilter(ObservationFilterChainDecorator.java:137)
	at org.springframework.security.web.context.request.async.WebAsyncManagerIntegrationFilter.doFilterInternal(WebAsyncManagerIntegrationFilter.java:62)
	at org.springframework.web.filter.OncePerRequestFilter.doFilter(OncePerRequestFilter.java:116)
	at org.springframework.security.web.ObservationFilterChainDecorator$ObservationFilter.wrapFilter(ObservationFilterChainDecorator.java:240)
	at org.springframework.security.web.ObservationFilterChainDecorator$ObservationFilter.doFilter(ObservationFilterChainDecorator.java:227)
	at org.springframework.security.web.ObservationFilterChainDecorator$VirtualFilterChain.doFilter(ObservationFilterChainDecorator.java:137)
	at org.springframework.security.web.session.DisableEncodeUrlFilter.doFilterInternal(DisableEncodeUrlFilter.java:42)
	at org.springframework.web.filter.OncePerRequestFilter.doFilter(OncePerRequestFilter.java:116)
	at org.springframework.security.web.ObservationFilterChainDecorator$ObservationFilter.wrapFilter(ObservationFilterChainDecorator.java:240)
	at org.springframework.security.web.ObservationFilterChainDecorator$AroundFilterObservation$SimpleAroundFilterObservation.lambda$wrap$0(ObservationFilterChainDecorator.java:323)
	at org.springframework.security.web.ObservationFilterChainDecorator$ObservationFilter.doFilter(ObservationFilterChainDecorator.java:224)
	at org.springframework.security.web.ObservationFilterChainDecorator$VirtualFilterChain.doFilter(ObservationFilterChainDecorator.java:137)
	at org.springframework.security.web.FilterChainProxy.doFilterInternal(FilterChainProxy.java:233)
	at org.springframework.security.web.FilterChainProxy.doFilter(FilterChainProxy.java:191)
	at org.springframework.web.filter.DelegatingFilterProxy.invokeDelegate(DelegatingFilterProxy.java:352)
	at org.springframework.web.filter.DelegatingFilterProxy.doFilter(DelegatingFilterProxy.java:268)
	at org.apache.catalina.core.ApplicationFilterChain.internalDoFilter(ApplicationFilterChain.java:174)
	at org.apache.catalina.core.ApplicationFilterChain.doFilter(ApplicationFilterChain.java:149)
	at org.springframework.web.filter.RequestContextFilter.doFilterInternal(RequestContextFilter.java:100)
	at org.springframework.web.filter.OncePerRequestFilter.doFilter(OncePerRequestFilter.java:116)
	at org.apache.catalina.core.ApplicationFilterChain.internalDoFilter(ApplicationFilterChain.java:174)
	at org.apache.catalina.core.ApplicationFilterChain.doFilter(ApplicationFilterChain.java:149)
	at org.springframework.web.filter.FormContentFilter.doFilterInternal(FormContentFilter.java:93)
	at org.springframework.web.filter.OncePerRequestFilter.doFilter(OncePerRequestFilter.java:116)
	at org.apache.catalina.core.ApplicationFilterChain.internalDoFilter(ApplicationFilterChain.java:174)
	at org.apache.catalina.core.ApplicationFilterChain.doFilter(ApplicationFilterChain.java:149)
	at org.springframework.web.filter.ServerHttpObservationFilter.doFilterInternal(ServerHttpObservationFilter.java:109)
	at org.springframework.web.filter.OncePerRequestFilter.doFilter(OncePerRequestFilter.java:116)
	at org.apache.catalina.core.ApplicationFilterChain.internalDoFilter(ApplicationFilterChain.java:174)
	at org.apache.catalina.core.ApplicationFilterChain.doFilter(ApplicationFilterChain.java:149)
	at org.springframework.web.filter.CharacterEncodingFilter.doFilterInternal(CharacterEncodingFilter.java:201)
	at org.springframework.web.filter.OncePerRequestFilter.doFilter(OncePerRequestFilter.java:116)
	at org.apache.catalina.core.ApplicationFilterChain.internalDoFilter(ApplicationFilterChain.java:174)
	at org.apache.catalina.core.ApplicationFilterChain.doFilter(ApplicationFilterChain.java:149)
	at org.apache.catalina.core.StandardWrapperValve.invoke(StandardWrapperValve.java:167)
	at org.apache.catalina.core.StandardContextValve.invoke(StandardContextValve.java:90)
	at org.apache.catalina.authenticator.AuthenticatorBase.invoke(AuthenticatorBase.java:482)
	at org.apache.catalina.core.StandardHostValve.invoke(StandardHostValve.java:115)
	at org.apache.catalina.valves.ErrorReportValve.invoke(ErrorReportValve.java:93)
	at org.apache.catalina.core.StandardEngineValve.invoke(StandardEngineValve.java:74)
	at org.apache.catalina.connector.CoyoteAdapter.service(CoyoteAdapter.java:340)
	at org.apache.coyote.http11.Http11Processor.service(Http11Processor.java:391)
	at org.apache.coyote.AbstractProcessorLight.process(AbstractProcessorLight.java:63)
	at org.apache.coyote.AbstractProtocol$ConnectionHandler.process(AbstractProtocol.java:896)
	at org.apache.tomcat.util.net.NioEndpoint$SocketProcessor.doRun(NioEndpoint.java:1744)
	at org.apache.tomcat.util.net.SocketProcessorBase.run(SocketProcessorBase.java:52)
	at org.apache.tomcat.util.threads.ThreadPoolExecutor.runWorker(ThreadPoolExecutor.java:1191)
	at org.apache.tomcat.util.threads.ThreadPoolExecutor$Worker.run(ThreadPoolExecutor.java:659)
	at org.apache.tomcat.util.threads.TaskThread$WrappingRunnable.run(TaskThread.java:61)
	at java.base/java.lang.Thread.run(Thread.java:1583)
2026-03-04 13:00:17.185 [http-nio-8087-exec-2] [] DEBUG o.s.security.web.FilterChainProxy - Securing GET /error?startDate=2026-01-01&endDate=2026-12-31
2026-03-04 13:00:17.187 [http-nio-8087-exec-2] [] DEBUG o.s.s.w.a.AnonymousAuthenticationFilter - Set SecurityContextHolder to anonymous SecurityContext
2026-03-04 13:00:17.187 [http-nio-8087-exec-2] [] DEBUG o.s.s.w.a.Http403ForbiddenEntryPoint - Pre-authenticated entry point called. Rejecting access
2026-03-04 13:00:17.192 [http-nio-8087-exec-3] [] DEBUG o.s.security.web.FilterChainProxy - Securing GET /api/reports/adjusters/performance/pdf?startDate=2026-01-01&endDate=2026-12-31
2026-03-04 13:00:17.198 [http-nio-8087-exec-3] [] DEBUG c.c.r.s.JwtAuthenticationFilter - Authenticated user: manager.smoke for URI: /api/reports/adjusters/performance/pdf
2026-03-04 13:00:17.201 [http-nio-8087-exec-3] [] DEBUG o.s.security.web.FilterChainProxy - Secured GET /api/reports/adjusters/performance/pdf?startDate=2026-01-01&endDate=2026-12-31
2026-03-04 13:00:17.203 [http-nio-8087-exec-3] [] ERROR o.a.c.c.C.[.[.[.[dispatcherServlet] - Servlet.service() for servlet [dispatcherServlet] in context with path [] threw exception [Request processing failed: java.lang.IllegalArgumentException: Name for argument of type [java.time.LocalDate] not specified, and parameter name information not found in class file either.] with root cause
java.lang.IllegalArgumentException: Name for argument of type [java.time.LocalDate] not specified, and parameter name information not found in class file either.
	at org.springframework.web.method.annotation.AbstractNamedValueMethodArgumentResolver.updateNamedValueInfo(AbstractNamedValueMethodArgumentResolver.java:183)
	at org.springframework.web.method.annotation.AbstractNamedValueMethodArgumentResolver.getNamedValueInfo(AbstractNamedValueMethodArgumentResolver.java:160)
	at org.springframework.web.method.annotation.AbstractNamedValueMethodArgumentResolver.resolveArgument(AbstractNamedValueMethodArgumentResolver.java:106)
	at org.springframework.web.method.support.HandlerMethodArgumentResolverComposite.resolveArgument(HandlerMethodArgumentResolverComposite.java:122)
	at org.springframework.web.method.support.InvocableHandlerMethod.getMethodArgumentValues(InvocableHandlerMethod.java:218)
	at org.springframework.web.method.support.InvocableHandlerMethod.invokeForRequest(InvocableHandlerMethod.java:171)
	at org.springframework.web.servlet.mvc.method.annotation.ServletInvocableHandlerMethod.invokeAndHandle(ServletInvocableHandlerMethod.java:118)
	at org.springframework.web.servlet.mvc.method.annotation.RequestMappingHandlerAdapter.invokeHandlerMethod(RequestMappingHandlerAdapter.java:917)
	at org.springframework.web.servlet.mvc.method.annotation.RequestMappingHandlerAdapter.handleInternal(RequestMappingHandlerAdapter.java:829)
	at org.springframework.web.servlet.mvc.method.AbstractHandlerMethodAdapter.handle(AbstractHandlerMethodAdapter.java:87)
	at org.springframework.web.servlet.DispatcherServlet.doDispatch(DispatcherServlet.java:1089)
	at org.springframework.web.servlet.DispatcherServlet.doService(DispatcherServlet.java:979)
	at org.springframework.web.servlet.FrameworkServlet.processRequest(FrameworkServlet.java:1014)
	at org.springframework.web.servlet.FrameworkServlet.doGet(FrameworkServlet.java:903)
	at jakarta.servlet.http.HttpServlet.service(HttpServlet.java:564)
	at org.springframework.web.servlet.FrameworkServlet.service(FrameworkServlet.java:885)
	at jakarta.servlet.http.HttpServlet.service(HttpServlet.java:658)
	at org.apache.catalina.core.ApplicationFilterChain.internalDoFilter(ApplicationFilterChain.java:205)
	at org.apache.catalina.core.ApplicationFilterChain.doFilter(ApplicationFilterChain.java:149)
	at org.apache.tomcat.websocket.server.WsFilter.doFilter(WsFilter.java:51)
	at org.apache.catalina.core.ApplicationFilterChain.internalDoFilter(ApplicationFilterChain.java:174)
	at org.apache.catalina.core.ApplicationFilterChain.doFilter(ApplicationFilterChain.java:149)
	at org.springframework.web.filter.OncePerRequestFilter.doFilter(OncePerRequestFilter.java:110)
	at org.apache.catalina.core.ApplicationFilterChain.internalDoFilter(ApplicationFilterChain.java:174)
	at org.apache.catalina.core.ApplicationFilterChain.doFilter(ApplicationFilterChain.java:149)
	at org.springframework.security.web.FilterChainProxy.lambda$doFilterInternal$3(FilterChainProxy.java:231)
	at org.springframework.security.web.ObservationFilterChainDecorator$FilterObservation$SimpleFilterObservation.lambda$wrap$1(ObservationFilterChainDecorator.java:479)
	at org.springframework.security.web.ObservationFilterChainDecorator$AroundFilterObservation$SimpleAroundFilterObservation.lambda$wrap$1(ObservationFilterChainDecorator.java:340)
	at org.springframework.security.web.ObservationFilterChainDecorator.lambda$wrapSecured$0(ObservationFilterChainDecorator.java:82)
	at org.springframework.security.web.ObservationFilterChainDecorator$VirtualFilterChain.doFilter(ObservationFilterChainDecorator.java:128)
	at org.springframework.security.web.access.intercept.AuthorizationFilter.doFilter(AuthorizationFilter.java:100)
	at org.springframework.security.web.ObservationFilterChainDecorator$ObservationFilter.wrapFilter(ObservationFilterChainDecorator.java:240)
	at org.springframework.security.web.ObservationFilterChainDecorator$ObservationFilter.doFilter(ObservationFilterChainDecorator.java:227)
	at org.springframework.security.web.ObservationFilterChainDecorator$VirtualFilterChain.doFilter(ObservationFilterChainDecorator.java:137)
	at org.springframework.security.web.access.ExceptionTranslationFilter.doFilter(ExceptionTranslationFilter.java:126)
	at org.springframework.security.web.access.ExceptionTranslationFilter.doFilter(ExceptionTranslationFilter.java:120)
	at org.springframework.security.web.ObservationFilterChainDecorator$ObservationFilter.wrapFilter(ObservationFilterChainDecorator.java:240)
	at org.springframework.security.web.ObservationFilterChainDecorator$ObservationFilter.doFilter(ObservationFilterChainDecorator.java:227)
	at org.springframework.security.web.ObservationFilterChainDecorator$VirtualFilterChain.doFilter(ObservationFilterChainDecorator.java:137)
	at org.springframework.security.web.session.SessionManagementFilter.doFilter(SessionManagementFilter.java:131)
	at org.springframework.security.web.session.SessionManagementFilter.doFilter(SessionManagementFilter.java:85)
	at org.springframework.security.web.ObservationFilterChainDecorator$ObservationFilter.wrapFilter(ObservationFilterChainDecorator.java:240)
	at org.springframework.security.web.ObservationFilterChainDecorator$ObservationFilter.doFilter(ObservationFilterChainDecorator.java:227)
	at org.springframework.security.web.ObservationFilterChainDecorator$VirtualFilterChain.doFilter(ObservationFilterChainDecorator.java:137)
	at org.springframework.security.web.authentication.AnonymousAuthenticationFilter.doFilter(AnonymousAuthenticationFilter.java:100)
	at org.springframework.security.web.ObservationFilterChainDecorator$ObservationFilter.wrapFilter(ObservationFilterChainDecorator.java:240)
	at org.springframework.security.web.ObservationFilterChainDecorator$ObservationFilter.doFilter(ObservationFilterChainDecorator.java:227)
	at org.springframework.security.web.ObservationFilterChainDecorator$VirtualFilterChain.doFilter(ObservationFilterChainDecorator.java:137)
	at org.springframework.security.web.servletapi.SecurityContextHolderAwareRequestFilter.doFilter(SecurityContextHolderAwareRequestFilter.java:179)
	at org.springframework.security.web.ObservationFilterChainDecorator$ObservationFilter.wrapFilter(ObservationFilterChainDecorator.java:240)
	at org.springframework.security.web.ObservationFilterChainDecorator$ObservationFilter.doFilter(ObservationFilterChainDecorator.java:227)
	at org.springframework.security.web.ObservationFilterChainDecorator$VirtualFilterChain.doFilter(ObservationFilterChainDecorator.java:137)
	at org.springframework.security.web.savedrequest.RequestCacheAwareFilter.doFilter(RequestCacheAwareFilter.java:63)
	at org.springframework.security.web.ObservationFilterChainDecorator$ObservationFilter.wrapFilter(ObservationFilterChainDecorator.java:240)
	at org.springframework.security.web.ObservationFilterChainDecorator$ObservationFilter.doFilter(ObservationFilterChainDecorator.java:227)
	at org.springframework.security.web.ObservationFilterChainDecorator$VirtualFilterChain.doFilter(ObservationFilterChainDecorator.java:137)
	at com.claimswift.reportingservice.security.JwtAuthenticationFilter.doFilterInternal(JwtAuthenticationFilter.java:59)
	at org.springframework.web.filter.OncePerRequestFilter.doFilter(OncePerRequestFilter.java:116)
	at org.springframework.security.web.ObservationFilterChainDecorator$ObservationFilter.wrapFilter(ObservationFilterChainDecorator.java:240)
	at org.springframework.security.web.ObservationFilterChainDecorator$ObservationFilter.doFilter(ObservationFilterChainDecorator.java:227)
	at org.springframework.security.web.ObservationFilterChainDecorator$VirtualFilterChain.doFilter(ObservationFilterChainDecorator.java:137)
	at org.springframework.security.web.authentication.logout.LogoutFilter.doFilter(LogoutFilter.java:107)
	at org.springframework.security.web.authentication.logout.LogoutFilter.doFilter(LogoutFilter.java:93)
	at org.springframework.security.web.ObservationFilterChainDecorator$ObservationFilter.wrapFilter(ObservationFilterChainDecorator.java:240)
	at org.springframework.security.web.ObservationFilterChainDecorator$ObservationFilter.doFilter(ObservationFilterChainDecorator.java:227)
	at org.springframework.security.web.ObservationFilterChainDecorator$VirtualFilterChain.doFilter(ObservationFilterChainDecorator.java:137)
	at org.springframework.web.filter.CorsFilter.doFilterInternal(CorsFilter.java:91)
	at org.springframework.web.filter.OncePerRequestFilter.doFilter(OncePerRequestFilter.java:116)
	at org.springframework.security.web.ObservationFilterChainDecorator$ObservationFilter.wrapFilter(ObservationFilterChainDecorator.java:240)
	at org.springframework.security.web.ObservationFilterChainDecorator$ObservationFilter.doFilter(ObservationFilterChainDecorator.java:227)
	at org.springframework.security.web.ObservationFilterChainDecorator$VirtualFilterChain.doFilter(ObservationFilterChainDecorator.java:137)
	at org.springframework.security.web.header.HeaderWriterFilter.doHeadersAfter(HeaderWriterFilter.java:90)
	at org.springframework.security.web.header.HeaderWriterFilter.doFilterInternal(HeaderWriterFilter.java:75)
	at org.springframework.web.filter.OncePerRequestFilter.doFilter(OncePerRequestFilter.java:116)
	at org.springframework.security.web.ObservationFilterChainDecorator$ObservationFilter.wrapFilter(ObservationFilterChainDecorator.java:240)
	at org.springframework.security.web.ObservationFilterChainDecorator$ObservationFilter.doFilter(ObservationFilterChainDecorator.java:227)
	at org.springframework.security.web.ObservationFilterChainDecorator$VirtualFilterChain.doFilter(ObservationFilterChainDecorator.java:137)
	at org.springframework.security.web.context.SecurityContextHolderFilter.doFilter(SecurityContextHolderFilter.java:82)
	at org.springframework.security.web.context.SecurityContextHolderFilter.doFilter(SecurityContextHolderFilter.java:69)
	at org.springframework.security.web.ObservationFilterChainDecorator$ObservationFilter.wrapFilter(ObservationFilterChainDecorator.java:240)
	at org.springframework.security.web.ObservationFilterChainDecorator$ObservationFilter.doFilter(ObservationFilterChainDecorator.java:227)
	at org.springframework.security.web.ObservationFilterChainDecorator$VirtualFilterChain.doFilter(ObservationFilterChainDecorator.java:137)
	at org.springframework.security.web.context.request.async.WebAsyncManagerIntegrationFilter.doFilterInternal(WebAsyncManagerIntegrationFilter.java:62)
	at org.springframework.web.filter.OncePerRequestFilter.doFilter(OncePerRequestFilter.java:116)
	at org.springframework.security.web.ObservationFilterChainDecorator$ObservationFilter.wrapFilter(ObservationFilterChainDecorator.java:240)
	at org.springframework.security.web.ObservationFilterChainDecorator$ObservationFilter.doFilter(ObservationFilterChainDecorator.java:227)
	at org.springframework.security.web.ObservationFilterChainDecorator$VirtualFilterChain.doFilter(ObservationFilterChainDecorator.java:137)
	at org.springframework.security.web.session.DisableEncodeUrlFilter.doFilterInternal(DisableEncodeUrlFilter.java:42)
	at org.springframework.web.filter.OncePerRequestFilter.doFilter(OncePerRequestFilter.java:116)
	at org.springframework.security.web.ObservationFilterChainDecorator$ObservationFilter.wrapFilter(ObservationFilterChainDecorator.java:240)
	at org.springframework.security.web.ObservationFilterChainDecorator$AroundFilterObservation$SimpleAroundFilterObservation.lambda$wrap$0(ObservationFilterChainDecorator.java:323)
	at org.springframework.security.web.ObservationFilterChainDecorator$ObservationFilter.doFilter(ObservationFilterChainDecorator.java:224)
	at org.springframework.security.web.ObservationFilterChainDecorator$VirtualFilterChain.doFilter(ObservationFilterChainDecorator.java:137)
	at org.springframework.security.web.FilterChainProxy.doFilterInternal(FilterChainProxy.java:233)
	at org.springframework.security.web.FilterChainProxy.doFilter(FilterChainProxy.java:191)
	at org.springframework.web.filter.DelegatingFilterProxy.invokeDelegate(DelegatingFilterProxy.java:352)
	at org.springframework.web.filter.DelegatingFilterProxy.doFilter(DelegatingFilterProxy.java:268)
	at org.apache.catalina.core.ApplicationFilterChain.internalDoFilter(ApplicationFilterChain.java:174)
	at org.apache.catalina.core.ApplicationFilterChain.doFilter(ApplicationFilterChain.java:149)
	at org.springframework.web.filter.RequestContextFilter.doFilterInternal(RequestContextFilter.java:100)
	at org.springframework.web.filter.OncePerRequestFilter.doFilter(OncePerRequestFilter.java:116)
	at org.apache.catalina.core.ApplicationFilterChain.internalDoFilter(ApplicationFilterChain.java:174)
	at org.apache.catalina.core.ApplicationFilterChain.doFilter(ApplicationFilterChain.java:149)
	at org.springframework.web.filter.FormContentFilter.doFilterInternal(FormContentFilter.java:93)
	at org.springframework.web.filter.OncePerRequestFilter.doFilter(OncePerRequestFilter.java:116)
	at org.apache.catalina.core.ApplicationFilterChain.internalDoFilter(ApplicationFilterChain.java:174)
	at org.apache.catalina.core.ApplicationFilterChain.doFilter(ApplicationFilterChain.java:149)
	at org.springframework.web.filter.ServerHttpObservationFilter.doFilterInternal(ServerHttpObservationFilter.java:109)
	at org.springframework.web.filter.OncePerRequestFilter.doFilter(OncePerRequestFilter.java:116)
	at org.apache.catalina.core.ApplicationFilterChain.internalDoFilter(ApplicationFilterChain.java:174)
	at org.apache.catalina.core.ApplicationFilterChain.doFilter(ApplicationFilterChain.java:149)
	at org.springframework.web.filter.CharacterEncodingFilter.doFilterInternal(CharacterEncodingFilter.java:201)
	at org.springframework.web.filter.OncePerRequestFilter.doFilter(OncePerRequestFilter.java:116)
	at org.apache.catalina.core.ApplicationFilterChain.internalDoFilter(ApplicationFilterChain.java:174)
	at org.apache.catalina.core.ApplicationFilterChain.doFilter(ApplicationFilterChain.java:149)
	at org.apache.catalina.core.StandardWrapperValve.invoke(StandardWrapperValve.java:167)
	at org.apache.catalina.core.StandardContextValve.invoke(StandardContextValve.java:90)
	at org.apache.catalina.authenticator.AuthenticatorBase.invoke(AuthenticatorBase.java:482)
	at org.apache.catalina.core.StandardHostValve.invoke(StandardHostValve.java:115)
	at org.apache.catalina.valves.ErrorReportValve.invoke(ErrorReportValve.java:93)
	at org.apache.catalina.core.StandardEngineValve.invoke(StandardEngineValve.java:74)
	at org.apache.catalina.connector.CoyoteAdapter.service(CoyoteAdapter.java:340)
	at org.apache.coyote.http11.Http11Processor.service(Http11Processor.java:391)
	at org.apache.coyote.AbstractProcessorLight.process(AbstractProcessorLight.java:63)
	at org.apache.coyote.AbstractProtocol$ConnectionHandler.process(AbstractProtocol.java:896)
	at org.apache.tomcat.util.net.NioEndpoint$SocketProcessor.doRun(NioEndpoint.java:1744)
	at org.apache.tomcat.util.net.SocketProcessorBase.run(SocketProcessorBase.java:52)
	at org.apache.tomcat.util.threads.ThreadPoolExecutor.runWorker(ThreadPoolExecutor.java:1191)
	at org.apache.tomcat.util.threads.ThreadPoolExecutor$Worker.run(ThreadPoolExecutor.java:659)
	at org.apache.tomcat.util.threads.TaskThread$WrappingRunnable.run(TaskThread.java:61)
	at java.base/java.lang.Thread.run(Thread.java:1583)
2026-03-04 13:00:17.204 [http-nio-8087-exec-3] [] DEBUG o.s.security.web.FilterChainProxy - Securing GET /error?startDate=2026-01-01&endDate=2026-12-31
2026-03-04 13:00:17.207 [http-nio-8087-exec-3] [] DEBUG o.s.s.w.a.AnonymousAuthenticationFilter - Set SecurityContextHolder to anonymous SecurityContext
2026-03-04 13:00:17.208 [http-nio-8087-exec-3] [] DEBUG o.s.s.w.a.Http403ForbiddenEntryPoint - Pre-authenticated entry point called. Rejecting access
2026-03-04 13:00:17.220 [http-nio-8087-exec-4] [] DEBUG o.s.security.web.FilterChainProxy - Securing POST /api/reports/claim-event
2026-03-04 13:00:17.223 [http-nio-8087-exec-4] [] DEBUG c.c.r.s.JwtAuthenticationFilter - Authenticated user: policyholder.smoke for URI: /api/reports/claim-event
2026-03-04 13:00:17.224 [http-nio-8087-exec-4] [] DEBUG o.s.security.web.FilterChainProxy - Secured POST /api/reports/claim-event
2026-03-04 13:00:17.225 [http-nio-8087-exec-4] [] DEBUG o.s.s.a.m.AuthorizationManagerBeforeMethodInterceptor - Authorizing method invocation ReflectiveMethodInvocation: public org.springframework.http.ResponseEntity com.claimswift.reportingservice.controller.ReportingController.reportClaimEvent(java.util.Map); target is of class [com.claimswift.reportingservice.controller.ReportingController]
2026-03-04 13:00:17.226 [http-nio-8087-exec-4] [] DEBUG o.s.s.a.m.AuthorizationManagerBeforeMethodInterceptor - Authorized method invocation ReflectiveMethodInvocation: public org.springframework.http.ResponseEntity com.claimswift.reportingservice.controller.ReportingController.reportClaimEvent(java.util.Map); target is of class [com.claimswift.reportingservice.controller.ReportingController]
2026-03-04 13:00:17.227 [http-nio-8087-exec-4] [] INFO  c.c.r.controller.ReportingController - Claim event received: {claimId=3, timestamp=2026-03-04T13:00:17, eventType=SMOKE_TEST, claimNumber=CLM-ED7D2A0C}
2026-03-04 13:00:17.273 [http-nio-8087-exec-5] [] DEBUG o.s.security.web.FilterChainProxy - Securing POST /api/reports/status-change
2026-03-04 13:00:17.277 [http-nio-8087-exec-5] [] DEBUG c.c.r.s.JwtAuthenticationFilter - Authenticated user: manager.smoke for URI: /api/reports/status-change
2026-03-04 13:00:17.280 [http-nio-8087-exec-5] [] DEBUG o.s.security.web.FilterChainProxy - Secured POST /api/reports/status-change
2026-03-04 13:00:17.281 [http-nio-8087-exec-5] [] DEBUG o.s.s.a.m.AuthorizationManagerBeforeMethodInterceptor - Authorizing method invocation ReflectiveMethodInvocation: public org.springframework.http.ResponseEntity com.claimswift.reportingservice.controller.ReportingController.reportStatusChange(java.util.Map); target is of class [com.claimswift.reportingservice.controller.ReportingController]
2026-03-04 13:00:17.282 [http-nio-8087-exec-5] [] DEBUG o.s.s.a.m.AuthorizationManagerBeforeMethodInterceptor - Authorized method invocation ReflectiveMethodInvocation: public org.springframework.http.ResponseEntity com.claimswift.reportingservice.controller.ReportingController.reportStatusChange(java.util.Map); target is of class [com.claimswift.reportingservice.controller.ReportingController]
2026-03-04 13:00:17.282 [http-nio-8087-exec-5] [] INFO  c.c.r.controller.ReportingController - Claim status change received: {claimId=3, timestamp=2026-03-04T13:00:17, oldStatus=UNDER_REVIEW, newStatus=APPROVED, claimNumber=CLM-ED7D2A0C}
2026-03-04 13:01:26.969 [http-nio-8087-exec-7] [] DEBUG o.s.security.web.FilterChainProxy - Securing GET /actuator/health
2026-03-04 13:01:26.972 [http-nio-8087-exec-7] [] DEBUG o.s.s.w.a.AnonymousAuthenticationFilter - Set SecurityContextHolder to anonymous SecurityContext
2026-03-04 13:01:26.974 [http-nio-8087-exec-7] [] DEBUG o.s.security.web.FilterChainProxy - Secured GET /actuator/health
2026-03-04 13:02:34.393 [http-nio-8087-exec-9] [] DEBUG o.s.security.web.FilterChainProxy - Securing GET /api/reports/claims/summary?startDate=2026-01-01&endDate=2026-12-31
2026-03-04 13:02:34.397 [http-nio-8087-exec-9] [] DEBUG c.c.r.s.JwtAuthenticationFilter - Authenticated user: manager.smoke for URI: /api/reports/claims/summary
2026-03-04 13:02:34.400 [http-nio-8087-exec-9] [] DEBUG o.s.security.web.FilterChainProxy - Secured GET /api/reports/claims/summary?startDate=2026-01-01&endDate=2026-12-31
2026-03-04 13:02:34.402 [http-nio-8087-exec-9] [] ERROR o.a.c.c.C.[.[.[.[dispatcherServlet] - Servlet.service() for servlet [dispatcherServlet] in context with path [] threw exception [Request processing failed: java.lang.IllegalArgumentException: Name for argument of type [java.time.LocalDate] not specified, and parameter name information not found in class file either.] with root cause
java.lang.IllegalArgumentException: Name for argument of type [java.time.LocalDate] not specified, and parameter name information not found in class file either.
	at org.springframework.web.method.annotation.AbstractNamedValueMethodArgumentResolver.updateNamedValueInfo(AbstractNamedValueMethodArgumentResolver.java:183)
	at org.springframework.web.method.annotation.AbstractNamedValueMethodArgumentResolver.getNamedValueInfo(AbstractNamedValueMethodArgumentResolver.java:160)
	at org.springframework.web.method.annotation.AbstractNamedValueMethodArgumentResolver.resolveArgument(AbstractNamedValueMethodArgumentResolver.java:106)
	at org.springframework.web.method.support.HandlerMethodArgumentResolverComposite.resolveArgument(HandlerMethodArgumentResolverComposite.java:122)
	at org.springframework.web.method.support.InvocableHandlerMethod.getMethodArgumentValues(InvocableHandlerMethod.java:218)
	at org.springframework.web.method.support.InvocableHandlerMethod.invokeForRequest(InvocableHandlerMethod.java:171)
	at org.springframework.web.servlet.mvc.method.annotation.ServletInvocableHandlerMethod.invokeAndHandle(ServletInvocableHandlerMethod.java:118)
	at org.springframework.web.servlet.mvc.method.annotation.RequestMappingHandlerAdapter.invokeHandlerMethod(RequestMappingHandlerAdapter.java:917)
	at org.springframework.web.servlet.mvc.method.annotation.RequestMappingHandlerAdapter.handleInternal(RequestMappingHandlerAdapter.java:829)
	at org.springframework.web.servlet.mvc.method.AbstractHandlerMethodAdapter.handle(AbstractHandlerMethodAdapter.java:87)
	at org.springframework.web.servlet.DispatcherServlet.doDispatch(DispatcherServlet.java:1089)
	at org.springframework.web.servlet.DispatcherServlet.doService(DispatcherServlet.java:979)
	at org.springframework.web.servlet.FrameworkServlet.processRequest(FrameworkServlet.java:1014)
	at org.springframework.web.servlet.FrameworkServlet.doGet(FrameworkServlet.java:903)
	at jakarta.servlet.http.HttpServlet.service(HttpServlet.java:564)
	at org.springframework.web.servlet.FrameworkServlet.service(FrameworkServlet.java:885)
	at jakarta.servlet.http.HttpServlet.service(HttpServlet.java:658)
	at org.apache.catalina.core.ApplicationFilterChain.internalDoFilter(ApplicationFilterChain.java:205)
	at org.apache.catalina.core.ApplicationFilterChain.doFilter(ApplicationFilterChain.java:149)
	at org.apache.tomcat.websocket.server.WsFilter.doFilter(WsFilter.java:51)
	at org.apache.catalina.core.ApplicationFilterChain.internalDoFilter(ApplicationFilterChain.java:174)
	at org.apache.catalina.core.ApplicationFilterChain.doFilter(ApplicationFilterChain.java:149)
	at org.springframework.web.filter.OncePerRequestFilter.doFilter(OncePerRequestFilter.java:110)
	at org.apache.catalina.core.ApplicationFilterChain.internalDoFilter(ApplicationFilterChain.java:174)
	at org.apache.catalina.core.ApplicationFilterChain.doFilter(ApplicationFilterChain.java:149)
	at org.springframework.security.web.FilterChainProxy.lambda$doFilterInternal$3(FilterChainProxy.java:231)
	at org.springframework.security.web.ObservationFilterChainDecorator$FilterObservation$SimpleFilterObservation.lambda$wrap$1(ObservationFilterChainDecorator.java:479)
	at org.springframework.security.web.ObservationFilterChainDecorator$AroundFilterObservation$SimpleAroundFilterObservation.lambda$wrap$1(ObservationFilterChainDecorator.java:340)
	at org.springframework.security.web.ObservationFilterChainDecorator.lambda$wrapSecured$0(ObservationFilterChainDecorator.java:82)
	at org.springframework.security.web.ObservationFilterChainDecorator$VirtualFilterChain.doFilter(ObservationFilterChainDecorator.java:128)
	at org.springframework.security.web.access.intercept.AuthorizationFilter.doFilter(AuthorizationFilter.java:100)
	at org.springframework.security.web.ObservationFilterChainDecorator$ObservationFilter.wrapFilter(ObservationFilterChainDecorator.java:240)
	at org.springframework.security.web.ObservationFilterChainDecorator$ObservationFilter.doFilter(ObservationFilterChainDecorator.java:227)
	at org.springframework.security.web.ObservationFilterChainDecorator$VirtualFilterChain.doFilter(ObservationFilterChainDecorator.java:137)
	at org.springframework.security.web.access.ExceptionTranslationFilter.doFilter(ExceptionTranslationFilter.java:126)
	at org.springframework.security.web.access.ExceptionTranslationFilter.doFilter(ExceptionTranslationFilter.java:120)
	at org.springframework.security.web.ObservationFilterChainDecorator$ObservationFilter.wrapFilter(ObservationFilterChainDecorator.java:240)
	at org.springframework.security.web.ObservationFilterChainDecorator$ObservationFilter.doFilter(ObservationFilterChainDecorator.java:227)
	at org.springframework.security.web.ObservationFilterChainDecorator$VirtualFilterChain.doFilter(ObservationFilterChainDecorator.java:137)
	at org.springframework.security.web.session.SessionManagementFilter.doFilter(SessionManagementFilter.java:131)
	at org.springframework.security.web.session.SessionManagementFilter.doFilter(SessionManagementFilter.java:85)
	at org.springframework.security.web.ObservationFilterChainDecorator$ObservationFilter.wrapFilter(ObservationFilterChainDecorator.java:240)
	at org.springframework.security.web.ObservationFilterChainDecorator$ObservationFilter.doFilter(ObservationFilterChainDecorator.java:227)
	at org.springframework.security.web.ObservationFilterChainDecorator$VirtualFilterChain.doFilter(ObservationFilterChainDecorator.java:137)
	at org.springframework.security.web.authentication.AnonymousAuthenticationFilter.doFilter(AnonymousAuthenticationFilter.java:100)
	at org.springframework.security.web.ObservationFilterChainDecorator$ObservationFilter.wrapFilter(ObservationFilterChainDecorator.java:240)
	at org.springframework.security.web.ObservationFilterChainDecorator$ObservationFilter.doFilter(ObservationFilterChainDecorator.java:227)
	at org.springframework.security.web.ObservationFilterChainDecorator$VirtualFilterChain.doFilter(ObservationFilterChainDecorator.java:137)
	at org.springframework.security.web.servletapi.SecurityContextHolderAwareRequestFilter.doFilter(SecurityContextHolderAwareRequestFilter.java:179)
	at org.springframework.security.web.ObservationFilterChainDecorator$ObservationFilter.wrapFilter(ObservationFilterChainDecorator.java:240)
	at org.springframework.security.web.ObservationFilterChainDecorator$ObservationFilter.doFilter(ObservationFilterChainDecorator.java:227)
	at org.springframework.security.web.ObservationFilterChainDecorator$VirtualFilterChain.doFilter(ObservationFilterChainDecorator.java:137)
	at org.springframework.security.web.savedrequest.RequestCacheAwareFilter.doFilter(RequestCacheAwareFilter.java:63)
	at org.springframework.security.web.ObservationFilterChainDecorator$ObservationFilter.wrapFilter(ObservationFilterChainDecorator.java:240)
	at org.springframework.security.web.ObservationFilterChainDecorator$ObservationFilter.doFilter(ObservationFilterChainDecorator.java:227)
	at org.springframework.security.web.ObservationFilterChainDecorator$VirtualFilterChain.doFilter(ObservationFilterChainDecorator.java:137)
	at com.claimswift.reportingservice.security.JwtAuthenticationFilter.doFilterInternal(JwtAuthenticationFilter.java:59)
	at org.springframework.web.filter.OncePerRequestFilter.doFilter(OncePerRequestFilter.java:116)
	at org.springframework.security.web.ObservationFilterChainDecorator$ObservationFilter.wrapFilter(ObservationFilterChainDecorator.java:240)
	at org.springframework.security.web.ObservationFilterChainDecorator$ObservationFilter.doFilter(ObservationFilterChainDecorator.java:227)
	at org.springframework.security.web.ObservationFilterChainDecorator$VirtualFilterChain.doFilter(ObservationFilterChainDecorator.java:137)
	at org.springframework.security.web.authentication.logout.LogoutFilter.doFilter(LogoutFilter.java:107)
	at org.springframework.security.web.authentication.logout.LogoutFilter.doFilter(LogoutFilter.java:93)
	at org.springframework.security.web.ObservationFilterChainDecorator$ObservationFilter.wrapFilter(ObservationFilterChainDecorator.java:240)
	at org.springframework.security.web.ObservationFilterChainDecorator$ObservationFilter.doFilter(ObservationFilterChainDecorator.java:227)
	at org.springframework.security.web.ObservationFilterChainDecorator$VirtualFilterChain.doFilter(ObservationFilterChainDecorator.java:137)
	at org.springframework.web.filter.CorsFilter.doFilterInternal(CorsFilter.java:91)
	at org.springframework.web.filter.OncePerRequestFilter.doFilter(OncePerRequestFilter.java:116)
	at org.springframework.security.web.ObservationFilterChainDecorator$ObservationFilter.wrapFilter(ObservationFilterChainDecorator.java:240)
	at org.springframework.security.web.ObservationFilterChainDecorator$ObservationFilter.doFilter(ObservationFilterChainDecorator.java:227)
	at org.springframework.security.web.ObservationFilterChainDecorator$VirtualFilterChain.doFilter(ObservationFilterChainDecorator.java:137)
	at org.springframework.security.web.header.HeaderWriterFilter.doHeadersAfter(HeaderWriterFilter.java:90)
	at org.springframework.security.web.header.HeaderWriterFilter.doFilterInternal(HeaderWriterFilter.java:75)
	at org.springframework.web.filter.OncePerRequestFilter.doFilter(OncePerRequestFilter.java:116)
	at org.springframework.security.web.ObservationFilterChainDecorator$ObservationFilter.wrapFilter(ObservationFilterChainDecorator.java:240)
	at org.springframework.security.web.ObservationFilterChainDecorator$ObservationFilter.doFilter(ObservationFilterChainDecorator.java:227)
	at org.springframework.security.web.ObservationFilterChainDecorator$VirtualFilterChain.doFilter(ObservationFilterChainDecorator.java:137)
	at org.springframework.security.web.context.SecurityContextHolderFilter.doFilter(SecurityContextHolderFilter.java:82)
	at org.springframework.security.web.context.SecurityContextHolderFilter.doFilter(SecurityContextHolderFilter.java:69)
	at org.springframework.security.web.ObservationFilterChainDecorator$ObservationFilter.wrapFilter(ObservationFilterChainDecorator.java:240)
	at org.springframework.security.web.ObservationFilterChainDecorator$ObservationFilter.doFilter(ObservationFilterChainDecorator.java:227)
	at org.springframework.security.web.ObservationFilterChainDecorator$VirtualFilterChain.doFilter(ObservationFilterChainDecorator.java:137)
	at org.springframework.security.web.context.request.async.WebAsyncManagerIntegrationFilter.doFilterInternal(WebAsyncManagerIntegrationFilter.java:62)
	at org.springframework.web.filter.OncePerRequestFilter.doFilter(OncePerRequestFilter.java:116)
	at org.springframework.security.web.ObservationFilterChainDecorator$ObservationFilter.wrapFilter(ObservationFilterChainDecorator.java:240)
	at org.springframework.security.web.ObservationFilterChainDecorator$ObservationFilter.doFilter(ObservationFilterChainDecorator.java:227)
	at org.springframework.security.web.ObservationFilterChainDecorator$VirtualFilterChain.doFilter(ObservationFilterChainDecorator.java:137)
	at org.springframework.security.web.session.DisableEncodeUrlFilter.doFilterInternal(DisableEncodeUrlFilter.java:42)
	at org.springframework.web.filter.OncePerRequestFilter.doFilter(OncePerRequestFilter.java:116)
	at org.springframework.security.web.ObservationFilterChainDecorator$ObservationFilter.wrapFilter(ObservationFilterChainDecorator.java:240)
	at org.springframework.security.web.ObservationFilterChainDecorator$AroundFilterObservation$SimpleAroundFilterObservation.lambda$wrap$0(ObservationFilterChainDecorator.java:323)
	at org.springframework.security.web.ObservationFilterChainDecorator$ObservationFilter.doFilter(ObservationFilterChainDecorator.java:224)
	at org.springframework.security.web.ObservationFilterChainDecorator$VirtualFilterChain.doFilter(ObservationFilterChainDecorator.java:137)
	at org.springframework.security.web.FilterChainProxy.doFilterInternal(FilterChainProxy.java:233)
	at org.springframework.security.web.FilterChainProxy.doFilter(FilterChainProxy.java:191)
	at org.springframework.web.filter.DelegatingFilterProxy.invokeDelegate(DelegatingFilterProxy.java:352)
	at org.springframework.web.filter.DelegatingFilterProxy.doFilter(DelegatingFilterProxy.java:268)
	at org.apache.catalina.core.ApplicationFilterChain.internalDoFilter(ApplicationFilterChain.java:174)
	at org.apache.catalina.core.ApplicationFilterChain.doFilter(ApplicationFilterChain.java:149)
	at org.springframework.web.filter.RequestContextFilter.doFilterInternal(RequestContextFilter.java:100)
	at org.springframework.web.filter.OncePerRequestFilter.doFilter(OncePerRequestFilter.java:116)
	at org.apache.catalina.core.ApplicationFilterChain.internalDoFilter(ApplicationFilterChain.java:174)
	at org.apache.catalina.core.ApplicationFilterChain.doFilter(ApplicationFilterChain.java:149)
	at org.springframework.web.filter.FormContentFilter.doFilterInternal(FormContentFilter.java:93)
	at org.springframework.web.filter.OncePerRequestFilter.doFilter(OncePerRequestFilter.java:116)
	at org.apache.catalina.core.ApplicationFilterChain.internalDoFilter(ApplicationFilterChain.java:174)
	at org.apache.catalina.core.ApplicationFilterChain.doFilter(ApplicationFilterChain.java:149)
	at org.springframework.web.filter.ServerHttpObservationFilter.doFilterInternal(ServerHttpObservationFilter.java:109)
	at org.springframework.web.filter.OncePerRequestFilter.doFilter(OncePerRequestFilter.java:116)
	at org.apache.catalina.core.ApplicationFilterChain.internalDoFilter(ApplicationFilterChain.java:174)
	at org.apache.catalina.core.ApplicationFilterChain.doFilter(ApplicationFilterChain.java:149)
	at org.springframework.web.filter.CharacterEncodingFilter.doFilterInternal(CharacterEncodingFilter.java:201)
	at org.springframework.web.filter.OncePerRequestFilter.doFilter(OncePerRequestFilter.java:116)
	at org.apache.catalina.core.ApplicationFilterChain.internalDoFilter(ApplicationFilterChain.java:174)
	at org.apache.catalina.core.ApplicationFilterChain.doFilter(ApplicationFilterChain.java:149)
	at org.apache.catalina.core.StandardWrapperValve.invoke(StandardWrapperValve.java:167)
	at org.apache.catalina.core.StandardContextValve.invoke(StandardContextValve.java:90)
	at org.apache.catalina.authenticator.AuthenticatorBase.invoke(AuthenticatorBase.java:482)
	at org.apache.catalina.core.StandardHostValve.invoke(StandardHostValve.java:115)
	at org.apache.catalina.valves.ErrorReportValve.invoke(ErrorReportValve.java:93)
	at org.apache.catalina.core.StandardEngineValve.invoke(StandardEngineValve.java:74)
	at org.apache.catalina.connector.CoyoteAdapter.service(CoyoteAdapter.java:340)
	at org.apache.coyote.http11.Http11Processor.service(Http11Processor.java:391)
	at org.apache.coyote.AbstractProcessorLight.process(AbstractProcessorLight.java:63)
	at org.apache.coyote.AbstractProtocol$ConnectionHandler.process(AbstractProtocol.java:896)
	at org.apache.tomcat.util.net.NioEndpoint$SocketProcessor.doRun(NioEndpoint.java:1744)
	at org.apache.tomcat.util.net.SocketProcessorBase.run(SocketProcessorBase.java:52)
	at org.apache.tomcat.util.threads.ThreadPoolExecutor.runWorker(ThreadPoolExecutor.java:1191)
	at org.apache.tomcat.util.threads.ThreadPoolExecutor$Worker.run(ThreadPoolExecutor.java:659)
	at org.apache.tomcat.util.threads.TaskThread$WrappingRunnable.run(TaskThread.java:61)
	at java.base/java.lang.Thread.run(Thread.java:1583)
2026-03-04 13:02:34.402 [http-nio-8087-exec-9] [] DEBUG o.s.security.web.FilterChainProxy - Securing GET /error?startDate=2026-01-01&endDate=2026-12-31
2026-03-04 13:02:34.406 [http-nio-8087-exec-9] [] DEBUG o.s.s.w.a.AnonymousAuthenticationFilter - Set SecurityContextHolder to anonymous SecurityContext
2026-03-04 13:02:34.406 [http-nio-8087-exec-9] [] DEBUG o.s.s.w.a.Http403ForbiddenEntryPoint - Pre-authenticated entry point called. Rejecting access
2026-03-04 13:02:34.415 [http-nio-8087-exec-10] [] DEBUG o.s.security.web.FilterChainProxy - Securing GET /api/reports/claims/summary/pdf?startDate=2026-01-01&endDate=2026-12-31
2026-03-04 13:02:34.418 [http-nio-8087-exec-10] [] DEBUG c.c.r.s.JwtAuthenticationFilter - Authenticated user: manager.smoke for URI: /api/reports/claims/summary/pdf
2026-03-04 13:02:34.419 [http-nio-8087-exec-10] [] DEBUG o.s.security.web.FilterChainProxy - Secured GET /api/reports/claims/summary/pdf?startDate=2026-01-01&endDate=2026-12-31
2026-03-04 13:02:34.420 [http-nio-8087-exec-10] [] ERROR o.a.c.c.C.[.[.[.[dispatcherServlet] - Servlet.service() for servlet [dispatcherServlet] in context with path [] threw exception [Request processing failed: java.lang.IllegalArgumentException: Name for argument of type [java.time.LocalDate] not specified, and parameter name information not found in class file either.] with root cause
java.lang.IllegalArgumentException: Name for argument of type [java.time.LocalDate] not specified, and parameter name information not found in class file either.
	at org.springframework.web.method.annotation.AbstractNamedValueMethodArgumentResolver.updateNamedValueInfo(AbstractNamedValueMethodArgumentResolver.java:183)
	at org.springframework.web.method.annotation.AbstractNamedValueMethodArgumentResolver.getNamedValueInfo(AbstractNamedValueMethodArgumentResolver.java:160)
	at org.springframework.web.method.annotation.AbstractNamedValueMethodArgumentResolver.resolveArgument(AbstractNamedValueMethodArgumentResolver.java:106)
	at org.springframework.web.method.support.HandlerMethodArgumentResolverComposite.resolveArgument(HandlerMethodArgumentResolverComposite.java:122)
	at org.springframework.web.method.support.InvocableHandlerMethod.getMethodArgumentValues(InvocableHandlerMethod.java:218)
	at org.springframework.web.method.support.InvocableHandlerMethod.invokeForRequest(InvocableHandlerMethod.java:171)
	at org.springframework.web.servlet.mvc.method.annotation.ServletInvocableHandlerMethod.invokeAndHandle(ServletInvocableHandlerMethod.java:118)
	at org.springframework.web.servlet.mvc.method.annotation.RequestMappingHandlerAdapter.invokeHandlerMethod(RequestMappingHandlerAdapter.java:917)
	at org.springframework.web.servlet.mvc.method.annotation.RequestMappingHandlerAdapter.handleInternal(RequestMappingHandlerAdapter.java:829)
	at org.springframework.web.servlet.mvc.method.AbstractHandlerMethodAdapter.handle(AbstractHandlerMethodAdapter.java:87)
	at org.springframework.web.servlet.DispatcherServlet.doDispatch(DispatcherServlet.java:1089)
	at org.springframework.web.servlet.DispatcherServlet.doService(DispatcherServlet.java:979)
	at org.springframework.web.servlet.FrameworkServlet.processRequest(FrameworkServlet.java:1014)
	at org.springframework.web.servlet.FrameworkServlet.doGet(FrameworkServlet.java:903)
	at jakarta.servlet.http.HttpServlet.service(HttpServlet.java:564)
	at org.springframework.web.servlet.FrameworkServlet.service(FrameworkServlet.java:885)
	at jakarta.servlet.http.HttpServlet.service(HttpServlet.java:658)
	at org.apache.catalina.core.ApplicationFilterChain.internalDoFilter(ApplicationFilterChain.java:205)
	at org.apache.catalina.core.ApplicationFilterChain.doFilter(ApplicationFilterChain.java:149)
	at org.apache.tomcat.websocket.server.WsFilter.doFilter(WsFilter.java:51)
	at org.apache.catalina.core.ApplicationFilterChain.internalDoFilter(ApplicationFilterChain.java:174)
	at org.apache.catalina.core.ApplicationFilterChain.doFilter(ApplicationFilterChain.java:149)
	at org.springframework.web.filter.OncePerRequestFilter.doFilter(OncePerRequestFilter.java:110)
	at org.apache.catalina.core.ApplicationFilterChain.internalDoFilter(ApplicationFilterChain.java:174)
	at org.apache.catalina.core.ApplicationFilterChain.doFilter(ApplicationFilterChain.java:149)
	at org.springframework.security.web.FilterChainProxy.lambda$doFilterInternal$3(FilterChainProxy.java:231)
	at org.springframework.security.web.ObservationFilterChainDecorator$FilterObservation$SimpleFilterObservation.lambda$wrap$1(ObservationFilterChainDecorator.java:479)
	at org.springframework.security.web.ObservationFilterChainDecorator$AroundFilterObservation$SimpleAroundFilterObservation.lambda$wrap$1(ObservationFilterChainDecorator.java:340)
	at org.springframework.security.web.ObservationFilterChainDecorator.lambda$wrapSecured$0(ObservationFilterChainDecorator.java:82)
	at org.springframework.security.web.ObservationFilterChainDecorator$VirtualFilterChain.doFilter(ObservationFilterChainDecorator.java:128)
	at org.springframework.security.web.access.intercept.AuthorizationFilter.doFilter(AuthorizationFilter.java:100)
	at org.springframework.security.web.ObservationFilterChainDecorator$ObservationFilter.wrapFilter(ObservationFilterChainDecorator.java:240)
	at org.springframework.security.web.ObservationFilterChainDecorator$ObservationFilter.doFilter(ObservationFilterChainDecorator.java:227)
	at org.springframework.security.web.ObservationFilterChainDecorator$VirtualFilterChain.doFilter(ObservationFilterChainDecorator.java:137)
	at org.springframework.security.web.access.ExceptionTranslationFilter.doFilter(ExceptionTranslationFilter.java:126)
	at org.springframework.security.web.access.ExceptionTranslationFilter.doFilter(ExceptionTranslationFilter.java:120)
	at org.springframework.security.web.ObservationFilterChainDecorator$ObservationFilter.wrapFilter(ObservationFilterChainDecorator.java:240)
	at org.springframework.security.web.ObservationFilterChainDecorator$ObservationFilter.doFilter(ObservationFilterChainDecorator.java:227)
	at org.springframework.security.web.ObservationFilterChainDecorator$VirtualFilterChain.doFilter(ObservationFilterChainDecorator.java:137)
	at org.springframework.security.web.session.SessionManagementFilter.doFilter(SessionManagementFilter.java:131)
	at org.springframework.security.web.session.SessionManagementFilter.doFilter(SessionManagementFilter.java:85)
	at org.springframework.security.web.ObservationFilterChainDecorator$ObservationFilter.wrapFilter(ObservationFilterChainDecorator.java:240)
	at org.springframework.security.web.ObservationFilterChainDecorator$ObservationFilter.doFilter(ObservationFilterChainDecorator.java:227)
	at org.springframework.security.web.ObservationFilterChainDecorator$VirtualFilterChain.doFilter(ObservationFilterChainDecorator.java:137)
	at org.springframework.security.web.authentication.AnonymousAuthenticationFilter.doFilter(AnonymousAuthenticationFilter.java:100)
	at org.springframework.security.web.ObservationFilterChainDecorator$ObservationFilter.wrapFilter(ObservationFilterChainDecorator.java:240)
	at org.springframework.security.web.ObservationFilterChainDecorator$ObservationFilter.doFilter(ObservationFilterChainDecorator.java:227)
	at org.springframework.security.web.ObservationFilterChainDecorator$VirtualFilterChain.doFilter(ObservationFilterChainDecorator.java:137)
	at org.springframework.security.web.servletapi.SecurityContextHolderAwareRequestFilter.doFilter(SecurityContextHolderAwareRequestFilter.java:179)
	at org.springframework.security.web.ObservationFilterChainDecorator$ObservationFilter.wrapFilter(ObservationFilterChainDecorator.java:240)
	at org.springframework.security.web.ObservationFilterChainDecorator$ObservationFilter.doFilter(ObservationFilterChainDecorator.java:227)
	at org.springframework.security.web.ObservationFilterChainDecorator$VirtualFilterChain.doFilter(ObservationFilterChainDecorator.java:137)
	at org.springframework.security.web.savedrequest.RequestCacheAwareFilter.doFilter(RequestCacheAwareFilter.java:63)
	at org.springframework.security.web.ObservationFilterChainDecorator$ObservationFilter.wrapFilter(ObservationFilterChainDecorator.java:240)
	at org.springframework.security.web.ObservationFilterChainDecorator$ObservationFilter.doFilter(ObservationFilterChainDecorator.java:227)
	at org.springframework.security.web.ObservationFilterChainDecorator$VirtualFilterChain.doFilter(ObservationFilterChainDecorator.java:137)
	at com.claimswift.reportingservice.security.JwtAuthenticationFilter.doFilterInternal(JwtAuthenticationFilter.java:59)
	at org.springframework.web.filter.OncePerRequestFilter.doFilter(OncePerRequestFilter.java:116)
	at org.springframework.security.web.ObservationFilterChainDecorator$ObservationFilter.wrapFilter(ObservationFilterChainDecorator.java:240)
	at org.springframework.security.web.ObservationFilterChainDecorator$ObservationFilter.doFilter(ObservationFilterChainDecorator.java:227)
	at org.springframework.security.web.ObservationFilterChainDecorator$VirtualFilterChain.doFilter(ObservationFilterChainDecorator.java:137)
	at org.springframework.security.web.authentication.logout.LogoutFilter.doFilter(LogoutFilter.java:107)
	at org.springframework.security.web.authentication.logout.LogoutFilter.doFilter(LogoutFilter.java:93)
	at org.springframework.security.web.ObservationFilterChainDecorator$ObservationFilter.wrapFilter(ObservationFilterChainDecorator.java:240)
	at org.springframework.security.web.ObservationFilterChainDecorator$ObservationFilter.doFilter(ObservationFilterChainDecorator.java:227)
	at org.springframework.security.web.ObservationFilterChainDecorator$VirtualFilterChain.doFilter(ObservationFilterChainDecorator.java:137)
	at org.springframework.web.filter.CorsFilter.doFilterInternal(CorsFilter.java:91)
	at org.springframework.web.filter.OncePerRequestFilter.doFilter(OncePerRequestFilter.java:116)
	at org.springframework.security.web.ObservationFilterChainDecorator$ObservationFilter.wrapFilter(ObservationFilterChainDecorator.java:240)
	at org.springframework.security.web.ObservationFilterChainDecorator$ObservationFilter.doFilter(ObservationFilterChainDecorator.java:227)
	at org.springframework.security.web.ObservationFilterChainDecorator$VirtualFilterChain.doFilter(ObservationFilterChainDecorator.java:137)
	at org.springframework.security.web.header.HeaderWriterFilter.doHeadersAfter(HeaderWriterFilter.java:90)
	at org.springframework.security.web.header.HeaderWriterFilter.doFilterInternal(HeaderWriterFilter.java:75)
	at org.springframework.web.filter.OncePerRequestFilter.doFilter(OncePerRequestFilter.java:116)
	at org.springframework.security.web.ObservationFilterChainDecorator$ObservationFilter.wrapFilter(ObservationFilterChainDecorator.java:240)
	at org.springframework.security.web.ObservationFilterChainDecorator$ObservationFilter.doFilter(ObservationFilterChainDecorator.java:227)
	at org.springframework.security.web.ObservationFilterChainDecorator$VirtualFilterChain.doFilter(ObservationFilterChainDecorator.java:137)
	at org.springframework.security.web.context.SecurityContextHolderFilter.doFilter(SecurityContextHolderFilter.java:82)
	at org.springframework.security.web.context.SecurityContextHolderFilter.doFilter(SecurityContextHolderFilter.java:69)
	at org.springframework.security.web.ObservationFilterChainDecorator$ObservationFilter.wrapFilter(ObservationFilterChainDecorator.java:240)
	at org.springframework.security.web.ObservationFilterChainDecorator$ObservationFilter.doFilter(ObservationFilterChainDecorator.java:227)
	at org.springframework.security.web.ObservationFilterChainDecorator$VirtualFilterChain.doFilter(ObservationFilterChainDecorator.java:137)
	at org.springframework.security.web.context.request.async.WebAsyncManagerIntegrationFilter.doFilterInternal(WebAsyncManagerIntegrationFilter.java:62)
	at org.springframework.web.filter.OncePerRequestFilter.doFilter(OncePerRequestFilter.java:116)
	at org.springframework.security.web.ObservationFilterChainDecorator$ObservationFilter.wrapFilter(ObservationFilterChainDecorator.java:240)
	at org.springframework.security.web.ObservationFilterChainDecorator$ObservationFilter.doFilter(ObservationFilterChainDecorator.java:227)
	at org.springframework.security.web.ObservationFilterChainDecorator$VirtualFilterChain.doFilter(ObservationFilterChainDecorator.java:137)
	at org.springframework.security.web.session.DisableEncodeUrlFilter.doFilterInternal(DisableEncodeUrlFilter.java:42)
	at org.springframework.web.filter.OncePerRequestFilter.doFilter(OncePerRequestFilter.java:116)
	at org.springframework.security.web.ObservationFilterChainDecorator$ObservationFilter.wrapFilter(ObservationFilterChainDecorator.java:240)
	at org.springframework.security.web.ObservationFilterChainDecorator$AroundFilterObservation$SimpleAroundFilterObservation.lambda$wrap$0(ObservationFilterChainDecorator.java:323)
	at org.springframework.security.web.ObservationFilterChainDecorator$ObservationFilter.doFilter(ObservationFilterChainDecorator.java:224)
	at org.springframework.security.web.ObservationFilterChainDecorator$VirtualFilterChain.doFilter(ObservationFilterChainDecorator.java:137)
	at org.springframework.security.web.FilterChainProxy.doFilterInternal(FilterChainProxy.java:233)
	at org.springframework.security.web.FilterChainProxy.doFilter(FilterChainProxy.java:191)
	at org.springframework.web.filter.DelegatingFilterProxy.invokeDelegate(DelegatingFilterProxy.java:352)
	at org.springframework.web.filter.DelegatingFilterProxy.doFilter(DelegatingFilterProxy.java:268)
	at org.apache.catalina.core.ApplicationFilterChain.internalDoFilter(ApplicationFilterChain.java:174)
	at org.apache.catalina.core.ApplicationFilterChain.doFilter(ApplicationFilterChain.java:149)
	at org.springframework.web.filter.RequestContextFilter.doFilterInternal(RequestContextFilter.java:100)
	at org.springframework.web.filter.OncePerRequestFilter.doFilter(OncePerRequestFilter.java:116)
	at org.apache.catalina.core.ApplicationFilterChain.internalDoFilter(ApplicationFilterChain.java:174)
	at org.apache.catalina.core.ApplicationFilterChain.doFilter(ApplicationFilterChain.java:149)
	at org.springframework.web.filter.FormContentFilter.doFilterInternal(FormContentFilter.java:93)
	at org.springframework.web.filter.OncePerRequestFilter.doFilter(OncePerRequestFilter.java:116)
	at org.apache.catalina.core.ApplicationFilterChain.internalDoFilter(ApplicationFilterChain.java:174)
	at org.apache.catalina.core.ApplicationFilterChain.doFilter(ApplicationFilterChain.java:149)
	at org.springframework.web.filter.ServerHttpObservationFilter.doFilterInternal(ServerHttpObservationFilter.java:109)
	at org.springframework.web.filter.OncePerRequestFilter.doFilter(OncePerRequestFilter.java:116)
	at org.apache.catalina.core.ApplicationFilterChain.internalDoFilter(ApplicationFilterChain.java:174)
	at org.apache.catalina.core.ApplicationFilterChain.doFilter(ApplicationFilterChain.java:149)
	at org.springframework.web.filter.CharacterEncodingFilter.doFilterInternal(CharacterEncodingFilter.java:201)
	at org.springframework.web.filter.OncePerRequestFilter.doFilter(OncePerRequestFilter.java:116)
	at org.apache.catalina.core.ApplicationFilterChain.internalDoFilter(ApplicationFilterChain.java:174)
	at org.apache.catalina.core.ApplicationFilterChain.doFilter(ApplicationFilterChain.java:149)
	at org.apache.catalina.core.StandardWrapperValve.invoke(StandardWrapperValve.java:167)
	at org.apache.catalina.core.StandardContextValve.invoke(StandardContextValve.java:90)
	at org.apache.catalina.authenticator.AuthenticatorBase.invoke(AuthenticatorBase.java:482)
	at org.apache.catalina.core.StandardHostValve.invoke(StandardHostValve.java:115)
	at org.apache.catalina.valves.ErrorReportValve.invoke(ErrorReportValve.java:93)
	at org.apache.catalina.core.StandardEngineValve.invoke(StandardEngineValve.java:74)
	at org.apache.catalina.connector.CoyoteAdapter.service(CoyoteAdapter.java:340)
	at org.apache.coyote.http11.Http11Processor.service(Http11Processor.java:391)
	at org.apache.coyote.AbstractProcessorLight.process(AbstractProcessorLight.java:63)
	at org.apache.coyote.AbstractProtocol$ConnectionHandler.process(AbstractProtocol.java:896)
	at org.apache.tomcat.util.net.NioEndpoint$SocketProcessor.doRun(NioEndpoint.java:1744)
	at org.apache.tomcat.util.net.SocketProcessorBase.run(SocketProcessorBase.java:52)
	at org.apache.tomcat.util.threads.ThreadPoolExecutor.runWorker(ThreadPoolExecutor.java:1191)
	at org.apache.tomcat.util.threads.ThreadPoolExecutor$Worker.run(ThreadPoolExecutor.java:659)
	at org.apache.tomcat.util.threads.TaskThread$WrappingRunnable.run(TaskThread.java:61)
	at java.base/java.lang.Thread.run(Thread.java:1583)
2026-03-04 13:02:34.421 [http-nio-8087-exec-10] [] DEBUG o.s.security.web.FilterChainProxy - Securing GET /error?startDate=2026-01-01&endDate=2026-12-31
2026-03-04 13:02:34.422 [http-nio-8087-exec-10] [] DEBUG o.s.s.w.a.AnonymousAuthenticationFilter - Set SecurityContextHolder to anonymous SecurityContext
2026-03-04 13:02:34.423 [http-nio-8087-exec-10] [] DEBUG o.s.s.w.a.Http403ForbiddenEntryPoint - Pre-authenticated entry point called. Rejecting access
2026-03-04 13:02:34.429 [http-nio-8087-exec-1] [] DEBUG o.s.security.web.FilterChainProxy - Securing GET /api/reports/payments?startDate=2026-01-01&endDate=2026-12-31
2026-03-04 13:02:34.431 [http-nio-8087-exec-1] [] DEBUG c.c.r.s.JwtAuthenticationFilter - Authenticated user: manager.smoke for URI: /api/reports/payments
2026-03-04 13:02:34.433 [http-nio-8087-exec-1] [] DEBUG o.s.security.web.FilterChainProxy - Secured GET /api/reports/payments?startDate=2026-01-01&endDate=2026-12-31
2026-03-04 13:02:34.434 [http-nio-8087-exec-1] [] ERROR o.a.c.c.C.[.[.[.[dispatcherServlet] - Servlet.service() for servlet [dispatcherServlet] in context with path [] threw exception [Request processing failed: java.lang.IllegalArgumentException: Name for argument of type [java.time.LocalDate] not specified, and parameter name information not found in class file either.] with root cause
java.lang.IllegalArgumentException: Name for argument of type [java.time.LocalDate] not specified, and parameter name information not found in class file either.
	at org.springframework.web.method.annotation.AbstractNamedValueMethodArgumentResolver.updateNamedValueInfo(AbstractNamedValueMethodArgumentResolver.java:183)
	at org.springframework.web.method.annotation.AbstractNamedValueMethodArgumentResolver.getNamedValueInfo(AbstractNamedValueMethodArgumentResolver.java:160)
	at org.springframework.web.method.annotation.AbstractNamedValueMethodArgumentResolver.resolveArgument(AbstractNamedValueMethodArgumentResolver.java:106)
	at org.springframework.web.method.support.HandlerMethodArgumentResolverComposite.resolveArgument(HandlerMethodArgumentResolverComposite.java:122)
	at org.springframework.web.method.support.InvocableHandlerMethod.getMethodArgumentValues(InvocableHandlerMethod.java:218)
	at org.springframework.web.method.support.InvocableHandlerMethod.invokeForRequest(InvocableHandlerMethod.java:171)
	at org.springframework.web.servlet.mvc.method.annotation.ServletInvocableHandlerMethod.invokeAndHandle(ServletInvocableHandlerMethod.java:118)
	at org.springframework.web.servlet.mvc.method.annotation.RequestMappingHandlerAdapter.invokeHandlerMethod(RequestMappingHandlerAdapter.java:917)
	at org.springframework.web.servlet.mvc.method.annotation.RequestMappingHandlerAdapter.handleInternal(RequestMappingHandlerAdapter.java:829)
	at org.springframework.web.servlet.mvc.method.AbstractHandlerMethodAdapter.handle(AbstractHandlerMethodAdapter.java:87)
	at org.springframework.web.servlet.DispatcherServlet.doDispatch(DispatcherServlet.java:1089)
	at org.springframework.web.servlet.DispatcherServlet.doService(DispatcherServlet.java:979)
	at org.springframework.web.servlet.FrameworkServlet.processRequest(FrameworkServlet.java:1014)
	at org.springframework.web.servlet.FrameworkServlet.doGet(FrameworkServlet.java:903)
	at jakarta.servlet.http.HttpServlet.service(HttpServlet.java:564)
	at org.springframework.web.servlet.FrameworkServlet.service(FrameworkServlet.java:885)
	at jakarta.servlet.http.HttpServlet.service(HttpServlet.java:658)
	at org.apache.catalina.core.ApplicationFilterChain.internalDoFilter(ApplicationFilterChain.java:205)
	at org.apache.catalina.core.ApplicationFilterChain.doFilter(ApplicationFilterChain.java:149)
	at org.apache.tomcat.websocket.server.WsFilter.doFilter(WsFilter.java:51)
	at org.apache.catalina.core.ApplicationFilterChain.internalDoFilter(ApplicationFilterChain.java:174)
	at org.apache.catalina.core.ApplicationFilterChain.doFilter(ApplicationFilterChain.java:149)
	at org.springframework.web.filter.OncePerRequestFilter.doFilter(OncePerRequestFilter.java:110)
	at org.apache.catalina.core.ApplicationFilterChain.internalDoFilter(ApplicationFilterChain.java:174)
	at org.apache.catalina.core.ApplicationFilterChain.doFilter(ApplicationFilterChain.java:149)
	at org.springframework.security.web.FilterChainProxy.lambda$doFilterInternal$3(FilterChainProxy.java:231)
	at org.springframework.security.web.ObservationFilterChainDecorator$FilterObservation$SimpleFilterObservation.lambda$wrap$1(ObservationFilterChainDecorator.java:479)
	at org.springframework.security.web.ObservationFilterChainDecorator$AroundFilterObservation$SimpleAroundFilterObservation.lambda$wrap$1(ObservationFilterChainDecorator.java:340)
	at org.springframework.security.web.ObservationFilterChainDecorator.lambda$wrapSecured$0(ObservationFilterChainDecorator.java:82)
	at org.springframework.security.web.ObservationFilterChainDecorator$VirtualFilterChain.doFilter(ObservationFilterChainDecorator.java:128)
	at org.springframework.security.web.access.intercept.AuthorizationFilter.doFilter(AuthorizationFilter.java:100)
	at org.springframework.security.web.ObservationFilterChainDecorator$ObservationFilter.wrapFilter(ObservationFilterChainDecorator.java:240)
	at org.springframework.security.web.ObservationFilterChainDecorator$ObservationFilter.doFilter(ObservationFilterChainDecorator.java:227)
	at org.springframework.security.web.ObservationFilterChainDecorator$VirtualFilterChain.doFilter(ObservationFilterChainDecorator.java:137)
	at org.springframework.security.web.access.ExceptionTranslationFilter.doFilter(ExceptionTranslationFilter.java:126)
	at org.springframework.security.web.access.ExceptionTranslationFilter.doFilter(ExceptionTranslationFilter.java:120)
	at org.springframework.security.web.ObservationFilterChainDecorator$ObservationFilter.wrapFilter(ObservationFilterChainDecorator.java:240)
	at org.springframework.security.web.ObservationFilterChainDecorator$ObservationFilter.doFilter(ObservationFilterChainDecorator.java:227)
	at org.springframework.security.web.ObservationFilterChainDecorator$VirtualFilterChain.doFilter(ObservationFilterChainDecorator.java:137)
	at org.springframework.security.web.session.SessionManagementFilter.doFilter(SessionManagementFilter.java:131)
	at org.springframework.security.web.session.SessionManagementFilter.doFilter(SessionManagementFilter.java:85)
	at org.springframework.security.web.ObservationFilterChainDecorator$ObservationFilter.wrapFilter(ObservationFilterChainDecorator.java:240)
	at org.springframework.security.web.ObservationFilterChainDecorator$ObservationFilter.doFilter(ObservationFilterChainDecorator.java:227)
	at org.springframework.security.web.ObservationFilterChainDecorator$VirtualFilterChain.doFilter(ObservationFilterChainDecorator.java:137)
	at org.springframework.security.web.authentication.AnonymousAuthenticationFilter.doFilter(AnonymousAuthenticationFilter.java:100)
	at org.springframework.security.web.ObservationFilterChainDecorator$ObservationFilter.wrapFilter(ObservationFilterChainDecorator.java:240)
	at org.springframework.security.web.ObservationFilterChainDecorator$ObservationFilter.doFilter(ObservationFilterChainDecorator.java:227)
	at org.springframework.security.web.ObservationFilterChainDecorator$VirtualFilterChain.doFilter(ObservationFilterChainDecorator.java:137)
	at org.springframework.security.web.servletapi.SecurityContextHolderAwareRequestFilter.doFilter(SecurityContextHolderAwareRequestFilter.java:179)
	at org.springframework.security.web.ObservationFilterChainDecorator$ObservationFilter.wrapFilter(ObservationFilterChainDecorator.java:240)
	at org.springframework.security.web.ObservationFilterChainDecorator$ObservationFilter.doFilter(ObservationFilterChainDecorator.java:227)
	at org.springframework.security.web.ObservationFilterChainDecorator$VirtualFilterChain.doFilter(ObservationFilterChainDecorator.java:137)
	at org.springframework.security.web.savedrequest.RequestCacheAwareFilter.doFilter(RequestCacheAwareFilter.java:63)
	at org.springframework.security.web.ObservationFilterChainDecorator$ObservationFilter.wrapFilter(ObservationFilterChainDecorator.java:240)
	at org.springframework.security.web.ObservationFilterChainDecorator$ObservationFilter.doFilter(ObservationFilterChainDecorator.java:227)
	at org.springframework.security.web.ObservationFilterChainDecorator$VirtualFilterChain.doFilter(ObservationFilterChainDecorator.java:137)
	at com.claimswift.reportingservice.security.JwtAuthenticationFilter.doFilterInternal(JwtAuthenticationFilter.java:59)
	at org.springframework.web.filter.OncePerRequestFilter.doFilter(OncePerRequestFilter.java:116)
	at org.springframework.security.web.ObservationFilterChainDecorator$ObservationFilter.wrapFilter(ObservationFilterChainDecorator.java:240)
	at org.springframework.security.web.ObservationFilterChainDecorator$ObservationFilter.doFilter(ObservationFilterChainDecorator.java:227)
	at org.springframework.security.web.ObservationFilterChainDecorator$VirtualFilterChain.doFilter(ObservationFilterChainDecorator.java:137)
	at org.springframework.security.web.authentication.logout.LogoutFilter.doFilter(LogoutFilter.java:107)
	at org.springframework.security.web.authentication.logout.LogoutFilter.doFilter(LogoutFilter.java:93)
	at org.springframework.security.web.ObservationFilterChainDecorator$ObservationFilter.wrapFilter(ObservationFilterChainDecorator.java:240)
	at org.springframework.security.web.ObservationFilterChainDecorator$ObservationFilter.doFilter(ObservationFilterChainDecorator.java:227)
	at org.springframework.security.web.ObservationFilterChainDecorator$VirtualFilterChain.doFilter(ObservationFilterChainDecorator.java:137)
	at org.springframework.web.filter.CorsFilter.doFilterInternal(CorsFilter.java:91)
	at org.springframework.web.filter.OncePerRequestFilter.doFilter(OncePerRequestFilter.java:116)
	at org.springframework.security.web.ObservationFilterChainDecorator$ObservationFilter.wrapFilter(ObservationFilterChainDecorator.java:240)
	at org.springframework.security.web.ObservationFilterChainDecorator$ObservationFilter.doFilter(ObservationFilterChainDecorator.java:227)
	at org.springframework.security.web.ObservationFilterChainDecorator$VirtualFilterChain.doFilter(ObservationFilterChainDecorator.java:137)
	at org.springframework.security.web.header.HeaderWriterFilter.doHeadersAfter(HeaderWriterFilter.java:90)
	at org.springframework.security.web.header.HeaderWriterFilter.doFilterInternal(HeaderWriterFilter.java:75)
	at org.springframework.web.filter.OncePerRequestFilter.doFilter(OncePerRequestFilter.java:116)
	at org.springframework.security.web.ObservationFilterChainDecorator$ObservationFilter.wrapFilter(ObservationFilterChainDecorator.java:240)
	at org.springframework.security.web.ObservationFilterChainDecorator$ObservationFilter.doFilter(ObservationFilterChainDecorator.java:227)
	at org.springframework.security.web.ObservationFilterChainDecorator$VirtualFilterChain.doFilter(ObservationFilterChainDecorator.java:137)
	at org.springframework.security.web.context.SecurityContextHolderFilter.doFilter(SecurityContextHolderFilter.java:82)
	at org.springframework.security.web.context.SecurityContextHolderFilter.doFilter(SecurityContextHolderFilter.java:69)
	at org.springframework.security.web.ObservationFilterChainDecorator$ObservationFilter.wrapFilter(ObservationFilterChainDecorator.java:240)
	at org.springframework.security.web.ObservationFilterChainDecorator$ObservationFilter.doFilter(ObservationFilterChainDecorator.java:227)
	at org.springframework.security.web.ObservationFilterChainDecorator$VirtualFilterChain.doFilter(ObservationFilterChainDecorator.java:137)
	at org.springframework.security.web.context.request.async.WebAsyncManagerIntegrationFilter.doFilterInternal(WebAsyncManagerIntegrationFilter.java:62)
	at org.springframework.web.filter.OncePerRequestFilter.doFilter(OncePerRequestFilter.java:116)
	at org.springframework.security.web.ObservationFilterChainDecorator$ObservationFilter.wrapFilter(ObservationFilterChainDecorator.java:240)
	at org.springframework.security.web.ObservationFilterChainDecorator$ObservationFilter.doFilter(ObservationFilterChainDecorator.java:227)
	at org.springframework.security.web.ObservationFilterChainDecorator$VirtualFilterChain.doFilter(ObservationFilterChainDecorator.java:137)
	at org.springframework.security.web.session.DisableEncodeUrlFilter.doFilterInternal(DisableEncodeUrlFilter.java:42)
	at org.springframework.web.filter.OncePerRequestFilter.doFilter(OncePerRequestFilter.java:116)
	at org.springframework.security.web.ObservationFilterChainDecorator$ObservationFilter.wrapFilter(ObservationFilterChainDecorator.java:240)
	at org.springframework.security.web.ObservationFilterChainDecorator$AroundFilterObservation$SimpleAroundFilterObservation.lambda$wrap$0(ObservationFilterChainDecorator.java:323)
	at org.springframework.security.web.ObservationFilterChainDecorator$ObservationFilter.doFilter(ObservationFilterChainDecorator.java:224)
	at org.springframework.security.web.ObservationFilterChainDecorator$VirtualFilterChain.doFilter(ObservationFilterChainDecorator.java:137)
	at org.springframework.security.web.FilterChainProxy.doFilterInternal(FilterChainProxy.java:233)
	at org.springframework.security.web.FilterChainProxy.doFilter(FilterChainProxy.java:191)
	at org.springframework.web.filter.DelegatingFilterProxy.invokeDelegate(DelegatingFilterProxy.java:352)
	at org.springframework.web.filter.DelegatingFilterProxy.doFilter(DelegatingFilterProxy.java:268)
	at org.apache.catalina.core.ApplicationFilterChain.internalDoFilter(ApplicationFilterChain.java:174)
	at org.apache.catalina.core.ApplicationFilterChain.doFilter(ApplicationFilterChain.java:149)
	at org.springframework.web.filter.RequestContextFilter.doFilterInternal(RequestContextFilter.java:100)
	at org.springframework.web.filter.OncePerRequestFilter.doFilter(OncePerRequestFilter.java:116)
	at org.apache.catalina.core.ApplicationFilterChain.internalDoFilter(ApplicationFilterChain.java:174)
	at org.apache.catalina.core.ApplicationFilterChain.doFilter(ApplicationFilterChain.java:149)
	at org.springframework.web.filter.FormContentFilter.doFilterInternal(FormContentFilter.java:93)
	at org.springframework.web.filter.OncePerRequestFilter.doFilter(OncePerRequestFilter.java:116)
	at org.apache.catalina.core.ApplicationFilterChain.internalDoFilter(ApplicationFilterChain.java:174)
	at org.apache.catalina.core.ApplicationFilterChain.doFilter(ApplicationFilterChain.java:149)
	at org.springframework.web.filter.ServerHttpObservationFilter.doFilterInternal(ServerHttpObservationFilter.java:109)
	at org.springframework.web.filter.OncePerRequestFilter.doFilter(OncePerRequestFilter.java:116)
	at org.apache.catalina.core.ApplicationFilterChain.internalDoFilter(ApplicationFilterChain.java:174)
	at org.apache.catalina.core.ApplicationFilterChain.doFilter(ApplicationFilterChain.java:149)
	at org.springframework.web.filter.CharacterEncodingFilter.doFilterInternal(CharacterEncodingFilter.java:201)
	at org.springframework.web.filter.OncePerRequestFilter.doFilter(OncePerRequestFilter.java:116)
	at org.apache.catalina.core.ApplicationFilterChain.internalDoFilter(ApplicationFilterChain.java:174)
	at org.apache.catalina.core.ApplicationFilterChain.doFilter(ApplicationFilterChain.java:149)
	at org.apache.catalina.core.StandardWrapperValve.invoke(StandardWrapperValve.java:167)
	at org.apache.catalina.core.StandardContextValve.invoke(StandardContextValve.java:90)
	at org.apache.catalina.authenticator.AuthenticatorBase.invoke(AuthenticatorBase.java:482)
	at org.apache.catalina.core.StandardHostValve.invoke(StandardHostValve.java:115)
	at org.apache.catalina.valves.ErrorReportValve.invoke(ErrorReportValve.java:93)
	at org.apache.catalina.core.StandardEngineValve.invoke(StandardEngineValve.java:74)
	at org.apache.catalina.connector.CoyoteAdapter.service(CoyoteAdapter.java:340)
	at org.apache.coyote.http11.Http11Processor.service(Http11Processor.java:391)
	at org.apache.coyote.AbstractProcessorLight.process(AbstractProcessorLight.java:63)
	at org.apache.coyote.AbstractProtocol$ConnectionHandler.process(AbstractProtocol.java:896)
	at org.apache.tomcat.util.net.NioEndpoint$SocketProcessor.doRun(NioEndpoint.java:1744)
	at org.apache.tomcat.util.net.SocketProcessorBase.run(SocketProcessorBase.java:52)
	at org.apache.tomcat.util.threads.ThreadPoolExecutor.runWorker(ThreadPoolExecutor.java:1191)
	at org.apache.tomcat.util.threads.ThreadPoolExecutor$Worker.run(ThreadPoolExecutor.java:659)
	at org.apache.tomcat.util.threads.TaskThread$WrappingRunnable.run(TaskThread.java:61)
	at java.base/java.lang.Thread.run(Thread.java:1583)
2026-03-04 13:02:34.436 [http-nio-8087-exec-1] [] DEBUG o.s.security.web.FilterChainProxy - Securing GET /error?startDate=2026-01-01&endDate=2026-12-31
2026-03-04 13:02:34.439 [http-nio-8087-exec-1] [] DEBUG o.s.s.w.a.AnonymousAuthenticationFilter - Set SecurityContextHolder to anonymous SecurityContext
2026-03-04 13:02:34.440 [http-nio-8087-exec-1] [] DEBUG o.s.s.w.a.Http403ForbiddenEntryPoint - Pre-authenticated entry point called. Rejecting access
2026-03-04 13:02:34.452 [http-nio-8087-exec-2] [] DEBUG o.s.security.web.FilterChainProxy - Securing GET /api/reports/payments/pdf?startDate=2026-01-01&endDate=2026-12-31
2026-03-04 13:02:34.456 [http-nio-8087-exec-2] [] DEBUG c.c.r.s.JwtAuthenticationFilter - Authenticated user: manager.smoke for URI: /api/reports/payments/pdf
2026-03-04 13:02:34.457 [http-nio-8087-exec-2] [] DEBUG o.s.security.web.FilterChainProxy - Secured GET /api/reports/payments/pdf?startDate=2026-01-01&endDate=2026-12-31
2026-03-04 13:02:34.458 [http-nio-8087-exec-2] [] ERROR o.a.c.c.C.[.[.[.[dispatcherServlet] - Servlet.service() for servlet [dispatcherServlet] in context with path [] threw exception [Request processing failed: java.lang.IllegalArgumentException: Name for argument of type [java.time.LocalDate] not specified, and parameter name information not found in class file either.] with root cause
java.lang.IllegalArgumentException: Name for argument of type [java.time.LocalDate] not specified, and parameter name information not found in class file either.
	at org.springframework.web.method.annotation.AbstractNamedValueMethodArgumentResolver.updateNamedValueInfo(AbstractNamedValueMethodArgumentResolver.java:183)
	at org.springframework.web.method.annotation.AbstractNamedValueMethodArgumentResolver.getNamedValueInfo(AbstractNamedValueMethodArgumentResolver.java:160)
	at org.springframework.web.method.annotation.AbstractNamedValueMethodArgumentResolver.resolveArgument(AbstractNamedValueMethodArgumentResolver.java:106)
	at org.springframework.web.method.support.HandlerMethodArgumentResolverComposite.resolveArgument(HandlerMethodArgumentResolverComposite.java:122)
	at org.springframework.web.method.support.InvocableHandlerMethod.getMethodArgumentValues(InvocableHandlerMethod.java:218)
	at org.springframework.web.method.support.InvocableHandlerMethod.invokeForRequest(InvocableHandlerMethod.java:171)
	at org.springframework.web.servlet.mvc.method.annotation.ServletInvocableHandlerMethod.invokeAndHandle(ServletInvocableHandlerMethod.java:118)
	at org.springframework.web.servlet.mvc.method.annotation.RequestMappingHandlerAdapter.invokeHandlerMethod(RequestMappingHandlerAdapter.java:917)
	at org.springframework.web.servlet.mvc.method.annotation.RequestMappingHandlerAdapter.handleInternal(RequestMappingHandlerAdapter.java:829)
	at org.springframework.web.servlet.mvc.method.AbstractHandlerMethodAdapter.handle(AbstractHandlerMethodAdapter.java:87)
	at org.springframework.web.servlet.DispatcherServlet.doDispatch(DispatcherServlet.java:1089)
	at org.springframework.web.servlet.DispatcherServlet.doService(DispatcherServlet.java:979)
	at org.springframework.web.servlet.FrameworkServlet.processRequest(FrameworkServlet.java:1014)
	at org.springframework.web.servlet.FrameworkServlet.doGet(FrameworkServlet.java:903)
	at jakarta.servlet.http.HttpServlet.service(HttpServlet.java:564)
	at org.springframework.web.servlet.FrameworkServlet.service(FrameworkServlet.java:885)
	at jakarta.servlet.http.HttpServlet.service(HttpServlet.java:658)
	at org.apache.catalina.core.ApplicationFilterChain.internalDoFilter(ApplicationFilterChain.java:205)
	at org.apache.catalina.core.ApplicationFilterChain.doFilter(ApplicationFilterChain.java:149)
	at org.apache.tomcat.websocket.server.WsFilter.doFilter(WsFilter.java:51)
	at org.apache.catalina.core.ApplicationFilterChain.internalDoFilter(ApplicationFilterChain.java:174)
	at org.apache.catalina.core.ApplicationFilterChain.doFilter(ApplicationFilterChain.java:149)
	at org.springframework.web.filter.OncePerRequestFilter.doFilter(OncePerRequestFilter.java:110)
	at org.apache.catalina.core.ApplicationFilterChain.internalDoFilter(ApplicationFilterChain.java:174)
	at org.apache.catalina.core.ApplicationFilterChain.doFilter(ApplicationFilterChain.java:149)
	at org.springframework.security.web.FilterChainProxy.lambda$doFilterInternal$3(FilterChainProxy.java:231)
	at org.springframework.security.web.ObservationFilterChainDecorator$FilterObservation$SimpleFilterObservation.lambda$wrap$1(ObservationFilterChainDecorator.java:479)
	at org.springframework.security.web.ObservationFilterChainDecorator$AroundFilterObservation$SimpleAroundFilterObservation.lambda$wrap$1(ObservationFilterChainDecorator.java:340)
	at org.springframework.security.web.ObservationFilterChainDecorator.lambda$wrapSecured$0(ObservationFilterChainDecorator.java:82)
	at org.springframework.security.web.ObservationFilterChainDecorator$VirtualFilterChain.doFilter(ObservationFilterChainDecorator.java:128)
	at org.springframework.security.web.access.intercept.AuthorizationFilter.doFilter(AuthorizationFilter.java:100)
	at org.springframework.security.web.ObservationFilterChainDecorator$ObservationFilter.wrapFilter(ObservationFilterChainDecorator.java:240)
	at org.springframework.security.web.ObservationFilterChainDecorator$ObservationFilter.doFilter(ObservationFilterChainDecorator.java:227)
	at org.springframework.security.web.ObservationFilterChainDecorator$VirtualFilterChain.doFilter(ObservationFilterChainDecorator.java:137)
	at org.springframework.security.web.access.ExceptionTranslationFilter.doFilter(ExceptionTranslationFilter.java:126)
	at org.springframework.security.web.access.ExceptionTranslationFilter.doFilter(ExceptionTranslationFilter.java:120)
	at org.springframework.security.web.ObservationFilterChainDecorator$ObservationFilter.wrapFilter(ObservationFilterChainDecorator.java:240)
	at org.springframework.security.web.ObservationFilterChainDecorator$ObservationFilter.doFilter(ObservationFilterChainDecorator.java:227)
	at org.springframework.security.web.ObservationFilterChainDecorator$VirtualFilterChain.doFilter(ObservationFilterChainDecorator.java:137)
	at org.springframework.security.web.session.SessionManagementFilter.doFilter(SessionManagementFilter.java:131)
	at org.springframework.security.web.session.SessionManagementFilter.doFilter(SessionManagementFilter.java:85)
	at org.springframework.security.web.ObservationFilterChainDecorator$ObservationFilter.wrapFilter(ObservationFilterChainDecorator.java:240)
	at org.springframework.security.web.ObservationFilterChainDecorator$ObservationFilter.doFilter(ObservationFilterChainDecorator.java:227)
	at org.springframework.security.web.ObservationFilterChainDecorator$VirtualFilterChain.doFilter(ObservationFilterChainDecorator.java:137)
	at org.springframework.security.web.authentication.AnonymousAuthenticationFilter.doFilter(AnonymousAuthenticationFilter.java:100)
	at org.springframework.security.web.ObservationFilterChainDecorator$ObservationFilter.wrapFilter(ObservationFilterChainDecorator.java:240)
	at org.springframework.security.web.ObservationFilterChainDecorator$ObservationFilter.doFilter(ObservationFilterChainDecorator.java:227)
	at org.springframework.security.web.ObservationFilterChainDecorator$VirtualFilterChain.doFilter(ObservationFilterChainDecorator.java:137)
	at org.springframework.security.web.servletapi.SecurityContextHolderAwareRequestFilter.doFilter(SecurityContextHolderAwareRequestFilter.java:179)
	at org.springframework.security.web.ObservationFilterChainDecorator$ObservationFilter.wrapFilter(ObservationFilterChainDecorator.java:240)
	at org.springframework.security.web.ObservationFilterChainDecorator$ObservationFilter.doFilter(ObservationFilterChainDecorator.java:227)
	at org.springframework.security.web.ObservationFilterChainDecorator$VirtualFilterChain.doFilter(ObservationFilterChainDecorator.java:137)
	at org.springframework.security.web.savedrequest.RequestCacheAwareFilter.doFilter(RequestCacheAwareFilter.java:63)
	at org.springframework.security.web.ObservationFilterChainDecorator$ObservationFilter.wrapFilter(ObservationFilterChainDecorator.java:240)
	at org.springframework.security.web.ObservationFilterChainDecorator$ObservationFilter.doFilter(ObservationFilterChainDecorator.java:227)
	at org.springframework.security.web.ObservationFilterChainDecorator$VirtualFilterChain.doFilter(ObservationFilterChainDecorator.java:137)
	at com.claimswift.reportingservice.security.JwtAuthenticationFilter.doFilterInternal(JwtAuthenticationFilter.java:59)
	at org.springframework.web.filter.OncePerRequestFilter.doFilter(OncePerRequestFilter.java:116)
	at org.springframework.security.web.ObservationFilterChainDecorator$ObservationFilter.wrapFilter(ObservationFilterChainDecorator.java:240)
	at org.springframework.security.web.ObservationFilterChainDecorator$ObservationFilter.doFilter(ObservationFilterChainDecorator.java:227)
	at org.springframework.security.web.ObservationFilterChainDecorator$VirtualFilterChain.doFilter(ObservationFilterChainDecorator.java:137)
	at org.springframework.security.web.authentication.logout.LogoutFilter.doFilter(LogoutFilter.java:107)
	at org.springframework.security.web.authentication.logout.LogoutFilter.doFilter(LogoutFilter.java:93)
	at org.springframework.security.web.ObservationFilterChainDecorator$ObservationFilter.wrapFilter(ObservationFilterChainDecorator.java:240)
	at org.springframework.security.web.ObservationFilterChainDecorator$ObservationFilter.doFilter(ObservationFilterChainDecorator.java:227)
	at org.springframework.security.web.ObservationFilterChainDecorator$VirtualFilterChain.doFilter(ObservationFilterChainDecorator.java:137)
	at org.springframework.web.filter.CorsFilter.doFilterInternal(CorsFilter.java:91)
	at org.springframework.web.filter.OncePerRequestFilter.doFilter(OncePerRequestFilter.java:116)
	at org.springframework.security.web.ObservationFilterChainDecorator$ObservationFilter.wrapFilter(ObservationFilterChainDecorator.java:240)
	at org.springframework.security.web.ObservationFilterChainDecorator$ObservationFilter.doFilter(ObservationFilterChainDecorator.java:227)
	at org.springframework.security.web.ObservationFilterChainDecorator$VirtualFilterChain.doFilter(ObservationFilterChainDecorator.java:137)
	at org.springframework.security.web.header.HeaderWriterFilter.doHeadersAfter(HeaderWriterFilter.java:90)
	at org.springframework.security.web.header.HeaderWriterFilter.doFilterInternal(HeaderWriterFilter.java:75)
	at org.springframework.web.filter.OncePerRequestFilter.doFilter(OncePerRequestFilter.java:116)
	at org.springframework.security.web.ObservationFilterChainDecorator$ObservationFilter.wrapFilter(ObservationFilterChainDecorator.java:240)
	at org.springframework.security.web.ObservationFilterChainDecorator$ObservationFilter.doFilter(ObservationFilterChainDecorator.java:227)
	at org.springframework.security.web.ObservationFilterChainDecorator$VirtualFilterChain.doFilter(ObservationFilterChainDecorator.java:137)
	at org.springframework.security.web.context.SecurityContextHolderFilter.doFilter(SecurityContextHolderFilter.java:82)
	at org.springframework.security.web.context.SecurityContextHolderFilter.doFilter(SecurityContextHolderFilter.java:69)
	at org.springframework.security.web.ObservationFilterChainDecorator$ObservationFilter.wrapFilter(ObservationFilterChainDecorator.java:240)
	at org.springframework.security.web.ObservationFilterChainDecorator$ObservationFilter.doFilter(ObservationFilterChainDecorator.java:227)
	at org.springframework.security.web.ObservationFilterChainDecorator$VirtualFilterChain.doFilter(ObservationFilterChainDecorator.java:137)
	at org.springframework.security.web.context.request.async.WebAsyncManagerIntegrationFilter.doFilterInternal(WebAsyncManagerIntegrationFilter.java:62)
	at org.springframework.web.filter.OncePerRequestFilter.doFilter(OncePerRequestFilter.java:116)
	at org.springframework.security.web.ObservationFilterChainDecorator$ObservationFilter.wrapFilter(ObservationFilterChainDecorator.java:240)
	at org.springframework.security.web.ObservationFilterChainDecorator$ObservationFilter.doFilter(ObservationFilterChainDecorator.java:227)
	at org.springframework.security.web.ObservationFilterChainDecorator$VirtualFilterChain.doFilter(ObservationFilterChainDecorator.java:137)
	at org.springframework.security.web.session.DisableEncodeUrlFilter.doFilterInternal(DisableEncodeUrlFilter.java:42)
	at org.springframework.web.filter.OncePerRequestFilter.doFilter(OncePerRequestFilter.java:116)
	at org.springframework.security.web.ObservationFilterChainDecorator$ObservationFilter.wrapFilter(ObservationFilterChainDecorator.java:240)
	at org.springframework.security.web.ObservationFilterChainDecorator$AroundFilterObservation$SimpleAroundFilterObservation.lambda$wrap$0(ObservationFilterChainDecorator.java:323)
	at org.springframework.security.web.ObservationFilterChainDecorator$ObservationFilter.doFilter(ObservationFilterChainDecorator.java:224)
	at org.springframework.security.web.ObservationFilterChainDecorator$VirtualFilterChain.doFilter(ObservationFilterChainDecorator.java:137)
	at org.springframework.security.web.FilterChainProxy.doFilterInternal(FilterChainProxy.java:233)
	at org.springframework.security.web.FilterChainProxy.doFilter(FilterChainProxy.java:191)
	at org.springframework.web.filter.DelegatingFilterProxy.invokeDelegate(DelegatingFilterProxy.java:352)
	at org.springframework.web.filter.DelegatingFilterProxy.doFilter(DelegatingFilterProxy.java:268)
	at org.apache.catalina.core.ApplicationFilterChain.internalDoFilter(ApplicationFilterChain.java:174)
	at org.apache.catalina.core.ApplicationFilterChain.doFilter(ApplicationFilterChain.java:149)
	at org.springframework.web.filter.RequestContextFilter.doFilterInternal(RequestContextFilter.java:100)
	at org.springframework.web.filter.OncePerRequestFilter.doFilter(OncePerRequestFilter.java:116)
	at org.apache.catalina.core.ApplicationFilterChain.internalDoFilter(ApplicationFilterChain.java:174)
	at org.apache.catalina.core.ApplicationFilterChain.doFilter(ApplicationFilterChain.java:149)
	at org.springframework.web.filter.FormContentFilter.doFilterInternal(FormContentFilter.java:93)
	at org.springframework.web.filter.OncePerRequestFilter.doFilter(OncePerRequestFilter.java:116)
	at org.apache.catalina.core.ApplicationFilterChain.internalDoFilter(ApplicationFilterChain.java:174)
	at org.apache.catalina.core.ApplicationFilterChain.doFilter(ApplicationFilterChain.java:149)
	at org.springframework.web.filter.ServerHttpObservationFilter.doFilterInternal(ServerHttpObservationFilter.java:109)
	at org.springframework.web.filter.OncePerRequestFilter.doFilter(OncePerRequestFilter.java:116)
	at org.apache.catalina.core.ApplicationFilterChain.internalDoFilter(ApplicationFilterChain.java:174)
	at org.apache.catalina.core.ApplicationFilterChain.doFilter(ApplicationFilterChain.java:149)
	at org.springframework.web.filter.CharacterEncodingFilter.doFilterInternal(CharacterEncodingFilter.java:201)
	at org.springframework.web.filter.OncePerRequestFilter.doFilter(OncePerRequestFilter.java:116)
	at org.apache.catalina.core.ApplicationFilterChain.internalDoFilter(ApplicationFilterChain.java:174)
	at org.apache.catalina.core.ApplicationFilterChain.doFilter(ApplicationFilterChain.java:149)
	at org.apache.catalina.core.StandardWrapperValve.invoke(StandardWrapperValve.java:167)
	at org.apache.catalina.core.StandardContextValve.invoke(StandardContextValve.java:90)
	at org.apache.catalina.authenticator.AuthenticatorBase.invoke(AuthenticatorBase.java:482)
	at org.apache.catalina.core.StandardHostValve.invoke(StandardHostValve.java:115)
	at org.apache.catalina.valves.ErrorReportValve.invoke(ErrorReportValve.java:93)
	at org.apache.catalina.core.StandardEngineValve.invoke(StandardEngineValve.java:74)
	at org.apache.catalina.connector.CoyoteAdapter.service(CoyoteAdapter.java:340)
	at org.apache.coyote.http11.Http11Processor.service(Http11Processor.java:391)
	at org.apache.coyote.AbstractProcessorLight.process(AbstractProcessorLight.java:63)
	at org.apache.coyote.AbstractProtocol$ConnectionHandler.process(AbstractProtocol.java:896)
	at org.apache.tomcat.util.net.NioEndpoint$SocketProcessor.doRun(NioEndpoint.java:1744)
	at org.apache.tomcat.util.net.SocketProcessorBase.run(SocketProcessorBase.java:52)
	at org.apache.tomcat.util.threads.ThreadPoolExecutor.runWorker(ThreadPoolExecutor.java:1191)
	at org.apache.tomcat.util.threads.ThreadPoolExecutor$Worker.run(ThreadPoolExecutor.java:659)
	at org.apache.tomcat.util.threads.TaskThread$WrappingRunnable.run(TaskThread.java:61)
	at java.base/java.lang.Thread.run(Thread.java:1583)
2026-03-04 13:02:34.459 [http-nio-8087-exec-2] [] DEBUG o.s.security.web.FilterChainProxy - Securing GET /error?startDate=2026-01-01&endDate=2026-12-31
2026-03-04 13:02:34.461 [http-nio-8087-exec-2] [] DEBUG o.s.s.w.a.AnonymousAuthenticationFilter - Set SecurityContextHolder to anonymous SecurityContext
2026-03-04 13:02:34.461 [http-nio-8087-exec-2] [] DEBUG o.s.s.w.a.Http403ForbiddenEntryPoint - Pre-authenticated entry point called. Rejecting access
2026-03-04 13:02:34.465 [http-nio-8087-exec-3] [] DEBUG o.s.security.web.FilterChainProxy - Securing GET /api/reports/adjusters/performance?startDate=2026-01-01&endDate=2026-12-31
2026-03-04 13:02:34.471 [http-nio-8087-exec-3] [] DEBUG c.c.r.s.JwtAuthenticationFilter - Authenticated user: manager.smoke for URI: /api/reports/adjusters/performance
2026-03-04 13:02:34.473 [http-nio-8087-exec-3] [] DEBUG o.s.security.web.FilterChainProxy - Secured GET /api/reports/adjusters/performance?startDate=2026-01-01&endDate=2026-12-31
2026-03-04 13:02:34.475 [http-nio-8087-exec-3] [] ERROR o.a.c.c.C.[.[.[.[dispatcherServlet] - Servlet.service() for servlet [dispatcherServlet] in context with path [] threw exception [Request processing failed: java.lang.IllegalArgumentException: Name for argument of type [java.time.LocalDate] not specified, and parameter name information not found in class file either.] with root cause
java.lang.IllegalArgumentException: Name for argument of type [java.time.LocalDate] not specified, and parameter name information not found in class file either.
	at org.springframework.web.method.annotation.AbstractNamedValueMethodArgumentResolver.updateNamedValueInfo(AbstractNamedValueMethodArgumentResolver.java:183)
	at org.springframework.web.method.annotation.AbstractNamedValueMethodArgumentResolver.getNamedValueInfo(AbstractNamedValueMethodArgumentResolver.java:160)
	at org.springframework.web.method.annotation.AbstractNamedValueMethodArgumentResolver.resolveArgument(AbstractNamedValueMethodArgumentResolver.java:106)
	at org.springframework.web.method.support.HandlerMethodArgumentResolverComposite.resolveArgument(HandlerMethodArgumentResolverComposite.java:122)
	at org.springframework.web.method.support.InvocableHandlerMethod.getMethodArgumentValues(InvocableHandlerMethod.java:218)
	at org.springframework.web.method.support.InvocableHandlerMethod.invokeForRequest(InvocableHandlerMethod.java:171)
	at org.springframework.web.servlet.mvc.method.annotation.ServletInvocableHandlerMethod.invokeAndHandle(ServletInvocableHandlerMethod.java:118)
	at org.springframework.web.servlet.mvc.method.annotation.RequestMappingHandlerAdapter.invokeHandlerMethod(RequestMappingHandlerAdapter.java:917)
	at org.springframework.web.servlet.mvc.method.annotation.RequestMappingHandlerAdapter.handleInternal(RequestMappingHandlerAdapter.java:829)
	at org.springframework.web.servlet.mvc.method.AbstractHandlerMethodAdapter.handle(AbstractHandlerMethodAdapter.java:87)
	at org.springframework.web.servlet.DispatcherServlet.doDispatch(DispatcherServlet.java:1089)
	at org.springframework.web.servlet.DispatcherServlet.doService(DispatcherServlet.java:979)
	at org.springframework.web.servlet.FrameworkServlet.processRequest(FrameworkServlet.java:1014)
	at org.springframework.web.servlet.FrameworkServlet.doGet(FrameworkServlet.java:903)
	at jakarta.servlet.http.HttpServlet.service(HttpServlet.java:564)
	at org.springframework.web.servlet.FrameworkServlet.service(FrameworkServlet.java:885)
	at jakarta.servlet.http.HttpServlet.service(HttpServlet.java:658)
	at org.apache.catalina.core.ApplicationFilterChain.internalDoFilter(ApplicationFilterChain.java:205)
	at org.apache.catalina.core.ApplicationFilterChain.doFilter(ApplicationFilterChain.java:149)
	at org.apache.tomcat.websocket.server.WsFilter.doFilter(WsFilter.java:51)
	at org.apache.catalina.core.ApplicationFilterChain.internalDoFilter(ApplicationFilterChain.java:174)
	at org.apache.catalina.core.ApplicationFilterChain.doFilter(ApplicationFilterChain.java:149)
	at org.springframework.web.filter.OncePerRequestFilter.doFilter(OncePerRequestFilter.java:110)
	at org.apache.catalina.core.ApplicationFilterChain.internalDoFilter(ApplicationFilterChain.java:174)
	at org.apache.catalina.core.ApplicationFilterChain.doFilter(ApplicationFilterChain.java:149)
	at org.springframework.security.web.FilterChainProxy.lambda$doFilterInternal$3(FilterChainProxy.java:231)
	at org.springframework.security.web.ObservationFilterChainDecorator$FilterObservation$SimpleFilterObservation.lambda$wrap$1(ObservationFilterChainDecorator.java:479)
	at org.springframework.security.web.ObservationFilterChainDecorator$AroundFilterObservation$SimpleAroundFilterObservation.lambda$wrap$1(ObservationFilterChainDecorator.java:340)
	at org.springframework.security.web.ObservationFilterChainDecorator.lambda$wrapSecured$0(ObservationFilterChainDecorator.java:82)
	at org.springframework.security.web.ObservationFilterChainDecorator$VirtualFilterChain.doFilter(ObservationFilterChainDecorator.java:128)
	at org.springframework.security.web.access.intercept.AuthorizationFilter.doFilter(AuthorizationFilter.java:100)
	at org.springframework.security.web.ObservationFilterChainDecorator$ObservationFilter.wrapFilter(ObservationFilterChainDecorator.java:240)
	at org.springframework.security.web.ObservationFilterChainDecorator$ObservationFilter.doFilter(ObservationFilterChainDecorator.java:227)
	at org.springframework.security.web.ObservationFilterChainDecorator$VirtualFilterChain.doFilter(ObservationFilterChainDecorator.java:137)
	at org.springframework.security.web.access.ExceptionTranslationFilter.doFilter(ExceptionTranslationFilter.java:126)
	at org.springframework.security.web.access.ExceptionTranslationFilter.doFilter(ExceptionTranslationFilter.java:120)
	at org.springframework.security.web.ObservationFilterChainDecorator$ObservationFilter.wrapFilter(ObservationFilterChainDecorator.java:240)
	at org.springframework.security.web.ObservationFilterChainDecorator$ObservationFilter.doFilter(ObservationFilterChainDecorator.java:227)
	at org.springframework.security.web.ObservationFilterChainDecorator$VirtualFilterChain.doFilter(ObservationFilterChainDecorator.java:137)
	at org.springframework.security.web.session.SessionManagementFilter.doFilter(SessionManagementFilter.java:131)
	at org.springframework.security.web.session.SessionManagementFilter.doFilter(SessionManagementFilter.java:85)
	at org.springframework.security.web.ObservationFilterChainDecorator$ObservationFilter.wrapFilter(ObservationFilterChainDecorator.java:240)
	at org.springframework.security.web.ObservationFilterChainDecorator$ObservationFilter.doFilter(ObservationFilterChainDecorator.java:227)
	at org.springframework.security.web.ObservationFilterChainDecorator$VirtualFilterChain.doFilter(ObservationFilterChainDecorator.java:137)
	at org.springframework.security.web.authentication.AnonymousAuthenticationFilter.doFilter(AnonymousAuthenticationFilter.java:100)
	at org.springframework.security.web.ObservationFilterChainDecorator$ObservationFilter.wrapFilter(ObservationFilterChainDecorator.java:240)
	at org.springframework.security.web.ObservationFilterChainDecorator$ObservationFilter.doFilter(ObservationFilterChainDecorator.java:227)
	at org.springframework.security.web.ObservationFilterChainDecorator$VirtualFilterChain.doFilter(ObservationFilterChainDecorator.java:137)
	at org.springframework.security.web.servletapi.SecurityContextHolderAwareRequestFilter.doFilter(SecurityContextHolderAwareRequestFilter.java:179)
	at org.springframework.security.web.ObservationFilterChainDecorator$ObservationFilter.wrapFilter(ObservationFilterChainDecorator.java:240)
	at org.springframework.security.web.ObservationFilterChainDecorator$ObservationFilter.doFilter(ObservationFilterChainDecorator.java:227)
	at org.springframework.security.web.ObservationFilterChainDecorator$VirtualFilterChain.doFilter(ObservationFilterChainDecorator.java:137)
	at org.springframework.security.web.savedrequest.RequestCacheAwareFilter.doFilter(RequestCacheAwareFilter.java:63)
	at org.springframework.security.web.ObservationFilterChainDecorator$ObservationFilter.wrapFilter(ObservationFilterChainDecorator.java:240)
	at org.springframework.security.web.ObservationFilterChainDecorator$ObservationFilter.doFilter(ObservationFilterChainDecorator.java:227)
	at org.springframework.security.web.ObservationFilterChainDecorator$VirtualFilterChain.doFilter(ObservationFilterChainDecorator.java:137)
	at com.claimswift.reportingservice.security.JwtAuthenticationFilter.doFilterInternal(JwtAuthenticationFilter.java:59)
	at org.springframework.web.filter.OncePerRequestFilter.doFilter(OncePerRequestFilter.java:116)
	at org.springframework.security.web.ObservationFilterChainDecorator$ObservationFilter.wrapFilter(ObservationFilterChainDecorator.java:240)
	at org.springframework.security.web.ObservationFilterChainDecorator$ObservationFilter.doFilter(ObservationFilterChainDecorator.java:227)
	at org.springframework.security.web.ObservationFilterChainDecorator$VirtualFilterChain.doFilter(ObservationFilterChainDecorator.java:137)
	at org.springframework.security.web.authentication.logout.LogoutFilter.doFilter(LogoutFilter.java:107)
	at org.springframework.security.web.authentication.logout.LogoutFilter.doFilter(LogoutFilter.java:93)
	at org.springframework.security.web.ObservationFilterChainDecorator$ObservationFilter.wrapFilter(ObservationFilterChainDecorator.java:240)
	at org.springframework.security.web.ObservationFilterChainDecorator$ObservationFilter.doFilter(ObservationFilterChainDecorator.java:227)
	at org.springframework.security.web.ObservationFilterChainDecorator$VirtualFilterChain.doFilter(ObservationFilterChainDecorator.java:137)
	at org.springframework.web.filter.CorsFilter.doFilterInternal(CorsFilter.java:91)
	at org.springframework.web.filter.OncePerRequestFilter.doFilter(OncePerRequestFilter.java:116)
	at org.springframework.security.web.ObservationFilterChainDecorator$ObservationFilter.wrapFilter(ObservationFilterChainDecorator.java:240)
	at org.springframework.security.web.ObservationFilterChainDecorator$ObservationFilter.doFilter(ObservationFilterChainDecorator.java:227)
	at org.springframework.security.web.ObservationFilterChainDecorator$VirtualFilterChain.doFilter(ObservationFilterChainDecorator.java:137)
	at org.springframework.security.web.header.HeaderWriterFilter.doHeadersAfter(HeaderWriterFilter.java:90)
	at org.springframework.security.web.header.HeaderWriterFilter.doFilterInternal(HeaderWriterFilter.java:75)
	at org.springframework.web.filter.OncePerRequestFilter.doFilter(OncePerRequestFilter.java:116)
	at org.springframework.security.web.ObservationFilterChainDecorator$ObservationFilter.wrapFilter(ObservationFilterChainDecorator.java:240)
	at org.springframework.security.web.ObservationFilterChainDecorator$ObservationFilter.doFilter(ObservationFilterChainDecorator.java:227)
	at org.springframework.security.web.ObservationFilterChainDecorator$VirtualFilterChain.doFilter(ObservationFilterChainDecorator.java:137)
	at org.springframework.security.web.context.SecurityContextHolderFilter.doFilter(SecurityContextHolderFilter.java:82)
	at org.springframework.security.web.context.SecurityContextHolderFilter.doFilter(SecurityContextHolderFilter.java:69)
	at org.springframework.security.web.ObservationFilterChainDecorator$ObservationFilter.wrapFilter(ObservationFilterChainDecorator.java:240)
	at org.springframework.security.web.ObservationFilterChainDecorator$ObservationFilter.doFilter(ObservationFilterChainDecorator.java:227)
	at org.springframework.security.web.ObservationFilterChainDecorator$VirtualFilterChain.doFilter(ObservationFilterChainDecorator.java:137)
	at org.springframework.security.web.context.request.async.WebAsyncManagerIntegrationFilter.doFilterInternal(WebAsyncManagerIntegrationFilter.java:62)
	at org.springframework.web.filter.OncePerRequestFilter.doFilter(OncePerRequestFilter.java:116)
	at org.springframework.security.web.ObservationFilterChainDecorator$ObservationFilter.wrapFilter(ObservationFilterChainDecorator.java:240)
	at org.springframework.security.web.ObservationFilterChainDecorator$ObservationFilter.doFilter(ObservationFilterChainDecorator.java:227)
	at org.springframework.security.web.ObservationFilterChainDecorator$VirtualFilterChain.doFilter(ObservationFilterChainDecorator.java:137)
	at org.springframework.security.web.session.DisableEncodeUrlFilter.doFilterInternal(DisableEncodeUrlFilter.java:42)
	at org.springframework.web.filter.OncePerRequestFilter.doFilter(OncePerRequestFilter.java:116)
	at org.springframework.security.web.ObservationFilterChainDecorator$ObservationFilter.wrapFilter(ObservationFilterChainDecorator.java:240)
	at org.springframework.security.web.ObservationFilterChainDecorator$AroundFilterObservation$SimpleAroundFilterObservation.lambda$wrap$0(ObservationFilterChainDecorator.java:323)
	at org.springframework.security.web.ObservationFilterChainDecorator$ObservationFilter.doFilter(ObservationFilterChainDecorator.java:224)
	at org.springframework.security.web.ObservationFilterChainDecorator$VirtualFilterChain.doFilter(ObservationFilterChainDecorator.java:137)
	at org.springframework.security.web.FilterChainProxy.doFilterInternal(FilterChainProxy.java:233)
	at org.springframework.security.web.FilterChainProxy.doFilter(FilterChainProxy.java:191)
	at org.springframework.web.filter.DelegatingFilterProxy.invokeDelegate(DelegatingFilterProxy.java:352)
	at org.springframework.web.filter.DelegatingFilterProxy.doFilter(DelegatingFilterProxy.java:268)
	at org.apache.catalina.core.ApplicationFilterChain.internalDoFilter(ApplicationFilterChain.java:174)
	at org.apache.catalina.core.ApplicationFilterChain.doFilter(ApplicationFilterChain.java:149)
	at org.springframework.web.filter.RequestContextFilter.doFilterInternal(RequestContextFilter.java:100)
	at org.springframework.web.filter.OncePerRequestFilter.doFilter(OncePerRequestFilter.java:116)
	at org.apache.catalina.core.ApplicationFilterChain.internalDoFilter(ApplicationFilterChain.java:174)
	at org.apache.catalina.core.ApplicationFilterChain.doFilter(ApplicationFilterChain.java:149)
	at org.springframework.web.filter.FormContentFilter.doFilterInternal(FormContentFilter.java:93)
	at org.springframework.web.filter.OncePerRequestFilter.doFilter(OncePerRequestFilter.java:116)
	at org.apache.catalina.core.ApplicationFilterChain.internalDoFilter(ApplicationFilterChain.java:174)
	at org.apache.catalina.core.ApplicationFilterChain.doFilter(ApplicationFilterChain.java:149)
	at org.springframework.web.filter.ServerHttpObservationFilter.doFilterInternal(ServerHttpObservationFilter.java:109)
	at org.springframework.web.filter.OncePerRequestFilter.doFilter(OncePerRequestFilter.java:116)
	at org.apache.catalina.core.ApplicationFilterChain.internalDoFilter(ApplicationFilterChain.java:174)
	at org.apache.catalina.core.ApplicationFilterChain.doFilter(ApplicationFilterChain.java:149)
	at org.springframework.web.filter.CharacterEncodingFilter.doFilterInternal(CharacterEncodingFilter.java:201)
	at org.springframework.web.filter.OncePerRequestFilter.doFilter(OncePerRequestFilter.java:116)
	at org.apache.catalina.core.ApplicationFilterChain.internalDoFilter(ApplicationFilterChain.java:174)
	at org.apache.catalina.core.ApplicationFilterChain.doFilter(ApplicationFilterChain.java:149)
	at org.apache.catalina.core.StandardWrapperValve.invoke(StandardWrapperValve.java:167)
	at org.apache.catalina.core.StandardContextValve.invoke(StandardContextValve.java:90)
	at org.apache.catalina.authenticator.AuthenticatorBase.invoke(AuthenticatorBase.java:482)
	at org.apache.catalina.core.StandardHostValve.invoke(StandardHostValve.java:115)
	at org.apache.catalina.valves.ErrorReportValve.invoke(ErrorReportValve.java:93)
	at org.apache.catalina.core.StandardEngineValve.invoke(StandardEngineValve.java:74)
	at org.apache.catalina.connector.CoyoteAdapter.service(CoyoteAdapter.java:340)
	at org.apache.coyote.http11.Http11Processor.service(Http11Processor.java:391)
	at org.apache.coyote.AbstractProcessorLight.process(AbstractProcessorLight.java:63)
	at org.apache.coyote.AbstractProtocol$ConnectionHandler.process(AbstractProtocol.java:896)
	at org.apache.tomcat.util.net.NioEndpoint$SocketProcessor.doRun(NioEndpoint.java:1744)
	at org.apache.tomcat.util.net.SocketProcessorBase.run(SocketProcessorBase.java:52)
	at org.apache.tomcat.util.threads.ThreadPoolExecutor.runWorker(ThreadPoolExecutor.java:1191)
	at org.apache.tomcat.util.threads.ThreadPoolExecutor$Worker.run(ThreadPoolExecutor.java:659)
	at org.apache.tomcat.util.threads.TaskThread$WrappingRunnable.run(TaskThread.java:61)
	at java.base/java.lang.Thread.run(Thread.java:1583)
2026-03-04 13:02:34.476 [http-nio-8087-exec-3] [] DEBUG o.s.security.web.FilterChainProxy - Securing GET /error?startDate=2026-01-01&endDate=2026-12-31
2026-03-04 13:02:34.477 [http-nio-8087-exec-3] [] DEBUG o.s.s.w.a.AnonymousAuthenticationFilter - Set SecurityContextHolder to anonymous SecurityContext
2026-03-04 13:02:34.477 [http-nio-8087-exec-3] [] DEBUG o.s.s.w.a.Http403ForbiddenEntryPoint - Pre-authenticated entry point called. Rejecting access
2026-03-04 13:02:34.482 [http-nio-8087-exec-4] [] DEBUG o.s.security.web.FilterChainProxy - Securing GET /api/reports/adjusters/performance/pdf?startDate=2026-01-01&endDate=2026-12-31
2026-03-04 13:02:34.483 [http-nio-8087-exec-4] [] DEBUG c.c.r.s.JwtAuthenticationFilter - Authenticated user: manager.smoke for URI: /api/reports/adjusters/performance/pdf
2026-03-04 13:02:34.487 [http-nio-8087-exec-4] [] DEBUG o.s.security.web.FilterChainProxy - Secured GET /api/reports/adjusters/performance/pdf?startDate=2026-01-01&endDate=2026-12-31
2026-03-04 13:02:34.487 [http-nio-8087-exec-4] [] ERROR o.a.c.c.C.[.[.[.[dispatcherServlet] - Servlet.service() for servlet [dispatcherServlet] in context with path [] threw exception [Request processing failed: java.lang.IllegalArgumentException: Name for argument of type [java.time.LocalDate] not specified, and parameter name information not found in class file either.] with root cause
java.lang.IllegalArgumentException: Name for argument of type [java.time.LocalDate] not specified, and parameter name information not found in class file either.
	at org.springframework.web.method.annotation.AbstractNamedValueMethodArgumentResolver.updateNamedValueInfo(AbstractNamedValueMethodArgumentResolver.java:183)
	at org.springframework.web.method.annotation.AbstractNamedValueMethodArgumentResolver.getNamedValueInfo(AbstractNamedValueMethodArgumentResolver.java:160)
	at org.springframework.web.method.annotation.AbstractNamedValueMethodArgumentResolver.resolveArgument(AbstractNamedValueMethodArgumentResolver.java:106)
	at org.springframework.web.method.support.HandlerMethodArgumentResolverComposite.resolveArgument(HandlerMethodArgumentResolverComposite.java:122)
	at org.springframework.web.method.support.InvocableHandlerMethod.getMethodArgumentValues(InvocableHandlerMethod.java:218)
	at org.springframework.web.method.support.InvocableHandlerMethod.invokeForRequest(InvocableHandlerMethod.java:171)
	at org.springframework.web.servlet.mvc.method.annotation.ServletInvocableHandlerMethod.invokeAndHandle(ServletInvocableHandlerMethod.java:118)
	at org.springframework.web.servlet.mvc.method.annotation.RequestMappingHandlerAdapter.invokeHandlerMethod(RequestMappingHandlerAdapter.java:917)
	at org.springframework.web.servlet.mvc.method.annotation.RequestMappingHandlerAdapter.handleInternal(RequestMappingHandlerAdapter.java:829)
	at org.springframework.web.servlet.mvc.method.AbstractHandlerMethodAdapter.handle(AbstractHandlerMethodAdapter.java:87)
	at org.springframework.web.servlet.DispatcherServlet.doDispatch(DispatcherServlet.java:1089)
	at org.springframework.web.servlet.DispatcherServlet.doService(DispatcherServlet.java:979)
	at org.springframework.web.servlet.FrameworkServlet.processRequest(FrameworkServlet.java:1014)
	at org.springframework.web.servlet.FrameworkServlet.doGet(FrameworkServlet.java:903)
	at jakarta.servlet.http.HttpServlet.service(HttpServlet.java:564)
	at org.springframework.web.servlet.FrameworkServlet.service(FrameworkServlet.java:885)
	at jakarta.servlet.http.HttpServlet.service(HttpServlet.java:658)
	at org.apache.catalina.core.ApplicationFilterChain.internalDoFilter(ApplicationFilterChain.java:205)
	at org.apache.catalina.core.ApplicationFilterChain.doFilter(ApplicationFilterChain.java:149)
	at org.apache.tomcat.websocket.server.WsFilter.doFilter(WsFilter.java:51)
	at org.apache.catalina.core.ApplicationFilterChain.internalDoFilter(ApplicationFilterChain.java:174)
	at org.apache.catalina.core.ApplicationFilterChain.doFilter(ApplicationFilterChain.java:149)
	at org.springframework.web.filter.OncePerRequestFilter.doFilter(OncePerRequestFilter.java:110)
	at org.apache.catalina.core.ApplicationFilterChain.internalDoFilter(ApplicationFilterChain.java:174)
	at org.apache.catalina.core.ApplicationFilterChain.doFilter(ApplicationFilterChain.java:149)
	at org.springframework.security.web.FilterChainProxy.lambda$doFilterInternal$3(FilterChainProxy.java:231)
	at org.springframework.security.web.ObservationFilterChainDecorator$FilterObservation$SimpleFilterObservation.lambda$wrap$1(ObservationFilterChainDecorator.java:479)
	at org.springframework.security.web.ObservationFilterChainDecorator$AroundFilterObservation$SimpleAroundFilterObservation.lambda$wrap$1(ObservationFilterChainDecorator.java:340)
	at org.springframework.security.web.ObservationFilterChainDecorator.lambda$wrapSecured$0(ObservationFilterChainDecorator.java:82)
	at org.springframework.security.web.ObservationFilterChainDecorator$VirtualFilterChain.doFilter(ObservationFilterChainDecorator.java:128)
	at org.springframework.security.web.access.intercept.AuthorizationFilter.doFilter(AuthorizationFilter.java:100)
	at org.springframework.security.web.ObservationFilterChainDecorator$ObservationFilter.wrapFilter(ObservationFilterChainDecorator.java:240)
	at org.springframework.security.web.ObservationFilterChainDecorator$ObservationFilter.doFilter(ObservationFilterChainDecorator.java:227)
	at org.springframework.security.web.ObservationFilterChainDecorator$VirtualFilterChain.doFilter(ObservationFilterChainDecorator.java:137)
	at org.springframework.security.web.access.ExceptionTranslationFilter.doFilter(ExceptionTranslationFilter.java:126)
	at org.springframework.security.web.access.ExceptionTranslationFilter.doFilter(ExceptionTranslationFilter.java:120)
	at org.springframework.security.web.ObservationFilterChainDecorator$ObservationFilter.wrapFilter(ObservationFilterChainDecorator.java:240)
	at org.springframework.security.web.ObservationFilterChainDecorator$ObservationFilter.doFilter(ObservationFilterChainDecorator.java:227)
	at org.springframework.security.web.ObservationFilterChainDecorator$VirtualFilterChain.doFilter(ObservationFilterChainDecorator.java:137)
	at org.springframework.security.web.session.SessionManagementFilter.doFilter(SessionManagementFilter.java:131)
	at org.springframework.security.web.session.SessionManagementFilter.doFilter(SessionManagementFilter.java:85)
	at org.springframework.security.web.ObservationFilterChainDecorator$ObservationFilter.wrapFilter(ObservationFilterChainDecorator.java:240)
	at org.springframework.security.web.ObservationFilterChainDecorator$ObservationFilter.doFilter(ObservationFilterChainDecorator.java:227)
	at org.springframework.security.web.ObservationFilterChainDecorator$VirtualFilterChain.doFilter(ObservationFilterChainDecorator.java:137)
	at org.springframework.security.web.authentication.AnonymousAuthenticationFilter.doFilter(AnonymousAuthenticationFilter.java:100)
	at org.springframework.security.web.ObservationFilterChainDecorator$ObservationFilter.wrapFilter(ObservationFilterChainDecorator.java:240)
	at org.springframework.security.web.ObservationFilterChainDecorator$ObservationFilter.doFilter(ObservationFilterChainDecorator.java:227)
	at org.springframework.security.web.ObservationFilterChainDecorator$VirtualFilterChain.doFilter(ObservationFilterChainDecorator.java:137)
	at org.springframework.security.web.servletapi.SecurityContextHolderAwareRequestFilter.doFilter(SecurityContextHolderAwareRequestFilter.java:179)
	at org.springframework.security.web.ObservationFilterChainDecorator$ObservationFilter.wrapFilter(ObservationFilterChainDecorator.java:240)
	at org.springframework.security.web.ObservationFilterChainDecorator$ObservationFilter.doFilter(ObservationFilterChainDecorator.java:227)
	at org.springframework.security.web.ObservationFilterChainDecorator$VirtualFilterChain.doFilter(ObservationFilterChainDecorator.java:137)
	at org.springframework.security.web.savedrequest.RequestCacheAwareFilter.doFilter(RequestCacheAwareFilter.java:63)
	at org.springframework.security.web.ObservationFilterChainDecorator$ObservationFilter.wrapFilter(ObservationFilterChainDecorator.java:240)
	at org.springframework.security.web.ObservationFilterChainDecorator$ObservationFilter.doFilter(ObservationFilterChainDecorator.java:227)
	at org.springframework.security.web.ObservationFilterChainDecorator$VirtualFilterChain.doFilter(ObservationFilterChainDecorator.java:137)
	at com.claimswift.reportingservice.security.JwtAuthenticationFilter.doFilterInternal(JwtAuthenticationFilter.java:59)
	at org.springframework.web.filter.OncePerRequestFilter.doFilter(OncePerRequestFilter.java:116)
	at org.springframework.security.web.ObservationFilterChainDecorator$ObservationFilter.wrapFilter(ObservationFilterChainDecorator.java:240)
	at org.springframework.security.web.ObservationFilterChainDecorator$ObservationFilter.doFilter(ObservationFilterChainDecorator.java:227)
	at org.springframework.security.web.ObservationFilterChainDecorator$VirtualFilterChain.doFilter(ObservationFilterChainDecorator.java:137)
	at org.springframework.security.web.authentication.logout.LogoutFilter.doFilter(LogoutFilter.java:107)
	at org.springframework.security.web.authentication.logout.LogoutFilter.doFilter(LogoutFilter.java:93)
	at org.springframework.security.web.ObservationFilterChainDecorator$ObservationFilter.wrapFilter(ObservationFilterChainDecorator.java:240)
	at org.springframework.security.web.ObservationFilterChainDecorator$ObservationFilter.doFilter(ObservationFilterChainDecorator.java:227)
	at org.springframework.security.web.ObservationFilterChainDecorator$VirtualFilterChain.doFilter(ObservationFilterChainDecorator.java:137)
	at org.springframework.web.filter.CorsFilter.doFilterInternal(CorsFilter.java:91)
	at org.springframework.web.filter.OncePerRequestFilter.doFilter(OncePerRequestFilter.java:116)
	at org.springframework.security.web.ObservationFilterChainDecorator$ObservationFilter.wrapFilter(ObservationFilterChainDecorator.java:240)
	at org.springframework.security.web.ObservationFilterChainDecorator$ObservationFilter.doFilter(ObservationFilterChainDecorator.java:227)
	at org.springframework.security.web.ObservationFilterChainDecorator$VirtualFilterChain.doFilter(ObservationFilterChainDecorator.java:137)
	at org.springframework.security.web.header.HeaderWriterFilter.doHeadersAfter(HeaderWriterFilter.java:90)
	at org.springframework.security.web.header.HeaderWriterFilter.doFilterInternal(HeaderWriterFilter.java:75)
	at org.springframework.web.filter.OncePerRequestFilter.doFilter(OncePerRequestFilter.java:116)
	at org.springframework.security.web.ObservationFilterChainDecorator$ObservationFilter.wrapFilter(ObservationFilterChainDecorator.java:240)
	at org.springframework.security.web.ObservationFilterChainDecorator$ObservationFilter.doFilter(ObservationFilterChainDecorator.java:227)
	at org.springframework.security.web.ObservationFilterChainDecorator$VirtualFilterChain.doFilter(ObservationFilterChainDecorator.java:137)
	at org.springframework.security.web.context.SecurityContextHolderFilter.doFilter(SecurityContextHolderFilter.java:82)
	at org.springframework.security.web.context.SecurityContextHolderFilter.doFilter(SecurityContextHolderFilter.java:69)
	at org.springframework.security.web.ObservationFilterChainDecorator$ObservationFilter.wrapFilter(ObservationFilterChainDecorator.java:240)
	at org.springframework.security.web.ObservationFilterChainDecorator$ObservationFilter.doFilter(ObservationFilterChainDecorator.java:227)
	at org.springframework.security.web.ObservationFilterChainDecorator$VirtualFilterChain.doFilter(ObservationFilterChainDecorator.java:137)
	at org.springframework.security.web.context.request.async.WebAsyncManagerIntegrationFilter.doFilterInternal(WebAsyncManagerIntegrationFilter.java:62)
	at org.springframework.web.filter.OncePerRequestFilter.doFilter(OncePerRequestFilter.java:116)
	at org.springframework.security.web.ObservationFilterChainDecorator$ObservationFilter.wrapFilter(ObservationFilterChainDecorator.java:240)
	at org.springframework.security.web.ObservationFilterChainDecorator$ObservationFilter.doFilter(ObservationFilterChainDecorator.java:227)
	at org.springframework.security.web.ObservationFilterChainDecorator$VirtualFilterChain.doFilter(ObservationFilterChainDecorator.java:137)
	at org.springframework.security.web.session.DisableEncodeUrlFilter.doFilterInternal(DisableEncodeUrlFilter.java:42)
	at org.springframework.web.filter.OncePerRequestFilter.doFilter(OncePerRequestFilter.java:116)
	at org.springframework.security.web.ObservationFilterChainDecorator$ObservationFilter.wrapFilter(ObservationFilterChainDecorator.java:240)
	at org.springframework.security.web.ObservationFilterChainDecorator$AroundFilterObservation$SimpleAroundFilterObservation.lambda$wrap$0(ObservationFilterChainDecorator.java:323)
	at org.springframework.security.web.ObservationFilterChainDecorator$ObservationFilter.doFilter(ObservationFilterChainDecorator.java:224)
	at org.springframework.security.web.ObservationFilterChainDecorator$VirtualFilterChain.doFilter(ObservationFilterChainDecorator.java:137)
	at org.springframework.security.web.FilterChainProxy.doFilterInternal(FilterChainProxy.java:233)
	at org.springframework.security.web.FilterChainProxy.doFilter(FilterChainProxy.java:191)
	at org.springframework.web.filter.DelegatingFilterProxy.invokeDelegate(DelegatingFilterProxy.java:352)
	at org.springframework.web.filter.DelegatingFilterProxy.doFilter(DelegatingFilterProxy.java:268)
	at org.apache.catalina.core.ApplicationFilterChain.internalDoFilter(ApplicationFilterChain.java:174)
	at org.apache.catalina.core.ApplicationFilterChain.doFilter(ApplicationFilterChain.java:149)
	at org.springframework.web.filter.RequestContextFilter.doFilterInternal(RequestContextFilter.java:100)
	at org.springframework.web.filter.OncePerRequestFilter.doFilter(OncePerRequestFilter.java:116)
	at org.apache.catalina.core.ApplicationFilterChain.internalDoFilter(ApplicationFilterChain.java:174)
	at org.apache.catalina.core.ApplicationFilterChain.doFilter(ApplicationFilterChain.java:149)
	at org.springframework.web.filter.FormContentFilter.doFilterInternal(FormContentFilter.java:93)
	at org.springframework.web.filter.OncePerRequestFilter.doFilter(OncePerRequestFilter.java:116)
	at org.apache.catalina.core.ApplicationFilterChain.internalDoFilter(ApplicationFilterChain.java:174)
	at org.apache.catalina.core.ApplicationFilterChain.doFilter(ApplicationFilterChain.java:149)
	at org.springframework.web.filter.ServerHttpObservationFilter.doFilterInternal(ServerHttpObservationFilter.java:109)
	at org.springframework.web.filter.OncePerRequestFilter.doFilter(OncePerRequestFilter.java:116)
	at org.apache.catalina.core.ApplicationFilterChain.internalDoFilter(ApplicationFilterChain.java:174)
	at org.apache.catalina.core.ApplicationFilterChain.doFilter(ApplicationFilterChain.java:149)
	at org.springframework.web.filter.CharacterEncodingFilter.doFilterInternal(CharacterEncodingFilter.java:201)
	at org.springframework.web.filter.OncePerRequestFilter.doFilter(OncePerRequestFilter.java:116)
	at org.apache.catalina.core.ApplicationFilterChain.internalDoFilter(ApplicationFilterChain.java:174)
	at org.apache.catalina.core.ApplicationFilterChain.doFilter(ApplicationFilterChain.java:149)
	at org.apache.catalina.core.StandardWrapperValve.invoke(StandardWrapperValve.java:167)
	at org.apache.catalina.core.StandardContextValve.invoke(StandardContextValve.java:90)
	at org.apache.catalina.authenticator.AuthenticatorBase.invoke(AuthenticatorBase.java:482)
	at org.apache.catalina.core.StandardHostValve.invoke(StandardHostValve.java:115)
	at org.apache.catalina.valves.ErrorReportValve.invoke(ErrorReportValve.java:93)
	at org.apache.catalina.core.StandardEngineValve.invoke(StandardEngineValve.java:74)
	at org.apache.catalina.connector.CoyoteAdapter.service(CoyoteAdapter.java:340)
	at org.apache.coyote.http11.Http11Processor.service(Http11Processor.java:391)
	at org.apache.coyote.AbstractProcessorLight.process(AbstractProcessorLight.java:63)
	at org.apache.coyote.AbstractProtocol$ConnectionHandler.process(AbstractProtocol.java:896)
	at org.apache.tomcat.util.net.NioEndpoint$SocketProcessor.doRun(NioEndpoint.java:1744)
	at org.apache.tomcat.util.net.SocketProcessorBase.run(SocketProcessorBase.java:52)
	at org.apache.tomcat.util.threads.ThreadPoolExecutor.runWorker(ThreadPoolExecutor.java:1191)
	at org.apache.tomcat.util.threads.ThreadPoolExecutor$Worker.run(ThreadPoolExecutor.java:659)
	at org.apache.tomcat.util.threads.TaskThread$WrappingRunnable.run(TaskThread.java:61)
	at java.base/java.lang.Thread.run(Thread.java:1583)
2026-03-04 13:02:34.487 [http-nio-8087-exec-4] [] DEBUG o.s.security.web.FilterChainProxy - Securing GET /error?startDate=2026-01-01&endDate=2026-12-31
2026-03-04 13:02:34.494 [http-nio-8087-exec-4] [] DEBUG o.s.s.w.a.AnonymousAuthenticationFilter - Set SecurityContextHolder to anonymous SecurityContext
2026-03-04 13:02:34.494 [http-nio-8087-exec-4] [] DEBUG o.s.s.w.a.Http403ForbiddenEntryPoint - Pre-authenticated entry point called. Rejecting access
2026-03-04 13:02:34.510 [http-nio-8087-exec-5] [] DEBUG o.s.security.web.FilterChainProxy - Securing POST /api/reports/claim-event
2026-03-04 13:02:34.512 [http-nio-8087-exec-5] [] DEBUG c.c.r.s.JwtAuthenticationFilter - Authenticated user: policyholder.smoke for URI: /api/reports/claim-event
2026-03-04 13:02:34.513 [http-nio-8087-exec-5] [] DEBUG o.s.security.web.FilterChainProxy - Secured POST /api/reports/claim-event
2026-03-04 13:02:34.514 [http-nio-8087-exec-5] [] DEBUG o.s.s.a.m.AuthorizationManagerBeforeMethodInterceptor - Authorizing method invocation ReflectiveMethodInvocation: public org.springframework.http.ResponseEntity com.claimswift.reportingservice.controller.ReportingController.reportClaimEvent(java.util.Map); target is of class [com.claimswift.reportingservice.controller.ReportingController]
2026-03-04 13:02:34.514 [http-nio-8087-exec-5] [] DEBUG o.s.s.a.m.AuthorizationManagerBeforeMethodInterceptor - Authorized method invocation ReflectiveMethodInvocation: public org.springframework.http.ResponseEntity com.claimswift.reportingservice.controller.ReportingController.reportClaimEvent(java.util.Map); target is of class [com.claimswift.reportingservice.controller.ReportingController]
2026-03-04 13:02:34.515 [http-nio-8087-exec-5] [] INFO  c.c.r.controller.ReportingController - Claim event received: {claimId=5, timestamp=2026-03-04T13:02:34, eventType=SMOKE_TEST, claimNumber=CLM-80889CAD}
2026-03-04 13:02:34.554 [http-nio-8087-exec-6] [] DEBUG o.s.security.web.FilterChainProxy - Securing POST /api/reports/status-change
2026-03-04 13:02:34.556 [http-nio-8087-exec-6] [] DEBUG c.c.r.s.JwtAuthenticationFilter - Authenticated user: manager.smoke for URI: /api/reports/status-change
2026-03-04 13:02:34.558 [http-nio-8087-exec-6] [] DEBUG o.s.security.web.FilterChainProxy - Secured POST /api/reports/status-change
2026-03-04 13:02:34.559 [http-nio-8087-exec-6] [] DEBUG o.s.s.a.m.AuthorizationManagerBeforeMethodInterceptor - Authorizing method invocation ReflectiveMethodInvocation: public org.springframework.http.ResponseEntity com.claimswift.reportingservice.controller.ReportingController.reportStatusChange(java.util.Map); target is of class [com.claimswift.reportingservice.controller.ReportingController]
2026-03-04 13:02:34.559 [http-nio-8087-exec-6] [] DEBUG o.s.s.a.m.AuthorizationManagerBeforeMethodInterceptor - Authorized method invocation ReflectiveMethodInvocation: public org.springframework.http.ResponseEntity com.claimswift.reportingservice.controller.ReportingController.reportStatusChange(java.util.Map); target is of class [com.claimswift.reportingservice.controller.ReportingController]
2026-03-04 13:02:34.560 [http-nio-8087-exec-6] [] INFO  c.c.r.controller.ReportingController - Claim status change received: {claimId=5, timestamp=2026-03-04T13:02:34, oldStatus=UNDER_REVIEW, newStatus=APPROVED, claimNumber=CLM-80889CAD}
2026-03-04 13:02:48.675 [AsyncResolver-bootstrap-executor-0] [] INFO  c.n.d.s.r.aws.ConfigClusterResolver - Resolving eureka endpoints via configuration
2026-03-04 13:07:48.683 [AsyncResolver-bootstrap-executor-0] [] INFO  c.n.d.s.r.aws.ConfigClusterResolver - Resolving eureka endpoints via configuration
2026-03-04 13:12:48.698 [AsyncResolver-bootstrap-executor-0] [] INFO  c.n.d.s.r.aws.ConfigClusterResolver - Resolving eureka endpoints via configuration
2026-03-04 13:17:48.705 [AsyncResolver-bootstrap-executor-0] [] INFO  c.n.d.s.r.aws.ConfigClusterResolver - Resolving eureka endpoints via configuration
2026-03-04 13:47:16.665 [main] [] INFO  o.s.c.c.c.ConfigServicePropertySourceLocator - Fetching config from server at : http://localhost:8888
2026-03-04 13:47:16.713 [main] [] WARN  o.s.c.c.c.ConfigServicePropertySourceLocator - Could not locate PropertySource: 401 : [no body]
2026-03-04 13:47:16.719 [main] [] INFO  c.c.r.ReportingServiceApplication - No active profile set, falling back to 1 default profile: "default"
2026-03-04 13:47:16.743 [main] [] INFO  o.s.c.c.c.ConfigServerConfigDataLoader - Fetching config from server at : http://localhost:8888
2026-03-04 13:47:16.743 [main] [] INFO  o.s.c.c.c.ConfigServerConfigDataLoader - Located environment: name=reporting-service, profiles=[default], label=null, version=null, state=null
2026-03-04 13:47:18.897 [main] [] INFO  o.s.d.r.c.RepositoryConfigurationDelegate - Bootstrapping Spring Data JPA repositories in DEFAULT mode.
2026-03-04 13:47:18.936 [main] [] INFO  o.s.d.r.c.RepositoryConfigurationDelegate - Finished Spring Data repository scanning in 19 ms. Found 0 JPA repository interfaces.
2026-03-04 13:47:19.650 [main] [] INFO  o.s.cloud.context.scope.GenericScope - BeanFactory id=bcd39040-c4da-3aac-903c-dbbba5499da2
2026-03-04 13:47:20.737 [main] [] WARN  o.s.c.s.PostProcessorRegistrationDelegate$BeanPostProcessorChecker - Bean 'org.springframework.cloud.client.loadbalancer.LoadBalancerAutoConfiguration$RetryInterceptorAutoConfiguration' of type [org.springframework.cloud.client.loadbalancer.LoadBalancerAutoConfiguration$RetryInterceptorAutoConfiguration] is not eligible for getting processed by all BeanPostProcessors (for example: not eligible for auto-proxying). The currently created BeanPostProcessor [lbRestClientPostProcessor] is declared through a non-static factory method on that class; consider declaring it as static instead.
2026-03-04 13:47:20.751 [main] [] WARN  o.s.c.s.PostProcessorRegistrationDelegate$BeanPostProcessorChecker - Bean 'org.springframework.cloud.loadbalancer.config.BlockingLoadBalancerClientAutoConfiguration' of type [org.springframework.cloud.loadbalancer.config.BlockingLoadBalancerClientAutoConfiguration] is not eligible for getting processed by all BeanPostProcessors (for example: not eligible for auto-proxying). Is this bean getting eagerly injected into a currently created BeanPostProcessor [lbRestClientPostProcessor]? Check the corresponding BeanPostProcessor declaration and its dependencies.
2026-03-04 13:47:20.756 [main] [] WARN  o.s.c.s.PostProcessorRegistrationDelegate$BeanPostProcessorChecker - Bean 'org.springframework.cloud.loadbalancer.config.LoadBalancerAutoConfiguration' of type [org.springframework.cloud.loadbalancer.config.LoadBalancerAutoConfiguration] is not eligible for getting processed by all BeanPostProcessors (for example: not eligible for auto-proxying). Is this bean getting eagerly injected into a currently created BeanPostProcessor [lbRestClientPostProcessor]? Check the corresponding BeanPostProcessor declaration and its dependencies.
2026-03-04 13:47:20.771 [main] [] WARN  o.s.c.s.PostProcessorRegistrationDelegate$BeanPostProcessorChecker - Bean 'org.springframework.cloud.commons.config.CommonsConfigAutoConfiguration' of type [org.springframework.cloud.commons.config.CommonsConfigAutoConfiguration] is not eligible for getting processed by all BeanPostProcessors (for example: not eligible for auto-proxying). Is this bean getting eagerly injected into a currently created BeanPostProcessor [lbRestClientPostProcessor]? Check the corresponding BeanPostProcessor declaration and its dependencies.
2026-03-04 13:47:20.776 [main] [] WARN  o.s.c.s.PostProcessorRegistrationDelegate$BeanPostProcessorChecker - Bean 'org.springframework.cloud.client.loadbalancer.LoadBalancerDefaultMappingsProviderAutoConfiguration' of type [org.springframework.cloud.client.loadbalancer.LoadBalancerDefaultMappingsProviderAutoConfiguration] is not eligible for getting processed by all BeanPostProcessors (for example: not eligible for auto-proxying). Is this bean getting eagerly injected into a currently created BeanPostProcessor [lbRestClientPostProcessor]? Check the corresponding BeanPostProcessor declaration and its dependencies.
2026-03-04 13:47:20.782 [main] [] WARN  o.s.c.s.PostProcessorRegistrationDelegate$BeanPostProcessorChecker - Bean 'loadBalancerClientsDefaultsMappingsProvider' of type [org.springframework.cloud.client.loadbalancer.LoadBalancerDefaultMappingsProviderAutoConfiguration$$Lambda/0x000001b94f606c30] is not eligible for getting processed by all BeanPostProcessors (for example: not eligible for auto-proxying). Is this bean getting eagerly injected into a currently created BeanPostProcessor [lbRestClientPostProcessor]? Check the corresponding BeanPostProcessor declaration and its dependencies.
2026-03-04 13:47:20.788 [main] [] WARN  o.s.c.s.PostProcessorRegistrationDelegate$BeanPostProcessorChecker - Bean 'defaultsBindHandlerAdvisor' of type [org.springframework.cloud.commons.config.DefaultsBindHandlerAdvisor] is not eligible for getting processed by all BeanPostProcessors (for example: not eligible for auto-proxying). Is this bean getting eagerly injected into a currently created BeanPostProcessor [lbRestClientPostProcessor]? Check the corresponding BeanPostProcessor declaration and its dependencies.
2026-03-04 13:47:20.803 [main] [] WARN  o.s.c.s.PostProcessorRegistrationDelegate$BeanPostProcessorChecker - Bean 'spring.cloud.loadbalancer-org.springframework.cloud.client.loadbalancer.LoadBalancerClientsProperties' of type [org.springframework.cloud.client.loadbalancer.LoadBalancerClientsProperties] is not eligible for getting processed by all BeanPostProcessors (for example: not eligible for auto-proxying). Is this bean getting eagerly injected into a currently created BeanPostProcessor [lbRestClientPostProcessor]? Check the corresponding BeanPostProcessor declaration and its dependencies.
2026-03-04 13:47:20.814 [main] [] WARN  o.s.c.s.PostProcessorRegistrationDelegate$BeanPostProcessorChecker - Bean 'default.org.springframework.cloud.loadbalancer.config.LoadBalancerAutoConfiguration.LoadBalancerClientSpecification' of type [org.springframework.cloud.loadbalancer.annotation.LoadBalancerClientSpecification] is not eligible for getting processed by all BeanPostProcessors (for example: not eligible for auto-proxying). Is this bean getting eagerly injected into a currently created BeanPostProcessor [lbRestClientPostProcessor]? Check the corresponding BeanPostProcessor declaration and its dependencies.
2026-03-04 13:47:20.837 [main] [] WARN  o.s.c.s.PostProcessorRegistrationDelegate$BeanPostProcessorChecker - Bean 'default.org.springframework.cloud.loadbalancer.config.BlockingLoadBalancerClientAutoConfiguration.LoadBalancerClientSpecification' of type [org.springframework.cloud.loadbalancer.annotation.LoadBalancerClientSpecification] is not eligible for getting processed by all BeanPostProcessors (for example: not eligible for auto-proxying). Is this bean getting eagerly injected into a currently created BeanPostProcessor [lbRestClientPostProcessor]? Check the corresponding BeanPostProcessor declaration and its dependencies.
2026-03-04 13:47:20.837 [main] [] WARN  o.s.c.s.PostProcessorRegistrationDelegate$BeanPostProcessorChecker - Bean 'default.org.springframework.cloud.netflix.eureka.loadbalancer.LoadBalancerEurekaAutoConfiguration.LoadBalancerClientSpecification' of type [org.springframework.cloud.loadbalancer.annotation.LoadBalancerClientSpecification] is not eligible for getting processed by all BeanPostProcessors (for example: not eligible for auto-proxying). Is this bean getting eagerly injected into a currently created BeanPostProcessor [lbRestClientPostProcessor]? Check the corresponding BeanPostProcessor declaration and its dependencies.
2026-03-04 13:47:20.837 [main] [] WARN  o.s.c.s.PostProcessorRegistrationDelegate$BeanPostProcessorChecker - Bean 'loadBalancerClientFactory' of type [org.springframework.cloud.loadbalancer.support.LoadBalancerClientFactory] is not eligible for getting processed by all BeanPostProcessors (for example: not eligible for auto-proxying). Is this bean getting eagerly injected into a currently created BeanPostProcessor [lbRestClientPostProcessor]? Check the corresponding BeanPostProcessor declaration and its dependencies.
2026-03-04 13:47:20.864 [main] [] WARN  o.s.c.s.PostProcessorRegistrationDelegate$BeanPostProcessorChecker - Bean 'blockingLoadBalancerClient' of type [org.springframework.cloud.loadbalancer.blocking.client.BlockingLoadBalancerClient] is not eligible for getting processed by all BeanPostProcessors (for example: not eligible for auto-proxying). Is this bean getting eagerly injected into a currently created BeanPostProcessor [lbRestClientPostProcessor]? Check the corresponding BeanPostProcessor declaration and its dependencies.
2026-03-04 13:47:20.905 [main] [] WARN  o.s.c.s.PostProcessorRegistrationDelegate$BeanPostProcessorChecker - Bean 'loadBalancerServiceInstanceCookieTransformer' of type [org.springframework.cloud.loadbalancer.core.LoadBalancerServiceInstanceCookieTransformer] is not eligible for getting processed by all BeanPostProcessors (for example: not eligible for auto-proxying). Is this bean getting eagerly injected into a currently created BeanPostProcessor [lbRestClientPostProcessor]? Check the corresponding BeanPostProcessor declaration and its dependencies.
2026-03-04 13:47:20.912 [main] [] WARN  o.s.c.s.PostProcessorRegistrationDelegate$BeanPostProcessorChecker - Bean 'xForwarderHeadersTransformer' of type [org.springframework.cloud.loadbalancer.blocking.XForwardedHeadersTransformer] is not eligible for getting processed by all BeanPostProcessors (for example: not eligible for auto-proxying). Is this bean getting eagerly injected into a currently created BeanPostProcessor [lbRestClientPostProcessor]? Check the corresponding BeanPostProcessor declaration and its dependencies.
2026-03-04 13:47:20.916 [main] [] WARN  o.s.c.s.PostProcessorRegistrationDelegate$BeanPostProcessorChecker - Bean 'org.springframework.cloud.client.loadbalancer.LoadBalancerAutoConfiguration' of type [org.springframework.cloud.client.loadbalancer.LoadBalancerAutoConfiguration] is not eligible for getting processed by all BeanPostProcessors (for example: not eligible for auto-proxying). Is this bean getting eagerly injected into a currently created BeanPostProcessor [lbRestClientPostProcessor]? Check the corresponding BeanPostProcessor declaration and its dependencies.
2026-03-04 13:47:20.928 [main] [] WARN  o.s.c.s.PostProcessorRegistrationDelegate$BeanPostProcessorChecker - Bean 'loadBalancerRequestFactory' of type [org.springframework.cloud.client.loadbalancer.LoadBalancerRequestFactory] is not eligible for getting processed by all BeanPostProcessors (for example: not eligible for auto-proxying). Is this bean getting eagerly injected into a currently created BeanPostProcessor [lbRestClientPostProcessor]? Check the corresponding BeanPostProcessor declaration and its dependencies.
2026-03-04 13:47:20.933 [main] [] WARN  o.s.c.s.PostProcessorRegistrationDelegate$BeanPostProcessorChecker - Bean 'org.springframework.cloud.loadbalancer.config.BlockingLoadBalancerClientAutoConfiguration$BlockingLoadBalancerRetryConfig' of type [org.springframework.cloud.loadbalancer.config.BlockingLoadBalancerClientAutoConfiguration$BlockingLoadBalancerRetryConfig$$SpringCGLIB$$0] is not eligible for getting processed by all BeanPostProcessors (for example: not eligible for auto-proxying). Is this bean getting eagerly injected into a currently created BeanPostProcessor [lbRestClientPostProcessor]? Check the corresponding BeanPostProcessor declaration and its dependencies.
2026-03-04 13:47:20.940 [main] [] WARN  o.s.c.s.PostProcessorRegistrationDelegate$BeanPostProcessorChecker - Bean 'loadBalancedRetryFactory' of type [org.springframework.cloud.loadbalancer.blocking.retry.BlockingLoadBalancedRetryFactory] is not eligible for getting processed by all BeanPostProcessors (for example: not eligible for auto-proxying). Is this bean getting eagerly injected into a currently created BeanPostProcessor [lbRestClientPostProcessor]? Check the corresponding BeanPostProcessor declaration and its dependencies.
2026-03-04 13:47:20.956 [main] [] WARN  o.s.c.s.PostProcessorRegistrationDelegate$BeanPostProcessorChecker - Bean 'loadBalancerInterceptor' of type [org.springframework.cloud.client.loadbalancer.RetryLoadBalancerInterceptor] is not eligible for getting processed by all BeanPostProcessors (for example: not eligible for auto-proxying). Is this bean getting eagerly injected into a currently created BeanPostProcessor [lbRestClientPostProcessor]? Check the corresponding BeanPostProcessor declaration and its dependencies.
2026-03-04 13:47:21.650 [main] [] INFO  o.s.b.w.e.tomcat.TomcatWebServer - Tomcat initialized with port 8087 (http)
2026-03-04 13:47:21.667 [main] [] INFO  o.a.catalina.core.StandardService - Starting service [Tomcat]
2026-03-04 13:47:21.668 [main] [] INFO  o.a.catalina.core.StandardEngine - Starting Servlet engine: [Apache Tomcat/10.1.16]
2026-03-04 13:47:21.910 [main] [] INFO  o.a.c.c.C.[Tomcat].[localhost].[/] - Initializing Spring embedded WebApplicationContext
2026-03-04 13:47:21.911 [main] [] INFO  o.s.b.w.s.c.ServletWebServerApplicationContext - Root WebApplicationContext: initialization completed in 5166 ms
2026-03-04 13:47:22.573 [main] [] DEBUG c.c.r.s.JwtAuthenticationFilter - Filter 'jwtAuthenticationFilter' configured for use
2026-03-04 13:47:22.972 [main] [] INFO  o.h.jpa.internal.util.LogHelper - HHH000204: Processing PersistenceUnitInfo [name: default]
2026-03-04 13:47:23.102 [main] [] INFO  org.hibernate.Version - HHH000412: Hibernate ORM core version 6.3.1.Final
2026-03-04 13:47:23.202 [main] [] INFO  o.h.c.i.RegionFactoryInitiator - HHH000026: Second-level cache disabled
2026-03-04 13:47:23.858 [main] [] INFO  o.s.o.j.p.SpringPersistenceUnitInfo - No LoadTimeWeaver setup: ignoring JPA class transformer
2026-03-04 13:47:23.910 [main] [] INFO  com.zaxxer.hikari.HikariDataSource - HikariPool-1 - Starting...
2026-03-04 13:47:24.281 [main] [] INFO  com.zaxxer.hikari.pool.HikariPool - HikariPool-1 - Added connection com.mysql.cj.jdbc.ConnectionImpl@6f071d0c
2026-03-04 13:47:24.300 [main] [] INFO  com.zaxxer.hikari.HikariDataSource - HikariPool-1 - Start completed.
2026-03-04 13:47:24.440 [main] [] WARN  org.hibernate.orm.deprecation - HHH90000025: MySQLDialect does not need to be specified explicitly using 'hibernate.dialect' (remove the property setting and it will be selected by default)
2026-03-04 13:47:25.188 [main] [] INFO  o.h.e.t.j.p.i.JtaPlatformInitiator - HHH000489: No JTA platform available (set 'hibernate.transaction.jta.platform' to enable JTA platform integration)
2026-03-04 13:47:25.191 [main] [] INFO  o.s.o.j.LocalContainerEntityManagerFactoryBean - Initialized JPA EntityManagerFactory for persistence unit 'default'
2026-03-04 13:47:25.494 [main] [] WARN  o.s.b.a.o.j.JpaBaseConfiguration$JpaWebConfiguration - spring.jpa.open-in-view is enabled by default. Therefore, database queries may be performed during view rendering. Explicitly configure spring.jpa.open-in-view to disable this warning
2026-03-04 13:47:25.762 [main] [] INFO  o.s.c.o.FeignClientFactoryBean - For 'claim-service' URL not provided. Will try picking an instance via load-balancing.
2026-03-04 13:47:25.810 [main] [] INFO  o.s.c.o.FeignClientFactoryBean - For 'payment-service' URL not provided. Will try picking an instance via load-balancing.
2026-03-04 13:47:25.908 [main] [] WARN  o.s.b.a.s.s.UserDetailsServiceAutoConfiguration - 

Using generated security password: 6b625a00-3e34-4729-a4f5-9adfc76fa26c

This generated password is for development use only. Your security configuration must be updated before running your application in production.

2026-03-04 13:47:26.504 [main] [] INFO  o.s.b.a.e.web.EndpointLinksResolver - Exposing 3 endpoint(s) beneath base path '/actuator'
2026-03-04 13:47:26.574 [main] [] INFO  o.s.s.web.DefaultSecurityFilterChain - Will secure any request with [org.springframework.security.web.session.DisableEncodeUrlFilter@3df79197, org.springframework.security.web.context.request.async.WebAsyncManagerIntegrationFilter@53741683, org.springframework.security.web.context.SecurityContextHolderFilter@1a370c7c, org.springframework.security.web.header.HeaderWriterFilter@32cfd722, org.springframework.web.filter.CorsFilter@36134f3, org.springframework.security.web.authentication.logout.LogoutFilter@4fe87cb9, com.claimswift.reportingservice.security.JwtAuthenticationFilter@520ee6b3, org.springframework.security.web.savedrequest.RequestCacheAwareFilter@4fc9e73d, org.springframework.security.web.servletapi.SecurityContextHolderAwareRequestFilter@259647f2, org.springframework.security.web.authentication.AnonymousAuthenticationFilter@52b7a3e1, org.springframework.security.web.session.SessionManagementFilter@66464f27, org.springframework.security.web.access.ExceptionTranslationFilter@301c0aae, org.springframework.security.web.access.intercept.AuthorizationFilter@1e79b0fc]
2026-03-04 13:47:28.048 [main] [] INFO  o.s.c.n.e.c.DiscoveryClientOptionalArgsConfiguration - Eureka HTTP Client uses RestTemplate.
2026-03-04 13:47:28.159 [main] [] WARN  o.s.c.l.c.LoadBalancerCacheAutoConfiguration$LoadBalancerCaffeineWarnLogger - Spring Cloud LoadBalancer is currently working with the default cache. While this cache implementation is useful for development and tests, it's recommended to use Caffeine cache in production.You can switch to using Caffeine cache, by adding it and org.springframework.cache.caffeine.CaffeineCacheManager to the classpath.
2026-03-04 13:47:28.376 [main] [] INFO  o.s.c.n.eureka.InstanceInfoFactory - Setting initial instance status as: STARTING
2026-03-04 13:47:28.465 [main] [] INFO  c.netflix.discovery.DiscoveryClient - Initializing Eureka in region us-east-1
2026-03-04 13:47:28.478 [main] [] INFO  c.n.d.s.r.aws.ConfigClusterResolver - Resolving eureka endpoints via configuration
2026-03-04 13:47:28.552 [main] [] INFO  c.netflix.discovery.DiscoveryClient - Disable delta property : false
2026-03-04 13:47:28.552 [main] [] INFO  c.netflix.discovery.DiscoveryClient - Single vip registry refresh property : null
2026-03-04 13:47:28.552 [main] [] INFO  c.netflix.discovery.DiscoveryClient - Force full registry fetch : false
2026-03-04 13:47:28.552 [main] [] INFO  c.netflix.discovery.DiscoveryClient - Application is null : false
2026-03-04 13:47:28.552 [main] [] INFO  c.netflix.discovery.DiscoveryClient - Registered Applications size is zero : true
2026-03-04 13:47:28.554 [main] [] INFO  c.netflix.discovery.DiscoveryClient - Application version is -1: true
2026-03-04 13:47:28.554 [main] [] INFO  c.netflix.discovery.DiscoveryClient - Getting all instance registry info from the eureka server
2026-03-04 13:47:29.469 [main] [] INFO  c.netflix.discovery.DiscoveryClient - The response status is 200
2026-03-04 13:47:29.476 [main] [] INFO  c.netflix.discovery.DiscoveryClient - Starting heartbeat executor: renew interval is: 30
2026-03-04 13:47:29.481 [main] [] INFO  c.n.discovery.InstanceInfoReplicator - InstanceInfoReplicator onDemand update allowed rate per min is 4
2026-03-04 13:47:29.488 [main] [] INFO  c.netflix.discovery.DiscoveryClient - Discovery Client initialized at timestamp 1772612249488 with initial instances count: 8
2026-03-04 13:47:29.522 [main] [] INFO  o.s.c.n.e.s.EurekaServiceRegistry - Registering application REPORTING-SERVICE with eureka with status UP
2026-03-04 13:47:29.524 [main] [] INFO  c.netflix.discovery.DiscoveryClient - Saw local status change event StatusChangeEvent [timestamp=1772612249524, current=UP, previous=STARTING]
2026-03-04 13:47:29.524 [main] [] WARN  c.n.discovery.InstanceInfoReplicator - Ignoring onDemand update due to rate limiter
2026-03-04 13:47:29.536 [DiscoveryClient-InstanceInfoReplicator-0] [] INFO  c.netflix.discovery.DiscoveryClient - DiscoveryClient_REPORTING-SERVICE/IBLW5CD324RM64:reporting-service:8087: registering service...
2026-03-04 13:47:29.628 [main] [] INFO  o.s.b.w.e.tomcat.TomcatWebServer - Tomcat started on port 8087 (http) with context path ''
2026-03-04 13:47:29.629 [main] [] INFO  o.s.c.n.e.s.EurekaAutoServiceRegistration - Updating port to 8087
2026-03-04 13:47:29.693 [main] [] INFO  c.c.r.ReportingServiceApplication - Started ReportingServiceApplication in 15.652 seconds (process running for 17.216)
2026-03-04 13:47:29.822 [DiscoveryClient-InstanceInfoReplicator-0] [] INFO  c.netflix.discovery.DiscoveryClient - DiscoveryClient_REPORTING-SERVICE/IBLW5CD324RM64:reporting-service:8087 - registration status: 204
2026-03-04 13:47:30.108 [RMI TCP Connection(4)-127.0.0.1] [] INFO  o.a.c.c.C.[Tomcat].[localhost].[/] - Initializing Spring DispatcherServlet 'dispatcherServlet'
2026-03-04 13:47:30.109 [RMI TCP Connection(4)-127.0.0.1] [] INFO  o.s.web.servlet.DispatcherServlet - Initializing Servlet 'dispatcherServlet'
2026-03-04 13:47:30.113 [RMI TCP Connection(4)-127.0.0.1] [] INFO  o.s.web.servlet.DispatcherServlet - Completed initialization in 4 ms
2026-03-04 13:51:18.181 [http-nio-8087-exec-1] [] DEBUG o.s.security.web.FilterChainProxy - Securing GET /api/reports/claims/summary
2026-03-04 13:51:18.197 [http-nio-8087-exec-1] [] WARN  o.s.w.s.h.HandlerMappingIntrospector - Cache miss for REQUEST dispatch to '/api/reports/claims/summary' (previous null). Performing CorsConfiguration lookup. This is logged once only at WARN level, and every time at TRACE.
2026-03-04 13:51:18.361 [http-nio-8087-exec-1] [] DEBUG c.c.r.s.JwtAuthenticationFilter - Authenticated user: manager.postman for URI: /api/reports/claims/summary
2026-03-04 13:51:18.366 [http-nio-8087-exec-1] [] WARN  o.s.w.s.h.HandlerMappingIntrospector - Cache miss for REQUEST dispatch to '/api/reports/claims/summary' (previous null). Performing MatchableHandlerMapping lookup. This is logged once only at WARN level, and every time at TRACE.
2026-03-04 13:51:18.375 [http-nio-8087-exec-1] [] DEBUG o.s.security.web.FilterChainProxy - Secured GET /api/reports/claims/summary
2026-03-04 13:51:18.481 [http-nio-8087-exec-1] [] DEBUG o.s.s.a.m.AuthorizationManagerBeforeMethodInterceptor - Authorizing method invocation ReflectiveMethodInvocation: public org.springframework.http.ResponseEntity com.claimswift.reportingservice.controller.ReportingController.getClaimSummaryReport(java.time.LocalDate,java.time.LocalDate); target is of class [com.claimswift.reportingservice.controller.ReportingController]
2026-03-04 13:51:18.529 [http-nio-8087-exec-1] [] DEBUG o.s.s.a.m.AuthorizationManagerBeforeMethodInterceptor - Authorized method invocation ReflectiveMethodInvocation: public org.springframework.http.ResponseEntity com.claimswift.reportingservice.controller.ReportingController.getClaimSummaryReport(java.time.LocalDate,java.time.LocalDate); target is of class [com.claimswift.reportingservice.controller.ReportingController]
2026-03-04 13:51:18.573 [http-nio-8087-exec-1] [] INFO  c.c.r.controller.ReportingController - Generating claim summary report for period: null to null
2026-03-04 13:51:18.575 [http-nio-8087-exec-1] [] DEBUG c.c.r.client.ClaimServiceClient - [ClaimServiceClient#getAllClaims] ---> GET http://claim-service/api/claims/internal/all HTTP/1.1
2026-03-04 13:51:19.081 [http-nio-8087-exec-1] [] DEBUG c.c.r.client.ClaimServiceClient - [ClaimServiceClient#getAllClaims] <--- HTTP/1.1 200 (504ms)
2026-03-04 13:52:28.571 [AsyncResolver-bootstrap-executor-0] [] INFO  c.n.d.s.r.aws.ConfigClusterResolver - Resolving eureka endpoints via configuration
2026-03-04 13:57:28.587 [AsyncResolver-bootstrap-executor-0] [] INFO  c.n.d.s.r.aws.ConfigClusterResolver - Resolving eureka endpoints via configuration
2026-03-04 13:57:44.854 [http-nio-8087-exec-2] [] DEBUG o.s.security.web.FilterChainProxy - Securing POST /api/reports/claim-event
2026-03-04 13:57:44.860 [http-nio-8087-exec-2] [] DEBUG c.c.r.s.JwtAuthenticationFilter - Authenticated user: policy.postman for URI: /api/reports/claim-event
2026-03-04 13:57:44.862 [http-nio-8087-exec-2] [] DEBUG o.s.security.web.FilterChainProxy - Secured POST /api/reports/claim-event
2026-03-04 13:57:44.870 [http-nio-8087-exec-2] [] DEBUG o.s.s.a.m.AuthorizationManagerBeforeMethodInterceptor - Authorizing method invocation ReflectiveMethodInvocation: public org.springframework.http.ResponseEntity com.claimswift.reportingservice.controller.ReportingController.reportClaimEvent(java.util.Map); target is of class [com.claimswift.reportingservice.controller.ReportingController]
2026-03-04 13:57:44.871 [http-nio-8087-exec-2] [] DEBUG o.s.s.a.m.AuthorizationManagerBeforeMethodInterceptor - Authorized method invocation ReflectiveMethodInvocation: public org.springframework.http.ResponseEntity com.claimswift.reportingservice.controller.ReportingController.reportClaimEvent(java.util.Map); target is of class [com.claimswift.reportingservice.controller.ReportingController]
2026-03-04 13:57:44.873 [http-nio-8087-exec-2] [] INFO  c.c.r.controller.ReportingController - Claim event received: {claimId=9, eventType=CLAIM_SUBMITTED, claimNumber=CLM-5A20EC86, timestamp=2026-03-04T13:57:44.6770666}
2026-03-04 14:02:00.365 [http-nio-8087-exec-4] [] DEBUG o.s.security.web.FilterChainProxy - Securing GET /actuator/health
2026-03-04 14:02:00.368 [http-nio-8087-exec-4] [] DEBUG o.s.s.w.a.AnonymousAuthenticationFilter - Set SecurityContextHolder to anonymous SecurityContext
2026-03-04 14:02:00.371 [http-nio-8087-exec-4] [] DEBUG o.s.security.web.FilterChainProxy - Secured GET /actuator/health
2026-03-04 14:02:02.313 [http-nio-8087-exec-5] [] DEBUG o.s.security.web.FilterChainProxy - Securing GET /api/reports/claims/summary
2026-03-04 14:02:02.329 [http-nio-8087-exec-5] [] DEBUG c.c.r.s.JwtAuthenticationFilter - Authenticated user: manager.20260304-140157 for URI: /api/reports/claims/summary
2026-03-04 14:02:02.335 [http-nio-8087-exec-5] [] DEBUG o.s.security.web.FilterChainProxy - Secured GET /api/reports/claims/summary
2026-03-04 14:02:02.338 [http-nio-8087-exec-5] [] DEBUG o.s.s.a.m.AuthorizationManagerBeforeMethodInterceptor - Authorizing method invocation ReflectiveMethodInvocation: public org.springframework.http.ResponseEntity com.claimswift.reportingservice.controller.ReportingController.getClaimSummaryReport(java.time.LocalDate,java.time.LocalDate); target is of class [com.claimswift.reportingservice.controller.ReportingController]
2026-03-04 14:02:02.339 [http-nio-8087-exec-5] [] DEBUG o.s.s.a.m.AuthorizationManagerBeforeMethodInterceptor - Authorized method invocation ReflectiveMethodInvocation: public org.springframework.http.ResponseEntity com.claimswift.reportingservice.controller.ReportingController.getClaimSummaryReport(java.time.LocalDate,java.time.LocalDate); target is of class [com.claimswift.reportingservice.controller.ReportingController]
2026-03-04 14:02:02.340 [http-nio-8087-exec-5] [] INFO  c.c.r.controller.ReportingController - Generating claim summary report for period: null to null
2026-03-04 14:02:02.341 [http-nio-8087-exec-5] [] DEBUG c.c.r.client.ClaimServiceClient - [ClaimServiceClient#getAllClaims] ---> GET http://claim-service/api/claims/internal/all HTTP/1.1
2026-03-04 14:02:02.374 [http-nio-8087-exec-5] [] DEBUG c.c.r.client.ClaimServiceClient - [ClaimServiceClient#getAllClaims] <--- HTTP/1.1 200 (32ms)
2026-03-04 14:02:02.446 [http-nio-8087-exec-6] [] DEBUG o.s.security.web.FilterChainProxy - Securing POST /api/reports/claim-event
2026-03-04 14:02:02.449 [http-nio-8087-exec-6] [] DEBUG c.c.r.s.JwtAuthenticationFilter - Authenticated user: policy.20260304-140157 for URI: /api/reports/claim-event
2026-03-04 14:02:02.451 [http-nio-8087-exec-6] [] DEBUG o.s.security.web.FilterChainProxy - Secured POST /api/reports/claim-event
2026-03-04 14:02:02.452 [http-nio-8087-exec-6] [] DEBUG o.s.s.a.m.AuthorizationManagerBeforeMethodInterceptor - Authorizing method invocation ReflectiveMethodInvocation: public org.springframework.http.ResponseEntity com.claimswift.reportingservice.controller.ReportingController.reportClaimEvent(java.util.Map); target is of class [com.claimswift.reportingservice.controller.ReportingController]
2026-03-04 14:02:02.455 [http-nio-8087-exec-6] [] DEBUG o.s.s.a.m.AuthorizationManagerBeforeMethodInterceptor - Authorized method invocation ReflectiveMethodInvocation: public org.springframework.http.ResponseEntity com.claimswift.reportingservice.controller.ReportingController.reportClaimEvent(java.util.Map); target is of class [com.claimswift.reportingservice.controller.ReportingController]
2026-03-04 14:02:02.455 [http-nio-8087-exec-6] [] INFO  c.c.r.controller.ReportingController - Claim event received: {claimId=10, eventType=CLAIM_SUBMITTED, claimNumber=CLM-5C7D18C6, timestamp=2026-03-04T14:02:02.4272449}
2026-03-04 14:02:02.515 [http-nio-8087-exec-7] [] DEBUG o.s.security.web.FilterChainProxy - Securing POST /api/reports/claim-event
2026-03-04 14:02:02.519 [http-nio-8087-exec-7] [] DEBUG c.c.r.s.JwtAuthenticationFilter - Authenticated user: policy.20260304-140157 for URI: /api/reports/claim-event
2026-03-04 14:02:02.522 [http-nio-8087-exec-7] [] DEBUG o.s.security.web.FilterChainProxy - Secured POST /api/reports/claim-event
2026-03-04 14:02:02.523 [http-nio-8087-exec-7] [] DEBUG o.s.s.a.m.AuthorizationManagerBeforeMethodInterceptor - Authorizing method invocation ReflectiveMethodInvocation: public org.springframework.http.ResponseEntity com.claimswift.reportingservice.controller.ReportingController.reportClaimEvent(java.util.Map); target is of class [com.claimswift.reportingservice.controller.ReportingController]
2026-03-04 14:02:02.524 [http-nio-8087-exec-7] [] DEBUG o.s.s.a.m.AuthorizationManagerBeforeMethodInterceptor - Authorized method invocation ReflectiveMethodInvocation: public org.springframework.http.ResponseEntity com.claimswift.reportingservice.controller.ReportingController.reportClaimEvent(java.util.Map); target is of class [com.claimswift.reportingservice.controller.ReportingController]
2026-03-04 14:02:02.524 [http-nio-8087-exec-7] [] INFO  c.c.r.controller.ReportingController - Claim event received: {claimId=11, eventType=CLAIM_SUBMITTED, claimNumber=CLM-3C5EAE33, timestamp=2026-03-04T14:02:02.5081968}
2026-03-04 14:02:03.219 [http-nio-8087-exec-8] [] DEBUG o.s.security.web.FilterChainProxy - Securing POST /api/reports/status-change
2026-03-04 14:02:03.219 [http-nio-8087-exec-8] [] DEBUG c.c.r.s.JwtAuthenticationFilter - Authenticated user: manager.20260304-140157 for URI: /api/reports/status-change
2026-03-04 14:02:03.219 [http-nio-8087-exec-8] [] DEBUG o.s.security.web.FilterChainProxy - Secured POST /api/reports/status-change
2026-03-04 14:02:03.228 [http-nio-8087-exec-8] [] DEBUG o.s.s.a.m.AuthorizationManagerBeforeMethodInterceptor - Authorizing method invocation ReflectiveMethodInvocation: public org.springframework.http.ResponseEntity com.claimswift.reportingservice.controller.ReportingController.reportStatusChange(java.util.Map); target is of class [com.claimswift.reportingservice.controller.ReportingController]
2026-03-04 14:02:03.228 [http-nio-8087-exec-8] [] DEBUG o.s.s.a.m.AuthorizationManagerBeforeMethodInterceptor - Authorized method invocation ReflectiveMethodInvocation: public org.springframework.http.ResponseEntity com.claimswift.reportingservice.controller.ReportingController.reportStatusChange(java.util.Map); target is of class [com.claimswift.reportingservice.controller.ReportingController]
2026-03-04 14:02:03.228 [http-nio-8087-exec-8] [] INFO  c.c.r.controller.ReportingController - Claim status change received: {newStatus=ADJUSTED, oldStatus=UNDER_REVIEW, claimId=10, claimNumber=CLM-5C7D18C6, timestamp=2026-03-04T14:02:03.2138053}
2026-03-04 14:02:03.301 [http-nio-8087-exec-9] [] DEBUG o.s.security.web.FilterChainProxy - Securing POST /api/reports/status-change
2026-03-04 14:02:03.308 [http-nio-8087-exec-9] [] DEBUG c.c.r.s.JwtAuthenticationFilter - Authenticated user: manager.20260304-140157 for URI: /api/reports/status-change
2026-03-04 14:02:03.314 [http-nio-8087-exec-9] [] DEBUG o.s.security.web.FilterChainProxy - Secured POST /api/reports/status-change
2026-03-04 14:02:03.317 [http-nio-8087-exec-9] [] DEBUG o.s.s.a.m.AuthorizationManagerBeforeMethodInterceptor - Authorizing method invocation ReflectiveMethodInvocation: public org.springframework.http.ResponseEntity com.claimswift.reportingservice.controller.ReportingController.reportStatusChange(java.util.Map); target is of class [com.claimswift.reportingservice.controller.ReportingController]
2026-03-04 14:02:03.318 [http-nio-8087-exec-9] [] DEBUG o.s.s.a.m.AuthorizationManagerBeforeMethodInterceptor - Authorized method invocation ReflectiveMethodInvocation: public org.springframework.http.ResponseEntity com.claimswift.reportingservice.controller.ReportingController.reportStatusChange(java.util.Map); target is of class [com.claimswift.reportingservice.controller.ReportingController]
2026-03-04 14:02:03.319 [http-nio-8087-exec-9] [] INFO  c.c.r.controller.ReportingController - Claim status change received: {newStatus=APPROVED, oldStatus=ADJUSTED, claimId=10, claimNumber=CLM-5C7D18C6, timestamp=2026-03-04T14:02:03.2933884}
2026-03-04 14:02:08.490 [http-nio-8087-exec-10] [] DEBUG o.s.security.web.FilterChainProxy - Securing POST /api/reports/status-change
2026-03-04 14:02:08.508 [http-nio-8087-exec-10] [] DEBUG c.c.r.s.JwtAuthenticationFilter - Authenticated user: manager.20260304-140157 for URI: /api/reports/status-change
2026-03-04 14:02:08.513 [http-nio-8087-exec-10] [] DEBUG o.s.security.web.FilterChainProxy - Secured POST /api/reports/status-change
2026-03-04 14:02:08.515 [http-nio-8087-exec-10] [] DEBUG o.s.s.a.m.AuthorizationManagerBeforeMethodInterceptor - Authorizing method invocation ReflectiveMethodInvocation: public org.springframework.http.ResponseEntity com.claimswift.reportingservice.controller.ReportingController.reportStatusChange(java.util.Map); target is of class [com.claimswift.reportingservice.controller.ReportingController]
2026-03-04 14:02:08.515 [http-nio-8087-exec-10] [] DEBUG o.s.s.a.m.AuthorizationManagerBeforeMethodInterceptor - Authorized method invocation ReflectiveMethodInvocation: public org.springframework.http.ResponseEntity com.claimswift.reportingservice.controller.ReportingController.reportStatusChange(java.util.Map); target is of class [com.claimswift.reportingservice.controller.ReportingController]
2026-03-04 14:02:08.515 [http-nio-8087-exec-10] [] INFO  c.c.r.controller.ReportingController - Claim status change received: {newStatus=PAID, oldStatus=APPROVED, claimId=10, claimNumber=CLM-5C7D18C6, timestamp=2026-03-04T14:02:08.4770426}
2026-03-04 14:02:10.589 [http-nio-8087-exec-1] [] DEBUG o.s.security.web.FilterChainProxy - Securing GET /api/reports/claims/summary?startDate=2026-01-01&endDate=2026-12-31
2026-03-04 14:02:10.597 [http-nio-8087-exec-1] [] DEBUG c.c.r.s.JwtAuthenticationFilter - Authenticated user: manager.20260304-140157 for URI: /api/reports/claims/summary
2026-03-04 14:02:10.601 [http-nio-8087-exec-1] [] DEBUG o.s.security.web.FilterChainProxy - Secured GET /api/reports/claims/summary?startDate=2026-01-01&endDate=2026-12-31
2026-03-04 14:02:10.615 [http-nio-8087-exec-1] [] DEBUG o.s.s.a.m.AuthorizationManagerBeforeMethodInterceptor - Authorizing method invocation ReflectiveMethodInvocation: public org.springframework.http.ResponseEntity com.claimswift.reportingservice.controller.ReportingController.getClaimSummaryReport(java.time.LocalDate,java.time.LocalDate); target is of class [com.claimswift.reportingservice.controller.ReportingController]
2026-03-04 14:02:10.616 [http-nio-8087-exec-1] [] DEBUG o.s.s.a.m.AuthorizationManagerBeforeMethodInterceptor - Authorized method invocation ReflectiveMethodInvocation: public org.springframework.http.ResponseEntity com.claimswift.reportingservice.controller.ReportingController.getClaimSummaryReport(java.time.LocalDate,java.time.LocalDate); target is of class [com.claimswift.reportingservice.controller.ReportingController]
2026-03-04 14:02:10.617 [http-nio-8087-exec-1] [] INFO  c.c.r.controller.ReportingController - Generating claim summary report for period: 2026-01-01 to 2026-12-31
2026-03-04 14:02:10.618 [http-nio-8087-exec-1] [] DEBUG c.c.r.client.ClaimServiceClient - [ClaimServiceClient#getAllClaims] ---> GET http://claim-service/api/claims/internal/all HTTP/1.1
2026-03-04 14:02:10.660 [http-nio-8087-exec-1] [] DEBUG c.c.r.client.ClaimServiceClient - [ClaimServiceClient#getAllClaims] <--- HTTP/1.1 200 (41ms)
2026-03-04 14:02:10.728 [http-nio-8087-exec-2] [] DEBUG o.s.security.web.FilterChainProxy - Securing GET /api/reports/claims/summary/pdf?startDate=2026-01-01&endDate=2026-12-31
2026-03-04 14:02:10.732 [http-nio-8087-exec-2] [] DEBUG c.c.r.s.JwtAuthenticationFilter - Authenticated user: manager.20260304-140157 for URI: /api/reports/claims/summary/pdf
2026-03-04 14:02:10.734 [http-nio-8087-exec-2] [] DEBUG o.s.security.web.FilterChainProxy - Secured GET /api/reports/claims/summary/pdf?startDate=2026-01-01&endDate=2026-12-31
2026-03-04 14:02:10.736 [http-nio-8087-exec-2] [] DEBUG o.s.s.a.m.AuthorizationManagerBeforeMethodInterceptor - Authorizing method invocation ReflectiveMethodInvocation: public org.springframework.http.ResponseEntity com.claimswift.reportingservice.controller.ReportingController.exportClaimSummaryPdf(java.time.LocalDate,java.time.LocalDate); target is of class [com.claimswift.reportingservice.controller.ReportingController]
2026-03-04 14:02:10.737 [http-nio-8087-exec-2] [] DEBUG o.s.s.a.m.AuthorizationManagerBeforeMethodInterceptor - Authorized method invocation ReflectiveMethodInvocation: public org.springframework.http.ResponseEntity com.claimswift.reportingservice.controller.ReportingController.exportClaimSummaryPdf(java.time.LocalDate,java.time.LocalDate); target is of class [com.claimswift.reportingservice.controller.ReportingController]
2026-03-04 14:02:10.737 [http-nio-8087-exec-2] [] INFO  c.c.r.controller.ReportingController - Exporting claim summary report as PDF for period: 2026-01-01 to 2026-12-31
2026-03-04 14:02:10.738 [http-nio-8087-exec-2] [] DEBUG c.c.r.client.ClaimServiceClient - [ClaimServiceClient#getAllClaims] ---> GET http://claim-service/api/claims/internal/all HTTP/1.1
2026-03-04 14:02:10.752 [http-nio-8087-exec-2] [] DEBUG c.c.r.client.ClaimServiceClient - [ClaimServiceClient#getAllClaims] <--- HTTP/1.1 200 (13ms)
2026-03-04 14:02:10.754 [http-nio-8087-exec-2] [] INFO  c.c.r.util.PdfGenerator - Generating PDF for claim summary report
2026-03-04 14:02:11.247 [http-nio-8087-exec-2] [] INFO  c.c.r.util.PdfGenerator - PDF generated successfully for claim summary
2026-03-04 14:02:11.279 [http-nio-8087-exec-3] [] DEBUG o.s.security.web.FilterChainProxy - Securing GET /api/reports/payments?startDate=2026-01-01&endDate=2026-12-31
2026-03-04 14:02:11.283 [http-nio-8087-exec-3] [] DEBUG c.c.r.s.JwtAuthenticationFilter - Authenticated user: manager.20260304-140157 for URI: /api/reports/payments
2026-03-04 14:02:11.285 [http-nio-8087-exec-3] [] DEBUG o.s.security.web.FilterChainProxy - Secured GET /api/reports/payments?startDate=2026-01-01&endDate=2026-12-31
2026-03-04 14:02:11.287 [http-nio-8087-exec-3] [] DEBUG o.s.s.a.m.AuthorizationManagerBeforeMethodInterceptor - Authorizing method invocation ReflectiveMethodInvocation: public org.springframework.http.ResponseEntity com.claimswift.reportingservice.controller.ReportingController.getPaymentReport(java.time.LocalDate,java.time.LocalDate); target is of class [com.claimswift.reportingservice.controller.ReportingController]
2026-03-04 14:02:11.287 [http-nio-8087-exec-3] [] DEBUG o.s.s.a.m.AuthorizationManagerBeforeMethodInterceptor - Authorized method invocation ReflectiveMethodInvocation: public org.springframework.http.ResponseEntity com.claimswift.reportingservice.controller.ReportingController.getPaymentReport(java.time.LocalDate,java.time.LocalDate); target is of class [com.claimswift.reportingservice.controller.ReportingController]
2026-03-04 14:02:11.288 [http-nio-8087-exec-3] [] INFO  c.c.r.controller.ReportingController - Generating payment report for period: 2026-01-01 to 2026-12-31
2026-03-04 14:02:11.288 [http-nio-8087-exec-3] [] DEBUG c.c.r.client.PaymentServiceClient - [PaymentServiceClient#getAllPayments] ---> GET http://payment-service/api/payments/internal/all HTTP/1.1
2026-03-04 14:02:11.339 [http-nio-8087-exec-3] [] DEBUG c.c.r.client.PaymentServiceClient - [PaymentServiceClient#getAllPayments] <--- HTTP/1.1 200 (50ms)
2026-03-04 14:02:11.391 [http-nio-8087-exec-4] [] DEBUG o.s.security.web.FilterChainProxy - Securing GET /api/reports/payments/pdf?startDate=2026-01-01&endDate=2026-12-31
2026-03-04 14:02:11.394 [http-nio-8087-exec-4] [] DEBUG c.c.r.s.JwtAuthenticationFilter - Authenticated user: manager.20260304-140157 for URI: /api/reports/payments/pdf
2026-03-04 14:02:11.396 [http-nio-8087-exec-4] [] DEBUG o.s.security.web.FilterChainProxy - Secured GET /api/reports/payments/pdf?startDate=2026-01-01&endDate=2026-12-31
2026-03-04 14:02:11.399 [http-nio-8087-exec-4] [] DEBUG o.s.s.a.m.AuthorizationManagerBeforeMethodInterceptor - Authorizing method invocation ReflectiveMethodInvocation: public org.springframework.http.ResponseEntity com.claimswift.reportingservice.controller.ReportingController.exportPaymentReportPdf(java.time.LocalDate,java.time.LocalDate); target is of class [com.claimswift.reportingservice.controller.ReportingController]
2026-03-04 14:02:11.400 [http-nio-8087-exec-4] [] DEBUG o.s.s.a.m.AuthorizationManagerBeforeMethodInterceptor - Authorized method invocation ReflectiveMethodInvocation: public org.springframework.http.ResponseEntity com.claimswift.reportingservice.controller.ReportingController.exportPaymentReportPdf(java.time.LocalDate,java.time.LocalDate); target is of class [com.claimswift.reportingservice.controller.ReportingController]
2026-03-04 14:02:11.401 [http-nio-8087-exec-4] [] INFO  c.c.r.controller.ReportingController - Exporting payment report as PDF for period: 2026-01-01 to 2026-12-31
2026-03-04 14:02:11.401 [http-nio-8087-exec-4] [] DEBUG c.c.r.client.PaymentServiceClient - [PaymentServiceClient#getAllPayments] ---> GET http://payment-service/api/payments/internal/all HTTP/1.1
2026-03-04 14:02:11.419 [http-nio-8087-exec-4] [] DEBUG c.c.r.client.PaymentServiceClient - [PaymentServiceClient#getAllPayments] <--- HTTP/1.1 200 (17ms)
2026-03-04 14:02:11.422 [http-nio-8087-exec-4] [] INFO  c.c.r.util.PdfGenerator - Generating PDF for payment report
2026-03-04 14:02:11.429 [http-nio-8087-exec-4] [] INFO  c.c.r.util.PdfGenerator - PDF generated successfully for payment report
2026-03-04 14:02:11.464 [http-nio-8087-exec-5] [] DEBUG o.s.security.web.FilterChainProxy - Securing GET /api/reports/adjusters/performance?startDate=2026-01-01&endDate=2026-12-31
2026-03-04 14:02:11.466 [http-nio-8087-exec-5] [] DEBUG c.c.r.s.JwtAuthenticationFilter - Authenticated user: manager.20260304-140157 for URI: /api/reports/adjusters/performance
2026-03-04 14:02:11.466 [http-nio-8087-exec-5] [] DEBUG o.s.security.web.FilterChainProxy - Secured GET /api/reports/adjusters/performance?startDate=2026-01-01&endDate=2026-12-31
2026-03-04 14:02:11.466 [http-nio-8087-exec-5] [] DEBUG o.s.s.a.m.AuthorizationManagerBeforeMethodInterceptor - Authorizing method invocation ReflectiveMethodInvocation: public org.springframework.http.ResponseEntity com.claimswift.reportingservice.controller.ReportingController.getAdjusterPerformanceReport(java.time.LocalDate,java.time.LocalDate); target is of class [com.claimswift.reportingservice.controller.ReportingController]
2026-03-04 14:02:11.466 [http-nio-8087-exec-5] [] DEBUG o.s.s.a.m.AuthorizationManagerBeforeMethodInterceptor - Authorized method invocation ReflectiveMethodInvocation: public org.springframework.http.ResponseEntity com.claimswift.reportingservice.controller.ReportingController.getAdjusterPerformanceReport(java.time.LocalDate,java.time.LocalDate); target is of class [com.claimswift.reportingservice.controller.ReportingController]
2026-03-04 14:02:11.474 [http-nio-8087-exec-5] [] INFO  c.c.r.controller.ReportingController - Generating adjuster performance report for period: 2026-01-01 to 2026-12-31
2026-03-04 14:02:11.474 [http-nio-8087-exec-5] [] DEBUG c.c.r.client.ClaimServiceClient - [ClaimServiceClient#getAllClaims] ---> GET http://claim-service/api/claims/internal/all HTTP/1.1
2026-03-04 14:02:11.499 [http-nio-8087-exec-5] [] DEBUG c.c.r.client.ClaimServiceClient - [ClaimServiceClient#getAllClaims] <--- HTTP/1.1 200 (25ms)
2026-03-04 14:02:11.559 [http-nio-8087-exec-6] [] DEBUG o.s.security.web.FilterChainProxy - Securing GET /api/reports/adjusters/performance/pdf?startDate=2026-01-01&endDate=2026-12-31
2026-03-04 14:02:11.562 [http-nio-8087-exec-6] [] DEBUG c.c.r.s.JwtAuthenticationFilter - Authenticated user: manager.20260304-140157 for URI: /api/reports/adjusters/performance/pdf
2026-03-04 14:02:11.564 [http-nio-8087-exec-6] [] DEBUG o.s.security.web.FilterChainProxy - Secured GET /api/reports/adjusters/performance/pdf?startDate=2026-01-01&endDate=2026-12-31
2026-03-04 14:02:11.565 [http-nio-8087-exec-6] [] DEBUG o.s.s.a.m.AuthorizationManagerBeforeMethodInterceptor - Authorizing method invocation ReflectiveMethodInvocation: public org.springframework.http.ResponseEntity com.claimswift.reportingservice.controller.ReportingController.exportAdjusterPerformancePdf(java.time.LocalDate,java.time.LocalDate); target is of class [com.claimswift.reportingservice.controller.ReportingController]
2026-03-04 14:02:11.566 [http-nio-8087-exec-6] [] DEBUG o.s.s.a.m.AuthorizationManagerBeforeMethodInterceptor - Authorized method invocation ReflectiveMethodInvocation: public org.springframework.http.ResponseEntity com.claimswift.reportingservice.controller.ReportingController.exportAdjusterPerformancePdf(java.time.LocalDate,java.time.LocalDate); target is of class [com.claimswift.reportingservice.controller.ReportingController]
2026-03-04 14:02:11.567 [http-nio-8087-exec-6] [] INFO  c.c.r.controller.ReportingController - Exporting adjuster performance report as PDF for period: 2026-01-01 to 2026-12-31
2026-03-04 14:02:11.567 [http-nio-8087-exec-6] [] DEBUG c.c.r.client.ClaimServiceClient - [ClaimServiceClient#getAllClaims] ---> GET http://claim-service/api/claims/internal/all HTTP/1.1
2026-03-04 14:02:11.583 [http-nio-8087-exec-6] [] DEBUG c.c.r.client.ClaimServiceClient - [ClaimServiceClient#getAllClaims] <--- HTTP/1.1 200 (14ms)
2026-03-04 14:02:11.584 [http-nio-8087-exec-6] [] INFO  c.c.r.util.PdfGenerator - Generating PDF for adjuster performance report
2026-03-04 14:02:11.592 [http-nio-8087-exec-6] [] INFO  c.c.r.util.PdfGenerator - PDF generated successfully for adjuster performance
2026-03-04 14:02:11.627 [http-nio-8087-exec-7] [] DEBUG o.s.security.web.FilterChainProxy - Securing POST /api/reports/claim-event
2026-03-04 14:02:11.630 [http-nio-8087-exec-7] [] DEBUG c.c.r.s.JwtAuthenticationFilter - Authenticated user: policy.20260304-140157 for URI: /api/reports/claim-event
2026-03-04 14:02:11.633 [http-nio-8087-exec-7] [] DEBUG o.s.security.web.FilterChainProxy - Secured POST /api/reports/claim-event
2026-03-04 14:02:11.635 [http-nio-8087-exec-7] [] DEBUG o.s.s.a.m.AuthorizationManagerBeforeMethodInterceptor - Authorizing method invocation ReflectiveMethodInvocation: public org.springframework.http.ResponseEntity com.claimswift.reportingservice.controller.ReportingController.reportClaimEvent(java.util.Map); target is of class [com.claimswift.reportingservice.controller.ReportingController]
2026-03-04 14:02:11.636 [http-nio-8087-exec-7] [] DEBUG o.s.s.a.m.AuthorizationManagerBeforeMethodInterceptor - Authorized method invocation ReflectiveMethodInvocation: public org.springframework.http.ResponseEntity com.claimswift.reportingservice.controller.ReportingController.reportClaimEvent(java.util.Map); target is of class [com.claimswift.reportingservice.controller.ReportingController]
2026-03-04 14:02:11.636 [http-nio-8087-exec-7] [] INFO  c.c.r.controller.ReportingController - Claim event received: {claimId=10, timestamp=2026-03-04T14:02:11, eventType=SMOKE_TEST, claimNumber=CLM-5C7D18C6}
2026-03-04 14:02:11.688 [http-nio-8087-exec-8] [] DEBUG o.s.security.web.FilterChainProxy - Securing POST /api/reports/status-change
2026-03-04 14:02:11.688 [http-nio-8087-exec-8] [] DEBUG c.c.r.s.JwtAuthenticationFilter - Authenticated user: manager.20260304-140157 for URI: /api/reports/status-change
2026-03-04 14:02:11.688 [http-nio-8087-exec-8] [] DEBUG o.s.security.web.FilterChainProxy - Secured POST /api/reports/status-change
2026-03-04 14:02:11.696 [http-nio-8087-exec-8] [] DEBUG o.s.s.a.m.AuthorizationManagerBeforeMethodInterceptor - Authorizing method invocation ReflectiveMethodInvocation: public org.springframework.http.ResponseEntity com.claimswift.reportingservice.controller.ReportingController.reportStatusChange(java.util.Map); target is of class [com.claimswift.reportingservice.controller.ReportingController]
2026-03-04 14:02:11.697 [http-nio-8087-exec-8] [] DEBUG o.s.s.a.m.AuthorizationManagerBeforeMethodInterceptor - Authorized method invocation ReflectiveMethodInvocation: public org.springframework.http.ResponseEntity com.claimswift.reportingservice.controller.ReportingController.reportStatusChange(java.util.Map); target is of class [com.claimswift.reportingservice.controller.ReportingController]
2026-03-04 14:02:11.697 [http-nio-8087-exec-8] [] INFO  c.c.r.controller.ReportingController - Claim status change received: {claimId=10, timestamp=2026-03-04T14:02:11, oldStatus=UNDER_REVIEW, newStatus=APPROVED, claimNumber=CLM-5C7D18C6}
2026-03-04 14:02:28.594 [AsyncResolver-bootstrap-executor-0] [] INFO  c.n.d.s.r.aws.ConfigClusterResolver - Resolving eureka endpoints via configuration
2026-03-04 14:07:28.598 [AsyncResolver-bootstrap-executor-0] [] INFO  c.n.d.s.r.aws.ConfigClusterResolver - Resolving eureka endpoints via configuration
2026-03-04 14:09:36.476 [http-nio-8087-exec-1] [] DEBUG o.s.security.web.FilterChainProxy - Securing GET /actuator/health
2026-03-04 14:09:36.478 [http-nio-8087-exec-1] [] DEBUG o.s.s.w.a.AnonymousAuthenticationFilter - Set SecurityContextHolder to anonymous SecurityContext
2026-03-04 14:09:36.479 [http-nio-8087-exec-1] [] DEBUG o.s.security.web.FilterChainProxy - Secured GET /actuator/health
2026-03-04 14:09:37.793 [http-nio-8087-exec-2] [] DEBUG o.s.security.web.FilterChainProxy - Securing GET /api/reports/claims/summary
2026-03-04 14:09:37.795 [http-nio-8087-exec-2] [] DEBUG c.c.r.s.JwtAuthenticationFilter - Authenticated user: manager.20260304-140935 for URI: /api/reports/claims/summary
2026-03-04 14:09:37.797 [http-nio-8087-exec-2] [] DEBUG o.s.security.web.FilterChainProxy - Secured GET /api/reports/claims/summary
2026-03-04 14:09:37.798 [http-nio-8087-exec-2] [] DEBUG o.s.s.a.m.AuthorizationManagerBeforeMethodInterceptor - Authorizing method invocation ReflectiveMethodInvocation: public org.springframework.http.ResponseEntity com.claimswift.reportingservice.controller.ReportingController.getClaimSummaryReport(java.time.LocalDate,java.time.LocalDate); target is of class [com.claimswift.reportingservice.controller.ReportingController]
2026-03-04 14:09:37.799 [http-nio-8087-exec-2] [] DEBUG o.s.s.a.m.AuthorizationManagerBeforeMethodInterceptor - Authorized method invocation ReflectiveMethodInvocation: public org.springframework.http.ResponseEntity com.claimswift.reportingservice.controller.ReportingController.getClaimSummaryReport(java.time.LocalDate,java.time.LocalDate); target is of class [com.claimswift.reportingservice.controller.ReportingController]
2026-03-04 14:09:37.799 [http-nio-8087-exec-2] [] INFO  c.c.r.controller.ReportingController - Generating claim summary report for period: null to null
2026-03-04 14:09:37.799 [http-nio-8087-exec-2] [] DEBUG c.c.r.client.ClaimServiceClient - [ClaimServiceClient#getAllClaims] ---> GET http://claim-service/api/claims/internal/all HTTP/1.1
2026-03-04 14:09:38.013 [http-nio-8087-exec-2] [] DEBUG c.c.r.client.ClaimServiceClient - [ClaimServiceClient#getAllClaims] <--- HTTP/1.1 200 (213ms)
2026-03-04 14:09:38.322 [http-nio-8087-exec-3] [] DEBUG o.s.security.web.FilterChainProxy - Securing POST /api/reports/claim-event
2026-03-04 14:09:38.328 [http-nio-8087-exec-3] [] DEBUG c.c.r.s.JwtAuthenticationFilter - Authenticated user: policy.20260304-140935 for URI: /api/reports/claim-event
2026-03-04 14:09:38.330 [http-nio-8087-exec-3] [] DEBUG o.s.security.web.FilterChainProxy - Secured POST /api/reports/claim-event
2026-03-04 14:09:38.332 [http-nio-8087-exec-3] [] DEBUG o.s.s.a.m.AuthorizationManagerBeforeMethodInterceptor - Authorizing method invocation ReflectiveMethodInvocation: public org.springframework.http.ResponseEntity com.claimswift.reportingservice.controller.ReportingController.reportClaimEvent(java.util.Map); target is of class [com.claimswift.reportingservice.controller.ReportingController]
2026-03-04 14:09:38.332 [http-nio-8087-exec-3] [] DEBUG o.s.s.a.m.AuthorizationManagerBeforeMethodInterceptor - Authorized method invocation ReflectiveMethodInvocation: public org.springframework.http.ResponseEntity com.claimswift.reportingservice.controller.ReportingController.reportClaimEvent(java.util.Map); target is of class [com.claimswift.reportingservice.controller.ReportingController]
2026-03-04 14:09:38.333 [http-nio-8087-exec-3] [] INFO  c.c.r.controller.ReportingController - Claim event received: {claimId=12, eventType=CLAIM_SUBMITTED, claimNumber=CLM-8CDEA954, timestamp=2026-03-04T14:09:38.194595}
2026-03-04 14:09:38.405 [http-nio-8087-exec-4] [] DEBUG o.s.security.web.FilterChainProxy - Securing POST /api/reports/claim-event
2026-03-04 14:09:38.408 [http-nio-8087-exec-4] [] DEBUG c.c.r.s.JwtAuthenticationFilter - Authenticated user: policy.20260304-140935 for URI: /api/reports/claim-event
2026-03-04 14:09:38.410 [http-nio-8087-exec-4] [] DEBUG o.s.security.web.FilterChainProxy - Secured POST /api/reports/claim-event
2026-03-04 14:09:38.412 [http-nio-8087-exec-4] [] DEBUG o.s.s.a.m.AuthorizationManagerBeforeMethodInterceptor - Authorizing method invocation ReflectiveMethodInvocation: public org.springframework.http.ResponseEntity com.claimswift.reportingservice.controller.ReportingController.reportClaimEvent(java.util.Map); target is of class [com.claimswift.reportingservice.controller.ReportingController]
2026-03-04 14:09:38.413 [http-nio-8087-exec-4] [] DEBUG o.s.s.a.m.AuthorizationManagerBeforeMethodInterceptor - Authorized method invocation ReflectiveMethodInvocation: public org.springframework.http.ResponseEntity com.claimswift.reportingservice.controller.ReportingController.reportClaimEvent(java.util.Map); target is of class [com.claimswift.reportingservice.controller.ReportingController]
2026-03-04 14:09:38.413 [http-nio-8087-exec-4] [] INFO  c.c.r.controller.ReportingController - Claim event received: {claimId=13, eventType=CLAIM_SUBMITTED, claimNumber=CLM-2335F131, timestamp=2026-03-04T14:09:38.3985996}
2026-03-04 14:09:38.952 [http-nio-8087-exec-5] [] DEBUG o.s.security.web.FilterChainProxy - Securing POST /api/reports/status-change
2026-03-04 14:09:38.957 [http-nio-8087-exec-5] [] DEBUG c.c.r.s.JwtAuthenticationFilter - Authenticated user: manager.20260304-140935 for URI: /api/reports/status-change
2026-03-04 14:09:38.959 [http-nio-8087-exec-5] [] DEBUG o.s.security.web.FilterChainProxy - Secured POST /api/reports/status-change
2026-03-04 14:09:38.960 [http-nio-8087-exec-5] [] DEBUG o.s.s.a.m.AuthorizationManagerBeforeMethodInterceptor - Authorizing method invocation ReflectiveMethodInvocation: public org.springframework.http.ResponseEntity com.claimswift.reportingservice.controller.ReportingController.reportStatusChange(java.util.Map); target is of class [com.claimswift.reportingservice.controller.ReportingController]
2026-03-04 14:09:38.961 [http-nio-8087-exec-5] [] DEBUG o.s.s.a.m.AuthorizationManagerBeforeMethodInterceptor - Authorized method invocation ReflectiveMethodInvocation: public org.springframework.http.ResponseEntity com.claimswift.reportingservice.controller.ReportingController.reportStatusChange(java.util.Map); target is of class [com.claimswift.reportingservice.controller.ReportingController]
2026-03-04 14:09:38.961 [http-nio-8087-exec-5] [] INFO  c.c.r.controller.ReportingController - Claim status change received: {newStatus=ADJUSTED, oldStatus=UNDER_REVIEW, claimId=12, claimNumber=CLM-8CDEA954, timestamp=2026-03-04T14:09:38.9340404}
2026-03-04 14:09:39.014 [http-nio-8087-exec-6] [] DEBUG o.s.security.web.FilterChainProxy - Securing POST /api/reports/status-change
2026-03-04 14:09:39.017 [http-nio-8087-exec-6] [] DEBUG c.c.r.s.JwtAuthenticationFilter - Authenticated user: manager.20260304-140935 for URI: /api/reports/status-change
2026-03-04 14:09:39.018 [http-nio-8087-exec-6] [] DEBUG o.s.security.web.FilterChainProxy - Secured POST /api/reports/status-change
2026-03-04 14:09:39.019 [http-nio-8087-exec-6] [] DEBUG o.s.s.a.m.AuthorizationManagerBeforeMethodInterceptor - Authorizing method invocation ReflectiveMethodInvocation: public org.springframework.http.ResponseEntity com.claimswift.reportingservice.controller.ReportingController.reportStatusChange(java.util.Map); target is of class [com.claimswift.reportingservice.controller.ReportingController]
2026-03-04 14:09:39.020 [http-nio-8087-exec-6] [] DEBUG o.s.s.a.m.AuthorizationManagerBeforeMethodInterceptor - Authorized method invocation ReflectiveMethodInvocation: public org.springframework.http.ResponseEntity com.claimswift.reportingservice.controller.ReportingController.reportStatusChange(java.util.Map); target is of class [com.claimswift.reportingservice.controller.ReportingController]
2026-03-04 14:09:39.020 [http-nio-8087-exec-6] [] INFO  c.c.r.controller.ReportingController - Claim status change received: {newStatus=APPROVED, oldStatus=ADJUSTED, claimId=12, claimNumber=CLM-8CDEA954, timestamp=2026-03-04T14:09:39.0015065}
2026-03-04 14:09:41.368 [http-nio-8087-exec-7] [] DEBUG o.s.security.web.FilterChainProxy - Securing POST /api/reports/status-change
2026-03-04 14:09:41.377 [http-nio-8087-exec-7] [] DEBUG c.c.r.s.JwtAuthenticationFilter - Authenticated user: manager.20260304-140935 for URI: /api/reports/status-change
2026-03-04 14:09:41.387 [http-nio-8087-exec-7] [] DEBUG o.s.security.web.FilterChainProxy - Secured POST /api/reports/status-change
2026-03-04 14:09:41.392 [http-nio-8087-exec-7] [] DEBUG o.s.s.a.m.AuthorizationManagerBeforeMethodInterceptor - Authorizing method invocation ReflectiveMethodInvocation: public org.springframework.http.ResponseEntity com.claimswift.reportingservice.controller.ReportingController.reportStatusChange(java.util.Map); target is of class [com.claimswift.reportingservice.controller.ReportingController]
2026-03-04 14:09:41.393 [http-nio-8087-exec-7] [] DEBUG o.s.s.a.m.AuthorizationManagerBeforeMethodInterceptor - Authorized method invocation ReflectiveMethodInvocation: public org.springframework.http.ResponseEntity com.claimswift.reportingservice.controller.ReportingController.reportStatusChange(java.util.Map); target is of class [com.claimswift.reportingservice.controller.ReportingController]
2026-03-04 14:09:41.395 [http-nio-8087-exec-7] [] INFO  c.c.r.controller.ReportingController - Claim status change received: {newStatus=PAID, oldStatus=APPROVED, claimId=12, claimNumber=CLM-8CDEA954, timestamp=2026-03-04T14:09:41.3512528}
2026-03-04 14:09:42.271 [http-nio-8087-exec-8] [] DEBUG o.s.security.web.FilterChainProxy - Securing GET /api/reports/claims/summary?startDate=2026-01-01&endDate=2026-12-31
2026-03-04 14:09:42.275 [http-nio-8087-exec-8] [] DEBUG c.c.r.s.JwtAuthenticationFilter - Authenticated user: manager.20260304-140935 for URI: /api/reports/claims/summary
2026-03-04 14:09:42.277 [http-nio-8087-exec-8] [] DEBUG o.s.security.web.FilterChainProxy - Secured GET /api/reports/claims/summary?startDate=2026-01-01&endDate=2026-12-31
2026-03-04 14:09:42.279 [http-nio-8087-exec-8] [] DEBUG o.s.s.a.m.AuthorizationManagerBeforeMethodInterceptor - Authorizing method invocation ReflectiveMethodInvocation: public org.springframework.http.ResponseEntity com.claimswift.reportingservice.controller.ReportingController.getClaimSummaryReport(java.time.LocalDate,java.time.LocalDate); target is of class [com.claimswift.reportingservice.controller.ReportingController]
2026-03-04 14:09:42.280 [http-nio-8087-exec-8] [] DEBUG o.s.s.a.m.AuthorizationManagerBeforeMethodInterceptor - Authorized method invocation ReflectiveMethodInvocation: public org.springframework.http.ResponseEntity com.claimswift.reportingservice.controller.ReportingController.getClaimSummaryReport(java.time.LocalDate,java.time.LocalDate); target is of class [com.claimswift.reportingservice.controller.ReportingController]
2026-03-04 14:09:42.281 [http-nio-8087-exec-8] [] INFO  c.c.r.controller.ReportingController - Generating claim summary report for period: 2026-01-01 to 2026-12-31
2026-03-04 14:09:42.282 [http-nio-8087-exec-8] [] DEBUG c.c.r.client.ClaimServiceClient - [ClaimServiceClient#getAllClaims] ---> GET http://claim-service/api/claims/internal/all HTTP/1.1
2026-03-04 14:09:42.315 [http-nio-8087-exec-8] [] DEBUG c.c.r.client.ClaimServiceClient - [ClaimServiceClient#getAllClaims] <--- HTTP/1.1 200 (32ms)
2026-03-04 14:09:42.352 [http-nio-8087-exec-9] [] DEBUG o.s.security.web.FilterChainProxy - Securing GET /api/reports/claims/summary/pdf?startDate=2026-01-01&endDate=2026-12-31
2026-03-04 14:09:42.357 [http-nio-8087-exec-9] [] DEBUG c.c.r.s.JwtAuthenticationFilter - Authenticated user: manager.20260304-140935 for URI: /api/reports/claims/summary/pdf
2026-03-04 14:09:42.359 [http-nio-8087-exec-9] [] DEBUG o.s.security.web.FilterChainProxy - Secured GET /api/reports/claims/summary/pdf?startDate=2026-01-01&endDate=2026-12-31
2026-03-04 14:09:42.361 [http-nio-8087-exec-9] [] DEBUG o.s.s.a.m.AuthorizationManagerBeforeMethodInterceptor - Authorizing method invocation ReflectiveMethodInvocation: public org.springframework.http.ResponseEntity com.claimswift.reportingservice.controller.ReportingController.exportClaimSummaryPdf(java.time.LocalDate,java.time.LocalDate); target is of class [com.claimswift.reportingservice.controller.ReportingController]
2026-03-04 14:09:42.363 [http-nio-8087-exec-9] [] DEBUG o.s.s.a.m.AuthorizationManagerBeforeMethodInterceptor - Authorized method invocation ReflectiveMethodInvocation: public org.springframework.http.ResponseEntity com.claimswift.reportingservice.controller.ReportingController.exportClaimSummaryPdf(java.time.LocalDate,java.time.LocalDate); target is of class [com.claimswift.reportingservice.controller.ReportingController]
2026-03-04 14:09:42.363 [http-nio-8087-exec-9] [] INFO  c.c.r.controller.ReportingController - Exporting claim summary report as PDF for period: 2026-01-01 to 2026-12-31
2026-03-04 14:09:42.364 [http-nio-8087-exec-9] [] DEBUG c.c.r.client.ClaimServiceClient - [ClaimServiceClient#getAllClaims] ---> GET http://claim-service/api/claims/internal/all HTTP/1.1
2026-03-04 14:09:42.389 [http-nio-8087-exec-9] [] DEBUG c.c.r.client.ClaimServiceClient - [ClaimServiceClient#getAllClaims] <--- HTTP/1.1 200 (24ms)
2026-03-04 14:09:42.391 [http-nio-8087-exec-9] [] INFO  c.c.r.util.PdfGenerator - Generating PDF for claim summary report
2026-03-04 14:09:42.402 [http-nio-8087-exec-9] [] INFO  c.c.r.util.PdfGenerator - PDF generated successfully for claim summary
2026-03-04 14:09:42.427 [http-nio-8087-exec-10] [] DEBUG o.s.security.web.FilterChainProxy - Securing GET /api/reports/payments?startDate=2026-01-01&endDate=2026-12-31
2026-03-04 14:09:42.432 [http-nio-8087-exec-10] [] DEBUG c.c.r.s.JwtAuthenticationFilter - Authenticated user: manager.20260304-140935 for URI: /api/reports/payments
2026-03-04 14:09:42.435 [http-nio-8087-exec-10] [] DEBUG o.s.security.web.FilterChainProxy - Secured GET /api/reports/payments?startDate=2026-01-01&endDate=2026-12-31
2026-03-04 14:09:42.437 [http-nio-8087-exec-10] [] DEBUG o.s.s.a.m.AuthorizationManagerBeforeMethodInterceptor - Authorizing method invocation ReflectiveMethodInvocation: public org.springframework.http.ResponseEntity com.claimswift.reportingservice.controller.ReportingController.getPaymentReport(java.time.LocalDate,java.time.LocalDate); target is of class [com.claimswift.reportingservice.controller.ReportingController]
2026-03-04 14:09:42.439 [http-nio-8087-exec-10] [] DEBUG o.s.s.a.m.AuthorizationManagerBeforeMethodInterceptor - Authorized method invocation ReflectiveMethodInvocation: public org.springframework.http.ResponseEntity com.claimswift.reportingservice.controller.ReportingController.getPaymentReport(java.time.LocalDate,java.time.LocalDate); target is of class [com.claimswift.reportingservice.controller.ReportingController]
2026-03-04 14:09:42.440 [http-nio-8087-exec-10] [] INFO  c.c.r.controller.ReportingController - Generating payment report for period: 2026-01-01 to 2026-12-31
2026-03-04 14:09:42.441 [http-nio-8087-exec-10] [] DEBUG c.c.r.client.PaymentServiceClient - [PaymentServiceClient#getAllPayments] ---> GET http://payment-service/api/payments/internal/all HTTP/1.1
2026-03-04 14:09:42.463 [http-nio-8087-exec-10] [] DEBUG c.c.r.client.PaymentServiceClient - [PaymentServiceClient#getAllPayments] <--- HTTP/1.1 200 (22ms)
2026-03-04 14:09:42.573 [http-nio-8087-exec-1] [] DEBUG o.s.security.web.FilterChainProxy - Securing GET /api/reports/payments/pdf?startDate=2026-01-01&endDate=2026-12-31
2026-03-04 14:09:42.576 [http-nio-8087-exec-1] [] DEBUG c.c.r.s.JwtAuthenticationFilter - Authenticated user: manager.20260304-140935 for URI: /api/reports/payments/pdf
2026-03-04 14:09:42.579 [http-nio-8087-exec-1] [] DEBUG o.s.security.web.FilterChainProxy - Secured GET /api/reports/payments/pdf?startDate=2026-01-01&endDate=2026-12-31
2026-03-04 14:09:42.581 [http-nio-8087-exec-1] [] DEBUG o.s.s.a.m.AuthorizationManagerBeforeMethodInterceptor - Authorizing method invocation ReflectiveMethodInvocation: public org.springframework.http.ResponseEntity com.claimswift.reportingservice.controller.ReportingController.exportPaymentReportPdf(java.time.LocalDate,java.time.LocalDate); target is of class [com.claimswift.reportingservice.controller.ReportingController]
2026-03-04 14:09:42.582 [http-nio-8087-exec-1] [] DEBUG o.s.s.a.m.AuthorizationManagerBeforeMethodInterceptor - Authorized method invocation ReflectiveMethodInvocation: public org.springframework.http.ResponseEntity com.claimswift.reportingservice.controller.ReportingController.exportPaymentReportPdf(java.time.LocalDate,java.time.LocalDate); target is of class [com.claimswift.reportingservice.controller.ReportingController]
2026-03-04 14:09:42.583 [http-nio-8087-exec-1] [] INFO  c.c.r.controller.ReportingController - Exporting payment report as PDF for period: 2026-01-01 to 2026-12-31
2026-03-04 14:09:42.584 [http-nio-8087-exec-1] [] DEBUG c.c.r.client.PaymentServiceClient - [PaymentServiceClient#getAllPayments] ---> GET http://payment-service/api/payments/internal/all HTTP/1.1
2026-03-04 14:09:42.599 [http-nio-8087-exec-1] [] DEBUG c.c.r.client.PaymentServiceClient - [PaymentServiceClient#getAllPayments] <--- HTTP/1.1 200 (14ms)
2026-03-04 14:09:42.600 [http-nio-8087-exec-1] [] INFO  c.c.r.util.PdfGenerator - Generating PDF for payment report
2026-03-04 14:09:42.611 [http-nio-8087-exec-1] [] INFO  c.c.r.util.PdfGenerator - PDF generated successfully for payment report
2026-03-04 14:09:42.641 [http-nio-8087-exec-2] [] DEBUG o.s.security.web.FilterChainProxy - Securing GET /api/reports/adjusters/performance?startDate=2026-01-01&endDate=2026-12-31
2026-03-04 14:09:42.645 [http-nio-8087-exec-2] [] DEBUG c.c.r.s.JwtAuthenticationFilter - Authenticated user: manager.20260304-140935 for URI: /api/reports/adjusters/performance
2026-03-04 14:09:42.647 [http-nio-8087-exec-2] [] DEBUG o.s.security.web.FilterChainProxy - Secured GET /api/reports/adjusters/performance?startDate=2026-01-01&endDate=2026-12-31
2026-03-04 14:09:42.648 [http-nio-8087-exec-2] [] DEBUG o.s.s.a.m.AuthorizationManagerBeforeMethodInterceptor - Authorizing method invocation ReflectiveMethodInvocation: public org.springframework.http.ResponseEntity com.claimswift.reportingservice.controller.ReportingController.getAdjusterPerformanceReport(java.time.LocalDate,java.time.LocalDate); target is of class [com.claimswift.reportingservice.controller.ReportingController]
2026-03-04 14:09:42.648 [http-nio-8087-exec-2] [] DEBUG o.s.s.a.m.AuthorizationManagerBeforeMethodInterceptor - Authorized method invocation ReflectiveMethodInvocation: public org.springframework.http.ResponseEntity com.claimswift.reportingservice.controller.ReportingController.getAdjusterPerformanceReport(java.time.LocalDate,java.time.LocalDate); target is of class [com.claimswift.reportingservice.controller.ReportingController]
2026-03-04 14:09:42.649 [http-nio-8087-exec-2] [] INFO  c.c.r.controller.ReportingController - Generating adjuster performance report for period: 2026-01-01 to 2026-12-31
2026-03-04 14:09:42.649 [http-nio-8087-exec-2] [] DEBUG c.c.r.client.ClaimServiceClient - [ClaimServiceClient#getAllClaims] ---> GET http://claim-service/api/claims/internal/all HTTP/1.1
2026-03-04 14:09:42.669 [http-nio-8087-exec-2] [] DEBUG c.c.r.client.ClaimServiceClient - [ClaimServiceClient#getAllClaims] <--- HTTP/1.1 200 (19ms)
2026-03-04 14:09:42.715 [http-nio-8087-exec-3] [] DEBUG o.s.security.web.FilterChainProxy - Securing GET /api/reports/adjusters/performance/pdf?startDate=2026-01-01&endDate=2026-12-31
2026-03-04 14:09:42.722 [http-nio-8087-exec-3] [] DEBUG c.c.r.s.JwtAuthenticationFilter - Authenticated user: manager.20260304-140935 for URI: /api/reports/adjusters/performance/pdf
2026-03-04 14:09:42.726 [http-nio-8087-exec-3] [] DEBUG o.s.security.web.FilterChainProxy - Secured GET /api/reports/adjusters/performance/pdf?startDate=2026-01-01&endDate=2026-12-31
2026-03-04 14:09:42.728 [http-nio-8087-exec-3] [] DEBUG o.s.s.a.m.AuthorizationManagerBeforeMethodInterceptor - Authorizing method invocation ReflectiveMethodInvocation: public org.springframework.http.ResponseEntity com.claimswift.reportingservice.controller.ReportingController.exportAdjusterPerformancePdf(java.time.LocalDate,java.time.LocalDate); target is of class [com.claimswift.reportingservice.controller.ReportingController]
2026-03-04 14:09:42.729 [http-nio-8087-exec-3] [] DEBUG o.s.s.a.m.AuthorizationManagerBeforeMethodInterceptor - Authorized method invocation ReflectiveMethodInvocation: public org.springframework.http.ResponseEntity com.claimswift.reportingservice.controller.ReportingController.exportAdjusterPerformancePdf(java.time.LocalDate,java.time.LocalDate); target is of class [com.claimswift.reportingservice.controller.ReportingController]
2026-03-04 14:09:42.729 [http-nio-8087-exec-3] [] INFO  c.c.r.controller.ReportingController - Exporting adjuster performance report as PDF for period: 2026-01-01 to 2026-12-31
2026-03-04 14:09:42.730 [http-nio-8087-exec-3] [] DEBUG c.c.r.client.ClaimServiceClient - [ClaimServiceClient#getAllClaims] ---> GET http://claim-service/api/claims/internal/all HTTP/1.1
2026-03-04 14:09:42.753 [http-nio-8087-exec-3] [] DEBUG c.c.r.client.ClaimServiceClient - [ClaimServiceClient#getAllClaims] <--- HTTP/1.1 200 (23ms)
2026-03-04 14:09:42.755 [http-nio-8087-exec-3] [] INFO  c.c.r.util.PdfGenerator - Generating PDF for adjuster performance report
2026-03-04 14:09:42.762 [http-nio-8087-exec-3] [] INFO  c.c.r.util.PdfGenerator - PDF generated successfully for adjuster performance
2026-03-04 14:09:42.807 [http-nio-8087-exec-4] [] DEBUG o.s.security.web.FilterChainProxy - Securing POST /api/reports/claim-event
2026-03-04 14:09:42.812 [http-nio-8087-exec-4] [] DEBUG c.c.r.s.JwtAuthenticationFilter - Authenticated user: policy.20260304-140935 for URI: /api/reports/claim-event
2026-03-04 14:09:42.814 [http-nio-8087-exec-4] [] DEBUG o.s.security.web.FilterChainProxy - Secured POST /api/reports/claim-event
2026-03-04 14:09:42.816 [http-nio-8087-exec-4] [] DEBUG o.s.s.a.m.AuthorizationManagerBeforeMethodInterceptor - Authorizing method invocation ReflectiveMethodInvocation: public org.springframework.http.ResponseEntity com.claimswift.reportingservice.controller.ReportingController.reportClaimEvent(java.util.Map); target is of class [com.claimswift.reportingservice.controller.ReportingController]
2026-03-04 14:09:42.817 [http-nio-8087-exec-4] [] DEBUG o.s.s.a.m.AuthorizationManagerBeforeMethodInterceptor - Authorized method invocation ReflectiveMethodInvocation: public org.springframework.http.ResponseEntity com.claimswift.reportingservice.controller.ReportingController.reportClaimEvent(java.util.Map); target is of class [com.claimswift.reportingservice.controller.ReportingController]
2026-03-04 14:09:42.818 [http-nio-8087-exec-4] [] INFO  c.c.r.controller.ReportingController - Claim event received: {claimId=12, timestamp=2026-03-04T14:09:42, eventType=SMOKE_TEST, claimNumber=CLM-8CDEA954}
2026-03-04 14:09:42.854 [http-nio-8087-exec-5] [] DEBUG o.s.security.web.FilterChainProxy - Securing POST /api/reports/status-change
2026-03-04 14:09:42.857 [http-nio-8087-exec-5] [] DEBUG c.c.r.s.JwtAuthenticationFilter - Authenticated user: manager.20260304-140935 for URI: /api/reports/status-change
2026-03-04 14:09:42.858 [http-nio-8087-exec-5] [] DEBUG o.s.security.web.FilterChainProxy - Secured POST /api/reports/status-change
2026-03-04 14:09:42.860 [http-nio-8087-exec-5] [] DEBUG o.s.s.a.m.AuthorizationManagerBeforeMethodInterceptor - Authorizing method invocation ReflectiveMethodInvocation: public org.springframework.http.ResponseEntity com.claimswift.reportingservice.controller.ReportingController.reportStatusChange(java.util.Map); target is of class [com.claimswift.reportingservice.controller.ReportingController]
2026-03-04 14:09:42.861 [http-nio-8087-exec-5] [] DEBUG o.s.s.a.m.AuthorizationManagerBeforeMethodInterceptor - Authorized method invocation ReflectiveMethodInvocation: public org.springframework.http.ResponseEntity com.claimswift.reportingservice.controller.ReportingController.reportStatusChange(java.util.Map); target is of class [com.claimswift.reportingservice.controller.ReportingController]
2026-03-04 14:09:42.861 [http-nio-8087-exec-5] [] INFO  c.c.r.controller.ReportingController - Claim status change received: {claimId=12, timestamp=2026-03-04T14:09:42, oldStatus=UNDER_REVIEW, newStatus=APPROVED, claimNumber=CLM-8CDEA954}
2026-03-04 14:12:21.843 [http-nio-8087-exec-8] [] DEBUG o.s.security.web.FilterChainProxy - Securing GET /actuator/health
2026-03-04 14:12:21.844 [http-nio-8087-exec-8] [] DEBUG o.s.s.w.a.AnonymousAuthenticationFilter - Set SecurityContextHolder to anonymous SecurityContext
2026-03-04 14:12:21.845 [http-nio-8087-exec-8] [] DEBUG o.s.security.web.FilterChainProxy - Secured GET /actuator/health
2026-03-04 14:12:23.038 [http-nio-8087-exec-9] [] DEBUG o.s.security.web.FilterChainProxy - Securing GET /api/reports/claims/summary
2026-03-04 14:12:23.041 [http-nio-8087-exec-9] [] DEBUG c.c.r.s.JwtAuthenticationFilter - Authenticated user: manager.20260304-141221 for URI: /api/reports/claims/summary
2026-03-04 14:12:23.042 [http-nio-8087-exec-9] [] DEBUG o.s.security.web.FilterChainProxy - Secured GET /api/reports/claims/summary
2026-03-04 14:12:23.043 [http-nio-8087-exec-9] [] DEBUG o.s.s.a.m.AuthorizationManagerBeforeMethodInterceptor - Authorizing method invocation ReflectiveMethodInvocation: public org.springframework.http.ResponseEntity com.claimswift.reportingservice.controller.ReportingController.getClaimSummaryReport(java.time.LocalDate,java.time.LocalDate); target is of class [com.claimswift.reportingservice.controller.ReportingController]
2026-03-04 14:12:23.043 [http-nio-8087-exec-9] [] DEBUG o.s.s.a.m.AuthorizationManagerBeforeMethodInterceptor - Authorized method invocation ReflectiveMethodInvocation: public org.springframework.http.ResponseEntity com.claimswift.reportingservice.controller.ReportingController.getClaimSummaryReport(java.time.LocalDate,java.time.LocalDate); target is of class [com.claimswift.reportingservice.controller.ReportingController]
2026-03-04 14:12:23.043 [http-nio-8087-exec-9] [] INFO  c.c.r.controller.ReportingController - Generating claim summary report for period: null to null
2026-03-04 14:12:23.044 [http-nio-8087-exec-9] [] DEBUG c.c.r.client.ClaimServiceClient - [ClaimServiceClient#getAllClaims] ---> GET http://claim-service/api/claims/internal/all HTTP/1.1
2026-03-04 14:12:23.255 [http-nio-8087-exec-9] [] DEBUG c.c.r.client.ClaimServiceClient - [ClaimServiceClient#getAllClaims] <--- HTTP/1.1 200 (211ms)
2026-03-04 14:12:23.670 [http-nio-8087-exec-10] [] DEBUG o.s.security.web.FilterChainProxy - Securing POST /api/reports/claim-event
2026-03-04 14:12:23.673 [http-nio-8087-exec-10] [] DEBUG c.c.r.s.JwtAuthenticationFilter - Authenticated user: policy.20260304-141221 for URI: /api/reports/claim-event
2026-03-04 14:12:23.675 [http-nio-8087-exec-10] [] DEBUG o.s.security.web.FilterChainProxy - Secured POST /api/reports/claim-event
2026-03-04 14:12:23.676 [http-nio-8087-exec-10] [] DEBUG o.s.s.a.m.AuthorizationManagerBeforeMethodInterceptor - Authorizing method invocation ReflectiveMethodInvocation: public org.springframework.http.ResponseEntity com.claimswift.reportingservice.controller.ReportingController.reportClaimEvent(java.util.Map); target is of class [com.claimswift.reportingservice.controller.ReportingController]
2026-03-04 14:12:23.677 [http-nio-8087-exec-10] [] DEBUG o.s.s.a.m.AuthorizationManagerBeforeMethodInterceptor - Authorized method invocation ReflectiveMethodInvocation: public org.springframework.http.ResponseEntity com.claimswift.reportingservice.controller.ReportingController.reportClaimEvent(java.util.Map); target is of class [com.claimswift.reportingservice.controller.ReportingController]
2026-03-04 14:12:23.677 [http-nio-8087-exec-10] [] INFO  c.c.r.controller.ReportingController - Claim event received: {claimId=14, eventType=CLAIM_SUBMITTED, claimNumber=CLM-8908F845, timestamp=2026-03-04T14:12:23.4824232}
2026-03-04 14:12:23.764 [http-nio-8087-exec-1] [] DEBUG o.s.security.web.FilterChainProxy - Securing POST /api/reports/claim-event
2026-03-04 14:12:23.767 [http-nio-8087-exec-1] [] DEBUG c.c.r.s.JwtAuthenticationFilter - Authenticated user: policy.20260304-141221 for URI: /api/reports/claim-event
2026-03-04 14:12:23.768 [http-nio-8087-exec-1] [] DEBUG o.s.security.web.FilterChainProxy - Secured POST /api/reports/claim-event
2026-03-04 14:12:23.770 [http-nio-8087-exec-1] [] DEBUG o.s.s.a.m.AuthorizationManagerBeforeMethodInterceptor - Authorizing method invocation ReflectiveMethodInvocation: public org.springframework.http.ResponseEntity com.claimswift.reportingservice.controller.ReportingController.reportClaimEvent(java.util.Map); target is of class [com.claimswift.reportingservice.controller.ReportingController]
2026-03-04 14:12:23.771 [http-nio-8087-exec-1] [] DEBUG o.s.s.a.m.AuthorizationManagerBeforeMethodInterceptor - Authorized method invocation ReflectiveMethodInvocation: public org.springframework.http.ResponseEntity com.claimswift.reportingservice.controller.ReportingController.reportClaimEvent(java.util.Map); target is of class [com.claimswift.reportingservice.controller.ReportingController]
2026-03-04 14:12:23.771 [http-nio-8087-exec-1] [] INFO  c.c.r.controller.ReportingController - Claim event received: {claimId=15, eventType=CLAIM_SUBMITTED, claimNumber=CLM-6A2A4811, timestamp=2026-03-04T14:12:23.7563613}
2026-03-04 14:12:24.332 [http-nio-8087-exec-2] [] DEBUG o.s.security.web.FilterChainProxy - Securing POST /api/reports/status-change
2026-03-04 14:12:24.336 [http-nio-8087-exec-2] [] DEBUG c.c.r.s.JwtAuthenticationFilter - Authenticated user: manager.20260304-141221 for URI: /api/reports/status-change
2026-03-04 14:12:24.339 [http-nio-8087-exec-2] [] DEBUG o.s.security.web.FilterChainProxy - Secured POST /api/reports/status-change
2026-03-04 14:12:24.340 [http-nio-8087-exec-2] [] DEBUG o.s.s.a.m.AuthorizationManagerBeforeMethodInterceptor - Authorizing method invocation ReflectiveMethodInvocation: public org.springframework.http.ResponseEntity com.claimswift.reportingservice.controller.ReportingController.reportStatusChange(java.util.Map); target is of class [com.claimswift.reportingservice.controller.ReportingController]
2026-03-04 14:12:24.341 [http-nio-8087-exec-2] [] DEBUG o.s.s.a.m.AuthorizationManagerBeforeMethodInterceptor - Authorized method invocation ReflectiveMethodInvocation: public org.springframework.http.ResponseEntity com.claimswift.reportingservice.controller.ReportingController.reportStatusChange(java.util.Map); target is of class [com.claimswift.reportingservice.controller.ReportingController]
2026-03-04 14:12:24.341 [http-nio-8087-exec-2] [] INFO  c.c.r.controller.ReportingController - Claim status change received: {newStatus=ADJUSTED, oldStatus=UNDER_REVIEW, claimId=14, claimNumber=CLM-8908F845, timestamp=2026-03-04T14:12:24.3266779}
2026-03-04 14:12:24.394 [http-nio-8087-exec-3] [] DEBUG o.s.security.web.FilterChainProxy - Securing POST /api/reports/status-change
2026-03-04 14:12:24.396 [http-nio-8087-exec-3] [] DEBUG c.c.r.s.JwtAuthenticationFilter - Authenticated user: manager.20260304-141221 for URI: /api/reports/status-change
2026-03-04 14:12:24.397 [http-nio-8087-exec-3] [] DEBUG o.s.security.web.FilterChainProxy - Secured POST /api/reports/status-change
2026-03-04 14:12:24.399 [http-nio-8087-exec-3] [] DEBUG o.s.s.a.m.AuthorizationManagerBeforeMethodInterceptor - Authorizing method invocation ReflectiveMethodInvocation: public org.springframework.http.ResponseEntity com.claimswift.reportingservice.controller.ReportingController.reportStatusChange(java.util.Map); target is of class [com.claimswift.reportingservice.controller.ReportingController]
2026-03-04 14:12:24.399 [http-nio-8087-exec-3] [] DEBUG o.s.s.a.m.AuthorizationManagerBeforeMethodInterceptor - Authorized method invocation ReflectiveMethodInvocation: public org.springframework.http.ResponseEntity com.claimswift.reportingservice.controller.ReportingController.reportStatusChange(java.util.Map); target is of class [com.claimswift.reportingservice.controller.ReportingController]
2026-03-04 14:12:24.399 [http-nio-8087-exec-3] [] INFO  c.c.r.controller.ReportingController - Claim status change received: {newStatus=APPROVED, oldStatus=ADJUSTED, claimId=14, claimNumber=CLM-8908F845, timestamp=2026-03-04T14:12:24.3869604}
2026-03-04 14:12:27.312 [http-nio-8087-exec-4] [] DEBUG o.s.security.web.FilterChainProxy - Securing POST /api/reports/status-change
2026-03-04 14:12:27.316 [http-nio-8087-exec-4] [] DEBUG c.c.r.s.JwtAuthenticationFilter - Authenticated user: manager.20260304-141221 for URI: /api/reports/status-change
2026-03-04 14:12:27.319 [http-nio-8087-exec-4] [] DEBUG o.s.security.web.FilterChainProxy - Secured POST /api/reports/status-change
2026-03-04 14:12:27.323 [http-nio-8087-exec-4] [] DEBUG o.s.s.a.m.AuthorizationManagerBeforeMethodInterceptor - Authorizing method invocation ReflectiveMethodInvocation: public org.springframework.http.ResponseEntity com.claimswift.reportingservice.controller.ReportingController.reportStatusChange(java.util.Map); target is of class [com.claimswift.reportingservice.controller.ReportingController]
2026-03-04 14:12:27.324 [http-nio-8087-exec-4] [] DEBUG o.s.s.a.m.AuthorizationManagerBeforeMethodInterceptor - Authorized method invocation ReflectiveMethodInvocation: public org.springframework.http.ResponseEntity com.claimswift.reportingservice.controller.ReportingController.reportStatusChange(java.util.Map); target is of class [com.claimswift.reportingservice.controller.ReportingController]
2026-03-04 14:12:27.324 [http-nio-8087-exec-4] [] INFO  c.c.r.controller.ReportingController - Claim status change received: {newStatus=PAID, oldStatus=APPROVED, claimId=14, claimNumber=CLM-8908F845, timestamp=2026-03-04T14:12:27.3052313}
2026-03-04 14:12:28.302 [http-nio-8087-exec-5] [] DEBUG o.s.security.web.FilterChainProxy - Securing GET /api/reports/claims/summary?startDate=2026-01-01&endDate=2026-12-31
2026-03-04 14:12:28.306 [http-nio-8087-exec-5] [] DEBUG c.c.r.s.JwtAuthenticationFilter - Authenticated user: manager.20260304-141221 for URI: /api/reports/claims/summary
2026-03-04 14:12:28.307 [http-nio-8087-exec-5] [] DEBUG o.s.security.web.FilterChainProxy - Secured GET /api/reports/claims/summary?startDate=2026-01-01&endDate=2026-12-31
2026-03-04 14:12:28.309 [http-nio-8087-exec-5] [] DEBUG o.s.s.a.m.AuthorizationManagerBeforeMethodInterceptor - Authorizing method invocation ReflectiveMethodInvocation: public org.springframework.http.ResponseEntity com.claimswift.reportingservice.controller.ReportingController.getClaimSummaryReport(java.time.LocalDate,java.time.LocalDate); target is of class [com.claimswift.reportingservice.controller.ReportingController]
2026-03-04 14:12:28.310 [http-nio-8087-exec-5] [] DEBUG o.s.s.a.m.AuthorizationManagerBeforeMethodInterceptor - Authorized method invocation ReflectiveMethodInvocation: public org.springframework.http.ResponseEntity com.claimswift.reportingservice.controller.ReportingController.getClaimSummaryReport(java.time.LocalDate,java.time.LocalDate); target is of class [com.claimswift.reportingservice.controller.ReportingController]
2026-03-04 14:12:28.310 [http-nio-8087-exec-5] [] INFO  c.c.r.controller.ReportingController - Generating claim summary report for period: 2026-01-01 to 2026-12-31
2026-03-04 14:12:28.311 [http-nio-8087-exec-5] [] DEBUG c.c.r.client.ClaimServiceClient - [ClaimServiceClient#getAllClaims] ---> GET http://claim-service/api/claims/internal/all HTTP/1.1
2026-03-04 14:12:28.336 [http-nio-8087-exec-5] [] DEBUG c.c.r.client.ClaimServiceClient - [ClaimServiceClient#getAllClaims] <--- HTTP/1.1 200 (24ms)
2026-03-04 14:12:28.371 [http-nio-8087-exec-6] [] DEBUG o.s.security.web.FilterChainProxy - Securing GET /api/reports/claims/summary/pdf?startDate=2026-01-01&endDate=2026-12-31
2026-03-04 14:12:28.373 [http-nio-8087-exec-6] [] DEBUG c.c.r.s.JwtAuthenticationFilter - Authenticated user: manager.20260304-141221 for URI: /api/reports/claims/summary/pdf
2026-03-04 14:12:28.375 [http-nio-8087-exec-6] [] DEBUG o.s.security.web.FilterChainProxy - Secured GET /api/reports/claims/summary/pdf?startDate=2026-01-01&endDate=2026-12-31
2026-03-04 14:12:28.376 [http-nio-8087-exec-6] [] DEBUG o.s.s.a.m.AuthorizationManagerBeforeMethodInterceptor - Authorizing method invocation ReflectiveMethodInvocation: public org.springframework.http.ResponseEntity com.claimswift.reportingservice.controller.ReportingController.exportClaimSummaryPdf(java.time.LocalDate,java.time.LocalDate); target is of class [com.claimswift.reportingservice.controller.ReportingController]
2026-03-04 14:12:28.377 [http-nio-8087-exec-6] [] DEBUG o.s.s.a.m.AuthorizationManagerBeforeMethodInterceptor - Authorized method invocation ReflectiveMethodInvocation: public org.springframework.http.ResponseEntity com.claimswift.reportingservice.controller.ReportingController.exportClaimSummaryPdf(java.time.LocalDate,java.time.LocalDate); target is of class [com.claimswift.reportingservice.controller.ReportingController]
2026-03-04 14:12:28.377 [http-nio-8087-exec-6] [] INFO  c.c.r.controller.ReportingController - Exporting claim summary report as PDF for period: 2026-01-01 to 2026-12-31
2026-03-04 14:12:28.378 [http-nio-8087-exec-6] [] DEBUG c.c.r.client.ClaimServiceClient - [ClaimServiceClient#getAllClaims] ---> GET http://claim-service/api/claims/internal/all HTTP/1.1
2026-03-04 14:12:28.397 [http-nio-8087-exec-6] [] DEBUG c.c.r.client.ClaimServiceClient - [ClaimServiceClient#getAllClaims] <--- HTTP/1.1 200 (19ms)
2026-03-04 14:12:28.399 [http-nio-8087-exec-6] [] INFO  c.c.r.util.PdfGenerator - Generating PDF for claim summary report
2026-03-04 14:12:28.403 [http-nio-8087-exec-6] [] INFO  c.c.r.util.PdfGenerator - PDF generated successfully for claim summary
2026-03-04 14:12:28.437 [http-nio-8087-exec-7] [] DEBUG o.s.security.web.FilterChainProxy - Securing GET /api/reports/payments?startDate=2026-01-01&endDate=2026-12-31
2026-03-04 14:12:28.439 [http-nio-8087-exec-7] [] DEBUG c.c.r.s.JwtAuthenticationFilter - Authenticated user: manager.20260304-141221 for URI: /api/reports/payments
2026-03-04 14:12:28.440 [http-nio-8087-exec-7] [] DEBUG o.s.security.web.FilterChainProxy - Secured GET /api/reports/payments?startDate=2026-01-01&endDate=2026-12-31
2026-03-04 14:12:28.442 [http-nio-8087-exec-7] [] DEBUG o.s.s.a.m.AuthorizationManagerBeforeMethodInterceptor - Authorizing method invocation ReflectiveMethodInvocation: public org.springframework.http.ResponseEntity com.claimswift.reportingservice.controller.ReportingController.getPaymentReport(java.time.LocalDate,java.time.LocalDate); target is of class [com.claimswift.reportingservice.controller.ReportingController]
2026-03-04 14:12:28.442 [http-nio-8087-exec-7] [] DEBUG o.s.s.a.m.AuthorizationManagerBeforeMethodInterceptor - Authorized method invocation ReflectiveMethodInvocation: public org.springframework.http.ResponseEntity com.claimswift.reportingservice.controller.ReportingController.getPaymentReport(java.time.LocalDate,java.time.LocalDate); target is of class [com.claimswift.reportingservice.controller.ReportingController]
2026-03-04 14:12:28.442 [http-nio-8087-exec-7] [] INFO  c.c.r.controller.ReportingController - Generating payment report for period: 2026-01-01 to 2026-12-31
2026-03-04 14:12:28.443 [http-nio-8087-exec-7] [] DEBUG c.c.r.client.PaymentServiceClient - [PaymentServiceClient#getAllPayments] ---> GET http://payment-service/api/payments/internal/all HTTP/1.1
2026-03-04 14:12:28.472 [http-nio-8087-exec-7] [] DEBUG c.c.r.client.PaymentServiceClient - [PaymentServiceClient#getAllPayments] <--- HTTP/1.1 200 (28ms)
2026-03-04 14:12:28.508 [http-nio-8087-exec-8] [] DEBUG o.s.security.web.FilterChainProxy - Securing GET /api/reports/payments/pdf?startDate=2026-01-01&endDate=2026-12-31
2026-03-04 14:12:28.510 [http-nio-8087-exec-8] [] DEBUG c.c.r.s.JwtAuthenticationFilter - Authenticated user: manager.20260304-141221 for URI: /api/reports/payments/pdf
2026-03-04 14:12:28.513 [http-nio-8087-exec-8] [] DEBUG o.s.security.web.FilterChainProxy - Secured GET /api/reports/payments/pdf?startDate=2026-01-01&endDate=2026-12-31
2026-03-04 14:12:28.515 [http-nio-8087-exec-8] [] DEBUG o.s.s.a.m.AuthorizationManagerBeforeMethodInterceptor - Authorizing method invocation ReflectiveMethodInvocation: public org.springframework.http.ResponseEntity com.claimswift.reportingservice.controller.ReportingController.exportPaymentReportPdf(java.time.LocalDate,java.time.LocalDate); target is of class [com.claimswift.reportingservice.controller.ReportingController]
2026-03-04 14:12:28.516 [http-nio-8087-exec-8] [] DEBUG o.s.s.a.m.AuthorizationManagerBeforeMethodInterceptor - Authorized method invocation ReflectiveMethodInvocation: public org.springframework.http.ResponseEntity com.claimswift.reportingservice.controller.ReportingController.exportPaymentReportPdf(java.time.LocalDate,java.time.LocalDate); target is of class [com.claimswift.reportingservice.controller.ReportingController]
2026-03-04 14:12:28.516 [http-nio-8087-exec-8] [] INFO  c.c.r.controller.ReportingController - Exporting payment report as PDF for period: 2026-01-01 to 2026-12-31
2026-03-04 14:12:28.517 [http-nio-8087-exec-8] [] DEBUG c.c.r.client.PaymentServiceClient - [PaymentServiceClient#getAllPayments] ---> GET http://payment-service/api/payments/internal/all HTTP/1.1
2026-03-04 14:12:28.540 [http-nio-8087-exec-8] [] DEBUG c.c.r.client.PaymentServiceClient - [PaymentServiceClient#getAllPayments] <--- HTTP/1.1 200 (22ms)
2026-03-04 14:12:28.542 [http-nio-8087-exec-8] [] INFO  c.c.r.util.PdfGenerator - Generating PDF for payment report
2026-03-04 14:12:28.547 [http-nio-8087-exec-8] [] INFO  c.c.r.util.PdfGenerator - PDF generated successfully for payment report
2026-03-04 14:12:28.585 [http-nio-8087-exec-9] [] DEBUG o.s.security.web.FilterChainProxy - Securing GET /api/reports/adjusters/performance?startDate=2026-01-01&endDate=2026-12-31
2026-03-04 14:12:28.591 [http-nio-8087-exec-9] [] DEBUG c.c.r.s.JwtAuthenticationFilter - Authenticated user: manager.20260304-141221 for URI: /api/reports/adjusters/performance
2026-03-04 14:12:28.594 [http-nio-8087-exec-9] [] DEBUG o.s.security.web.FilterChainProxy - Secured GET /api/reports/adjusters/performance?startDate=2026-01-01&endDate=2026-12-31
2026-03-04 14:12:28.597 [http-nio-8087-exec-9] [] DEBUG o.s.s.a.m.AuthorizationManagerBeforeMethodInterceptor - Authorizing method invocation ReflectiveMethodInvocation: public org.springframework.http.ResponseEntity com.claimswift.reportingservice.controller.ReportingController.getAdjusterPerformanceReport(java.time.LocalDate,java.time.LocalDate); target is of class [com.claimswift.reportingservice.controller.ReportingController]
2026-03-04 14:12:28.599 [http-nio-8087-exec-9] [] DEBUG o.s.s.a.m.AuthorizationManagerBeforeMethodInterceptor - Authorized method invocation ReflectiveMethodInvocation: public org.springframework.http.ResponseEntity com.claimswift.reportingservice.controller.ReportingController.getAdjusterPerformanceReport(java.time.LocalDate,java.time.LocalDate); target is of class [com.claimswift.reportingservice.controller.ReportingController]
2026-03-04 14:12:28.599 [http-nio-8087-exec-9] [] INFO  c.c.r.controller.ReportingController - Generating adjuster performance report for period: 2026-01-01 to 2026-12-31
2026-03-04 14:12:28.600 [http-nio-8087-exec-9] [] DEBUG c.c.r.client.ClaimServiceClient - [ClaimServiceClient#getAllClaims] ---> GET http://claim-service/api/claims/internal/all HTTP/1.1
2026-03-04 14:12:28.606 [AsyncResolver-bootstrap-executor-0] [] INFO  c.n.d.s.r.aws.ConfigClusterResolver - Resolving eureka endpoints via configuration
2026-03-04 14:12:28.625 [http-nio-8087-exec-9] [] DEBUG c.c.r.client.ClaimServiceClient - [ClaimServiceClient#getAllClaims] <--- HTTP/1.1 200 (25ms)
2026-03-04 14:12:28.663 [http-nio-8087-exec-10] [] DEBUG o.s.security.web.FilterChainProxy - Securing GET /api/reports/adjusters/performance/pdf?startDate=2026-01-01&endDate=2026-12-31
2026-03-04 14:12:28.667 [http-nio-8087-exec-10] [] DEBUG c.c.r.s.JwtAuthenticationFilter - Authenticated user: manager.20260304-141221 for URI: /api/reports/adjusters/performance/pdf
2026-03-04 14:12:28.671 [http-nio-8087-exec-10] [] DEBUG o.s.security.web.FilterChainProxy - Secured GET /api/reports/adjusters/performance/pdf?startDate=2026-01-01&endDate=2026-12-31
2026-03-04 14:12:28.672 [http-nio-8087-exec-10] [] DEBUG o.s.s.a.m.AuthorizationManagerBeforeMethodInterceptor - Authorizing method invocation ReflectiveMethodInvocation: public org.springframework.http.ResponseEntity com.claimswift.reportingservice.controller.ReportingController.exportAdjusterPerformancePdf(java.time.LocalDate,java.time.LocalDate); target is of class [com.claimswift.reportingservice.controller.ReportingController]
2026-03-04 14:12:28.673 [http-nio-8087-exec-10] [] DEBUG o.s.s.a.m.AuthorizationManagerBeforeMethodInterceptor - Authorized method invocation ReflectiveMethodInvocation: public org.springframework.http.ResponseEntity com.claimswift.reportingservice.controller.ReportingController.exportAdjusterPerformancePdf(java.time.LocalDate,java.time.LocalDate); target is of class [com.claimswift.reportingservice.controller.ReportingController]
2026-03-04 14:12:28.673 [http-nio-8087-exec-10] [] INFO  c.c.r.controller.ReportingController - Exporting adjuster performance report as PDF for period: 2026-01-01 to 2026-12-31
2026-03-04 14:12:28.674 [http-nio-8087-exec-10] [] DEBUG c.c.r.client.ClaimServiceClient - [ClaimServiceClient#getAllClaims] ---> GET http://claim-service/api/claims/internal/all HTTP/1.1
2026-03-04 14:12:28.697 [http-nio-8087-exec-10] [] DEBUG c.c.r.client.ClaimServiceClient - [ClaimServiceClient#getAllClaims] <--- HTTP/1.1 200 (22ms)
2026-03-04 14:12:28.698 [http-nio-8087-exec-10] [] INFO  c.c.r.util.PdfGenerator - Generating PDF for adjuster performance report
2026-03-04 14:12:28.703 [http-nio-8087-exec-10] [] INFO  c.c.r.util.PdfGenerator - PDF generated successfully for adjuster performance
2026-03-04 14:12:28.742 [http-nio-8087-exec-1] [] DEBUG o.s.security.web.FilterChainProxy - Securing POST /api/reports/claim-event
2026-03-04 14:12:28.748 [http-nio-8087-exec-1] [] DEBUG c.c.r.s.JwtAuthenticationFilter - Authenticated user: policy.20260304-141221 for URI: /api/reports/claim-event
2026-03-04 14:12:28.751 [http-nio-8087-exec-1] [] DEBUG o.s.security.web.FilterChainProxy - Secured POST /api/reports/claim-event
2026-03-04 14:12:28.754 [http-nio-8087-exec-1] [] DEBUG o.s.s.a.m.AuthorizationManagerBeforeMethodInterceptor - Authorizing method invocation ReflectiveMethodInvocation: public org.springframework.http.ResponseEntity com.claimswift.reportingservice.controller.ReportingController.reportClaimEvent(java.util.Map); target is of class [com.claimswift.reportingservice.controller.ReportingController]
2026-03-04 14:12:28.755 [http-nio-8087-exec-1] [] DEBUG o.s.s.a.m.AuthorizationManagerBeforeMethodInterceptor - Authorized method invocation ReflectiveMethodInvocation: public org.springframework.http.ResponseEntity com.claimswift.reportingservice.controller.ReportingController.reportClaimEvent(java.util.Map); target is of class [com.claimswift.reportingservice.controller.ReportingController]
2026-03-04 14:12:28.756 [http-nio-8087-exec-1] [] INFO  c.c.r.controller.ReportingController - Claim event received: {claimId=14, timestamp=2026-03-04T14:12:28, eventType=SMOKE_TEST, claimNumber=CLM-8908F845}
2026-03-04 14:12:28.789 [http-nio-8087-exec-2] [] DEBUG o.s.security.web.FilterChainProxy - Securing POST /api/reports/status-change
2026-03-04 14:12:28.791 [http-nio-8087-exec-2] [] DEBUG c.c.r.s.JwtAuthenticationFilter - Authenticated user: manager.20260304-141221 for URI: /api/reports/status-change
2026-03-04 14:12:28.793 [http-nio-8087-exec-2] [] DEBUG o.s.security.web.FilterChainProxy - Secured POST /api/reports/status-change
2026-03-04 14:12:28.794 [http-nio-8087-exec-2] [] DEBUG o.s.s.a.m.AuthorizationManagerBeforeMethodInterceptor - Authorizing method invocation ReflectiveMethodInvocation: public org.springframework.http.ResponseEntity com.claimswift.reportingservice.controller.ReportingController.reportStatusChange(java.util.Map); target is of class [com.claimswift.reportingservice.controller.ReportingController]
2026-03-04 14:12:28.794 [http-nio-8087-exec-2] [] DEBUG o.s.s.a.m.AuthorizationManagerBeforeMethodInterceptor - Authorized method invocation ReflectiveMethodInvocation: public org.springframework.http.ResponseEntity com.claimswift.reportingservice.controller.ReportingController.reportStatusChange(java.util.Map); target is of class [com.claimswift.reportingservice.controller.ReportingController]
2026-03-04 14:12:28.794 [http-nio-8087-exec-2] [] INFO  c.c.r.controller.ReportingController - Claim status change received: {claimId=14, timestamp=2026-03-04T14:12:28, oldStatus=UNDER_REVIEW, newStatus=APPROVED, claimNumber=CLM-8908F845}
2026-03-04 14:17:28.615 [AsyncResolver-bootstrap-executor-0] [] INFO  c.n.d.s.r.aws.ConfigClusterResolver - Resolving eureka endpoints via configuration
2026-03-04 14:20:07.904 [http-nio-8087-exec-5] [] DEBUG o.s.security.web.FilterChainProxy - Securing GET /actuator/health
2026-03-04 14:20:07.905 [http-nio-8087-exec-5] [] DEBUG o.s.s.w.a.AnonymousAuthenticationFilter - Set SecurityContextHolder to anonymous SecurityContext
2026-03-04 14:20:07.906 [http-nio-8087-exec-5] [] DEBUG o.s.security.web.FilterChainProxy - Secured GET /actuator/health
2026-03-04 14:21:03.951 [http-nio-8087-exec-7] [] DEBUG o.s.security.web.FilterChainProxy - Securing GET /actuator/info
2026-03-04 14:21:03.952 [http-nio-8087-exec-7] [] DEBUG o.s.s.w.a.AnonymousAuthenticationFilter - Set SecurityContextHolder to anonymous SecurityContext
2026-03-04 14:21:03.952 [http-nio-8087-exec-7] [] DEBUG o.s.security.web.FilterChainProxy - Secured GET /actuator/info
2026-03-04 14:21:37.325 [http-nio-8087-exec-9] [] DEBUG o.s.security.web.FilterChainProxy - Securing GET /api/reports/payments?startDate=2026-01-01&endDate=2026-12-31
2026-03-04 14:21:37.327 [http-nio-8087-exec-9] [] DEBUG c.c.r.s.JwtAuthenticationFilter - Authenticated user: manager.20260304-141221 for URI: /api/reports/payments
2026-03-04 14:21:37.328 [http-nio-8087-exec-9] [] DEBUG o.s.security.web.FilterChainProxy - Secured GET /api/reports/payments?startDate=2026-01-01&endDate=2026-12-31
2026-03-04 14:21:37.329 [http-nio-8087-exec-9] [] DEBUG o.s.s.a.m.AuthorizationManagerBeforeMethodInterceptor - Authorizing method invocation ReflectiveMethodInvocation: public org.springframework.http.ResponseEntity com.claimswift.reportingservice.controller.ReportingController.getPaymentReport(java.time.LocalDate,java.time.LocalDate); target is of class [com.claimswift.reportingservice.controller.ReportingController]
2026-03-04 14:21:37.329 [http-nio-8087-exec-9] [] DEBUG o.s.s.a.m.AuthorizationManagerBeforeMethodInterceptor - Authorized method invocation ReflectiveMethodInvocation: public org.springframework.http.ResponseEntity com.claimswift.reportingservice.controller.ReportingController.getPaymentReport(java.time.LocalDate,java.time.LocalDate); target is of class [com.claimswift.reportingservice.controller.ReportingController]
2026-03-04 14:21:37.330 [http-nio-8087-exec-9] [] INFO  c.c.r.controller.ReportingController - Generating payment report for period: 2026-01-01 to 2026-12-31
2026-03-04 14:21:37.330 [http-nio-8087-exec-9] [] DEBUG c.c.r.client.PaymentServiceClient - [PaymentServiceClient#getAllPayments] ---> GET http://payment-service/api/payments/internal/all HTTP/1.1
2026-03-04 14:21:37.359 [http-nio-8087-exec-9] [] DEBUG c.c.r.client.PaymentServiceClient - [PaymentServiceClient#getAllPayments] <--- HTTP/1.1 200 (28ms)
2026-03-04 14:22:28.631 [AsyncResolver-bootstrap-executor-0] [] INFO  c.n.d.s.r.aws.ConfigClusterResolver - Resolving eureka endpoints via configuration
2026-03-04 14:22:46.561 [http-nio-8087-exec-1] [] DEBUG o.s.security.web.FilterChainProxy - Securing GET /actuator/health
2026-03-04 14:22:46.562 [http-nio-8087-exec-1] [] DEBUG o.s.s.w.a.AnonymousAuthenticationFilter - Set SecurityContextHolder to anonymous SecurityContext
2026-03-04 14:22:46.563 [http-nio-8087-exec-1] [] DEBUG o.s.security.web.FilterChainProxy - Secured GET /actuator/health
2026-03-04 14:22:47.091 [http-nio-8087-exec-2] [] DEBUG o.s.security.web.FilterChainProxy - Securing GET /api/reports/payments?startDate=2026-01-01&endDate=2026-12-31
2026-03-04 14:22:47.094 [http-nio-8087-exec-2] [] DEBUG c.c.r.s.JwtAuthenticationFilter - Authenticated user: manager.20260304-141221 for URI: /api/reports/payments
2026-03-04 14:22:47.096 [http-nio-8087-exec-2] [] DEBUG o.s.security.web.FilterChainProxy - Secured GET /api/reports/payments?startDate=2026-01-01&endDate=2026-12-31
2026-03-04 14:22:47.096 [http-nio-8087-exec-2] [] DEBUG o.s.s.a.m.AuthorizationManagerBeforeMethodInterceptor - Authorizing method invocation ReflectiveMethodInvocation: public org.springframework.http.ResponseEntity com.claimswift.reportingservice.controller.ReportingController.getPaymentReport(java.time.LocalDate,java.time.LocalDate); target is of class [com.claimswift.reportingservice.controller.ReportingController]
2026-03-04 14:22:47.097 [http-nio-8087-exec-2] [] DEBUG o.s.s.a.m.AuthorizationManagerBeforeMethodInterceptor - Authorized method invocation ReflectiveMethodInvocation: public org.springframework.http.ResponseEntity com.claimswift.reportingservice.controller.ReportingController.getPaymentReport(java.time.LocalDate,java.time.LocalDate); target is of class [com.claimswift.reportingservice.controller.ReportingController]
2026-03-04 14:22:47.097 [http-nio-8087-exec-2] [] INFO  c.c.r.controller.ReportingController - Generating payment report for period: 2026-01-01 to 2026-12-31
2026-03-04 14:22:47.098 [http-nio-8087-exec-2] [] DEBUG c.c.r.client.PaymentServiceClient - [PaymentServiceClient#getAllPayments] ---> GET http://payment-service/api/payments/internal/all HTTP/1.1
2026-03-04 14:22:47.121 [http-nio-8087-exec-2] [] DEBUG c.c.r.client.PaymentServiceClient - [PaymentServiceClient#getAllPayments] <--- HTTP/1.1 200 (23ms)
2026-03-04 14:23:06.904 [http-nio-8087-exec-4] [] DEBUG o.s.security.web.FilterChainProxy - Securing GET /actuator/health
2026-03-04 14:23:06.906 [http-nio-8087-exec-4] [] DEBUG o.s.s.w.a.AnonymousAuthenticationFilter - Set SecurityContextHolder to anonymous SecurityContext
2026-03-04 14:23:06.906 [http-nio-8087-exec-4] [] DEBUG o.s.security.web.FilterChainProxy - Secured GET /actuator/health
2026-03-04 14:23:55.641 [http-nio-8087-exec-7] [] DEBUG o.s.security.web.FilterChainProxy - Securing GET /actuator/health
2026-03-04 14:23:55.642 [http-nio-8087-exec-7] [] DEBUG o.s.s.w.a.AnonymousAuthenticationFilter - Set SecurityContextHolder to anonymous SecurityContext
2026-03-04 14:23:55.643 [http-nio-8087-exec-7] [] DEBUG o.s.security.web.FilterChainProxy - Secured GET /actuator/health
2026-03-04 14:23:56.055 [http-nio-8087-exec-8] [] DEBUG o.s.security.web.FilterChainProxy - Securing GET /api/reports/payments?startDate=2026-01-01&endDate=2026-12-31
2026-03-04 14:23:56.057 [http-nio-8087-exec-8] [] DEBUG c.c.r.s.JwtAuthenticationFilter - Authenticated user: manager.20260304-141221 for URI: /api/reports/payments
2026-03-04 14:23:56.058 [http-nio-8087-exec-8] [] DEBUG o.s.security.web.FilterChainProxy - Secured GET /api/reports/payments?startDate=2026-01-01&endDate=2026-12-31
2026-03-04 14:23:56.059 [http-nio-8087-exec-8] [] DEBUG o.s.s.a.m.AuthorizationManagerBeforeMethodInterceptor - Authorizing method invocation ReflectiveMethodInvocation: public org.springframework.http.ResponseEntity com.claimswift.reportingservice.controller.ReportingController.getPaymentReport(java.time.LocalDate,java.time.LocalDate); target is of class [com.claimswift.reportingservice.controller.ReportingController]
2026-03-04 14:23:56.060 [http-nio-8087-exec-8] [] DEBUG o.s.s.a.m.AuthorizationManagerBeforeMethodInterceptor - Authorized method invocation ReflectiveMethodInvocation: public org.springframework.http.ResponseEntity com.claimswift.reportingservice.controller.ReportingController.getPaymentReport(java.time.LocalDate,java.time.LocalDate); target is of class [com.claimswift.reportingservice.controller.ReportingController]
2026-03-04 14:23:56.061 [http-nio-8087-exec-8] [] INFO  c.c.r.controller.ReportingController - Generating payment report for period: 2026-01-01 to 2026-12-31
2026-03-04 14:23:56.061 [http-nio-8087-exec-8] [] DEBUG c.c.r.client.PaymentServiceClient - [PaymentServiceClient#getAllPayments] ---> GET http://payment-service/api/payments/internal/all HTTP/1.1
2026-03-04 14:23:56.085 [http-nio-8087-exec-8] [] DEBUG c.c.r.client.PaymentServiceClient - [PaymentServiceClient#getAllPayments] <--- HTTP/1.1 200 (24ms)
2026-03-04 14:24:45.328 [http-nio-8087-exec-10] [] DEBUG o.s.security.web.FilterChainProxy - Securing GET /actuator/health
2026-03-04 14:24:45.329 [http-nio-8087-exec-10] [] DEBUG o.s.s.w.a.AnonymousAuthenticationFilter - Set SecurityContextHolder to anonymous SecurityContext
2026-03-04 14:24:45.330 [http-nio-8087-exec-10] [] DEBUG o.s.security.web.FilterChainProxy - Secured GET /actuator/health
2026-03-04 14:24:45.705 [http-nio-8087-exec-1] [] DEBUG o.s.security.web.FilterChainProxy - Securing GET /api/reports/payments?startDate=2026-01-01&endDate=2026-12-31
2026-03-04 14:24:45.707 [http-nio-8087-exec-1] [] DEBUG c.c.r.s.JwtAuthenticationFilter - Authenticated user: manager.20260304-141221 for URI: /api/reports/payments
2026-03-04 14:24:45.709 [http-nio-8087-exec-1] [] DEBUG o.s.security.web.FilterChainProxy - Secured GET /api/reports/payments?startDate=2026-01-01&endDate=2026-12-31
2026-03-04 14:24:45.710 [http-nio-8087-exec-1] [] DEBUG o.s.s.a.m.AuthorizationManagerBeforeMethodInterceptor - Authorizing method invocation ReflectiveMethodInvocation: public org.springframework.http.ResponseEntity com.claimswift.reportingservice.controller.ReportingController.getPaymentReport(java.time.LocalDate,java.time.LocalDate); target is of class [com.claimswift.reportingservice.controller.ReportingController]
2026-03-04 14:24:45.711 [http-nio-8087-exec-1] [] DEBUG o.s.s.a.m.AuthorizationManagerBeforeMethodInterceptor - Authorized method invocation ReflectiveMethodInvocation: public org.springframework.http.ResponseEntity com.claimswift.reportingservice.controller.ReportingController.getPaymentReport(java.time.LocalDate,java.time.LocalDate); target is of class [com.claimswift.reportingservice.controller.ReportingController]
2026-03-04 14:24:45.712 [http-nio-8087-exec-1] [] INFO  c.c.r.controller.ReportingController - Generating payment report for period: 2026-01-01 to 2026-12-31
2026-03-04 14:24:45.712 [http-nio-8087-exec-1] [] DEBUG c.c.r.client.PaymentServiceClient - [PaymentServiceClient#getAllPayments] ---> GET http://payment-service/api/payments/internal/all HTTP/1.1
2026-03-04 14:24:45.733 [http-nio-8087-exec-1] [] DEBUG c.c.r.client.PaymentServiceClient - [PaymentServiceClient#getAllPayments] <--- HTTP/1.1 200 (19ms)
2026-03-04 14:27:28.638 [AsyncResolver-bootstrap-executor-0] [] INFO  c.n.d.s.r.aws.ConfigClusterResolver - Resolving eureka endpoints via configuration
2026-03-04 14:32:28.651 [AsyncResolver-bootstrap-executor-0] [] INFO  c.n.d.s.r.aws.ConfigClusterResolver - Resolving eureka endpoints via configuration
2026-03-04 14:37:28.659 [AsyncResolver-bootstrap-executor-0] [] INFO  c.n.d.s.r.aws.ConfigClusterResolver - Resolving eureka endpoints via configuration
2026-03-04 14:42:28.667 [AsyncResolver-bootstrap-executor-0] [] INFO  c.n.d.s.r.aws.ConfigClusterResolver - Resolving eureka endpoints via configuration
2026-03-04 14:47:28.676 [AsyncResolver-bootstrap-executor-0] [] INFO  c.n.d.s.r.aws.ConfigClusterResolver - Resolving eureka endpoints via configuration
2026-03-04 14:52:28.685 [AsyncResolver-bootstrap-executor-0] [] INFO  c.n.d.s.r.aws.ConfigClusterResolver - Resolving eureka endpoints via configuration
2026-03-04 14:54:08.189 [http-nio-8087-exec-4] [] DEBUG o.s.security.web.FilterChainProxy - Securing GET /actuator/health
2026-03-04 14:54:08.291 [http-nio-8087-exec-4] [] DEBUG o.s.s.w.a.AnonymousAuthenticationFilter - Set SecurityContextHolder to anonymous SecurityContext
2026-03-04 14:54:08.313 [http-nio-8087-exec-4] [] DEBUG o.s.security.web.FilterChainProxy - Secured GET /actuator/health
2026-03-04 14:55:28.160 [http-nio-8087-exec-6] [] DEBUG o.s.security.web.FilterChainProxy - Securing GET /actuator/health
2026-03-04 14:55:28.162 [http-nio-8087-exec-6] [] DEBUG o.s.s.w.a.AnonymousAuthenticationFilter - Set SecurityContextHolder to anonymous SecurityContext
2026-03-04 14:55:28.164 [http-nio-8087-exec-6] [] DEBUG o.s.security.web.FilterChainProxy - Secured GET /actuator/health
2026-03-04 14:56:14.643 [DiscoveryClient-HeartbeatExecutor-0] [] INFO  c.netflix.discovery.DiscoveryClient - DiscoveryClient_REPORTING-SERVICE/IBLW5CD324RM64:reporting-service:8087 - Re-registering apps/REPORTING-SERVICE
2026-03-04 14:56:14.646 [DiscoveryClient-HeartbeatExecutor-0] [] INFO  c.netflix.discovery.DiscoveryClient - DiscoveryClient_REPORTING-SERVICE/IBLW5CD324RM64:reporting-service:8087: registering service...
2026-03-04 14:56:14.875 [DiscoveryClient-HeartbeatExecutor-0] [] INFO  c.netflix.discovery.DiscoveryClient - DiscoveryClient_REPORTING-SERVICE/IBLW5CD324RM64:reporting-service:8087 - registration status: 204
2026-03-04 14:57:08.331 [http-nio-8087-exec-8] [] DEBUG o.s.security.web.FilterChainProxy - Securing GET /api/reports/adjusters/performance
2026-03-04 14:57:08.333 [http-nio-8087-exec-8] [] DEBUG o.s.s.w.a.AnonymousAuthenticationFilter - Set SecurityContextHolder to anonymous SecurityContext
2026-03-04 14:57:08.426 [http-nio-8087-exec-8] [] DEBUG o.s.s.w.a.Http403ForbiddenEntryPoint - Pre-authenticated entry point called. Rejecting access
2026-03-04 14:57:08.481 [http-nio-8087-exec-8] [] DEBUG o.s.security.web.FilterChainProxy - Securing GET /error
2026-03-04 14:57:08.497 [http-nio-8087-exec-8] [] DEBUG o.s.s.w.a.AnonymousAuthenticationFilter - Set SecurityContextHolder to anonymous SecurityContext
2026-03-04 14:57:08.497 [http-nio-8087-exec-8] [] DEBUG o.s.s.w.a.Http403ForbiddenEntryPoint - Pre-authenticated entry point called. Rejecting access
2026-03-04 14:57:08.511 [http-nio-8087-exec-9] [] DEBUG o.s.security.web.FilterChainProxy - Securing GET /api/reports/adjusters/performance
2026-03-04 14:57:08.513 [http-nio-8087-exec-9] [] DEBUG o.s.s.w.a.AnonymousAuthenticationFilter - Set SecurityContextHolder to anonymous SecurityContext
2026-03-04 14:57:08.515 [http-nio-8087-exec-9] [] DEBUG o.s.s.w.a.Http403ForbiddenEntryPoint - Pre-authenticated entry point called. Rejecting access
2026-03-04 14:57:08.516 [http-nio-8087-exec-9] [] DEBUG o.s.security.web.FilterChainProxy - Securing GET /error
2026-03-04 14:57:08.518 [http-nio-8087-exec-9] [] DEBUG o.s.s.w.a.AnonymousAuthenticationFilter - Set SecurityContextHolder to anonymous SecurityContext
2026-03-04 14:57:08.519 [http-nio-8087-exec-9] [] DEBUG o.s.s.w.a.Http403ForbiddenEntryPoint - Pre-authenticated entry point called. Rejecting access
2026-03-04 14:57:08.531 [http-nio-8087-exec-10] [] DEBUG o.s.security.web.FilterChainProxy - Securing GET /api/reports/adjusters/performance
2026-03-04 14:57:08.532 [http-nio-8087-exec-10] [] DEBUG o.s.s.w.a.AnonymousAuthenticationFilter - Set SecurityContextHolder to anonymous SecurityContext
2026-03-04 14:57:08.533 [http-nio-8087-exec-10] [] DEBUG o.s.s.w.a.Http403ForbiddenEntryPoint - Pre-authenticated entry point called. Rejecting access
2026-03-04 14:57:08.534 [http-nio-8087-exec-10] [] DEBUG o.s.security.web.FilterChainProxy - Securing GET /error
2026-03-04 14:57:08.536 [http-nio-8087-exec-10] [] DEBUG o.s.s.w.a.AnonymousAuthenticationFilter - Set SecurityContextHolder to anonymous SecurityContext
2026-03-04 14:57:08.536 [http-nio-8087-exec-10] [] DEBUG o.s.s.w.a.Http403ForbiddenEntryPoint - Pre-authenticated entry point called. Rejecting access
2026-03-04 14:57:08.596 [http-nio-8087-exec-1] [] DEBUG o.s.security.web.FilterChainProxy - Securing GET /api/reports/claims/summary
2026-03-04 14:57:08.597 [http-nio-8087-exec-1] [] DEBUG o.s.s.w.a.AnonymousAuthenticationFilter - Set SecurityContextHolder to anonymous SecurityContext
2026-03-04 14:57:08.598 [http-nio-8087-exec-1] [] DEBUG o.s.s.w.a.Http403ForbiddenEntryPoint - Pre-authenticated entry point called. Rejecting access
2026-03-04 14:57:08.599 [http-nio-8087-exec-1] [] DEBUG o.s.security.web.FilterChainProxy - Securing GET /error
2026-03-04 14:57:08.601 [http-nio-8087-exec-1] [] DEBUG o.s.s.w.a.AnonymousAuthenticationFilter - Set SecurityContextHolder to anonymous SecurityContext
2026-03-04 14:57:08.602 [http-nio-8087-exec-1] [] DEBUG o.s.s.w.a.Http403ForbiddenEntryPoint - Pre-authenticated entry point called. Rejecting access
2026-03-04 14:57:28.693 [AsyncResolver-bootstrap-executor-0] [] INFO  c.n.d.s.r.aws.ConfigClusterResolver - Resolving eureka endpoints via configuration
2026-03-04 14:58:45.766 [DiscoveryClient-HeartbeatExecutor-0] [] INFO  o.a.h.c.h.i.c.HttpRequestRetryExec - Recoverable I/O exception (java.net.SocketException) caught when processing request to {}->http://localhost:8761
2026-03-04 21:08:54.037 [main] [] INFO  o.s.c.c.c.ConfigServicePropertySourceLocator - Fetching config from server at : http://localhost:8888
2026-03-04 21:08:54.069 [main] [] WARN  o.s.c.c.c.ConfigServicePropertySourceLocator - Could not locate PropertySource: 401 : [no body]
2026-03-04 21:08:54.072 [main] [] INFO  c.c.r.ReportingServiceApplication - No active profile set, falling back to 1 default profile: "default"
2026-03-04 21:08:54.084 [main] [] INFO  o.s.c.c.c.ConfigServerConfigDataLoader - Fetching config from server at : http://localhost:8888
2026-03-04 21:08:54.084 [main] [] INFO  o.s.c.c.c.ConfigServerConfigDataLoader - Located environment: name=reporting-service, profiles=[default], label=null, version=null, state=null
2026-03-04 21:08:54.928 [main] [] INFO  o.s.d.r.c.RepositoryConfigurationDelegate - Bootstrapping Spring Data JPA repositories in DEFAULT mode.
2026-03-04 21:08:54.949 [main] [] INFO  o.s.d.r.c.RepositoryConfigurationDelegate - Finished Spring Data repository scanning in 15 ms. Found 0 JPA repository interfaces.
2026-03-04 21:08:55.164 [main] [] INFO  o.s.cloud.context.scope.GenericScope - BeanFactory id=cb0b5543-cf6c-3722-931f-671cba5852da
2026-03-04 21:08:55.517 [main] [] WARN  o.s.c.s.PostProcessorRegistrationDelegate$BeanPostProcessorChecker - Bean 'org.springframework.cloud.client.loadbalancer.LoadBalancerAutoConfiguration$RetryInterceptorAutoConfiguration' of type [org.springframework.cloud.client.loadbalancer.LoadBalancerAutoConfiguration$RetryInterceptorAutoConfiguration] is not eligible for getting processed by all BeanPostProcessors (for example: not eligible for auto-proxying). The currently created BeanPostProcessor [lbRestClientPostProcessor] is declared through a non-static factory method on that class; consider declaring it as static instead.
2026-03-04 21:08:55.523 [main] [] WARN  o.s.c.s.PostProcessorRegistrationDelegate$BeanPostProcessorChecker - Bean 'org.springframework.cloud.loadbalancer.config.BlockingLoadBalancerClientAutoConfiguration' of type [org.springframework.cloud.loadbalancer.config.BlockingLoadBalancerClientAutoConfiguration] is not eligible for getting processed by all BeanPostProcessors (for example: not eligible for auto-proxying). Is this bean getting eagerly injected into a currently created BeanPostProcessor [lbRestClientPostProcessor]? Check the corresponding BeanPostProcessor declaration and its dependencies.
2026-03-04 21:08:55.527 [main] [] WARN  o.s.c.s.PostProcessorRegistrationDelegate$BeanPostProcessorChecker - Bean 'org.springframework.cloud.loadbalancer.config.LoadBalancerAutoConfiguration' of type [org.springframework.cloud.loadbalancer.config.LoadBalancerAutoConfiguration] is not eligible for getting processed by all BeanPostProcessors (for example: not eligible for auto-proxying). Is this bean getting eagerly injected into a currently created BeanPostProcessor [lbRestClientPostProcessor]? Check the corresponding BeanPostProcessor declaration and its dependencies.
2026-03-04 21:08:55.535 [main] [] WARN  o.s.c.s.PostProcessorRegistrationDelegate$BeanPostProcessorChecker - Bean 'org.springframework.cloud.commons.config.CommonsConfigAutoConfiguration' of type [org.springframework.cloud.commons.config.CommonsConfigAutoConfiguration] is not eligible for getting processed by all BeanPostProcessors (for example: not eligible for auto-proxying). Is this bean getting eagerly injected into a currently created BeanPostProcessor [lbRestClientPostProcessor]? Check the corresponding BeanPostProcessor declaration and its dependencies.
2026-03-04 21:08:55.537 [main] [] WARN  o.s.c.s.PostProcessorRegistrationDelegate$BeanPostProcessorChecker - Bean 'org.springframework.cloud.client.loadbalancer.LoadBalancerDefaultMappingsProviderAutoConfiguration' of type [org.springframework.cloud.client.loadbalancer.LoadBalancerDefaultMappingsProviderAutoConfiguration] is not eligible for getting processed by all BeanPostProcessors (for example: not eligible for auto-proxying). Is this bean getting eagerly injected into a currently created BeanPostProcessor [lbRestClientPostProcessor]? Check the corresponding BeanPostProcessor declaration and its dependencies.
2026-03-04 21:08:55.541 [main] [] WARN  o.s.c.s.PostProcessorRegistrationDelegate$BeanPostProcessorChecker - Bean 'loadBalancerClientsDefaultsMappingsProvider' of type [org.springframework.cloud.client.loadbalancer.LoadBalancerDefaultMappingsProviderAutoConfiguration$$Lambda/0x000002c0815df4b8] is not eligible for getting processed by all BeanPostProcessors (for example: not eligible for auto-proxying). Is this bean getting eagerly injected into a currently created BeanPostProcessor [lbRestClientPostProcessor]? Check the corresponding BeanPostProcessor declaration and its dependencies.
2026-03-04 21:08:55.545 [main] [] WARN  o.s.c.s.PostProcessorRegistrationDelegate$BeanPostProcessorChecker - Bean 'defaultsBindHandlerAdvisor' of type [org.springframework.cloud.commons.config.DefaultsBindHandlerAdvisor] is not eligible for getting processed by all BeanPostProcessors (for example: not eligible for auto-proxying). Is this bean getting eagerly injected into a currently created BeanPostProcessor [lbRestClientPostProcessor]? Check the corresponding BeanPostProcessor declaration and its dependencies.
2026-03-04 21:08:55.550 [main] [] WARN  o.s.c.s.PostProcessorRegistrationDelegate$BeanPostProcessorChecker - Bean 'spring.cloud.loadbalancer-org.springframework.cloud.client.loadbalancer.LoadBalancerClientsProperties' of type [org.springframework.cloud.client.loadbalancer.LoadBalancerClientsProperties] is not eligible for getting processed by all BeanPostProcessors (for example: not eligible for auto-proxying). Is this bean getting eagerly injected into a currently created BeanPostProcessor [lbRestClientPostProcessor]? Check the corresponding BeanPostProcessor declaration and its dependencies.
2026-03-04 21:08:55.558 [main] [] WARN  o.s.c.s.PostProcessorRegistrationDelegate$BeanPostProcessorChecker - Bean 'default.org.springframework.cloud.loadbalancer.config.LoadBalancerAutoConfiguration.LoadBalancerClientSpecification' of type [org.springframework.cloud.loadbalancer.annotation.LoadBalancerClientSpecification] is not eligible for getting processed by all BeanPostProcessors (for example: not eligible for auto-proxying). Is this bean getting eagerly injected into a currently created BeanPostProcessor [lbRestClientPostProcessor]? Check the corresponding BeanPostProcessor declaration and its dependencies.
2026-03-04 21:08:55.560 [main] [] WARN  o.s.c.s.PostProcessorRegistrationDelegate$BeanPostProcessorChecker - Bean 'default.org.springframework.cloud.loadbalancer.config.BlockingLoadBalancerClientAutoConfiguration.LoadBalancerClientSpecification' of type [org.springframework.cloud.loadbalancer.annotation.LoadBalancerClientSpecification] is not eligible for getting processed by all BeanPostProcessors (for example: not eligible for auto-proxying). Is this bean getting eagerly injected into a currently created BeanPostProcessor [lbRestClientPostProcessor]? Check the corresponding BeanPostProcessor declaration and its dependencies.
2026-03-04 21:08:55.561 [main] [] WARN  o.s.c.s.PostProcessorRegistrationDelegate$BeanPostProcessorChecker - Bean 'default.org.springframework.cloud.netflix.eureka.loadbalancer.LoadBalancerEurekaAutoConfiguration.LoadBalancerClientSpecification' of type [org.springframework.cloud.loadbalancer.annotation.LoadBalancerClientSpecification] is not eligible for getting processed by all BeanPostProcessors (for example: not eligible for auto-proxying). Is this bean getting eagerly injected into a currently created BeanPostProcessor [lbRestClientPostProcessor]? Check the corresponding BeanPostProcessor declaration and its dependencies.
2026-03-04 21:08:55.562 [main] [] WARN  o.s.c.s.PostProcessorRegistrationDelegate$BeanPostProcessorChecker - Bean 'loadBalancerClientFactory' of type [org.springframework.cloud.loadbalancer.support.LoadBalancerClientFactory] is not eligible for getting processed by all BeanPostProcessors (for example: not eligible for auto-proxying). Is this bean getting eagerly injected into a currently created BeanPostProcessor [lbRestClientPostProcessor]? Check the corresponding BeanPostProcessor declaration and its dependencies.
2026-03-04 21:08:55.569 [main] [] WARN  o.s.c.s.PostProcessorRegistrationDelegate$BeanPostProcessorChecker - Bean 'blockingLoadBalancerClient' of type [org.springframework.cloud.loadbalancer.blocking.client.BlockingLoadBalancerClient] is not eligible for getting processed by all BeanPostProcessors (for example: not eligible for auto-proxying). Is this bean getting eagerly injected into a currently created BeanPostProcessor [lbRestClientPostProcessor]? Check the corresponding BeanPostProcessor declaration and its dependencies.
2026-03-04 21:08:55.576 [main] [] WARN  o.s.c.s.PostProcessorRegistrationDelegate$BeanPostProcessorChecker - Bean 'loadBalancerServiceInstanceCookieTransformer' of type [org.springframework.cloud.loadbalancer.core.LoadBalancerServiceInstanceCookieTransformer] is not eligible for getting processed by all BeanPostProcessors (for example: not eligible for auto-proxying). Is this bean getting eagerly injected into a currently created BeanPostProcessor [lbRestClientPostProcessor]? Check the corresponding BeanPostProcessor declaration and its dependencies.
2026-03-04 21:08:55.578 [main] [] WARN  o.s.c.s.PostProcessorRegistrationDelegate$BeanPostProcessorChecker - Bean 'xForwarderHeadersTransformer' of type [org.springframework.cloud.loadbalancer.blocking.XForwardedHeadersTransformer] is not eligible for getting processed by all BeanPostProcessors (for example: not eligible for auto-proxying). Is this bean getting eagerly injected into a currently created BeanPostProcessor [lbRestClientPostProcessor]? Check the corresponding BeanPostProcessor declaration and its dependencies.
2026-03-04 21:08:55.580 [main] [] WARN  o.s.c.s.PostProcessorRegistrationDelegate$BeanPostProcessorChecker - Bean 'org.springframework.cloud.client.loadbalancer.LoadBalancerAutoConfiguration' of type [org.springframework.cloud.client.loadbalancer.LoadBalancerAutoConfiguration] is not eligible for getting processed by all BeanPostProcessors (for example: not eligible for auto-proxying). Is this bean getting eagerly injected into a currently created BeanPostProcessor [lbRestClientPostProcessor]? Check the corresponding BeanPostProcessor declaration and its dependencies.
2026-03-04 21:08:55.584 [main] [] WARN  o.s.c.s.PostProcessorRegistrationDelegate$BeanPostProcessorChecker - Bean 'loadBalancerRequestFactory' of type [org.springframework.cloud.client.loadbalancer.LoadBalancerRequestFactory] is not eligible for getting processed by all BeanPostProcessors (for example: not eligible for auto-proxying). Is this bean getting eagerly injected into a currently created BeanPostProcessor [lbRestClientPostProcessor]? Check the corresponding BeanPostProcessor declaration and its dependencies.
2026-03-04 21:08:55.586 [main] [] WARN  o.s.c.s.PostProcessorRegistrationDelegate$BeanPostProcessorChecker - Bean 'org.springframework.cloud.loadbalancer.config.BlockingLoadBalancerClientAutoConfiguration$BlockingLoadBalancerRetryConfig' of type [org.springframework.cloud.loadbalancer.config.BlockingLoadBalancerClientAutoConfiguration$BlockingLoadBalancerRetryConfig$$SpringCGLIB$$0] is not eligible for getting processed by all BeanPostProcessors (for example: not eligible for auto-proxying). Is this bean getting eagerly injected into a currently created BeanPostProcessor [lbRestClientPostProcessor]? Check the corresponding BeanPostProcessor declaration and its dependencies.
2026-03-04 21:08:55.590 [main] [] WARN  o.s.c.s.PostProcessorRegistrationDelegate$BeanPostProcessorChecker - Bean 'loadBalancedRetryFactory' of type [org.springframework.cloud.loadbalancer.blocking.retry.BlockingLoadBalancedRetryFactory] is not eligible for getting processed by all BeanPostProcessors (for example: not eligible for auto-proxying). Is this bean getting eagerly injected into a currently created BeanPostProcessor [lbRestClientPostProcessor]? Check the corresponding BeanPostProcessor declaration and its dependencies.
2026-03-04 21:08:55.594 [main] [] WARN  o.s.c.s.PostProcessorRegistrationDelegate$BeanPostProcessorChecker - Bean 'loadBalancerInterceptor' of type [org.springframework.cloud.client.loadbalancer.RetryLoadBalancerInterceptor] is not eligible for getting processed by all BeanPostProcessors (for example: not eligible for auto-proxying). Is this bean getting eagerly injected into a currently created BeanPostProcessor [lbRestClientPostProcessor]? Check the corresponding BeanPostProcessor declaration and its dependencies.
2026-03-04 21:08:55.815 [main] [] INFO  o.s.b.w.e.tomcat.TomcatWebServer - Tomcat initialized with port 8087 (http)
2026-03-04 21:08:55.823 [main] [] INFO  o.a.catalina.core.StandardService - Starting service [Tomcat]
2026-03-04 21:08:55.823 [main] [] INFO  o.a.catalina.core.StandardEngine - Starting Servlet engine: [Apache Tomcat/10.1.16]
2026-03-04 21:08:55.899 [main] [] INFO  o.a.c.c.C.[Tomcat].[localhost].[/] - Initializing Spring embedded WebApplicationContext
2026-03-04 21:08:55.899 [main] [] INFO  o.s.b.w.s.c.ServletWebServerApplicationContext - Root WebApplicationContext: initialization completed in 1815 ms
2026-03-04 21:08:56.127 [main] [] DEBUG c.c.r.s.JwtAuthenticationFilter - Filter 'jwtAuthenticationFilter' configured for use
2026-03-04 21:08:56.127 [main] [] DEBUG c.c.r.filter.CorrelationIdFilter - Filter 'correlationIdFilter' configured for use
2026-03-04 21:08:56.264 [main] [] INFO  o.h.jpa.internal.util.LogHelper - HHH000204: Processing PersistenceUnitInfo [name: default]
2026-03-04 21:08:56.311 [main] [] INFO  org.hibernate.Version - HHH000412: Hibernate ORM core version 6.3.1.Final
2026-03-04 21:08:56.340 [main] [] INFO  o.h.c.i.RegionFactoryInitiator - HHH000026: Second-level cache disabled
2026-03-04 21:08:56.522 [main] [] INFO  o.s.o.j.p.SpringPersistenceUnitInfo - No LoadTimeWeaver setup: ignoring JPA class transformer
2026-03-04 21:08:56.542 [main] [] INFO  com.zaxxer.hikari.HikariDataSource - HikariPool-1 - Starting...
2026-03-04 21:08:56.665 [main] [] INFO  com.zaxxer.hikari.pool.HikariPool - HikariPool-1 - Added connection com.mysql.cj.jdbc.ConnectionImpl@2d97344c
2026-03-04 21:08:56.666 [main] [] INFO  com.zaxxer.hikari.HikariDataSource - HikariPool-1 - Start completed.
2026-03-04 21:08:56.711 [main] [] WARN  org.hibernate.orm.deprecation - HHH90000025: MySQLDialect does not need to be specified explicitly using 'hibernate.dialect' (remove the property setting and it will be selected by default)
2026-03-04 21:08:56.989 [main] [] INFO  o.h.e.t.j.p.i.JtaPlatformInitiator - HHH000489: No JTA platform available (set 'hibernate.transaction.jta.platform' to enable JTA platform integration)
2026-03-04 21:08:56.994 [main] [] INFO  o.s.o.j.LocalContainerEntityManagerFactoryBean - Initialized JPA EntityManagerFactory for persistence unit 'default'
2026-03-04 21:08:57.119 [main] [] WARN  o.s.b.a.o.j.JpaBaseConfiguration$JpaWebConfiguration - spring.jpa.open-in-view is enabled by default. Therefore, database queries may be performed during view rendering. Explicitly configure spring.jpa.open-in-view to disable this warning
2026-03-04 21:08:57.230 [main] [] INFO  o.s.c.o.FeignClientFactoryBean - For 'claim-service' URL not provided. Will try picking an instance via load-balancing.
2026-03-04 21:08:57.279 [main] [] INFO  o.s.c.o.FeignClientFactoryBean - For 'payment-service' URL not provided. Will try picking an instance via load-balancing.
2026-03-04 21:08:57.400 [main] [] WARN  o.s.b.a.s.s.UserDetailsServiceAutoConfiguration - 

Using generated security password: 7a64eebe-3290-4755-879b-ba7b0a391d0a

This generated password is for development use only. Your security configuration must be updated before running your application in production.

2026-03-04 21:08:57.473 [main] [] DEBUG o.s.s.a.h.RoleHierarchyImpl - setHierarchy() - The following role hierarchy was set: ROLE_ADMIN > ROLE_MANAGER
ROLE_MANAGER > ROLE_ADJUSTER
ROLE_ADJUSTER > ROLE_POLICYHOLDER

2026-03-04 21:08:57.473 [main] [] DEBUG o.s.s.a.h.RoleHierarchyImpl - buildRolesReachableInOneStepMap() - From role ROLE_ADMIN one can reach role ROLE_MANAGER in one step.
2026-03-04 21:08:57.473 [main] [] DEBUG o.s.s.a.h.RoleHierarchyImpl - buildRolesReachableInOneStepMap() - From role ROLE_MANAGER one can reach role ROLE_ADJUSTER in one step.
2026-03-04 21:08:57.473 [main] [] DEBUG o.s.s.a.h.RoleHierarchyImpl - buildRolesReachableInOneStepMap() - From role ROLE_ADJUSTER one can reach role ROLE_POLICYHOLDER in one step.
2026-03-04 21:08:57.473 [main] [] DEBUG o.s.s.a.h.RoleHierarchyImpl - buildRolesReachableInOneOrMoreStepsMap() - From role ROLE_MANAGER one can reach [ROLE_POLICYHOLDER, ROLE_ADJUSTER] in one or more steps.
2026-03-04 21:08:57.473 [main] [] DEBUG o.s.s.a.h.RoleHierarchyImpl - buildRolesReachableInOneOrMoreStepsMap() - From role ROLE_ADMIN one can reach [ROLE_POLICYHOLDER, ROLE_MANAGER, ROLE_ADJUSTER] in one or more steps.
2026-03-04 21:08:57.473 [main] [] DEBUG o.s.s.a.h.RoleHierarchyImpl - buildRolesReachableInOneOrMoreStepsMap() - From role ROLE_ADJUSTER one can reach [ROLE_POLICYHOLDER] in one or more steps.
2026-03-04 21:08:57.938 [main] [] INFO  o.s.b.a.e.web.EndpointLinksResolver - Exposing 4 endpoint(s) beneath base path '/actuator'
2026-03-04 21:08:58.000 [main] [] INFO  o.s.s.web.DefaultSecurityFilterChain - Will secure any request with [org.springframework.security.web.session.DisableEncodeUrlFilter@1d4ee936, org.springframework.security.web.context.request.async.WebAsyncManagerIntegrationFilter@7410c197, org.springframework.security.web.context.SecurityContextHolderFilter@2da7ef3e, org.springframework.security.web.header.HeaderWriterFilter@7a174e4b, org.springframework.web.filter.CorsFilter@363751f2, org.springframework.security.web.authentication.logout.LogoutFilter@1400984b, com.claimswift.reportingservice.security.JwtAuthenticationFilter@30eb55c9, org.springframework.security.web.savedrequest.RequestCacheAwareFilter@a589070, org.springframework.security.web.servletapi.SecurityContextHolderAwareRequestFilter@1fbd0850, org.springframework.security.web.authentication.AnonymousAuthenticationFilter@688884e, org.springframework.security.web.session.SessionManagementFilter@361a1e86, org.springframework.security.web.access.ExceptionTranslationFilter@6d4dac56, org.springframework.security.web.access.intercept.AuthorizationFilter@18b8518b]
2026-03-04 21:08:58.636 [main] [] INFO  o.s.c.n.e.c.DiscoveryClientOptionalArgsConfiguration - Eureka HTTP Client uses RestTemplate.
2026-03-04 21:08:58.692 [main] [] WARN  o.s.c.l.c.LoadBalancerCacheAutoConfiguration$LoadBalancerCaffeineWarnLogger - Spring Cloud LoadBalancer is currently working with the default cache. While this cache implementation is useful for development and tests, it's recommended to use Caffeine cache in production.You can switch to using Caffeine cache, by adding it and org.springframework.cache.caffeine.CaffeineCacheManager to the classpath.
2026-03-04 21:08:58.800 [main] [] INFO  o.s.c.n.eureka.InstanceInfoFactory - Setting initial instance status as: STARTING
2026-03-04 21:08:58.840 [main] [] INFO  c.netflix.discovery.DiscoveryClient - Initializing Eureka in region us-east-1
2026-03-04 21:08:58.845 [main] [] INFO  c.n.d.s.r.aws.ConfigClusterResolver - Resolving eureka endpoints via configuration
2026-03-04 21:08:58.868 [main] [] INFO  c.netflix.discovery.DiscoveryClient - Disable delta property : false
2026-03-04 21:08:58.869 [main] [] INFO  c.netflix.discovery.DiscoveryClient - Single vip registry refresh property : null
2026-03-04 21:08:58.869 [main] [] INFO  c.netflix.discovery.DiscoveryClient - Force full registry fetch : false
2026-03-04 21:08:58.869 [main] [] INFO  c.netflix.discovery.DiscoveryClient - Application is null : false
2026-03-04 21:08:58.869 [main] [] INFO  c.netflix.discovery.DiscoveryClient - Registered Applications size is zero : true
2026-03-04 21:08:58.869 [main] [] INFO  c.netflix.discovery.DiscoveryClient - Application version is -1: true
2026-03-04 21:08:58.869 [main] [] INFO  c.netflix.discovery.DiscoveryClient - Getting all instance registry info from the eureka server
2026-03-04 21:08:59.227 [main] [] INFO  c.netflix.discovery.DiscoveryClient - The response status is 200
2026-03-04 21:08:59.230 [main] [] INFO  c.netflix.discovery.DiscoveryClient - Starting heartbeat executor: renew interval is: 30
2026-03-04 21:08:59.232 [main] [] INFO  c.n.discovery.InstanceInfoReplicator - InstanceInfoReplicator onDemand update allowed rate per min is 4
2026-03-04 21:08:59.236 [main] [] INFO  c.netflix.discovery.DiscoveryClient - Discovery Client initialized at timestamp 1772638739235 with initial instances count: 6
2026-03-04 21:08:59.244 [main] [] INFO  o.s.c.n.e.s.EurekaServiceRegistry - Registering application REPORTING-SERVICE with eureka with status UP
2026-03-04 21:08:59.245 [main] [] INFO  c.netflix.discovery.DiscoveryClient - Saw local status change event StatusChangeEvent [timestamp=1772638739245, current=UP, previous=STARTING]
2026-03-04 21:08:59.246 [main] [] WARN  c.n.discovery.InstanceInfoReplicator - Ignoring onDemand update due to rate limiter
2026-03-04 21:08:59.250 [DiscoveryClient-InstanceInfoReplicator-0] [] INFO  c.netflix.discovery.DiscoveryClient - DiscoveryClient_REPORTING-SERVICE/IBLW5CD324RM64:reporting-service:8087: registering service...
2026-03-04 21:08:59.325 [main] [] INFO  o.s.b.w.e.tomcat.TomcatWebServer - Tomcat started on port 8087 (http) with context path ''
2026-03-04 21:08:59.326 [main] [] INFO  o.s.c.n.e.s.EurekaAutoServiceRegistration - Updating port to 8087
2026-03-04 21:08:59.344 [main] [] INFO  c.c.r.ReportingServiceApplication - Started ReportingServiceApplication in 6.6 seconds (process running for 7.722)
2026-03-04 21:08:59.369 [DiscoveryClient-InstanceInfoReplicator-0] [] INFO  c.netflix.discovery.DiscoveryClient - DiscoveryClient_REPORTING-SERVICE/IBLW5CD324RM64:reporting-service:8087 - registration status: 204
2026-03-04 21:08:59.555 [RMI TCP Connection(4)-127.0.0.1] [] INFO  o.a.c.c.C.[Tomcat].[localhost].[/] - Initializing Spring DispatcherServlet 'dispatcherServlet'
2026-03-04 21:08:59.555 [RMI TCP Connection(4)-127.0.0.1] [] INFO  o.s.web.servlet.DispatcherServlet - Initializing Servlet 'dispatcherServlet'
2026-03-04 21:08:59.557 [RMI TCP Connection(4)-127.0.0.1] [] INFO  o.s.web.servlet.DispatcherServlet - Completed initialization in 1 ms
2026-03-04 21:13:58.888 [AsyncResolver-bootstrap-executor-0] [] INFO  c.n.d.s.r.aws.ConfigClusterResolver - Resolving eureka endpoints via configuration
2026-03-04 21:18:58.893 [AsyncResolver-bootstrap-executor-0] [] INFO  c.n.d.s.r.aws.ConfigClusterResolver - Resolving eureka endpoints via configuration
2026-03-04 21:23:58.900 [AsyncResolver-bootstrap-executor-0] [] INFO  c.n.d.s.r.aws.ConfigClusterResolver - Resolving eureka endpoints via configuration
2026-03-04 21:24:14.787 [RMI TCP Connection(19)-127.0.0.1] [] INFO  o.s.b.a.SpringApplicationAdminMXBeanRegistrar$SpringApplicationAdmin - Application shutdown requested.
2026-03-04 21:24:14.792 [RMI TCP Connection(19)-127.0.0.1] [] INFO  o.s.c.n.e.s.EurekaServiceRegistry - Unregistering application REPORTING-SERVICE with eureka with status DOWN
2026-03-04 21:24:14.793 [RMI TCP Connection(19)-127.0.0.1] [] INFO  c.netflix.discovery.DiscoveryClient - Saw local status change event StatusChangeEvent [timestamp=1772639654792, current=DOWN, previous=UP]
2026-03-04 21:24:14.803 [DiscoveryClient-InstanceInfoReplicator-0] [] INFO  c.netflix.discovery.DiscoveryClient - Saw local status change event StatusChangeEvent [timestamp=1772639654803, current=UP, previous=DOWN]
2026-03-04 21:24:14.804 [DiscoveryClient-InstanceInfoReplicator-0] [] INFO  c.netflix.discovery.DiscoveryClient - DiscoveryClient_REPORTING-SERVICE/IBLW5CD324RM64:reporting-service:8087: registering service...
2026-03-04 21:24:14.842 [RMI TCP Connection(19)-127.0.0.1] [] INFO  o.s.o.j.LocalContainerEntityManagerFactoryBean - Closing JPA EntityManagerFactory for persistence unit 'default'
2026-03-04 21:24:14.848 [RMI TCP Connection(19)-127.0.0.1] [] INFO  com.zaxxer.hikari.HikariDataSource - HikariPool-1 - Shutdown initiated...
2026-03-04 21:24:14.860 [RMI TCP Connection(19)-127.0.0.1] [] INFO  com.zaxxer.hikari.HikariDataSource - HikariPool-1 - Shutdown completed.
2026-03-04 21:24:14.862 [RMI TCP Connection(19)-127.0.0.1] [] INFO  c.netflix.discovery.DiscoveryClient - Shutting down DiscoveryClient ...
2026-03-04 21:24:14.882 [DiscoveryClient-InstanceInfoReplicator-0] [] INFO  c.netflix.discovery.DiscoveryClient - DiscoveryClient_REPORTING-SERVICE/IBLW5CD324RM64:reporting-service:8087 - registration status: 204
2026-03-04 21:24:14.885 [RMI TCP Connection(19)-127.0.0.1] [] INFO  c.netflix.discovery.DiscoveryClient - Unregistering ...
2026-03-04 21:24:14.959 [RMI TCP Connection(19)-127.0.0.1] [] INFO  c.netflix.discovery.DiscoveryClient - DiscoveryClient_REPORTING-SERVICE/IBLW5CD324RM64:reporting-service:8087 - deregister  status: 200
2026-03-04 21:24:14.963 [RMI TCP Connection(19)-127.0.0.1] [] INFO  c.netflix.discovery.DiscoveryClient - Completed shut down of DiscoveryClient
2026-03-04 21:24:14.965 [RMI TCP Connection(19)-127.0.0.1] [] INFO  o.a.catalina.core.StandardService - Stopping service [Tomcat]
2026-03-04 21:24:14.967 [RMI TCP Connection(19)-127.0.0.1] [] INFO  o.a.c.c.C.[Tomcat].[localhost].[/] - Destroying Spring FrameworkServlet 'dispatcherServlet'
2026-03-04 21:29:42.504 [main] [] INFO  o.s.c.c.c.ConfigServicePropertySourceLocator - Fetching config from server at : http://localhost:8888
2026-03-04 21:29:42.560 [main] [] WARN  o.s.c.c.c.ConfigServicePropertySourceLocator - Could not locate PropertySource: 401 : [no body]
2026-03-04 21:29:42.568 [main] [] INFO  c.c.r.ReportingServiceApplication - No active profile set, falling back to 1 default profile: "default"
2026-03-04 21:29:42.590 [main] [] INFO  o.s.c.c.c.ConfigServerConfigDataLoader - Fetching config from server at : http://localhost:8888
2026-03-04 21:29:42.590 [main] [] INFO  o.s.c.c.c.ConfigServerConfigDataLoader - Located environment: name=reporting-service, profiles=[default], label=null, version=null, state=null
2026-03-04 21:29:44.230 [main] [] INFO  o.s.d.r.c.RepositoryConfigurationDelegate - Bootstrapping Spring Data JPA repositories in DEFAULT mode.
2026-03-04 21:29:44.262 [main] [] INFO  o.s.d.r.c.RepositoryConfigurationDelegate - Finished Spring Data repository scanning in 20 ms. Found 0 JPA repository interfaces.
2026-03-04 21:29:44.727 [main] [] INFO  o.s.cloud.context.scope.GenericScope - BeanFactory id=432ffbc4-1e90-37ad-8ac3-10ec07fa0eb2
2026-03-04 21:29:45.664 [main] [] WARN  o.s.c.s.PostProcessorRegistrationDelegate$BeanPostProcessorChecker - Bean 'org.springframework.cloud.client.loadbalancer.LoadBalancerAutoConfiguration$RetryInterceptorAutoConfiguration' of type [org.springframework.cloud.client.loadbalancer.LoadBalancerAutoConfiguration$RetryInterceptorAutoConfiguration] is not eligible for getting processed by all BeanPostProcessors (for example: not eligible for auto-proxying). The currently created BeanPostProcessor [lbRestClientPostProcessor] is declared through a non-static factory method on that class; consider declaring it as static instead.
2026-03-04 21:29:45.676 [main] [] WARN  o.s.c.s.PostProcessorRegistrationDelegate$BeanPostProcessorChecker - Bean 'org.springframework.cloud.loadbalancer.config.BlockingLoadBalancerClientAutoConfiguration' of type [org.springframework.cloud.loadbalancer.config.BlockingLoadBalancerClientAutoConfiguration] is not eligible for getting processed by all BeanPostProcessors (for example: not eligible for auto-proxying). Is this bean getting eagerly injected into a currently created BeanPostProcessor [lbRestClientPostProcessor]? Check the corresponding BeanPostProcessor declaration and its dependencies.
2026-03-04 21:29:45.684 [main] [] WARN  o.s.c.s.PostProcessorRegistrationDelegate$BeanPostProcessorChecker - Bean 'org.springframework.cloud.loadbalancer.config.LoadBalancerAutoConfiguration' of type [org.springframework.cloud.loadbalancer.config.LoadBalancerAutoConfiguration] is not eligible for getting processed by all BeanPostProcessors (for example: not eligible for auto-proxying). Is this bean getting eagerly injected into a currently created BeanPostProcessor [lbRestClientPostProcessor]? Check the corresponding BeanPostProcessor declaration and its dependencies.
2026-03-04 21:29:45.709 [main] [] WARN  o.s.c.s.PostProcessorRegistrationDelegate$BeanPostProcessorChecker - Bean 'org.springframework.cloud.commons.config.CommonsConfigAutoConfiguration' of type [org.springframework.cloud.commons.config.CommonsConfigAutoConfiguration] is not eligible for getting processed by all BeanPostProcessors (for example: not eligible for auto-proxying). Is this bean getting eagerly injected into a currently created BeanPostProcessor [lbRestClientPostProcessor]? Check the corresponding BeanPostProcessor declaration and its dependencies.
2026-03-04 21:29:45.716 [main] [] WARN  o.s.c.s.PostProcessorRegistrationDelegate$BeanPostProcessorChecker - Bean 'org.springframework.cloud.client.loadbalancer.LoadBalancerDefaultMappingsProviderAutoConfiguration' of type [org.springframework.cloud.client.loadbalancer.LoadBalancerDefaultMappingsProviderAutoConfiguration] is not eligible for getting processed by all BeanPostProcessors (for example: not eligible for auto-proxying). Is this bean getting eagerly injected into a currently created BeanPostProcessor [lbRestClientPostProcessor]? Check the corresponding BeanPostProcessor declaration and its dependencies.
2026-03-04 21:29:45.723 [main] [] WARN  o.s.c.s.PostProcessorRegistrationDelegate$BeanPostProcessorChecker - Bean 'loadBalancerClientsDefaultsMappingsProvider' of type [org.springframework.cloud.client.loadbalancer.LoadBalancerDefaultMappingsProviderAutoConfiguration$$Lambda/0x000001930157d278] is not eligible for getting processed by all BeanPostProcessors (for example: not eligible for auto-proxying). Is this bean getting eagerly injected into a currently created BeanPostProcessor [lbRestClientPostProcessor]? Check the corresponding BeanPostProcessor declaration and its dependencies.
2026-03-04 21:29:45.732 [main] [] WARN  o.s.c.s.PostProcessorRegistrationDelegate$BeanPostProcessorChecker - Bean 'defaultsBindHandlerAdvisor' of type [org.springframework.cloud.commons.config.DefaultsBindHandlerAdvisor] is not eligible for getting processed by all BeanPostProcessors (for example: not eligible for auto-proxying). Is this bean getting eagerly injected into a currently created BeanPostProcessor [lbRestClientPostProcessor]? Check the corresponding BeanPostProcessor declaration and its dependencies.
2026-03-04 21:29:45.743 [main] [] WARN  o.s.c.s.PostProcessorRegistrationDelegate$BeanPostProcessorChecker - Bean 'spring.cloud.loadbalancer-org.springframework.cloud.client.loadbalancer.LoadBalancerClientsProperties' of type [org.springframework.cloud.client.loadbalancer.LoadBalancerClientsProperties] is not eligible for getting processed by all BeanPostProcessors (for example: not eligible for auto-proxying). Is this bean getting eagerly injected into a currently created BeanPostProcessor [lbRestClientPostProcessor]? Check the corresponding BeanPostProcessor declaration and its dependencies.
2026-03-04 21:29:45.758 [main] [] WARN  o.s.c.s.PostProcessorRegistrationDelegate$BeanPostProcessorChecker - Bean 'default.org.springframework.cloud.loadbalancer.config.LoadBalancerAutoConfiguration.LoadBalancerClientSpecification' of type [org.springframework.cloud.loadbalancer.annotation.LoadBalancerClientSpecification] is not eligible for getting processed by all BeanPostProcessors (for example: not eligible for auto-proxying). Is this bean getting eagerly injected into a currently created BeanPostProcessor [lbRestClientPostProcessor]? Check the corresponding BeanPostProcessor declaration and its dependencies.
2026-03-04 21:29:45.764 [main] [] WARN  o.s.c.s.PostProcessorRegistrationDelegate$BeanPostProcessorChecker - Bean 'default.org.springframework.cloud.loadbalancer.config.BlockingLoadBalancerClientAutoConfiguration.LoadBalancerClientSpecification' of type [org.springframework.cloud.loadbalancer.annotation.LoadBalancerClientSpecification] is not eligible for getting processed by all BeanPostProcessors (for example: not eligible for auto-proxying). Is this bean getting eagerly injected into a currently created BeanPostProcessor [lbRestClientPostProcessor]? Check the corresponding BeanPostProcessor declaration and its dependencies.
2026-03-04 21:29:45.767 [main] [] WARN  o.s.c.s.PostProcessorRegistrationDelegate$BeanPostProcessorChecker - Bean 'default.org.springframework.cloud.netflix.eureka.loadbalancer.LoadBalancerEurekaAutoConfiguration.LoadBalancerClientSpecification' of type [org.springframework.cloud.loadbalancer.annotation.LoadBalancerClientSpecification] is not eligible for getting processed by all BeanPostProcessors (for example: not eligible for auto-proxying). Is this bean getting eagerly injected into a currently created BeanPostProcessor [lbRestClientPostProcessor]? Check the corresponding BeanPostProcessor declaration and its dependencies.
2026-03-04 21:29:45.769 [main] [] WARN  o.s.c.s.PostProcessorRegistrationDelegate$BeanPostProcessorChecker - Bean 'loadBalancerClientFactory' of type [org.springframework.cloud.loadbalancer.support.LoadBalancerClientFactory] is not eligible for getting processed by all BeanPostProcessors (for example: not eligible for auto-proxying). Is this bean getting eagerly injected into a currently created BeanPostProcessor [lbRestClientPostProcessor]? Check the corresponding BeanPostProcessor declaration and its dependencies.
2026-03-04 21:29:45.789 [main] [] WARN  o.s.c.s.PostProcessorRegistrationDelegate$BeanPostProcessorChecker - Bean 'blockingLoadBalancerClient' of type [org.springframework.cloud.loadbalancer.blocking.client.BlockingLoadBalancerClient] is not eligible for getting processed by all BeanPostProcessors (for example: not eligible for auto-proxying). Is this bean getting eagerly injected into a currently created BeanPostProcessor [lbRestClientPostProcessor]? Check the corresponding BeanPostProcessor declaration and its dependencies.
2026-03-04 21:29:45.808 [main] [] WARN  o.s.c.s.PostProcessorRegistrationDelegate$BeanPostProcessorChecker - Bean 'loadBalancerServiceInstanceCookieTransformer' of type [org.springframework.cloud.loadbalancer.core.LoadBalancerServiceInstanceCookieTransformer] is not eligible for getting processed by all BeanPostProcessors (for example: not eligible for auto-proxying). Is this bean getting eagerly injected into a currently created BeanPostProcessor [lbRestClientPostProcessor]? Check the corresponding BeanPostProcessor declaration and its dependencies.
2026-03-04 21:29:45.814 [main] [] WARN  o.s.c.s.PostProcessorRegistrationDelegate$BeanPostProcessorChecker - Bean 'xForwarderHeadersTransformer' of type [org.springframework.cloud.loadbalancer.blocking.XForwardedHeadersTransformer] is not eligible for getting processed by all BeanPostProcessors (for example: not eligible for auto-proxying). Is this bean getting eagerly injected into a currently created BeanPostProcessor [lbRestClientPostProcessor]? Check the corresponding BeanPostProcessor declaration and its dependencies.
2026-03-04 21:29:45.819 [main] [] WARN  o.s.c.s.PostProcessorRegistrationDelegate$BeanPostProcessorChecker - Bean 'org.springframework.cloud.client.loadbalancer.LoadBalancerAutoConfiguration' of type [org.springframework.cloud.client.loadbalancer.LoadBalancerAutoConfiguration] is not eligible for getting processed by all BeanPostProcessors (for example: not eligible for auto-proxying). Is this bean getting eagerly injected into a currently created BeanPostProcessor [lbRestClientPostProcessor]? Check the corresponding BeanPostProcessor declaration and its dependencies.
2026-03-04 21:29:45.826 [main] [] WARN  o.s.c.s.PostProcessorRegistrationDelegate$BeanPostProcessorChecker - Bean 'loadBalancerRequestFactory' of type [org.springframework.cloud.client.loadbalancer.LoadBalancerRequestFactory] is not eligible for getting processed by all BeanPostProcessors (for example: not eligible for auto-proxying). Is this bean getting eagerly injected into a currently created BeanPostProcessor [lbRestClientPostProcessor]? Check the corresponding BeanPostProcessor declaration and its dependencies.
2026-03-04 21:29:45.832 [main] [] WARN  o.s.c.s.PostProcessorRegistrationDelegate$BeanPostProcessorChecker - Bean 'org.springframework.cloud.loadbalancer.config.BlockingLoadBalancerClientAutoConfiguration$BlockingLoadBalancerRetryConfig' of type [org.springframework.cloud.loadbalancer.config.BlockingLoadBalancerClientAutoConfiguration$BlockingLoadBalancerRetryConfig$$SpringCGLIB$$0] is not eligible for getting processed by all BeanPostProcessors (for example: not eligible for auto-proxying). Is this bean getting eagerly injected into a currently created BeanPostProcessor [lbRestClientPostProcessor]? Check the corresponding BeanPostProcessor declaration and its dependencies.
2026-03-04 21:29:45.841 [main] [] WARN  o.s.c.s.PostProcessorRegistrationDelegate$BeanPostProcessorChecker - Bean 'loadBalancedRetryFactory' of type [org.springframework.cloud.loadbalancer.blocking.retry.BlockingLoadBalancedRetryFactory] is not eligible for getting processed by all BeanPostProcessors (for example: not eligible for auto-proxying). Is this bean getting eagerly injected into a currently created BeanPostProcessor [lbRestClientPostProcessor]? Check the corresponding BeanPostProcessor declaration and its dependencies.
2026-03-04 21:29:45.854 [main] [] WARN  o.s.c.s.PostProcessorRegistrationDelegate$BeanPostProcessorChecker - Bean 'loadBalancerInterceptor' of type [org.springframework.cloud.client.loadbalancer.RetryLoadBalancerInterceptor] is not eligible for getting processed by all BeanPostProcessors (for example: not eligible for auto-proxying). Is this bean getting eagerly injected into a currently created BeanPostProcessor [lbRestClientPostProcessor]? Check the corresponding BeanPostProcessor declaration and its dependencies.
2026-03-04 21:29:46.484 [main] [] INFO  o.s.b.w.e.tomcat.TomcatWebServer - Tomcat initialized with port 8087 (http)
2026-03-04 21:29:46.502 [main] [] INFO  o.a.catalina.core.StandardService - Starting service [Tomcat]
2026-03-04 21:29:46.503 [main] [] INFO  o.a.catalina.core.StandardEngine - Starting Servlet engine: [Apache Tomcat/10.1.16]
2026-03-04 21:29:46.721 [main] [] INFO  o.a.c.c.C.[Tomcat].[localhost].[/] - Initializing Spring embedded WebApplicationContext
2026-03-04 21:29:46.722 [main] [] INFO  o.s.b.w.s.c.ServletWebServerApplicationContext - Root WebApplicationContext: initialization completed in 4131 ms
2026-03-04 21:29:47.096 [main] [] DEBUG c.c.r.s.JwtAuthenticationFilter - Filter 'jwtAuthenticationFilter' configured for use
2026-03-04 21:29:47.097 [main] [] DEBUG c.c.r.filter.CorrelationIdFilter - Filter 'correlationIdFilter' configured for use
2026-03-04 21:29:47.261 [main] [] INFO  o.h.jpa.internal.util.LogHelper - HHH000204: Processing PersistenceUnitInfo [name: default]
2026-03-04 21:29:47.327 [main] [] INFO  org.hibernate.Version - HHH000412: Hibernate ORM core version 6.3.1.Final
2026-03-04 21:29:47.368 [main] [] INFO  o.h.c.i.RegionFactoryInitiator - HHH000026: Second-level cache disabled
2026-03-04 21:29:47.619 [main] [] INFO  o.s.o.j.p.SpringPersistenceUnitInfo - No LoadTimeWeaver setup: ignoring JPA class transformer
2026-03-04 21:29:47.648 [main] [] INFO  com.zaxxer.hikari.HikariDataSource - HikariPool-1 - Starting...
2026-03-04 21:29:47.806 [main] [] INFO  com.zaxxer.hikari.pool.HikariPool - HikariPool-1 - Added connection com.mysql.cj.jdbc.ConnectionImpl@4724b2c1
2026-03-04 21:29:47.809 [main] [] INFO  com.zaxxer.hikari.HikariDataSource - HikariPool-1 - Start completed.
2026-03-04 21:29:47.864 [main] [] WARN  org.hibernate.orm.deprecation - HHH90000025: MySQLDialect does not need to be specified explicitly using 'hibernate.dialect' (remove the property setting and it will be selected by default)
2026-03-04 21:29:48.189 [main] [] INFO  o.h.e.t.j.p.i.JtaPlatformInitiator - HHH000489: No JTA platform available (set 'hibernate.transaction.jta.platform' to enable JTA platform integration)
2026-03-04 21:29:48.195 [main] [] INFO  o.s.o.j.LocalContainerEntityManagerFactoryBean - Initialized JPA EntityManagerFactory for persistence unit 'default'
2026-03-04 21:29:48.348 [main] [] WARN  o.s.b.a.o.j.JpaBaseConfiguration$JpaWebConfiguration - spring.jpa.open-in-view is enabled by default. Therefore, database queries may be performed during view rendering. Explicitly configure spring.jpa.open-in-view to disable this warning
2026-03-04 21:29:48.461 [main] [] INFO  o.s.c.o.FeignClientFactoryBean - For 'claim-service' URL not provided. Will try picking an instance via load-balancing.
2026-03-04 21:29:48.532 [main] [] INFO  o.s.c.o.FeignClientFactoryBean - For 'payment-service' URL not provided. Will try picking an instance via load-balancing.
2026-03-04 21:29:48.650 [main] [] WARN  o.s.b.a.s.s.UserDetailsServiceAutoConfiguration - 

Using generated security password: c4bdc354-05d7-4930-a0a4-6a8dc28bbcd7

This generated password is for development use only. Your security configuration must be updated before running your application in production.

2026-03-04 21:29:48.747 [main] [] DEBUG o.s.s.a.h.RoleHierarchyImpl - setHierarchy() - The following role hierarchy was set: ROLE_ADMIN > ROLE_MANAGER
ROLE_MANAGER > ROLE_ADJUSTER
ROLE_ADJUSTER > ROLE_POLICYHOLDER

2026-03-04 21:29:48.747 [main] [] DEBUG o.s.s.a.h.RoleHierarchyImpl - buildRolesReachableInOneStepMap() - From role ROLE_ADMIN one can reach role ROLE_MANAGER in one step.
2026-03-04 21:29:48.748 [main] [] DEBUG o.s.s.a.h.RoleHierarchyImpl - buildRolesReachableInOneStepMap() - From role ROLE_MANAGER one can reach role ROLE_ADJUSTER in one step.
2026-03-04 21:29:48.748 [main] [] DEBUG o.s.s.a.h.RoleHierarchyImpl - buildRolesReachableInOneStepMap() - From role ROLE_ADJUSTER one can reach role ROLE_POLICYHOLDER in one step.
2026-03-04 21:29:48.749 [main] [] DEBUG o.s.s.a.h.RoleHierarchyImpl - buildRolesReachableInOneOrMoreStepsMap() - From role ROLE_MANAGER one can reach [ROLE_POLICYHOLDER, ROLE_ADJUSTER] in one or more steps.
2026-03-04 21:29:48.749 [main] [] DEBUG o.s.s.a.h.RoleHierarchyImpl - buildRolesReachableInOneOrMoreStepsMap() - From role ROLE_ADMIN one can reach [ROLE_POLICYHOLDER, ROLE_MANAGER, ROLE_ADJUSTER] in one or more steps.
2026-03-04 21:29:48.749 [main] [] DEBUG o.s.s.a.h.RoleHierarchyImpl - buildRolesReachableInOneOrMoreStepsMap() - From role ROLE_ADJUSTER one can reach [ROLE_POLICYHOLDER] in one or more steps.
2026-03-04 21:29:49.295 [main] [] INFO  o.s.b.a.e.web.EndpointLinksResolver - Exposing 4 endpoint(s) beneath base path '/actuator'
2026-03-04 21:29:49.385 [main] [] INFO  o.s.s.web.DefaultSecurityFilterChain - Will secure any request with [org.springframework.security.web.session.DisableEncodeUrlFilter@6223dbed, org.springframework.security.web.context.request.async.WebAsyncManagerIntegrationFilter@5713e35f, org.springframework.security.web.context.SecurityContextHolderFilter@14c1cba6, org.springframework.security.web.header.HeaderWriterFilter@760f4310, org.springframework.web.filter.CorsFilter@1f40bb80, org.springframework.security.web.authentication.logout.LogoutFilter@67d6bb59, com.claimswift.reportingservice.security.JwtAuthenticationFilter@66b90ab3, org.springframework.security.web.savedrequest.RequestCacheAwareFilter@37351baa, org.springframework.security.web.servletapi.SecurityContextHolderAwareRequestFilter@723aa04, org.springframework.security.web.authentication.AnonymousAuthenticationFilter@c42ee90, org.springframework.security.web.session.SessionManagementFilter@21143041, org.springframework.security.web.access.ExceptionTranslationFilter@d2ca3a9, org.springframework.security.web.access.intercept.AuthorizationFilter@7b9b244e]
2026-03-04 21:29:50.037 [main] [] INFO  o.s.c.n.e.c.DiscoveryClientOptionalArgsConfiguration - Eureka HTTP Client uses RestTemplate.
2026-03-04 21:29:50.126 [main] [] WARN  o.s.c.l.c.LoadBalancerCacheAutoConfiguration$LoadBalancerCaffeineWarnLogger - Spring Cloud LoadBalancer is currently working with the default cache. While this cache implementation is useful for development and tests, it's recommended to use Caffeine cache in production.You can switch to using Caffeine cache, by adding it and org.springframework.cache.caffeine.CaffeineCacheManager to the classpath.
2026-03-04 21:29:50.229 [main] [] INFO  o.s.c.n.eureka.InstanceInfoFactory - Setting initial instance status as: STARTING
2026-03-04 21:29:50.343 [main] [] INFO  c.netflix.discovery.DiscoveryClient - Initializing Eureka in region us-east-1
2026-03-04 21:29:50.349 [main] [] INFO  c.n.d.s.r.aws.ConfigClusterResolver - Resolving eureka endpoints via configuration
2026-03-04 21:29:50.374 [main] [] INFO  c.netflix.discovery.DiscoveryClient - Disable delta property : false
2026-03-04 21:29:50.374 [main] [] INFO  c.netflix.discovery.DiscoveryClient - Single vip registry refresh property : null
2026-03-04 21:29:50.375 [main] [] INFO  c.netflix.discovery.DiscoveryClient - Force full registry fetch : false
2026-03-04 21:29:50.375 [main] [] INFO  c.netflix.discovery.DiscoveryClient - Application is null : false
2026-03-04 21:29:50.376 [main] [] INFO  c.netflix.discovery.DiscoveryClient - Registered Applications size is zero : true
2026-03-04 21:29:50.376 [main] [] INFO  c.netflix.discovery.DiscoveryClient - Application version is -1: true
2026-03-04 21:29:50.376 [main] [] INFO  c.netflix.discovery.DiscoveryClient - Getting all instance registry info from the eureka server
2026-03-04 21:29:50.698 [main] [] INFO  c.netflix.discovery.DiscoveryClient - The response status is 200
2026-03-04 21:29:50.702 [main] [] INFO  c.netflix.discovery.DiscoveryClient - Starting heartbeat executor: renew interval is: 30
2026-03-04 21:29:50.704 [main] [] INFO  c.n.discovery.InstanceInfoReplicator - InstanceInfoReplicator onDemand update allowed rate per min is 4
2026-03-04 21:29:50.708 [main] [] INFO  c.netflix.discovery.DiscoveryClient - Discovery Client initialized at timestamp 1772639990708 with initial instances count: 5
2026-03-04 21:29:50.717 [main] [] INFO  o.s.c.n.e.s.EurekaServiceRegistry - Registering application REPORTING-SERVICE with eureka with status UP
2026-03-04 21:29:50.718 [main] [] INFO  c.netflix.discovery.DiscoveryClient - Saw local status change event StatusChangeEvent [timestamp=1772639990718, current=UP, previous=STARTING]
2026-03-04 21:29:50.719 [main] [] WARN  c.n.discovery.InstanceInfoReplicator - Ignoring onDemand update due to rate limiter
2026-03-04 21:29:50.722 [DiscoveryClient-InstanceInfoReplicator-0] [] INFO  c.netflix.discovery.DiscoveryClient - DiscoveryClient_REPORTING-SERVICE/IBLW5CD324RM64:reporting-service:8087: registering service...
2026-03-04 21:29:50.816 [main] [] INFO  o.s.b.w.e.tomcat.TomcatWebServer - Tomcat started on port 8087 (http) with context path ''
2026-03-04 21:29:50.818 [main] [] INFO  o.s.c.n.e.s.EurekaAutoServiceRegistration - Updating port to 8087
2026-03-04 21:29:50.834 [main] [] INFO  c.c.r.ReportingServiceApplication - Started ReportingServiceApplication in 11.46 seconds (process running for 12.887)
2026-03-04 21:29:50.850 [DiscoveryClient-InstanceInfoReplicator-0] [] INFO  c.netflix.discovery.DiscoveryClient - DiscoveryClient_REPORTING-SERVICE/IBLW5CD324RM64:reporting-service:8087 - registration status: 204
2026-03-04 21:34:50.384 [AsyncResolver-bootstrap-executor-0] [] INFO  c.n.d.s.r.aws.ConfigClusterResolver - Resolving eureka endpoints via configuration
2026-03-04 21:39:50.394 [AsyncResolver-bootstrap-executor-0] [] INFO  c.n.d.s.r.aws.ConfigClusterResolver - Resolving eureka endpoints via configuration
2026-03-04 21:44:50.402 [AsyncResolver-bootstrap-executor-0] [] INFO  c.n.d.s.r.aws.ConfigClusterResolver - Resolving eureka endpoints via configuration
2026-03-04 21:48:25.248 [SpringApplicationShutdownHook] [] INFO  o.s.c.n.e.s.EurekaServiceRegistry - Unregistering application REPORTING-SERVICE with eureka with status DOWN
2026-03-04 21:48:25.250 [SpringApplicationShutdownHook] [] INFO  c.netflix.discovery.DiscoveryClient - Saw local status change event StatusChangeEvent [timestamp=1772641105250, current=DOWN, previous=UP]
2026-03-04 21:48:25.264 [DiscoveryClient-InstanceInfoReplicator-0] [] INFO  c.netflix.discovery.DiscoveryClient - Saw local status change event StatusChangeEvent [timestamp=1772641105264, current=UP, previous=DOWN]
2026-03-04 21:48:25.265 [DiscoveryClient-InstanceInfoReplicator-0] [] INFO  c.netflix.discovery.DiscoveryClient - DiscoveryClient_REPORTING-SERVICE/IBLW5CD324RM64:reporting-service:8087: registering service...
2026-03-04 21:48:25.278 [SpringApplicationShutdownHook] [] INFO  o.s.o.j.LocalContainerEntityManagerFactoryBean - Closing JPA EntityManagerFactory for persistence unit 'default'
2026-03-04 21:48:25.281 [SpringApplicationShutdownHook] [] INFO  com.zaxxer.hikari.HikariDataSource - HikariPool-1 - Shutdown initiated...
2026-03-04 21:48:25.291 [SpringApplicationShutdownHook] [] INFO  com.zaxxer.hikari.HikariDataSource - HikariPool-1 - Shutdown completed.
2026-03-04 21:48:25.293 [SpringApplicationShutdownHook] [] INFO  c.netflix.discovery.DiscoveryClient - Shutting down DiscoveryClient ...
2026-03-04 21:48:25.346 [DiscoveryClient-InstanceInfoReplicator-0] [] INFO  c.netflix.discovery.DiscoveryClient - DiscoveryClient_REPORTING-SERVICE/IBLW5CD324RM64:reporting-service:8087 - registration status: 204
2026-03-04 21:48:25.348 [SpringApplicationShutdownHook] [] INFO  c.netflix.discovery.DiscoveryClient - Unregistering ...
2026-03-04 21:48:25.424 [SpringApplicationShutdownHook] [] INFO  c.netflix.discovery.DiscoveryClient - DiscoveryClient_REPORTING-SERVICE/IBLW5CD324RM64:reporting-service:8087 - deregister  status: 200
2026-03-04 21:48:25.427 [SpringApplicationShutdownHook] [] INFO  c.netflix.discovery.DiscoveryClient - Completed shut down of DiscoveryClient
2026-03-04 21:53:56.907 [main] [] INFO  o.s.c.c.c.ConfigServicePropertySourceLocator - Fetching config from server at : http://localhost:8888
2026-03-04 21:53:57.040 [main] [] WARN  o.s.c.c.c.ConfigServicePropertySourceLocator - Could not locate PropertySource: 401 : [no body]
2026-03-04 21:53:57.056 [main] [] INFO  c.c.r.ReportingServiceApplication - No active profile set, falling back to 1 default profile: "default"
2026-03-04 21:53:57.120 [main] [] INFO  o.s.c.c.c.ConfigServerConfigDataLoader - Fetching config from server at : http://localhost:8888
2026-03-04 21:53:57.121 [main] [] INFO  o.s.c.c.c.ConfigServerConfigDataLoader - Located environment: name=reporting-service, profiles=[default], label=null, version=null, state=null
2026-03-04 21:54:01.111 [main] [] INFO  o.s.d.r.c.RepositoryConfigurationDelegate - Bootstrapping Spring Data JPA repositories in DEFAULT mode.
2026-03-04 21:54:01.243 [main] [] INFO  o.s.d.r.c.RepositoryConfigurationDelegate - Finished Spring Data repository scanning in 88 ms. Found 0 JPA repository interfaces.
2026-03-04 21:54:02.567 [main] [] INFO  o.s.cloud.context.scope.GenericScope - BeanFactory id=432ffbc4-1e90-37ad-8ac3-10ec07fa0eb2
2026-03-04 21:54:05.052 [main] [] WARN  o.s.c.s.PostProcessorRegistrationDelegate$BeanPostProcessorChecker - Bean 'org.springframework.cloud.client.loadbalancer.LoadBalancerAutoConfiguration$RetryInterceptorAutoConfiguration' of type [org.springframework.cloud.client.loadbalancer.LoadBalancerAutoConfiguration$RetryInterceptorAutoConfiguration] is not eligible for getting processed by all BeanPostProcessors (for example: not eligible for auto-proxying). The currently created BeanPostProcessor [lbRestClientPostProcessor] is declared through a non-static factory method on that class; consider declaring it as static instead.
2026-03-04 21:54:05.081 [main] [] WARN  o.s.c.s.PostProcessorRegistrationDelegate$BeanPostProcessorChecker - Bean 'org.springframework.cloud.loadbalancer.config.BlockingLoadBalancerClientAutoConfiguration' of type [org.springframework.cloud.loadbalancer.config.BlockingLoadBalancerClientAutoConfiguration] is not eligible for getting processed by all BeanPostProcessors (for example: not eligible for auto-proxying). Is this bean getting eagerly injected into a currently created BeanPostProcessor [lbRestClientPostProcessor]? Check the corresponding BeanPostProcessor declaration and its dependencies.
2026-03-04 21:54:05.096 [main] [] WARN  o.s.c.s.PostProcessorRegistrationDelegate$BeanPostProcessorChecker - Bean 'org.springframework.cloud.loadbalancer.config.LoadBalancerAutoConfiguration' of type [org.springframework.cloud.loadbalancer.config.LoadBalancerAutoConfiguration] is not eligible for getting processed by all BeanPostProcessors (for example: not eligible for auto-proxying). Is this bean getting eagerly injected into a currently created BeanPostProcessor [lbRestClientPostProcessor]? Check the corresponding BeanPostProcessor declaration and its dependencies.
2026-03-04 21:54:05.146 [main] [] WARN  o.s.c.s.PostProcessorRegistrationDelegate$BeanPostProcessorChecker - Bean 'org.springframework.cloud.commons.config.CommonsConfigAutoConfiguration' of type [org.springframework.cloud.commons.config.CommonsConfigAutoConfiguration] is not eligible for getting processed by all BeanPostProcessors (for example: not eligible for auto-proxying). Is this bean getting eagerly injected into a currently created BeanPostProcessor [lbRestClientPostProcessor]? Check the corresponding BeanPostProcessor declaration and its dependencies.
2026-03-04 21:54:05.159 [main] [] WARN  o.s.c.s.PostProcessorRegistrationDelegate$BeanPostProcessorChecker - Bean 'org.springframework.cloud.client.loadbalancer.LoadBalancerDefaultMappingsProviderAutoConfiguration' of type [org.springframework.cloud.client.loadbalancer.LoadBalancerDefaultMappingsProviderAutoConfiguration] is not eligible for getting processed by all BeanPostProcessors (for example: not eligible for auto-proxying). Is this bean getting eagerly injected into a currently created BeanPostProcessor [lbRestClientPostProcessor]? Check the corresponding BeanPostProcessor declaration and its dependencies.
2026-03-04 21:54:05.176 [main] [] WARN  o.s.c.s.PostProcessorRegistrationDelegate$BeanPostProcessorChecker - Bean 'loadBalancerClientsDefaultsMappingsProvider' of type [org.springframework.cloud.client.loadbalancer.LoadBalancerDefaultMappingsProviderAutoConfiguration$$Lambda/0x0000021c0357d470] is not eligible for getting processed by all BeanPostProcessors (for example: not eligible for auto-proxying). Is this bean getting eagerly injected into a currently created BeanPostProcessor [lbRestClientPostProcessor]? Check the corresponding BeanPostProcessor declaration and its dependencies.
2026-03-04 21:54:05.194 [main] [] WARN  o.s.c.s.PostProcessorRegistrationDelegate$BeanPostProcessorChecker - Bean 'defaultsBindHandlerAdvisor' of type [org.springframework.cloud.commons.config.DefaultsBindHandlerAdvisor] is not eligible for getting processed by all BeanPostProcessors (for example: not eligible for auto-proxying). Is this bean getting eagerly injected into a currently created BeanPostProcessor [lbRestClientPostProcessor]? Check the corresponding BeanPostProcessor declaration and its dependencies.
2026-03-04 21:54:05.249 [main] [] WARN  o.s.c.s.PostProcessorRegistrationDelegate$BeanPostProcessorChecker - Bean 'spring.cloud.loadbalancer-org.springframework.cloud.client.loadbalancer.LoadBalancerClientsProperties' of type [org.springframework.cloud.client.loadbalancer.LoadBalancerClientsProperties] is not eligible for getting processed by all BeanPostProcessors (for example: not eligible for auto-proxying). Is this bean getting eagerly injected into a currently created BeanPostProcessor [lbRestClientPostProcessor]? Check the corresponding BeanPostProcessor declaration and its dependencies.
2026-03-04 21:54:05.298 [main] [] WARN  o.s.c.s.PostProcessorRegistrationDelegate$BeanPostProcessorChecker - Bean 'default.org.springframework.cloud.loadbalancer.config.LoadBalancerAutoConfiguration.LoadBalancerClientSpecification' of type [org.springframework.cloud.loadbalancer.annotation.LoadBalancerClientSpecification] is not eligible for getting processed by all BeanPostProcessors (for example: not eligible for auto-proxying). Is this bean getting eagerly injected into a currently created BeanPostProcessor [lbRestClientPostProcessor]? Check the corresponding BeanPostProcessor declaration and its dependencies.
2026-03-04 21:54:05.313 [main] [] WARN  o.s.c.s.PostProcessorRegistrationDelegate$BeanPostProcessorChecker - Bean 'default.org.springframework.cloud.loadbalancer.config.BlockingLoadBalancerClientAutoConfiguration.LoadBalancerClientSpecification' of type [org.springframework.cloud.loadbalancer.annotation.LoadBalancerClientSpecification] is not eligible for getting processed by all BeanPostProcessors (for example: not eligible for auto-proxying). Is this bean getting eagerly injected into a currently created BeanPostProcessor [lbRestClientPostProcessor]? Check the corresponding BeanPostProcessor declaration and its dependencies.
2026-03-04 21:54:05.317 [main] [] WARN  o.s.c.s.PostProcessorRegistrationDelegate$BeanPostProcessorChecker - Bean 'default.org.springframework.cloud.netflix.eureka.loadbalancer.LoadBalancerEurekaAutoConfiguration.LoadBalancerClientSpecification' of type [org.springframework.cloud.loadbalancer.annotation.LoadBalancerClientSpecification] is not eligible for getting processed by all BeanPostProcessors (for example: not eligible for auto-proxying). Is this bean getting eagerly injected into a currently created BeanPostProcessor [lbRestClientPostProcessor]? Check the corresponding BeanPostProcessor declaration and its dependencies.
2026-03-04 21:54:05.319 [main] [] WARN  o.s.c.s.PostProcessorRegistrationDelegate$BeanPostProcessorChecker - Bean 'loadBalancerClientFactory' of type [org.springframework.cloud.loadbalancer.support.LoadBalancerClientFactory] is not eligible for getting processed by all BeanPostProcessors (for example: not eligible for auto-proxying). Is this bean getting eagerly injected into a currently created BeanPostProcessor [lbRestClientPostProcessor]? Check the corresponding BeanPostProcessor declaration and its dependencies.
2026-03-04 21:54:05.356 [main] [] WARN  o.s.c.s.PostProcessorRegistrationDelegate$BeanPostProcessorChecker - Bean 'blockingLoadBalancerClient' of type [org.springframework.cloud.loadbalancer.blocking.client.BlockingLoadBalancerClient] is not eligible for getting processed by all BeanPostProcessors (for example: not eligible for auto-proxying). Is this bean getting eagerly injected into a currently created BeanPostProcessor [lbRestClientPostProcessor]? Check the corresponding BeanPostProcessor declaration and its dependencies.
2026-03-04 21:54:05.396 [main] [] WARN  o.s.c.s.PostProcessorRegistrationDelegate$BeanPostProcessorChecker - Bean 'loadBalancerServiceInstanceCookieTransformer' of type [org.springframework.cloud.loadbalancer.core.LoadBalancerServiceInstanceCookieTransformer] is not eligible for getting processed by all BeanPostProcessors (for example: not eligible for auto-proxying). Is this bean getting eagerly injected into a currently created BeanPostProcessor [lbRestClientPostProcessor]? Check the corresponding BeanPostProcessor declaration and its dependencies.
2026-03-04 21:54:05.418 [main] [] WARN  o.s.c.s.PostProcessorRegistrationDelegate$BeanPostProcessorChecker - Bean 'xForwarderHeadersTransformer' of type [org.springframework.cloud.loadbalancer.blocking.XForwardedHeadersTransformer] is not eligible for getting processed by all BeanPostProcessors (for example: not eligible for auto-proxying). Is this bean getting eagerly injected into a currently created BeanPostProcessor [lbRestClientPostProcessor]? Check the corresponding BeanPostProcessor declaration and its dependencies.
2026-03-04 21:54:05.429 [main] [] WARN  o.s.c.s.PostProcessorRegistrationDelegate$BeanPostProcessorChecker - Bean 'org.springframework.cloud.client.loadbalancer.LoadBalancerAutoConfiguration' of type [org.springframework.cloud.client.loadbalancer.LoadBalancerAutoConfiguration] is not eligible for getting processed by all BeanPostProcessors (for example: not eligible for auto-proxying). Is this bean getting eagerly injected into a currently created BeanPostProcessor [lbRestClientPostProcessor]? Check the corresponding BeanPostProcessor declaration and its dependencies.
2026-03-04 21:54:05.442 [main] [] WARN  o.s.c.s.PostProcessorRegistrationDelegate$BeanPostProcessorChecker - Bean 'loadBalancerRequestFactory' of type [org.springframework.cloud.client.loadbalancer.LoadBalancerRequestFactory] is not eligible for getting processed by all BeanPostProcessors (for example: not eligible for auto-proxying). Is this bean getting eagerly injected into a currently created BeanPostProcessor [lbRestClientPostProcessor]? Check the corresponding BeanPostProcessor declaration and its dependencies.
2026-03-04 21:54:05.453 [main] [] WARN  o.s.c.s.PostProcessorRegistrationDelegate$BeanPostProcessorChecker - Bean 'org.springframework.cloud.loadbalancer.config.BlockingLoadBalancerClientAutoConfiguration$BlockingLoadBalancerRetryConfig' of type [org.springframework.cloud.loadbalancer.config.BlockingLoadBalancerClientAutoConfiguration$BlockingLoadBalancerRetryConfig$$SpringCGLIB$$0] is not eligible for getting processed by all BeanPostProcessors (for example: not eligible for auto-proxying). Is this bean getting eagerly injected into a currently created BeanPostProcessor [lbRestClientPostProcessor]? Check the corresponding BeanPostProcessor declaration and its dependencies.
2026-03-04 21:54:05.477 [main] [] WARN  o.s.c.s.PostProcessorRegistrationDelegate$BeanPostProcessorChecker - Bean 'loadBalancedRetryFactory' of type [org.springframework.cloud.loadbalancer.blocking.retry.BlockingLoadBalancedRetryFactory] is not eligible for getting processed by all BeanPostProcessors (for example: not eligible for auto-proxying). Is this bean getting eagerly injected into a currently created BeanPostProcessor [lbRestClientPostProcessor]? Check the corresponding BeanPostProcessor declaration and its dependencies.
2026-03-04 21:54:05.510 [main] [] WARN  o.s.c.s.PostProcessorRegistrationDelegate$BeanPostProcessorChecker - Bean 'loadBalancerInterceptor' of type [org.springframework.cloud.client.loadbalancer.RetryLoadBalancerInterceptor] is not eligible for getting processed by all BeanPostProcessors (for example: not eligible for auto-proxying). Is this bean getting eagerly injected into a currently created BeanPostProcessor [lbRestClientPostProcessor]? Check the corresponding BeanPostProcessor declaration and its dependencies.
2026-03-04 21:54:07.493 [main] [] INFO  o.s.b.w.e.tomcat.TomcatWebServer - Tomcat initialized with port 8087 (http)
2026-03-04 21:54:07.550 [main] [] INFO  o.a.catalina.core.StandardService - Starting service [Tomcat]
2026-03-04 21:54:07.552 [main] [] INFO  o.a.catalina.core.StandardEngine - Starting Servlet engine: [Apache Tomcat/10.1.16]
2026-03-04 21:54:08.449 [main] [] INFO  o.a.c.c.C.[Tomcat].[localhost].[/] - Initializing Spring embedded WebApplicationContext
2026-03-04 21:54:08.465 [main] [] INFO  o.s.b.w.s.c.ServletWebServerApplicationContext - Root WebApplicationContext: initialization completed in 11342 ms
2026-03-04 21:54:09.743 [main] [] DEBUG c.c.r.s.JwtAuthenticationFilter - Filter 'jwtAuthenticationFilter' configured for use
2026-03-04 21:54:09.743 [main] [] DEBUG c.c.r.filter.CorrelationIdFilter - Filter 'correlationIdFilter' configured for use
2026-03-04 21:54:10.332 [main] [] INFO  o.h.jpa.internal.util.LogHelper - HHH000204: Processing PersistenceUnitInfo [name: default]
2026-03-04 21:54:11.892 [main] [] INFO  org.hibernate.Version - HHH000412: Hibernate ORM core version 6.3.1.Final
2026-03-04 21:54:12.051 [main] [] INFO  o.h.c.i.RegionFactoryInitiator - HHH000026: Second-level cache disabled
2026-03-04 21:54:12.995 [main] [] INFO  o.s.o.j.p.SpringPersistenceUnitInfo - No LoadTimeWeaver setup: ignoring JPA class transformer
2026-03-04 21:54:13.067 [main] [] INFO  com.zaxxer.hikari.HikariDataSource - HikariPool-1 - Starting...
2026-03-04 21:54:13.594 [main] [] INFO  com.zaxxer.hikari.pool.HikariPool - HikariPool-1 - Added connection com.mysql.cj.jdbc.ConnectionImpl@31aa9b01
2026-03-04 21:54:13.609 [main] [] INFO  com.zaxxer.hikari.HikariDataSource - HikariPool-1 - Start completed.
2026-03-04 21:54:13.753 [main] [] WARN  org.hibernate.orm.deprecation - HHH90000025: MySQLDialect does not need to be specified explicitly using 'hibernate.dialect' (remove the property setting and it will be selected by default)
2026-03-04 21:54:14.822 [main] [] INFO  o.h.e.t.j.p.i.JtaPlatformInitiator - HHH000489: No JTA platform available (set 'hibernate.transaction.jta.platform' to enable JTA platform integration)
2026-03-04 21:54:14.838 [main] [] INFO  o.s.o.j.LocalContainerEntityManagerFactoryBean - Initialized JPA EntityManagerFactory for persistence unit 'default'
2026-03-04 21:54:15.235 [main] [] WARN  o.s.b.a.o.j.JpaBaseConfiguration$JpaWebConfiguration - spring.jpa.open-in-view is enabled by default. Therefore, database queries may be performed during view rendering. Explicitly configure spring.jpa.open-in-view to disable this warning
2026-03-04 21:54:15.637 [main] [] INFO  o.s.c.o.FeignClientFactoryBean - For 'claim-service' URL not provided. Will try picking an instance via load-balancing.
2026-03-04 21:54:15.888 [main] [] INFO  o.s.c.o.FeignClientFactoryBean - For 'payment-service' URL not provided. Will try picking an instance via load-balancing.
2026-03-04 21:54:16.158 [main] [] WARN  o.s.b.a.s.s.UserDetailsServiceAutoConfiguration - 

Using generated security password: e3a04519-b70e-456d-b37c-0df1d5647bca

This generated password is for development use only. Your security configuration must be updated before running your application in production.

2026-03-04 21:54:16.491 [main] [] DEBUG o.s.s.a.h.RoleHierarchyImpl - setHierarchy() - The following role hierarchy was set: ROLE_ADMIN > ROLE_MANAGER
ROLE_MANAGER > ROLE_ADJUSTER
ROLE_ADJUSTER > ROLE_POLICYHOLDER

2026-03-04 21:54:16.507 [main] [] DEBUG o.s.s.a.h.RoleHierarchyImpl - buildRolesReachableInOneStepMap() - From role ROLE_ADMIN one can reach role ROLE_MANAGER in one step.
2026-03-04 21:54:16.507 [main] [] DEBUG o.s.s.a.h.RoleHierarchyImpl - buildRolesReachableInOneStepMap() - From role ROLE_MANAGER one can reach role ROLE_ADJUSTER in one step.
2026-03-04 21:54:16.507 [main] [] DEBUG o.s.s.a.h.RoleHierarchyImpl - buildRolesReachableInOneStepMap() - From role ROLE_ADJUSTER one can reach role ROLE_POLICYHOLDER in one step.
2026-03-04 21:54:16.507 [main] [] DEBUG o.s.s.a.h.RoleHierarchyImpl - buildRolesReachableInOneOrMoreStepsMap() - From role ROLE_MANAGER one can reach [ROLE_POLICYHOLDER, ROLE_ADJUSTER] in one or more steps.
2026-03-04 21:54:16.507 [main] [] DEBUG o.s.s.a.h.RoleHierarchyImpl - buildRolesReachableInOneOrMoreStepsMap() - From role ROLE_ADMIN one can reach [ROLE_POLICYHOLDER, ROLE_MANAGER, ROLE_ADJUSTER] in one or more steps.
2026-03-04 21:54:16.507 [main] [] DEBUG o.s.s.a.h.RoleHierarchyImpl - buildRolesReachableInOneOrMoreStepsMap() - From role ROLE_ADJUSTER one can reach [ROLE_POLICYHOLDER] in one or more steps.
2026-03-04 21:54:17.701 [main] [] INFO  o.s.b.a.e.web.EndpointLinksResolver - Exposing 4 endpoint(s) beneath base path '/actuator'
2026-03-04 21:54:17.924 [main] [] INFO  o.s.s.web.DefaultSecurityFilterChain - Will secure any request with [org.springframework.security.web.session.DisableEncodeUrlFilter@5f59b6c5, org.springframework.security.web.context.request.async.WebAsyncManagerIntegrationFilter@77c41838, org.springframework.security.web.context.SecurityContextHolderFilter@79408109, org.springframework.security.web.header.HeaderWriterFilter@3f563397, org.springframework.web.filter.CorsFilter@1872a7fe, org.springframework.security.web.authentication.logout.LogoutFilter@77217c17, com.claimswift.reportingservice.security.JwtAuthenticationFilter@3c62be3c, org.springframework.security.web.savedrequest.RequestCacheAwareFilter@503b5337, org.springframework.security.web.servletapi.SecurityContextHolderAwareRequestFilter@c53dfb2, org.springframework.security.web.authentication.AnonymousAuthenticationFilter@70720b78, org.springframework.security.web.session.SessionManagementFilter@6dae5562, org.springframework.security.web.access.ExceptionTranslationFilter@1106a9cc, org.springframework.security.web.access.intercept.AuthorizationFilter@632a7680]
2026-03-04 21:54:19.483 [main] [] INFO  o.s.c.n.e.c.DiscoveryClientOptionalArgsConfiguration - Eureka HTTP Client uses RestTemplate.
2026-03-04 21:54:19.609 [main] [] WARN  o.s.c.l.c.LoadBalancerCacheAutoConfiguration$LoadBalancerCaffeineWarnLogger - Spring Cloud LoadBalancer is currently working with the default cache. While this cache implementation is useful for development and tests, it's recommended to use Caffeine cache in production.You can switch to using Caffeine cache, by adding it and org.springframework.cache.caffeine.CaffeineCacheManager to the classpath.
2026-03-04 21:54:19.816 [main] [] INFO  o.s.c.n.eureka.InstanceInfoFactory - Setting initial instance status as: STARTING
2026-03-04 21:54:20.039 [main] [] INFO  c.netflix.discovery.DiscoveryClient - Initializing Eureka in region us-east-1
2026-03-04 21:54:20.055 [main] [] INFO  c.n.d.s.r.aws.ConfigClusterResolver - Resolving eureka endpoints via configuration
2026-03-04 21:54:20.102 [main] [] INFO  c.netflix.discovery.DiscoveryClient - Disable delta property : false
2026-03-04 21:54:20.102 [main] [] INFO  c.netflix.discovery.DiscoveryClient - Single vip registry refresh property : null
2026-03-04 21:54:20.102 [main] [] INFO  c.netflix.discovery.DiscoveryClient - Force full registry fetch : false
2026-03-04 21:54:20.102 [main] [] INFO  c.netflix.discovery.DiscoveryClient - Application is null : false
2026-03-04 21:54:20.102 [main] [] INFO  c.netflix.discovery.DiscoveryClient - Registered Applications size is zero : true
2026-03-04 21:54:20.102 [main] [] INFO  c.netflix.discovery.DiscoveryClient - Application version is -1: true
2026-03-04 21:54:20.102 [main] [] INFO  c.netflix.discovery.DiscoveryClient - Getting all instance registry info from the eureka server
2026-03-04 21:54:20.832 [main] [] INFO  c.netflix.discovery.DiscoveryClient - The response status is 200
2026-03-04 21:54:20.832 [main] [] INFO  c.netflix.discovery.DiscoveryClient - Starting heartbeat executor: renew interval is: 30
2026-03-04 21:54:20.848 [main] [] INFO  c.n.discovery.InstanceInfoReplicator - InstanceInfoReplicator onDemand update allowed rate per min is 4
2026-03-04 21:54:20.848 [main] [] INFO  c.netflix.discovery.DiscoveryClient - Discovery Client initialized at timestamp 1772641460848 with initial instances count: 3
2026-03-04 21:54:20.880 [main] [] INFO  o.s.c.n.e.s.EurekaServiceRegistry - Registering application REPORTING-SERVICE with eureka with status UP
2026-03-04 21:54:20.880 [main] [] INFO  c.netflix.discovery.DiscoveryClient - Saw local status change event StatusChangeEvent [timestamp=1772641460880, current=UP, previous=STARTING]
2026-03-04 21:54:20.880 [main] [] WARN  c.n.discovery.InstanceInfoReplicator - Ignoring onDemand update due to rate limiter
2026-03-04 21:54:20.880 [DiscoveryClient-InstanceInfoReplicator-0] [] INFO  c.netflix.discovery.DiscoveryClient - DiscoveryClient_REPORTING-SERVICE/IBLW5CD324RM64:reporting-service:8087: registering service...
2026-03-04 21:54:20.993 [main] [] INFO  o.s.b.w.e.tomcat.TomcatWebServer - Tomcat started on port 8087 (http) with context path ''
2026-03-04 21:54:20.993 [main] [] INFO  o.s.c.n.e.s.EurekaAutoServiceRegistration - Updating port to 8087
2026-03-04 21:54:21.039 [main] [] INFO  c.c.r.ReportingServiceApplication - Started ReportingServiceApplication in 30.95 seconds (process running for 32.491)
2026-03-04 21:54:21.122 [DiscoveryClient-InstanceInfoReplicator-0] [] INFO  c.netflix.discovery.DiscoveryClient - DiscoveryClient_REPORTING-SERVICE/IBLW5CD324RM64:reporting-service:8087 - registration status: 204
2026-03-04 21:59:20.110 [AsyncResolver-bootstrap-executor-0] [] INFO  c.n.d.s.r.aws.ConfigClusterResolver - Resolving eureka endpoints via configuration
2026-03-04 22:04:20.125 [AsyncResolver-bootstrap-executor-0] [] INFO  c.n.d.s.r.aws.ConfigClusterResolver - Resolving eureka endpoints via configuration
2026-03-04 22:09:20.142 [AsyncResolver-bootstrap-executor-0] [] INFO  c.n.d.s.r.aws.ConfigClusterResolver - Resolving eureka endpoints via configuration
2026-03-04 22:14:20.158 [AsyncResolver-bootstrap-executor-0] [] INFO  c.n.d.s.r.aws.ConfigClusterResolver - Resolving eureka endpoints via configuration
2026-03-04 22:19:20.168 [AsyncResolver-bootstrap-executor-0] [] INFO  c.n.d.s.r.aws.ConfigClusterResolver - Resolving eureka endpoints via configuration
2026-03-04 22:24:20.172 [AsyncResolver-bootstrap-executor-0] [] INFO  c.n.d.s.r.aws.ConfigClusterResolver - Resolving eureka endpoints via configuration
2026-03-04 22:26:06.301 [http-nio-8087-exec-1] [] INFO  o.a.c.c.C.[Tomcat].[localhost].[/] - Initializing Spring DispatcherServlet 'dispatcherServlet'
2026-03-04 22:26:06.303 [http-nio-8087-exec-1] [] INFO  o.s.web.servlet.DispatcherServlet - Initializing Servlet 'dispatcherServlet'
2026-03-04 22:26:06.323 [http-nio-8087-exec-1] [] INFO  o.s.web.servlet.DispatcherServlet - Completed initialization in 19 ms
2026-03-04 22:26:06.365 [http-nio-8087-exec-1] [cdca3b1f-5aad-4108-825c-b11049e2689e] DEBUG o.s.security.web.FilterChainProxy - Securing POST /api/reports/claim-event
2026-03-04 22:26:06.393 [http-nio-8087-exec-1] [cdca3b1f-5aad-4108-825c-b11049e2689e] WARN  o.s.w.s.h.HandlerMappingIntrospector - Cache miss for REQUEST dispatch to '/api/reports/claim-event' (previous null). Performing CorsConfiguration lookup. This is logged once only at WARN level, and every time at TRACE.
2026-03-04 22:26:06.654 [http-nio-8087-exec-1] [cdca3b1f-5aad-4108-825c-b11049e2689e] DEBUG c.c.r.s.JwtAuthenticationFilter - Authenticated user: vikas123 for URI: /api/reports/claim-event
2026-03-04 22:26:06.668 [http-nio-8087-exec-1] [cdca3b1f-5aad-4108-825c-b11049e2689e] WARN  o.s.w.s.h.HandlerMappingIntrospector - Cache miss for REQUEST dispatch to '/api/reports/claim-event' (previous null). Performing MatchableHandlerMapping lookup. This is logged once only at WARN level, and every time at TRACE.
2026-03-04 22:26:06.696 [http-nio-8087-exec-1] [cdca3b1f-5aad-4108-825c-b11049e2689e] DEBUG o.s.security.web.FilterChainProxy - Secured POST /api/reports/claim-event
2026-03-04 22:26:06.910 [http-nio-8087-exec-1] [cdca3b1f-5aad-4108-825c-b11049e2689e] DEBUG o.s.s.a.m.AuthorizationManagerBeforeMethodInterceptor - Authorizing method invocation ReflectiveMethodInvocation: public org.springframework.http.ResponseEntity com.claimswift.reportingservice.controller.ReportingController.reportClaimEvent(java.util.Map); target is of class [com.claimswift.reportingservice.controller.ReportingController]
2026-03-04 22:26:06.975 [http-nio-8087-exec-1] [cdca3b1f-5aad-4108-825c-b11049e2689e] DEBUG o.s.s.a.h.RoleHierarchyImpl - getReachableGrantedAuthorities() - From the roles [ROLE_POLICYHOLDER] one can reach [ROLE_POLICYHOLDER] in zero or more steps.
2026-03-04 22:26:06.988 [http-nio-8087-exec-1] [cdca3b1f-5aad-4108-825c-b11049e2689e] DEBUG o.s.s.a.m.AuthorizationManagerBeforeMethodInterceptor - Authorized method invocation ReflectiveMethodInvocation: public org.springframework.http.ResponseEntity com.claimswift.reportingservice.controller.ReportingController.reportClaimEvent(java.util.Map); target is of class [com.claimswift.reportingservice.controller.ReportingController]
2026-03-04 22:26:07.178 [http-nio-8087-exec-1] [cdca3b1f-5aad-4108-825c-b11049e2689e] INFO  c.c.r.controller.ReportingController - Claim event received: {claimId=45, eventType=CLAIM_SUBMITTED, claimNumber=CLM-9FE51429, timestamp=2026-03-04T22:26:05.7387461}
2026-03-04 22:29:20.192 [AsyncResolver-bootstrap-executor-0] [] INFO  c.n.d.s.r.aws.ConfigClusterResolver - Resolving eureka endpoints via configuration
2026-03-04 22:33:08.938 [http-nio-8087-exec-2] [08b603f7-a0c1-4c94-a39d-7a4219ab8cfb] DEBUG o.s.security.web.FilterChainProxy - Securing POST /api/reports/status-change
2026-03-04 22:33:08.941 [http-nio-8087-exec-2] [08b603f7-a0c1-4c94-a39d-7a4219ab8cfb] DEBUG c.c.r.s.JwtAuthenticationFilter - Authenticated user: naveen123 for URI: /api/reports/status-change
2026-03-04 22:33:08.956 [http-nio-8087-exec-2] [08b603f7-a0c1-4c94-a39d-7a4219ab8cfb] DEBUG o.s.security.web.FilterChainProxy - Secured POST /api/reports/status-change
2026-03-04 22:33:08.957 [http-nio-8087-exec-2] [08b603f7-a0c1-4c94-a39d-7a4219ab8cfb] DEBUG o.s.s.a.m.AuthorizationManagerBeforeMethodInterceptor - Authorizing method invocation ReflectiveMethodInvocation: public org.springframework.http.ResponseEntity com.claimswift.reportingservice.controller.ReportingController.reportStatusChange(java.util.Map); target is of class [com.claimswift.reportingservice.controller.ReportingController]
2026-03-04 22:33:08.957 [http-nio-8087-exec-2] [08b603f7-a0c1-4c94-a39d-7a4219ab8cfb] DEBUG o.s.s.a.h.RoleHierarchyImpl - getReachableGrantedAuthorities() - From the roles [ROLE_ADJUSTER] one can reach [ROLE_POLICYHOLDER, ROLE_ADJUSTER] in zero or more steps.
2026-03-04 22:33:08.957 [http-nio-8087-exec-2] [08b603f7-a0c1-4c94-a39d-7a4219ab8cfb] DEBUG o.s.s.a.m.AuthorizationManagerBeforeMethodInterceptor - Authorized method invocation ReflectiveMethodInvocation: public org.springframework.http.ResponseEntity com.claimswift.reportingservice.controller.ReportingController.reportStatusChange(java.util.Map); target is of class [com.claimswift.reportingservice.controller.ReportingController]
2026-03-04 22:33:08.976 [http-nio-8087-exec-2] [08b603f7-a0c1-4c94-a39d-7a4219ab8cfb] WARN  c.c.r.e.GlobalExceptionHandler - Invalid argument: status is required in status payload
2026-03-04 22:33:30.669 [http-nio-8087-exec-3] [dc348bd1-c666-492b-b37f-1a80b9949974] DEBUG o.s.security.web.FilterChainProxy - Securing POST /api/reports/status-change
2026-03-04 22:33:30.681 [http-nio-8087-exec-3] [dc348bd1-c666-492b-b37f-1a80b9949974] DEBUG c.c.r.s.JwtAuthenticationFilter - Authenticated user: naveen123 for URI: /api/reports/status-change
2026-03-04 22:33:30.685 [http-nio-8087-exec-3] [dc348bd1-c666-492b-b37f-1a80b9949974] DEBUG o.s.security.web.FilterChainProxy - Secured POST /api/reports/status-change
2026-03-04 22:33:30.685 [http-nio-8087-exec-3] [dc348bd1-c666-492b-b37f-1a80b9949974] DEBUG o.s.s.a.m.AuthorizationManagerBeforeMethodInterceptor - Authorizing method invocation ReflectiveMethodInvocation: public org.springframework.http.ResponseEntity com.claimswift.reportingservice.controller.ReportingController.reportStatusChange(java.util.Map); target is of class [com.claimswift.reportingservice.controller.ReportingController]
2026-03-04 22:33:30.685 [http-nio-8087-exec-3] [dc348bd1-c666-492b-b37f-1a80b9949974] DEBUG o.s.s.a.h.RoleHierarchyImpl - getReachableGrantedAuthorities() - From the roles [ROLE_ADJUSTER] one can reach [ROLE_POLICYHOLDER, ROLE_ADJUSTER] in zero or more steps.
2026-03-04 22:33:30.685 [http-nio-8087-exec-3] [dc348bd1-c666-492b-b37f-1a80b9949974] DEBUG o.s.s.a.m.AuthorizationManagerBeforeMethodInterceptor - Authorized method invocation ReflectiveMethodInvocation: public org.springframework.http.ResponseEntity com.claimswift.reportingservice.controller.ReportingController.reportStatusChange(java.util.Map); target is of class [com.claimswift.reportingservice.controller.ReportingController]
2026-03-04 22:33:30.685 [http-nio-8087-exec-3] [dc348bd1-c666-492b-b37f-1a80b9949974] WARN  c.c.r.e.GlobalExceptionHandler - Invalid argument: status is required in status payload
2026-03-04 22:34:20.195 [AsyncResolver-bootstrap-executor-0] [] INFO  c.n.d.s.r.aws.ConfigClusterResolver - Resolving eureka endpoints via configuration
2026-03-04 22:34:35.000 [http-nio-8087-exec-4] [7420dfe8-3e73-4337-9c6a-38056bf1199d] DEBUG o.s.security.web.FilterChainProxy - Securing POST /api/reports/status-change
2026-03-04 22:34:35.016 [http-nio-8087-exec-4] [7420dfe8-3e73-4337-9c6a-38056bf1199d] DEBUG c.c.r.s.JwtAuthenticationFilter - Authenticated user: naveen123 for URI: /api/reports/status-change
2026-03-04 22:34:35.016 [http-nio-8087-exec-4] [7420dfe8-3e73-4337-9c6a-38056bf1199d] DEBUG o.s.security.web.FilterChainProxy - Secured POST /api/reports/status-change
2026-03-04 22:34:35.033 [http-nio-8087-exec-4] [7420dfe8-3e73-4337-9c6a-38056bf1199d] DEBUG o.s.s.a.m.AuthorizationManagerBeforeMethodInterceptor - Authorizing method invocation ReflectiveMethodInvocation: public org.springframework.http.ResponseEntity com.claimswift.reportingservice.controller.ReportingController.reportStatusChange(java.util.Map); target is of class [com.claimswift.reportingservice.controller.ReportingController]
2026-03-04 22:34:35.033 [http-nio-8087-exec-4] [7420dfe8-3e73-4337-9c6a-38056bf1199d] DEBUG o.s.s.a.h.RoleHierarchyImpl - getReachableGrantedAuthorities() - From the roles [ROLE_ADJUSTER] one can reach [ROLE_POLICYHOLDER, ROLE_ADJUSTER] in zero or more steps.
2026-03-04 22:34:35.033 [http-nio-8087-exec-4] [7420dfe8-3e73-4337-9c6a-38056bf1199d] DEBUG o.s.s.a.m.AuthorizationManagerBeforeMethodInterceptor - Authorized method invocation ReflectiveMethodInvocation: public org.springframework.http.ResponseEntity com.claimswift.reportingservice.controller.ReportingController.reportStatusChange(java.util.Map); target is of class [com.claimswift.reportingservice.controller.ReportingController]
2026-03-04 22:34:35.033 [http-nio-8087-exec-4] [7420dfe8-3e73-4337-9c6a-38056bf1199d] WARN  c.c.r.e.GlobalExceptionHandler - Invalid argument: status is required in status payload
2026-03-04 22:35:57.991 [http-nio-8087-exec-5] [7f67e123-ad2e-42ec-b963-91e9ff4901c6] DEBUG o.s.security.web.FilterChainProxy - Securing POST /api/reports/status-change
2026-03-04 22:35:57.997 [http-nio-8087-exec-5] [7f67e123-ad2e-42ec-b963-91e9ff4901c6] DEBUG c.c.r.s.JwtAuthenticationFilter - Authenticated user: naveen123 for URI: /api/reports/status-change
2026-03-04 22:35:57.997 [http-nio-8087-exec-5] [7f67e123-ad2e-42ec-b963-91e9ff4901c6] DEBUG o.s.security.web.FilterChainProxy - Secured POST /api/reports/status-change
2026-03-04 22:35:57.997 [http-nio-8087-exec-5] [7f67e123-ad2e-42ec-b963-91e9ff4901c6] DEBUG o.s.s.a.m.AuthorizationManagerBeforeMethodInterceptor - Authorizing method invocation ReflectiveMethodInvocation: public org.springframework.http.ResponseEntity com.claimswift.reportingservice.controller.ReportingController.reportStatusChange(java.util.Map); target is of class [com.claimswift.reportingservice.controller.ReportingController]
2026-03-04 22:35:57.997 [http-nio-8087-exec-5] [7f67e123-ad2e-42ec-b963-91e9ff4901c6] DEBUG o.s.s.a.h.RoleHierarchyImpl - getReachableGrantedAuthorities() - From the roles [ROLE_ADJUSTER] one can reach [ROLE_POLICYHOLDER, ROLE_ADJUSTER] in zero or more steps.
2026-03-04 22:35:57.997 [http-nio-8087-exec-5] [7f67e123-ad2e-42ec-b963-91e9ff4901c6] DEBUG o.s.s.a.m.AuthorizationManagerBeforeMethodInterceptor - Authorized method invocation ReflectiveMethodInvocation: public org.springframework.http.ResponseEntity com.claimswift.reportingservice.controller.ReportingController.reportStatusChange(java.util.Map); target is of class [com.claimswift.reportingservice.controller.ReportingController]
2026-03-04 22:35:57.997 [http-nio-8087-exec-5] [7f67e123-ad2e-42ec-b963-91e9ff4901c6] WARN  c.c.r.e.GlobalExceptionHandler - Invalid argument: status is required in status payload
2026-03-04 22:36:20.779 [http-nio-8087-exec-6] [dbe438d2-b40a-431d-b121-77ad3c4b0aa0] DEBUG o.s.security.web.FilterChainProxy - Securing POST /api/reports/status-change
2026-03-04 22:36:20.779 [http-nio-8087-exec-6] [dbe438d2-b40a-431d-b121-77ad3c4b0aa0] DEBUG c.c.r.s.JwtAuthenticationFilter - Authenticated user: naveen123 for URI: /api/reports/status-change
2026-03-04 22:36:20.779 [http-nio-8087-exec-6] [dbe438d2-b40a-431d-b121-77ad3c4b0aa0] DEBUG o.s.security.web.FilterChainProxy - Secured POST /api/reports/status-change
2026-03-04 22:36:20.794 [http-nio-8087-exec-6] [dbe438d2-b40a-431d-b121-77ad3c4b0aa0] DEBUG o.s.s.a.m.AuthorizationManagerBeforeMethodInterceptor - Authorizing method invocation ReflectiveMethodInvocation: public org.springframework.http.ResponseEntity com.claimswift.reportingservice.controller.ReportingController.reportStatusChange(java.util.Map); target is of class [com.claimswift.reportingservice.controller.ReportingController]
2026-03-04 22:36:20.796 [http-nio-8087-exec-6] [dbe438d2-b40a-431d-b121-77ad3c4b0aa0] DEBUG o.s.s.a.h.RoleHierarchyImpl - getReachableGrantedAuthorities() - From the roles [ROLE_ADJUSTER] one can reach [ROLE_POLICYHOLDER, ROLE_ADJUSTER] in zero or more steps.
2026-03-04 22:36:20.798 [http-nio-8087-exec-6] [dbe438d2-b40a-431d-b121-77ad3c4b0aa0] DEBUG o.s.s.a.m.AuthorizationManagerBeforeMethodInterceptor - Authorized method invocation ReflectiveMethodInvocation: public org.springframework.http.ResponseEntity com.claimswift.reportingservice.controller.ReportingController.reportStatusChange(java.util.Map); target is of class [com.claimswift.reportingservice.controller.ReportingController]
2026-03-04 22:36:20.800 [http-nio-8087-exec-6] [dbe438d2-b40a-431d-b121-77ad3c4b0aa0] WARN  c.c.r.e.GlobalExceptionHandler - Invalid argument: status is required in status payload
2026-03-04 22:36:38.530 [http-nio-8087-exec-9] [bcd9f405-5e54-481d-b9bd-007f8a0ff68c] DEBUG o.s.security.web.FilterChainProxy - Securing GET /api/reports/payments
2026-03-04 22:36:38.530 [http-nio-8087-exec-8] [96b70cf4-468f-4ef8-94e6-4cad83ebb532] DEBUG o.s.security.web.FilterChainProxy - Securing GET /api/reports/adjusters/performance
2026-03-04 22:36:38.530 [http-nio-8087-exec-7] [b4235c38-651a-4720-a2f5-79eca6949379] DEBUG o.s.security.web.FilterChainProxy - Securing GET /api/reports/claims/summary
2026-03-04 22:36:38.554 [http-nio-8087-exec-9] [bcd9f405-5e54-481d-b9bd-007f8a0ff68c] DEBUG c.c.r.s.JwtAuthenticationFilter - Authenticated user: naveen123 for URI: /api/reports/payments
2026-03-04 22:36:38.554 [http-nio-8087-exec-8] [96b70cf4-468f-4ef8-94e6-4cad83ebb532] DEBUG c.c.r.s.JwtAuthenticationFilter - Authenticated user: naveen123 for URI: /api/reports/adjusters/performance
2026-03-04 22:36:38.554 [http-nio-8087-exec-7] [b4235c38-651a-4720-a2f5-79eca6949379] DEBUG c.c.r.s.JwtAuthenticationFilter - Authenticated user: naveen123 for URI: /api/reports/claims/summary
2026-03-04 22:36:38.565 [http-nio-8087-exec-9] [bcd9f405-5e54-481d-b9bd-007f8a0ff68c] DEBUG o.s.security.web.FilterChainProxy - Secured GET /api/reports/payments
2026-03-04 22:36:38.565 [http-nio-8087-exec-8] [96b70cf4-468f-4ef8-94e6-4cad83ebb532] DEBUG o.s.security.web.FilterChainProxy - Secured GET /api/reports/adjusters/performance
2026-03-04 22:36:38.567 [http-nio-8087-exec-7] [b4235c38-651a-4720-a2f5-79eca6949379] DEBUG o.s.security.web.FilterChainProxy - Secured GET /api/reports/claims/summary
2026-03-04 22:36:38.567 [http-nio-8087-exec-9] [bcd9f405-5e54-481d-b9bd-007f8a0ff68c] DEBUG o.s.s.a.m.AuthorizationManagerBeforeMethodInterceptor - Authorizing method invocation ReflectiveMethodInvocation: public org.springframework.http.ResponseEntity com.claimswift.reportingservice.controller.ReportingController.getPaymentReport(java.time.LocalDate,java.time.LocalDate); target is of class [com.claimswift.reportingservice.controller.ReportingController]
2026-03-04 22:36:38.567 [http-nio-8087-exec-8] [96b70cf4-468f-4ef8-94e6-4cad83ebb532] DEBUG o.s.s.a.m.AuthorizationManagerBeforeMethodInterceptor - Authorizing method invocation ReflectiveMethodInvocation: public org.springframework.http.ResponseEntity com.claimswift.reportingservice.controller.ReportingController.getAdjusterPerformanceReport(java.time.LocalDate,java.time.LocalDate); target is of class [com.claimswift.reportingservice.controller.ReportingController]
2026-03-04 22:36:38.567 [http-nio-8087-exec-7] [b4235c38-651a-4720-a2f5-79eca6949379] DEBUG o.s.s.a.m.AuthorizationManagerBeforeMethodInterceptor - Authorizing method invocation ReflectiveMethodInvocation: public org.springframework.http.ResponseEntity com.claimswift.reportingservice.controller.ReportingController.getClaimSummaryReport(java.time.LocalDate,java.time.LocalDate); target is of class [com.claimswift.reportingservice.controller.ReportingController]
2026-03-04 22:36:38.567 [http-nio-8087-exec-9] [bcd9f405-5e54-481d-b9bd-007f8a0ff68c] DEBUG o.s.s.a.h.RoleHierarchyImpl - getReachableGrantedAuthorities() - From the roles [ROLE_ADJUSTER] one can reach [ROLE_POLICYHOLDER, ROLE_ADJUSTER] in zero or more steps.
2026-03-04 22:36:38.567 [http-nio-8087-exec-7] [b4235c38-651a-4720-a2f5-79eca6949379] DEBUG o.s.s.a.h.RoleHierarchyImpl - getReachableGrantedAuthorities() - From the roles [ROLE_ADJUSTER] one can reach [ROLE_POLICYHOLDER, ROLE_ADJUSTER] in zero or more steps.
2026-03-04 22:36:38.567 [http-nio-8087-exec-8] [96b70cf4-468f-4ef8-94e6-4cad83ebb532] DEBUG o.s.s.a.h.RoleHierarchyImpl - getReachableGrantedAuthorities() - From the roles [ROLE_ADJUSTER] one can reach [ROLE_POLICYHOLDER, ROLE_ADJUSTER] in zero or more steps.
2026-03-04 22:36:38.567 [http-nio-8087-exec-9] [bcd9f405-5e54-481d-b9bd-007f8a0ff68c] DEBUG o.s.s.a.m.AuthorizationManagerBeforeMethodInterceptor - Authorized method invocation ReflectiveMethodInvocation: public org.springframework.http.ResponseEntity com.claimswift.reportingservice.controller.ReportingController.getPaymentReport(java.time.LocalDate,java.time.LocalDate); target is of class [com.claimswift.reportingservice.controller.ReportingController]
2026-03-04 22:36:38.567 [http-nio-8087-exec-7] [b4235c38-651a-4720-a2f5-79eca6949379] DEBUG o.s.s.a.m.AuthorizationManagerBeforeMethodInterceptor - Authorized method invocation ReflectiveMethodInvocation: public org.springframework.http.ResponseEntity com.claimswift.reportingservice.controller.ReportingController.getClaimSummaryReport(java.time.LocalDate,java.time.LocalDate); target is of class [com.claimswift.reportingservice.controller.ReportingController]
2026-03-04 22:36:38.567 [http-nio-8087-exec-9] [bcd9f405-5e54-481d-b9bd-007f8a0ff68c] INFO  c.c.r.controller.ReportingController - Generating payment report for period: null to null
2026-03-04 22:36:38.567 [http-nio-8087-exec-7] [b4235c38-651a-4720-a2f5-79eca6949379] INFO  c.c.r.controller.ReportingController - Generating claim summary report for period: null to null
2026-03-04 22:36:38.582 [http-nio-8087-exec-7] [b4235c38-651a-4720-a2f5-79eca6949379] DEBUG c.c.r.client.ClaimServiceClient - [ClaimServiceClient#getAllClaims] ---> GET http://claim-service/api/claims/internal/all HTTP/1.1
2026-03-04 22:36:38.582 [http-nio-8087-exec-9] [bcd9f405-5e54-481d-b9bd-007f8a0ff68c] DEBUG c.c.r.client.PaymentServiceClient - [PaymentServiceClient#getAllPayments] ---> GET http://payment-service/api/payments/internal/all HTTP/1.1
2026-03-04 22:36:38.596 [http-nio-8087-exec-8] [96b70cf4-468f-4ef8-94e6-4cad83ebb532] DEBUG o.s.s.a.m.AuthorizationManagerBeforeMethodInterceptor - Failed to authorize ReflectiveMethodInvocation: public org.springframework.http.ResponseEntity com.claimswift.reportingservice.controller.ReportingController.getAdjusterPerformanceReport(java.time.LocalDate,java.time.LocalDate); target is of class [com.claimswift.reportingservice.controller.ReportingController] with authorization manager org.springframework.security.config.annotation.method.configuration.DeferringObservationAuthorizationManager@2c53a7cb and decision ExpressionAuthorizationDecision [granted=false, expressionAttribute=hasRole('MANAGER')]
2026-03-04 22:36:38.596 [http-nio-8087-exec-8] [96b70cf4-468f-4ef8-94e6-4cad83ebb532] WARN  c.c.r.e.GlobalExceptionHandler - Access denied: Access Denied
2026-03-04 22:36:38.875 [http-nio-8087-exec-7] [b4235c38-651a-4720-a2f5-79eca6949379] DEBUG c.c.r.client.ClaimServiceClient - [ClaimServiceClient#getAllClaims] <--- HTTP/1.1 200 (290ms)
2026-03-04 22:36:38.968 [http-nio-8087-exec-9] [bcd9f405-5e54-481d-b9bd-007f8a0ff68c] DEBUG c.c.r.client.PaymentServiceClient - [PaymentServiceClient#getAllPayments] <--- HTTP/1.1 200 (382ms)
2026-03-04 22:36:44.687 [http-nio-8087-exec-1] [ba11ef51-932b-4fa2-9977-3f616116019a] DEBUG o.s.security.web.FilterChainProxy - Securing GET /api/reports/adjusters/performance
2026-03-04 22:36:44.688 [http-nio-8087-exec-10] [4f919683-d603-4c20-8dea-d2eb2f3f83c9] DEBUG o.s.security.web.FilterChainProxy - Securing GET /api/reports/claims/summary
2026-03-04 22:36:44.691 [http-nio-8087-exec-2] [84b0ae53-fe5a-422d-a13e-8702014bcadb] DEBUG o.s.security.web.FilterChainProxy - Securing GET /api/reports/payments
2026-03-04 22:36:44.696 [http-nio-8087-exec-10] [4f919683-d603-4c20-8dea-d2eb2f3f83c9] DEBUG c.c.r.s.JwtAuthenticationFilter - Authenticated user: naveen123 for URI: /api/reports/claims/summary
2026-03-04 22:36:44.696 [http-nio-8087-exec-1] [ba11ef51-932b-4fa2-9977-3f616116019a] DEBUG c.c.r.s.JwtAuthenticationFilter - Authenticated user: naveen123 for URI: /api/reports/adjusters/performance
2026-03-04 22:36:44.699 [http-nio-8087-exec-2] [84b0ae53-fe5a-422d-a13e-8702014bcadb] DEBUG c.c.r.s.JwtAuthenticationFilter - Authenticated user: naveen123 for URI: /api/reports/payments
2026-03-04 22:36:44.700 [http-nio-8087-exec-1] [ba11ef51-932b-4fa2-9977-3f616116019a] DEBUG o.s.security.web.FilterChainProxy - Secured GET /api/reports/adjusters/performance
2026-03-04 22:36:44.700 [http-nio-8087-exec-10] [4f919683-d603-4c20-8dea-d2eb2f3f83c9] DEBUG o.s.security.web.FilterChainProxy - Secured GET /api/reports/claims/summary
2026-03-04 22:36:44.701 [http-nio-8087-exec-10] [4f919683-d603-4c20-8dea-d2eb2f3f83c9] DEBUG o.s.s.a.m.AuthorizationManagerBeforeMethodInterceptor - Authorizing method invocation ReflectiveMethodInvocation: public org.springframework.http.ResponseEntity com.claimswift.reportingservice.controller.ReportingController.getClaimSummaryReport(java.time.LocalDate,java.time.LocalDate); target is of class [com.claimswift.reportingservice.controller.ReportingController]
2026-03-04 22:36:44.701 [http-nio-8087-exec-1] [ba11ef51-932b-4fa2-9977-3f616116019a] DEBUG o.s.s.a.m.AuthorizationManagerBeforeMethodInterceptor - Authorizing method invocation ReflectiveMethodInvocation: public org.springframework.http.ResponseEntity com.claimswift.reportingservice.controller.ReportingController.getAdjusterPerformanceReport(java.time.LocalDate,java.time.LocalDate); target is of class [com.claimswift.reportingservice.controller.ReportingController]
2026-03-04 22:36:44.702 [http-nio-8087-exec-10] [4f919683-d603-4c20-8dea-d2eb2f3f83c9] DEBUG o.s.s.a.h.RoleHierarchyImpl - getReachableGrantedAuthorities() - From the roles [ROLE_ADJUSTER] one can reach [ROLE_POLICYHOLDER, ROLE_ADJUSTER] in zero or more steps.
2026-03-04 22:36:44.702 [http-nio-8087-exec-1] [ba11ef51-932b-4fa2-9977-3f616116019a] DEBUG o.s.s.a.h.RoleHierarchyImpl - getReachableGrantedAuthorities() - From the roles [ROLE_ADJUSTER] one can reach [ROLE_POLICYHOLDER, ROLE_ADJUSTER] in zero or more steps.
2026-03-04 22:36:44.702 [http-nio-8087-exec-10] [4f919683-d603-4c20-8dea-d2eb2f3f83c9] DEBUG o.s.s.a.m.AuthorizationManagerBeforeMethodInterceptor - Authorized method invocation ReflectiveMethodInvocation: public org.springframework.http.ResponseEntity com.claimswift.reportingservice.controller.ReportingController.getClaimSummaryReport(java.time.LocalDate,java.time.LocalDate); target is of class [com.claimswift.reportingservice.controller.ReportingController]
2026-03-04 22:36:44.703 [http-nio-8087-exec-1] [ba11ef51-932b-4fa2-9977-3f616116019a] DEBUG o.s.s.a.m.AuthorizationManagerBeforeMethodInterceptor - Failed to authorize ReflectiveMethodInvocation: public org.springframework.http.ResponseEntity com.claimswift.reportingservice.controller.ReportingController.getAdjusterPerformanceReport(java.time.LocalDate,java.time.LocalDate); target is of class [com.claimswift.reportingservice.controller.ReportingController] with authorization manager org.springframework.security.config.annotation.method.configuration.DeferringObservationAuthorizationManager@2c53a7cb and decision ExpressionAuthorizationDecision [granted=false, expressionAttribute=hasRole('MANAGER')]
2026-03-04 22:36:44.704 [http-nio-8087-exec-10] [4f919683-d603-4c20-8dea-d2eb2f3f83c9] INFO  c.c.r.controller.ReportingController - Generating claim summary report for period: null to null
2026-03-04 22:36:44.704 [http-nio-8087-exec-2] [84b0ae53-fe5a-422d-a13e-8702014bcadb] DEBUG o.s.security.web.FilterChainProxy - Secured GET /api/reports/payments
2026-03-04 22:36:44.705 [http-nio-8087-exec-10] [4f919683-d603-4c20-8dea-d2eb2f3f83c9] DEBUG c.c.r.client.ClaimServiceClient - [ClaimServiceClient#getAllClaims] ---> GET http://claim-service/api/claims/internal/all HTTP/1.1
2026-03-04 22:36:44.705 [http-nio-8087-exec-2] [84b0ae53-fe5a-422d-a13e-8702014bcadb] DEBUG o.s.s.a.m.AuthorizationManagerBeforeMethodInterceptor - Authorizing method invocation ReflectiveMethodInvocation: public org.springframework.http.ResponseEntity com.claimswift.reportingservice.controller.ReportingController.getPaymentReport(java.time.LocalDate,java.time.LocalDate); target is of class [com.claimswift.reportingservice.controller.ReportingController]
2026-03-04 22:36:44.706 [http-nio-8087-exec-1] [ba11ef51-932b-4fa2-9977-3f616116019a] WARN  c.c.r.e.GlobalExceptionHandler - Access denied: Access Denied
2026-03-04 22:36:44.706 [http-nio-8087-exec-2] [84b0ae53-fe5a-422d-a13e-8702014bcadb] DEBUG o.s.s.a.h.RoleHierarchyImpl - getReachableGrantedAuthorities() - From the roles [ROLE_ADJUSTER] one can reach [ROLE_POLICYHOLDER, ROLE_ADJUSTER] in zero or more steps.
2026-03-04 22:36:44.706 [http-nio-8087-exec-2] [84b0ae53-fe5a-422d-a13e-8702014bcadb] DEBUG o.s.s.a.m.AuthorizationManagerBeforeMethodInterceptor - Authorized method invocation ReflectiveMethodInvocation: public org.springframework.http.ResponseEntity com.claimswift.reportingservice.controller.ReportingController.getPaymentReport(java.time.LocalDate,java.time.LocalDate); target is of class [com.claimswift.reportingservice.controller.ReportingController]
2026-03-04 22:36:44.706 [http-nio-8087-exec-2] [84b0ae53-fe5a-422d-a13e-8702014bcadb] INFO  c.c.r.controller.ReportingController - Generating payment report for period: null to null
2026-03-04 22:36:44.708 [http-nio-8087-exec-2] [84b0ae53-fe5a-422d-a13e-8702014bcadb] DEBUG c.c.r.client.PaymentServiceClient - [PaymentServiceClient#getAllPayments] ---> GET http://payment-service/api/payments/internal/all HTTP/1.1
2026-03-04 22:36:44.727 [http-nio-8087-exec-10] [4f919683-d603-4c20-8dea-d2eb2f3f83c9] DEBUG c.c.r.client.ClaimServiceClient - [ClaimServiceClient#getAllClaims] <--- HTTP/1.1 200 (21ms)
2026-03-04 22:36:44.739 [http-nio-8087-exec-2] [84b0ae53-fe5a-422d-a13e-8702014bcadb] DEBUG c.c.r.client.PaymentServiceClient - [PaymentServiceClient#getAllPayments] <--- HTTP/1.1 200 (30ms)
2026-03-04 22:36:50.821 [http-nio-8087-exec-5] [4b0a40cd-096e-4b6d-80d3-a2cc286a0d23] DEBUG o.s.security.web.FilterChainProxy - Securing GET /api/reports/adjusters/performance
2026-03-04 22:36:50.821 [http-nio-8087-exec-3] [86fdc1d5-0c62-41b6-9883-d012f5bbbf3f] DEBUG o.s.security.web.FilterChainProxy - Securing GET /api/reports/claims/summary
2026-03-04 22:36:50.821 [http-nio-8087-exec-4] [48fc634c-7c51-432c-b660-78cee86bc1b9] DEBUG o.s.security.web.FilterChainProxy - Securing GET /api/reports/payments
2026-03-04 22:36:50.835 [http-nio-8087-exec-5] [4b0a40cd-096e-4b6d-80d3-a2cc286a0d23] DEBUG c.c.r.s.JwtAuthenticationFilter - Authenticated user: naveen123 for URI: /api/reports/adjusters/performance
2026-03-04 22:36:50.835 [http-nio-8087-exec-3] [86fdc1d5-0c62-41b6-9883-d012f5bbbf3f] DEBUG c.c.r.s.JwtAuthenticationFilter - Authenticated user: naveen123 for URI: /api/reports/claims/summary
2026-03-04 22:36:50.837 [http-nio-8087-exec-4] [48fc634c-7c51-432c-b660-78cee86bc1b9] DEBUG c.c.r.s.JwtAuthenticationFilter - Authenticated user: naveen123 for URI: /api/reports/payments
2026-03-04 22:36:50.846 [http-nio-8087-exec-5] [4b0a40cd-096e-4b6d-80d3-a2cc286a0d23] DEBUG o.s.security.web.FilterChainProxy - Secured GET /api/reports/adjusters/performance
2026-03-04 22:36:50.846 [http-nio-8087-exec-3] [86fdc1d5-0c62-41b6-9883-d012f5bbbf3f] DEBUG o.s.security.web.FilterChainProxy - Secured GET /api/reports/claims/summary
2026-03-04 22:36:50.846 [http-nio-8087-exec-4] [48fc634c-7c51-432c-b660-78cee86bc1b9] DEBUG o.s.security.web.FilterChainProxy - Secured GET /api/reports/payments
2026-03-04 22:36:50.850 [http-nio-8087-exec-5] [4b0a40cd-096e-4b6d-80d3-a2cc286a0d23] DEBUG o.s.s.a.m.AuthorizationManagerBeforeMethodInterceptor - Authorizing method invocation ReflectiveMethodInvocation: public org.springframework.http.ResponseEntity com.claimswift.reportingservice.controller.ReportingController.getAdjusterPerformanceReport(java.time.LocalDate,java.time.LocalDate); target is of class [com.claimswift.reportingservice.controller.ReportingController]
2026-03-04 22:36:50.850 [http-nio-8087-exec-3] [86fdc1d5-0c62-41b6-9883-d012f5bbbf3f] DEBUG o.s.s.a.m.AuthorizationManagerBeforeMethodInterceptor - Authorizing method invocation ReflectiveMethodInvocation: public org.springframework.http.ResponseEntity com.claimswift.reportingservice.controller.ReportingController.getClaimSummaryReport(java.time.LocalDate,java.time.LocalDate); target is of class [com.claimswift.reportingservice.controller.ReportingController]
2026-03-04 22:36:50.850 [http-nio-8087-exec-4] [48fc634c-7c51-432c-b660-78cee86bc1b9] DEBUG o.s.s.a.m.AuthorizationManagerBeforeMethodInterceptor - Authorizing method invocation ReflectiveMethodInvocation: public org.springframework.http.ResponseEntity com.claimswift.reportingservice.controller.ReportingController.getPaymentReport(java.time.LocalDate,java.time.LocalDate); target is of class [com.claimswift.reportingservice.controller.ReportingController]
2026-03-04 22:36:50.850 [http-nio-8087-exec-5] [4b0a40cd-096e-4b6d-80d3-a2cc286a0d23] DEBUG o.s.s.a.h.RoleHierarchyImpl - getReachableGrantedAuthorities() - From the roles [ROLE_ADJUSTER] one can reach [ROLE_POLICYHOLDER, ROLE_ADJUSTER] in zero or more steps.
2026-03-04 22:36:50.853 [http-nio-8087-exec-3] [86fdc1d5-0c62-41b6-9883-d012f5bbbf3f] DEBUG o.s.s.a.h.RoleHierarchyImpl - getReachableGrantedAuthorities() - From the roles [ROLE_ADJUSTER] one can reach [ROLE_POLICYHOLDER, ROLE_ADJUSTER] in zero or more steps.
2026-03-04 22:36:50.854 [http-nio-8087-exec-4] [48fc634c-7c51-432c-b660-78cee86bc1b9] DEBUG o.s.s.a.h.RoleHierarchyImpl - getReachableGrantedAuthorities() - From the roles [ROLE_ADJUSTER] one can reach [ROLE_POLICYHOLDER, ROLE_ADJUSTER] in zero or more steps.
2026-03-04 22:36:50.856 [http-nio-8087-exec-3] [86fdc1d5-0c62-41b6-9883-d012f5bbbf3f] DEBUG o.s.s.a.m.AuthorizationManagerBeforeMethodInterceptor - Authorized method invocation ReflectiveMethodInvocation: public org.springframework.http.ResponseEntity com.claimswift.reportingservice.controller.ReportingController.getClaimSummaryReport(java.time.LocalDate,java.time.LocalDate); target is of class [com.claimswift.reportingservice.controller.ReportingController]
2026-03-04 22:36:50.856 [http-nio-8087-exec-5] [4b0a40cd-096e-4b6d-80d3-a2cc286a0d23] DEBUG o.s.s.a.m.AuthorizationManagerBeforeMethodInterceptor - Failed to authorize ReflectiveMethodInvocation: public org.springframework.http.ResponseEntity com.claimswift.reportingservice.controller.ReportingController.getAdjusterPerformanceReport(java.time.LocalDate,java.time.LocalDate); target is of class [com.claimswift.reportingservice.controller.ReportingController] with authorization manager org.springframework.security.config.annotation.method.configuration.DeferringObservationAuthorizationManager@2c53a7cb and decision ExpressionAuthorizationDecision [granted=false, expressionAttribute=hasRole('MANAGER')]
2026-03-04 22:36:50.856 [http-nio-8087-exec-4] [48fc634c-7c51-432c-b660-78cee86bc1b9] DEBUG o.s.s.a.m.AuthorizationManagerBeforeMethodInterceptor - Authorized method invocation ReflectiveMethodInvocation: public org.springframework.http.ResponseEntity com.claimswift.reportingservice.controller.ReportingController.getPaymentReport(java.time.LocalDate,java.time.LocalDate); target is of class [com.claimswift.reportingservice.controller.ReportingController]
2026-03-04 22:36:50.856 [http-nio-8087-exec-3] [86fdc1d5-0c62-41b6-9883-d012f5bbbf3f] INFO  c.c.r.controller.ReportingController - Generating claim summary report for period: null to null
2026-03-04 22:36:50.856 [http-nio-8087-exec-4] [48fc634c-7c51-432c-b660-78cee86bc1b9] INFO  c.c.r.controller.ReportingController - Generating payment report for period: null to null
2026-03-04 22:36:50.856 [http-nio-8087-exec-5] [4b0a40cd-096e-4b6d-80d3-a2cc286a0d23] WARN  c.c.r.e.GlobalExceptionHandler - Access denied: Access Denied
2026-03-04 22:36:50.859 [http-nio-8087-exec-3] [86fdc1d5-0c62-41b6-9883-d012f5bbbf3f] DEBUG c.c.r.client.ClaimServiceClient - [ClaimServiceClient#getAllClaims] ---> GET http://claim-service/api/claims/internal/all HTTP/1.1
2026-03-04 22:36:50.860 [http-nio-8087-exec-4] [48fc634c-7c51-432c-b660-78cee86bc1b9] DEBUG c.c.r.client.PaymentServiceClient - [PaymentServiceClient#getAllPayments] ---> GET http://payment-service/api/payments/internal/all HTTP/1.1
2026-03-04 22:36:50.899 [http-nio-8087-exec-3] [86fdc1d5-0c62-41b6-9883-d012f5bbbf3f] DEBUG c.c.r.client.ClaimServiceClient - [ClaimServiceClient#getAllClaims] <--- HTTP/1.1 200 (39ms)
2026-03-04 22:36:50.917 [http-nio-8087-exec-4] [48fc634c-7c51-432c-b660-78cee86bc1b9] DEBUG c.c.r.client.PaymentServiceClient - [PaymentServiceClient#getAllPayments] <--- HTTP/1.1 200 (55ms)
2026-03-04 22:39:02.115 [http-nio-8087-exec-9] [ecf4cb30-fa82-48d8-9d4e-e441227d66ff] DEBUG o.s.security.web.FilterChainProxy - Securing POST /api/reports/claim-event
2026-03-04 22:39:02.121 [http-nio-8087-exec-9] [ecf4cb30-fa82-48d8-9d4e-e441227d66ff] DEBUG c.c.r.s.JwtAuthenticationFilter - Authenticated user: vikas123 for URI: /api/reports/claim-event
2026-03-04 22:39:02.121 [http-nio-8087-exec-9] [ecf4cb30-fa82-48d8-9d4e-e441227d66ff] DEBUG o.s.security.web.FilterChainProxy - Secured POST /api/reports/claim-event
2026-03-04 22:39:02.121 [http-nio-8087-exec-9] [ecf4cb30-fa82-48d8-9d4e-e441227d66ff] DEBUG o.s.s.a.m.AuthorizationManagerBeforeMethodInterceptor - Authorizing method invocation ReflectiveMethodInvocation: public org.springframework.http.ResponseEntity com.claimswift.reportingservice.controller.ReportingController.reportClaimEvent(java.util.Map); target is of class [com.claimswift.reportingservice.controller.ReportingController]
2026-03-04 22:39:02.128 [http-nio-8087-exec-9] [ecf4cb30-fa82-48d8-9d4e-e441227d66ff] DEBUG o.s.s.a.h.RoleHierarchyImpl - getReachableGrantedAuthorities() - From the roles [ROLE_POLICYHOLDER] one can reach [ROLE_POLICYHOLDER] in zero or more steps.
2026-03-04 22:39:02.129 [http-nio-8087-exec-9] [ecf4cb30-fa82-48d8-9d4e-e441227d66ff] DEBUG o.s.s.a.m.AuthorizationManagerBeforeMethodInterceptor - Authorized method invocation ReflectiveMethodInvocation: public org.springframework.http.ResponseEntity com.claimswift.reportingservice.controller.ReportingController.reportClaimEvent(java.util.Map); target is of class [com.claimswift.reportingservice.controller.ReportingController]
2026-03-04 22:39:02.131 [http-nio-8087-exec-9] [ecf4cb30-fa82-48d8-9d4e-e441227d66ff] INFO  c.c.r.controller.ReportingController - Claim event received: {claimId=46, eventType=CLAIM_SUBMITTED, claimNumber=CLM-2403A2FA, timestamp=2026-03-04T22:39:02.0989247}
2026-03-04 22:39:20.213 [AsyncResolver-bootstrap-executor-0] [] INFO  c.n.d.s.r.aws.ConfigClusterResolver - Resolving eureka endpoints via configuration
2026-03-04 22:44:20.224 [AsyncResolver-bootstrap-executor-0] [] INFO  c.n.d.s.r.aws.ConfigClusterResolver - Resolving eureka endpoints via configuration
2026-03-04 22:46:33.020 [http-nio-8087-exec-1] [daff234b-2a6e-4276-a95e-412d597ddaaa] DEBUG o.s.security.web.FilterChainProxy - Securing GET /api/reports/payments
2026-03-04 22:46:33.020 [http-nio-8087-exec-10] [d347bb2d-fd1f-4071-8c14-bea83ce58ac6] DEBUG o.s.security.web.FilterChainProxy - Securing GET /api/reports/claims/summary
2026-03-04 22:46:33.027 [http-nio-8087-exec-2] [767234ac-7df1-4a7a-9c19-fa12410384b1] DEBUG o.s.security.web.FilterChainProxy - Securing GET /api/reports/adjusters/performance
2026-03-04 22:46:33.028 [http-nio-8087-exec-1] [daff234b-2a6e-4276-a95e-412d597ddaaa] DEBUG c.c.r.s.JwtAuthenticationFilter - Authenticated user: shashank123 for URI: /api/reports/payments
2026-03-04 22:46:33.028 [http-nio-8087-exec-10] [d347bb2d-fd1f-4071-8c14-bea83ce58ac6] DEBUG c.c.r.s.JwtAuthenticationFilter - Authenticated user: shashank123 for URI: /api/reports/claims/summary
2026-03-04 22:46:33.029 [http-nio-8087-exec-2] [767234ac-7df1-4a7a-9c19-fa12410384b1] DEBUG c.c.r.s.JwtAuthenticationFilter - Authenticated user: shashank123 for URI: /api/reports/adjusters/performance
2026-03-04 22:46:33.029 [http-nio-8087-exec-1] [daff234b-2a6e-4276-a95e-412d597ddaaa] DEBUG o.s.security.web.FilterChainProxy - Secured GET /api/reports/payments
2026-03-04 22:46:33.029 [http-nio-8087-exec-10] [d347bb2d-fd1f-4071-8c14-bea83ce58ac6] DEBUG o.s.security.web.FilterChainProxy - Secured GET /api/reports/claims/summary
2026-03-04 22:46:33.030 [http-nio-8087-exec-1] [daff234b-2a6e-4276-a95e-412d597ddaaa] DEBUG o.s.s.a.m.AuthorizationManagerBeforeMethodInterceptor - Authorizing method invocation ReflectiveMethodInvocation: public org.springframework.http.ResponseEntity com.claimswift.reportingservice.controller.ReportingController.getPaymentReport(java.time.LocalDate,java.time.LocalDate); target is of class [com.claimswift.reportingservice.controller.ReportingController]
2026-03-04 22:46:33.031 [http-nio-8087-exec-10] [d347bb2d-fd1f-4071-8c14-bea83ce58ac6] DEBUG o.s.s.a.m.AuthorizationManagerBeforeMethodInterceptor - Authorizing method invocation ReflectiveMethodInvocation: public org.springframework.http.ResponseEntity com.claimswift.reportingservice.controller.ReportingController.getClaimSummaryReport(java.time.LocalDate,java.time.LocalDate); target is of class [com.claimswift.reportingservice.controller.ReportingController]
2026-03-04 22:46:33.032 [http-nio-8087-exec-1] [daff234b-2a6e-4276-a95e-412d597ddaaa] DEBUG o.s.s.a.h.RoleHierarchyImpl - getReachableGrantedAuthorities() - From the roles [ROLE_MANAGER] one can reach [ROLE_POLICYHOLDER, ROLE_MANAGER, ROLE_ADJUSTER] in zero or more steps.
2026-03-04 22:46:33.032 [http-nio-8087-exec-2] [767234ac-7df1-4a7a-9c19-fa12410384b1] DEBUG o.s.security.web.FilterChainProxy - Secured GET /api/reports/adjusters/performance
2026-03-04 22:46:33.032 [http-nio-8087-exec-10] [d347bb2d-fd1f-4071-8c14-bea83ce58ac6] DEBUG o.s.s.a.h.RoleHierarchyImpl - getReachableGrantedAuthorities() - From the roles [ROLE_MANAGER] one can reach [ROLE_POLICYHOLDER, ROLE_MANAGER, ROLE_ADJUSTER] in zero or more steps.
2026-03-04 22:46:33.033 [http-nio-8087-exec-1] [daff234b-2a6e-4276-a95e-412d597ddaaa] DEBUG o.s.s.a.m.AuthorizationManagerBeforeMethodInterceptor - Authorized method invocation ReflectiveMethodInvocation: public org.springframework.http.ResponseEntity com.claimswift.reportingservice.controller.ReportingController.getPaymentReport(java.time.LocalDate,java.time.LocalDate); target is of class [com.claimswift.reportingservice.controller.ReportingController]
2026-03-04 22:46:33.033 [http-nio-8087-exec-10] [d347bb2d-fd1f-4071-8c14-bea83ce58ac6] DEBUG o.s.s.a.m.AuthorizationManagerBeforeMethodInterceptor - Authorized method invocation ReflectiveMethodInvocation: public org.springframework.http.ResponseEntity com.claimswift.reportingservice.controller.ReportingController.getClaimSummaryReport(java.time.LocalDate,java.time.LocalDate); target is of class [com.claimswift.reportingservice.controller.ReportingController]
2026-03-04 22:46:33.033 [http-nio-8087-exec-2] [767234ac-7df1-4a7a-9c19-fa12410384b1] DEBUG o.s.s.a.m.AuthorizationManagerBeforeMethodInterceptor - Authorizing method invocation ReflectiveMethodInvocation: public org.springframework.http.ResponseEntity com.claimswift.reportingservice.controller.ReportingController.getAdjusterPerformanceReport(java.time.LocalDate,java.time.LocalDate); target is of class [com.claimswift.reportingservice.controller.ReportingController]
2026-03-04 22:46:33.033 [http-nio-8087-exec-10] [d347bb2d-fd1f-4071-8c14-bea83ce58ac6] INFO  c.c.r.controller.ReportingController - Generating claim summary report for period: null to null
2026-03-04 22:46:33.033 [http-nio-8087-exec-1] [daff234b-2a6e-4276-a95e-412d597ddaaa] INFO  c.c.r.controller.ReportingController - Generating payment report for period: null to null
2026-03-04 22:46:33.033 [http-nio-8087-exec-2] [767234ac-7df1-4a7a-9c19-fa12410384b1] DEBUG o.s.s.a.h.RoleHierarchyImpl - getReachableGrantedAuthorities() - From the roles [ROLE_MANAGER] one can reach [ROLE_POLICYHOLDER, ROLE_MANAGER, ROLE_ADJUSTER] in zero or more steps.
2026-03-04 22:46:33.035 [http-nio-8087-exec-10] [d347bb2d-fd1f-4071-8c14-bea83ce58ac6] DEBUG c.c.r.client.ClaimServiceClient - [ClaimServiceClient#getAllClaims] ---> GET http://claim-service/api/claims/internal/all HTTP/1.1
2026-03-04 22:46:33.035 [http-nio-8087-exec-1] [daff234b-2a6e-4276-a95e-412d597ddaaa] DEBUG c.c.r.client.PaymentServiceClient - [PaymentServiceClient#getAllPayments] ---> GET http://payment-service/api/payments/internal/all HTTP/1.1
2026-03-04 22:46:33.035 [http-nio-8087-exec-2] [767234ac-7df1-4a7a-9c19-fa12410384b1] DEBUG o.s.s.a.m.AuthorizationManagerBeforeMethodInterceptor - Authorized method invocation ReflectiveMethodInvocation: public org.springframework.http.ResponseEntity com.claimswift.reportingservice.controller.ReportingController.getAdjusterPerformanceReport(java.time.LocalDate,java.time.LocalDate); target is of class [com.claimswift.reportingservice.controller.ReportingController]
2026-03-04 22:46:33.036 [http-nio-8087-exec-2] [767234ac-7df1-4a7a-9c19-fa12410384b1] INFO  c.c.r.controller.ReportingController - Generating adjuster performance report for period: null to null
2026-03-04 22:46:33.037 [http-nio-8087-exec-2] [767234ac-7df1-4a7a-9c19-fa12410384b1] DEBUG c.c.r.client.ClaimServiceClient - [ClaimServiceClient#getAllClaims] ---> GET http://claim-service/api/claims/internal/all HTTP/1.1
2026-03-04 22:46:33.064 [http-nio-8087-exec-10] [d347bb2d-fd1f-4071-8c14-bea83ce58ac6] DEBUG c.c.r.client.ClaimServiceClient - [ClaimServiceClient#getAllClaims] <--- HTTP/1.1 200 (30ms)
2026-03-04 22:46:33.068 [http-nio-8087-exec-2] [767234ac-7df1-4a7a-9c19-fa12410384b1] DEBUG c.c.r.client.ClaimServiceClient - [ClaimServiceClient#getAllClaims] <--- HTTP/1.1 200 (31ms)
2026-03-04 22:46:33.096 [http-nio-8087-exec-1] [daff234b-2a6e-4276-a95e-412d597ddaaa] DEBUG c.c.r.client.PaymentServiceClient - [PaymentServiceClient#getAllPayments] <--- HTTP/1.1 200 (61ms)
2026-03-04 22:48:18.486 [http-nio-8087-exec-7] [08101065-792b-4eb6-9bfe-fded0efc3308] DEBUG o.s.security.web.FilterChainProxy - Securing POST /api/reports/status-change
2026-03-04 22:48:18.503 [http-nio-8087-exec-7] [08101065-792b-4eb6-9bfe-fded0efc3308] DEBUG c.c.r.s.JwtAuthenticationFilter - Authenticated user: naveen123 for URI: /api/reports/status-change
2026-03-04 22:48:18.503 [http-nio-8087-exec-7] [08101065-792b-4eb6-9bfe-fded0efc3308] DEBUG o.s.security.web.FilterChainProxy - Secured POST /api/reports/status-change
2026-03-04 22:48:18.503 [http-nio-8087-exec-7] [08101065-792b-4eb6-9bfe-fded0efc3308] DEBUG o.s.s.a.m.AuthorizationManagerBeforeMethodInterceptor - Authorizing method invocation ReflectiveMethodInvocation: public org.springframework.http.ResponseEntity com.claimswift.reportingservice.controller.ReportingController.reportStatusChange(java.util.Map); target is of class [com.claimswift.reportingservice.controller.ReportingController]
2026-03-04 22:48:18.503 [http-nio-8087-exec-7] [08101065-792b-4eb6-9bfe-fded0efc3308] DEBUG o.s.s.a.h.RoleHierarchyImpl - getReachableGrantedAuthorities() - From the roles [ROLE_ADJUSTER] one can reach [ROLE_POLICYHOLDER, ROLE_ADJUSTER] in zero or more steps.
2026-03-04 22:48:18.503 [http-nio-8087-exec-7] [08101065-792b-4eb6-9bfe-fded0efc3308] DEBUG o.s.s.a.m.AuthorizationManagerBeforeMethodInterceptor - Authorized method invocation ReflectiveMethodInvocation: public org.springframework.http.ResponseEntity com.claimswift.reportingservice.controller.ReportingController.reportStatusChange(java.util.Map); target is of class [com.claimswift.reportingservice.controller.ReportingController]
2026-03-04 22:48:18.503 [http-nio-8087-exec-7] [08101065-792b-4eb6-9bfe-fded0efc3308] WARN  c.c.r.e.GlobalExceptionHandler - Invalid argument: status is required in status payload
2026-03-04 22:48:39.006 [http-nio-8087-exec-8] [9c0af367-8f96-4ac6-a65e-92275606ae81] DEBUG o.s.security.web.FilterChainProxy - Securing GET /api/reports/claims/summary
2026-03-04 22:48:39.007 [http-nio-8087-exec-6] [3ff965c1-809c-4818-b3ce-f74a7a9a83ab] DEBUG o.s.security.web.FilterChainProxy - Securing GET /api/reports/adjusters/performance
2026-03-04 22:48:39.006 [http-nio-8087-exec-9] [859e6193-7e61-4f44-9dd6-b30de41872a8] DEBUG o.s.security.web.FilterChainProxy - Securing GET /api/reports/payments
2026-03-04 22:48:39.011 [http-nio-8087-exec-8] [9c0af367-8f96-4ac6-a65e-92275606ae81] DEBUG c.c.r.s.JwtAuthenticationFilter - Authenticated user: shashank123 for URI: /api/reports/claims/summary
2026-03-04 22:48:39.011 [http-nio-8087-exec-6] [3ff965c1-809c-4818-b3ce-f74a7a9a83ab] DEBUG c.c.r.s.JwtAuthenticationFilter - Authenticated user: shashank123 for URI: /api/reports/adjusters/performance
2026-03-04 22:48:39.011 [http-nio-8087-exec-9] [859e6193-7e61-4f44-9dd6-b30de41872a8] DEBUG c.c.r.s.JwtAuthenticationFilter - Authenticated user: shashank123 for URI: /api/reports/payments
2026-03-04 22:48:39.014 [http-nio-8087-exec-8] [9c0af367-8f96-4ac6-a65e-92275606ae81] DEBUG o.s.security.web.FilterChainProxy - Secured GET /api/reports/claims/summary
2026-03-04 22:48:39.016 [http-nio-8087-exec-9] [859e6193-7e61-4f44-9dd6-b30de41872a8] DEBUG o.s.security.web.FilterChainProxy - Secured GET /api/reports/payments
2026-03-04 22:48:39.016 [http-nio-8087-exec-6] [3ff965c1-809c-4818-b3ce-f74a7a9a83ab] DEBUG o.s.security.web.FilterChainProxy - Secured GET /api/reports/adjusters/performance
2026-03-04 22:48:39.016 [http-nio-8087-exec-8] [9c0af367-8f96-4ac6-a65e-92275606ae81] DEBUG o.s.s.a.m.AuthorizationManagerBeforeMethodInterceptor - Authorizing method invocation ReflectiveMethodInvocation: public org.springframework.http.ResponseEntity com.claimswift.reportingservice.controller.ReportingController.getClaimSummaryReport(java.time.LocalDate,java.time.LocalDate); target is of class [com.claimswift.reportingservice.controller.ReportingController]
2026-03-04 22:48:39.017 [http-nio-8087-exec-8] [9c0af367-8f96-4ac6-a65e-92275606ae81] DEBUG o.s.s.a.h.RoleHierarchyImpl - getReachableGrantedAuthorities() - From the roles [ROLE_MANAGER] one can reach [ROLE_POLICYHOLDER, ROLE_MANAGER, ROLE_ADJUSTER] in zero or more steps.
2026-03-04 22:48:39.017 [http-nio-8087-exec-6] [3ff965c1-809c-4818-b3ce-f74a7a9a83ab] DEBUG o.s.s.a.m.AuthorizationManagerBeforeMethodInterceptor - Authorizing method invocation ReflectiveMethodInvocation: public org.springframework.http.ResponseEntity com.claimswift.reportingservice.controller.ReportingController.getAdjusterPerformanceReport(java.time.LocalDate,java.time.LocalDate); target is of class [com.claimswift.reportingservice.controller.ReportingController]
2026-03-04 22:48:39.017 [http-nio-8087-exec-9] [859e6193-7e61-4f44-9dd6-b30de41872a8] DEBUG o.s.s.a.m.AuthorizationManagerBeforeMethodInterceptor - Authorizing method invocation ReflectiveMethodInvocation: public org.springframework.http.ResponseEntity com.claimswift.reportingservice.controller.ReportingController.getPaymentReport(java.time.LocalDate,java.time.LocalDate); target is of class [com.claimswift.reportingservice.controller.ReportingController]
2026-03-04 22:48:39.019 [http-nio-8087-exec-6] [3ff965c1-809c-4818-b3ce-f74a7a9a83ab] DEBUG o.s.s.a.h.RoleHierarchyImpl - getReachableGrantedAuthorities() - From the roles [ROLE_MANAGER] one can reach [ROLE_POLICYHOLDER, ROLE_MANAGER, ROLE_ADJUSTER] in zero or more steps.
2026-03-04 22:48:39.019 [http-nio-8087-exec-8] [9c0af367-8f96-4ac6-a65e-92275606ae81] DEBUG o.s.s.a.m.AuthorizationManagerBeforeMethodInterceptor - Authorized method invocation ReflectiveMethodInvocation: public org.springframework.http.ResponseEntity com.claimswift.reportingservice.controller.ReportingController.getClaimSummaryReport(java.time.LocalDate,java.time.LocalDate); target is of class [com.claimswift.reportingservice.controller.ReportingController]
2026-03-04 22:48:39.019 [http-nio-8087-exec-9] [859e6193-7e61-4f44-9dd6-b30de41872a8] DEBUG o.s.s.a.h.RoleHierarchyImpl - getReachableGrantedAuthorities() - From the roles [ROLE_MANAGER] one can reach [ROLE_POLICYHOLDER, ROLE_MANAGER, ROLE_ADJUSTER] in zero or more steps.
2026-03-04 22:48:39.021 [http-nio-8087-exec-6] [3ff965c1-809c-4818-b3ce-f74a7a9a83ab] DEBUG o.s.s.a.m.AuthorizationManagerBeforeMethodInterceptor - Authorized method invocation ReflectiveMethodInvocation: public org.springframework.http.ResponseEntity com.claimswift.reportingservice.controller.ReportingController.getAdjusterPerformanceReport(java.time.LocalDate,java.time.LocalDate); target is of class [com.claimswift.reportingservice.controller.ReportingController]
2026-03-04 22:48:39.021 [http-nio-8087-exec-8] [9c0af367-8f96-4ac6-a65e-92275606ae81] INFO  c.c.r.controller.ReportingController - Generating claim summary report for period: null to null
2026-03-04 22:48:39.021 [http-nio-8087-exec-9] [859e6193-7e61-4f44-9dd6-b30de41872a8] DEBUG o.s.s.a.m.AuthorizationManagerBeforeMethodInterceptor - Authorized method invocation ReflectiveMethodInvocation: public org.springframework.http.ResponseEntity com.claimswift.reportingservice.controller.ReportingController.getPaymentReport(java.time.LocalDate,java.time.LocalDate); target is of class [com.claimswift.reportingservice.controller.ReportingController]
2026-03-04 22:48:39.021 [http-nio-8087-exec-6] [3ff965c1-809c-4818-b3ce-f74a7a9a83ab] INFO  c.c.r.controller.ReportingController - Generating adjuster performance report for period: null to null
2026-03-04 22:48:39.021 [http-nio-8087-exec-9] [859e6193-7e61-4f44-9dd6-b30de41872a8] INFO  c.c.r.controller.ReportingController - Generating payment report for period: null to null
2026-03-04 22:48:39.021 [http-nio-8087-exec-8] [9c0af367-8f96-4ac6-a65e-92275606ae81] DEBUG c.c.r.client.ClaimServiceClient - [ClaimServiceClient#getAllClaims] ---> GET http://claim-service/api/claims/internal/all HTTP/1.1
2026-03-04 22:48:39.023 [http-nio-8087-exec-9] [859e6193-7e61-4f44-9dd6-b30de41872a8] DEBUG c.c.r.client.PaymentServiceClient - [PaymentServiceClient#getAllPayments] ---> GET http://payment-service/api/payments/internal/all HTTP/1.1
2026-03-04 22:48:39.023 [http-nio-8087-exec-6] [3ff965c1-809c-4818-b3ce-f74a7a9a83ab] DEBUG c.c.r.client.ClaimServiceClient - [ClaimServiceClient#getAllClaims] ---> GET http://claim-service/api/claims/internal/all HTTP/1.1
2026-03-04 22:48:39.043 [http-nio-8087-exec-6] [3ff965c1-809c-4818-b3ce-f74a7a9a83ab] DEBUG c.c.r.client.ClaimServiceClient - [ClaimServiceClient#getAllClaims] <--- HTTP/1.1 200 (19ms)
2026-03-04 22:48:39.044 [http-nio-8087-exec-8] [9c0af367-8f96-4ac6-a65e-92275606ae81] DEBUG c.c.r.client.ClaimServiceClient - [ClaimServiceClient#getAllClaims] <--- HTTP/1.1 200 (20ms)
2026-03-04 22:48:39.062 [http-nio-8087-exec-9] [859e6193-7e61-4f44-9dd6-b30de41872a8] DEBUG c.c.r.client.PaymentServiceClient - [PaymentServiceClient#getAllPayments] <--- HTTP/1.1 200 (38ms)
2026-03-04 22:48:43.651 [http-nio-8087-exec-10] [71c0fd87-b943-4ee9-b43a-8488fecc276f] DEBUG o.s.security.web.FilterChainProxy - Securing GET /api/reports/claims/summary
2026-03-04 22:48:43.651 [http-nio-8087-exec-1] [c659f736-a32a-4575-ae83-e689f9d0af1e] DEBUG o.s.security.web.FilterChainProxy - Securing GET /api/reports/adjusters/performance
2026-03-04 22:48:43.651 [http-nio-8087-exec-2] [e63bb9a9-2fee-4c64-8fcb-27dd62ee7eba] DEBUG o.s.security.web.FilterChainProxy - Securing GET /api/reports/payments
2026-03-04 22:48:43.669 [http-nio-8087-exec-10] [71c0fd87-b943-4ee9-b43a-8488fecc276f] DEBUG c.c.r.s.JwtAuthenticationFilter - Authenticated user: shashank123 for URI: /api/reports/claims/summary
2026-03-04 22:48:43.671 [http-nio-8087-exec-1] [c659f736-a32a-4575-ae83-e689f9d0af1e] DEBUG c.c.r.s.JwtAuthenticationFilter - Authenticated user: shashank123 for URI: /api/reports/adjusters/performance
2026-03-04 22:48:43.671 [http-nio-8087-exec-2] [e63bb9a9-2fee-4c64-8fcb-27dd62ee7eba] DEBUG c.c.r.s.JwtAuthenticationFilter - Authenticated user: shashank123 for URI: /api/reports/payments
2026-03-04 22:48:43.673 [http-nio-8087-exec-10] [71c0fd87-b943-4ee9-b43a-8488fecc276f] DEBUG o.s.security.web.FilterChainProxy - Secured GET /api/reports/claims/summary
2026-03-04 22:48:43.673 [http-nio-8087-exec-2] [e63bb9a9-2fee-4c64-8fcb-27dd62ee7eba] DEBUG o.s.security.web.FilterChainProxy - Secured GET /api/reports/payments
2026-03-04 22:48:43.673 [http-nio-8087-exec-1] [c659f736-a32a-4575-ae83-e689f9d0af1e] DEBUG o.s.security.web.FilterChainProxy - Secured GET /api/reports/adjusters/performance
2026-03-04 22:48:43.679 [http-nio-8087-exec-2] [e63bb9a9-2fee-4c64-8fcb-27dd62ee7eba] DEBUG o.s.s.a.m.AuthorizationManagerBeforeMethodInterceptor - Authorizing method invocation ReflectiveMethodInvocation: public org.springframework.http.ResponseEntity com.claimswift.reportingservice.controller.ReportingController.getPaymentReport(java.time.LocalDate,java.time.LocalDate); target is of class [com.claimswift.reportingservice.controller.ReportingController]
2026-03-04 22:48:43.679 [http-nio-8087-exec-10] [71c0fd87-b943-4ee9-b43a-8488fecc276f] DEBUG o.s.s.a.m.AuthorizationManagerBeforeMethodInterceptor - Authorizing method invocation ReflectiveMethodInvocation: public org.springframework.http.ResponseEntity com.claimswift.reportingservice.controller.ReportingController.getClaimSummaryReport(java.time.LocalDate,java.time.LocalDate); target is of class [com.claimswift.reportingservice.controller.ReportingController]
2026-03-04 22:48:43.679 [http-nio-8087-exec-1] [c659f736-a32a-4575-ae83-e689f9d0af1e] DEBUG o.s.s.a.m.AuthorizationManagerBeforeMethodInterceptor - Authorizing method invocation ReflectiveMethodInvocation: public org.springframework.http.ResponseEntity com.claimswift.reportingservice.controller.ReportingController.getAdjusterPerformanceReport(java.time.LocalDate,java.time.LocalDate); target is of class [com.claimswift.reportingservice.controller.ReportingController]
2026-03-04 22:48:43.679 [http-nio-8087-exec-2] [e63bb9a9-2fee-4c64-8fcb-27dd62ee7eba] DEBUG o.s.s.a.h.RoleHierarchyImpl - getReachableGrantedAuthorities() - From the roles [ROLE_MANAGER] one can reach [ROLE_POLICYHOLDER, ROLE_MANAGER, ROLE_ADJUSTER] in zero or more steps.
2026-03-04 22:48:43.679 [http-nio-8087-exec-10] [71c0fd87-b943-4ee9-b43a-8488fecc276f] DEBUG o.s.s.a.h.RoleHierarchyImpl - getReachableGrantedAuthorities() - From the roles [ROLE_MANAGER] one can reach [ROLE_POLICYHOLDER, ROLE_MANAGER, ROLE_ADJUSTER] in zero or more steps.
2026-03-04 22:48:43.679 [http-nio-8087-exec-1] [c659f736-a32a-4575-ae83-e689f9d0af1e] DEBUG o.s.s.a.h.RoleHierarchyImpl - getReachableGrantedAuthorities() - From the roles [ROLE_MANAGER] one can reach [ROLE_POLICYHOLDER, ROLE_MANAGER, ROLE_ADJUSTER] in zero or more steps.
2026-03-04 22:48:43.684 [http-nio-8087-exec-10] [71c0fd87-b943-4ee9-b43a-8488fecc276f] DEBUG o.s.s.a.m.AuthorizationManagerBeforeMethodInterceptor - Authorized method invocation ReflectiveMethodInvocation: public org.springframework.http.ResponseEntity com.claimswift.reportingservice.controller.ReportingController.getClaimSummaryReport(java.time.LocalDate,java.time.LocalDate); target is of class [com.claimswift.reportingservice.controller.ReportingController]
2026-03-04 22:48:43.684 [http-nio-8087-exec-2] [e63bb9a9-2fee-4c64-8fcb-27dd62ee7eba] DEBUG o.s.s.a.m.AuthorizationManagerBeforeMethodInterceptor - Authorized method invocation ReflectiveMethodInvocation: public org.springframework.http.ResponseEntity com.claimswift.reportingservice.controller.ReportingController.getPaymentReport(java.time.LocalDate,java.time.LocalDate); target is of class [com.claimswift.reportingservice.controller.ReportingController]
2026-03-04 22:48:43.686 [http-nio-8087-exec-1] [c659f736-a32a-4575-ae83-e689f9d0af1e] DEBUG o.s.s.a.m.AuthorizationManagerBeforeMethodInterceptor - Authorized method invocation ReflectiveMethodInvocation: public org.springframework.http.ResponseEntity com.claimswift.reportingservice.controller.ReportingController.getAdjusterPerformanceReport(java.time.LocalDate,java.time.LocalDate); target is of class [com.claimswift.reportingservice.controller.ReportingController]
2026-03-04 22:48:43.687 [http-nio-8087-exec-2] [e63bb9a9-2fee-4c64-8fcb-27dd62ee7eba] INFO  c.c.r.controller.ReportingController - Generating payment report for period: null to null
2026-03-04 22:48:43.687 [http-nio-8087-exec-10] [71c0fd87-b943-4ee9-b43a-8488fecc276f] INFO  c.c.r.controller.ReportingController - Generating claim summary report for period: null to null
2026-03-04 22:48:43.687 [http-nio-8087-exec-1] [c659f736-a32a-4575-ae83-e689f9d0af1e] INFO  c.c.r.controller.ReportingController - Generating adjuster performance report for period: null to null
2026-03-04 22:48:43.689 [http-nio-8087-exec-2] [e63bb9a9-2fee-4c64-8fcb-27dd62ee7eba] DEBUG c.c.r.client.PaymentServiceClient - [PaymentServiceClient#getAllPayments] ---> GET http://payment-service/api/payments/internal/all HTTP/1.1
2026-03-04 22:48:43.689 [http-nio-8087-exec-10] [71c0fd87-b943-4ee9-b43a-8488fecc276f] DEBUG c.c.r.client.ClaimServiceClient - [ClaimServiceClient#getAllClaims] ---> GET http://claim-service/api/claims/internal/all HTTP/1.1
2026-03-04 22:48:43.689 [http-nio-8087-exec-1] [c659f736-a32a-4575-ae83-e689f9d0af1e] DEBUG c.c.r.client.ClaimServiceClient - [ClaimServiceClient#getAllClaims] ---> GET http://claim-service/api/claims/internal/all HTTP/1.1
2026-03-04 22:48:43.716 [http-nio-8087-exec-10] [71c0fd87-b943-4ee9-b43a-8488fecc276f] DEBUG c.c.r.client.ClaimServiceClient - [ClaimServiceClient#getAllClaims] <--- HTTP/1.1 200 (27ms)
2026-03-04 22:48:43.716 [http-nio-8087-exec-1] [c659f736-a32a-4575-ae83-e689f9d0af1e] DEBUG c.c.r.client.ClaimServiceClient - [ClaimServiceClient#getAllClaims] <--- HTTP/1.1 200 (27ms)
2026-03-04 22:48:43.733 [http-nio-8087-exec-2] [e63bb9a9-2fee-4c64-8fcb-27dd62ee7eba] DEBUG c.c.r.client.PaymentServiceClient - [PaymentServiceClient#getAllPayments] <--- HTTP/1.1 200 (43ms)
2026-03-04 22:48:44.571 [http-nio-8087-exec-3] [5c5edbf9-3f59-4718-a9bf-377f08433762] DEBUG o.s.security.web.FilterChainProxy - Securing GET /api/reports/claims/summary
2026-03-04 22:48:44.574 [http-nio-8087-exec-4] [06a8c599-3e96-48bd-b137-2a3174299dd7] DEBUG o.s.security.web.FilterChainProxy - Securing GET /api/reports/adjusters/performance
2026-03-04 22:48:44.576 [http-nio-8087-exec-5] [b939d805-3ba5-4184-88f3-58ea31d0e11d] DEBUG o.s.security.web.FilterChainProxy - Securing GET /api/reports/payments
2026-03-04 22:48:44.584 [http-nio-8087-exec-4] [06a8c599-3e96-48bd-b137-2a3174299dd7] DEBUG c.c.r.s.JwtAuthenticationFilter - Authenticated user: shashank123 for URI: /api/reports/adjusters/performance
2026-03-04 22:48:44.585 [http-nio-8087-exec-3] [5c5edbf9-3f59-4718-a9bf-377f08433762] DEBUG c.c.r.s.JwtAuthenticationFilter - Authenticated user: shashank123 for URI: /api/reports/claims/summary
2026-03-04 22:48:44.585 [http-nio-8087-exec-5] [b939d805-3ba5-4184-88f3-58ea31d0e11d] DEBUG c.c.r.s.JwtAuthenticationFilter - Authenticated user: shashank123 for URI: /api/reports/payments
2026-03-04 22:48:44.585 [http-nio-8087-exec-4] [06a8c599-3e96-48bd-b137-2a3174299dd7] DEBUG o.s.security.web.FilterChainProxy - Secured GET /api/reports/adjusters/performance
2026-03-04 22:48:44.585 [http-nio-8087-exec-5] [b939d805-3ba5-4184-88f3-58ea31d0e11d] DEBUG o.s.security.web.FilterChainProxy - Secured GET /api/reports/payments
2026-03-04 22:48:44.585 [http-nio-8087-exec-3] [5c5edbf9-3f59-4718-a9bf-377f08433762] DEBUG o.s.security.web.FilterChainProxy - Secured GET /api/reports/claims/summary
2026-03-04 22:48:44.585 [http-nio-8087-exec-4] [06a8c599-3e96-48bd-b137-2a3174299dd7] DEBUG o.s.s.a.m.AuthorizationManagerBeforeMethodInterceptor - Authorizing method invocation ReflectiveMethodInvocation: public org.springframework.http.ResponseEntity com.claimswift.reportingservice.controller.ReportingController.getAdjusterPerformanceReport(java.time.LocalDate,java.time.LocalDate); target is of class [com.claimswift.reportingservice.controller.ReportingController]
2026-03-04 22:48:44.596 [http-nio-8087-exec-5] [b939d805-3ba5-4184-88f3-58ea31d0e11d] DEBUG o.s.s.a.m.AuthorizationManagerBeforeMethodInterceptor - Authorizing method invocation ReflectiveMethodInvocation: public org.springframework.http.ResponseEntity com.claimswift.reportingservice.controller.ReportingController.getPaymentReport(java.time.LocalDate,java.time.LocalDate); target is of class [com.claimswift.reportingservice.controller.ReportingController]
2026-03-04 22:48:44.596 [http-nio-8087-exec-3] [5c5edbf9-3f59-4718-a9bf-377f08433762] DEBUG o.s.s.a.m.AuthorizationManagerBeforeMethodInterceptor - Authorizing method invocation ReflectiveMethodInvocation: public org.springframework.http.ResponseEntity com.claimswift.reportingservice.controller.ReportingController.getClaimSummaryReport(java.time.LocalDate,java.time.LocalDate); target is of class [com.claimswift.reportingservice.controller.ReportingController]
2026-03-04 22:48:44.597 [http-nio-8087-exec-5] [b939d805-3ba5-4184-88f3-58ea31d0e11d] DEBUG o.s.s.a.h.RoleHierarchyImpl - getReachableGrantedAuthorities() - From the roles [ROLE_MANAGER] one can reach [ROLE_POLICYHOLDER, ROLE_MANAGER, ROLE_ADJUSTER] in zero or more steps.
2026-03-04 22:48:44.597 [http-nio-8087-exec-3] [5c5edbf9-3f59-4718-a9bf-377f08433762] DEBUG o.s.s.a.h.RoleHierarchyImpl - getReachableGrantedAuthorities() - From the roles [ROLE_MANAGER] one can reach [ROLE_POLICYHOLDER, ROLE_MANAGER, ROLE_ADJUSTER] in zero or more steps.
2026-03-04 22:48:44.597 [http-nio-8087-exec-4] [06a8c599-3e96-48bd-b137-2a3174299dd7] DEBUG o.s.s.a.h.RoleHierarchyImpl - getReachableGrantedAuthorities() - From the roles [ROLE_MANAGER] one can reach [ROLE_POLICYHOLDER, ROLE_MANAGER, ROLE_ADJUSTER] in zero or more steps.
2026-03-04 22:48:44.599 [http-nio-8087-exec-3] [5c5edbf9-3f59-4718-a9bf-377f08433762] DEBUG o.s.s.a.m.AuthorizationManagerBeforeMethodInterceptor - Authorized method invocation ReflectiveMethodInvocation: public org.springframework.http.ResponseEntity com.claimswift.reportingservice.controller.ReportingController.getClaimSummaryReport(java.time.LocalDate,java.time.LocalDate); target is of class [com.claimswift.reportingservice.controller.ReportingController]
2026-03-04 22:48:44.599 [http-nio-8087-exec-5] [b939d805-3ba5-4184-88f3-58ea31d0e11d] DEBUG o.s.s.a.m.AuthorizationManagerBeforeMethodInterceptor - Authorized method invocation ReflectiveMethodInvocation: public org.springframework.http.ResponseEntity com.claimswift.reportingservice.controller.ReportingController.getPaymentReport(java.time.LocalDate,java.time.LocalDate); target is of class [com.claimswift.reportingservice.controller.ReportingController]
2026-03-04 22:48:44.601 [http-nio-8087-exec-4] [06a8c599-3e96-48bd-b137-2a3174299dd7] DEBUG o.s.s.a.m.AuthorizationManagerBeforeMethodInterceptor - Authorized method invocation ReflectiveMethodInvocation: public org.springframework.http.ResponseEntity com.claimswift.reportingservice.controller.ReportingController.getAdjusterPerformanceReport(java.time.LocalDate,java.time.LocalDate); target is of class [com.claimswift.reportingservice.controller.ReportingController]
2026-03-04 22:48:44.601 [http-nio-8087-exec-3] [5c5edbf9-3f59-4718-a9bf-377f08433762] INFO  c.c.r.controller.ReportingController - Generating claim summary report for period: null to null
2026-03-04 22:48:44.601 [http-nio-8087-exec-5] [b939d805-3ba5-4184-88f3-58ea31d0e11d] INFO  c.c.r.controller.ReportingController - Generating payment report for period: null to null
2026-03-04 22:48:44.601 [http-nio-8087-exec-4] [06a8c599-3e96-48bd-b137-2a3174299dd7] INFO  c.c.r.controller.ReportingController - Generating adjuster performance report for period: null to null
2026-03-04 22:48:44.601 [http-nio-8087-exec-3] [5c5edbf9-3f59-4718-a9bf-377f08433762] DEBUG c.c.r.client.ClaimServiceClient - [ClaimServiceClient#getAllClaims] ---> GET http://claim-service/api/claims/internal/all HTTP/1.1
2026-03-04 22:48:44.601 [http-nio-8087-exec-5] [b939d805-3ba5-4184-88f3-58ea31d0e11d] DEBUG c.c.r.client.PaymentServiceClient - [PaymentServiceClient#getAllPayments] ---> GET http://payment-service/api/payments/internal/all HTTP/1.1
2026-03-04 22:48:44.601 [http-nio-8087-exec-4] [06a8c599-3e96-48bd-b137-2a3174299dd7] DEBUG c.c.r.client.ClaimServiceClient - [ClaimServiceClient#getAllClaims] ---> GET http://claim-service/api/claims/internal/all HTTP/1.1
2026-03-04 22:48:44.616 [http-nio-8087-exec-3] [5c5edbf9-3f59-4718-a9bf-377f08433762] DEBUG c.c.r.client.ClaimServiceClient - [ClaimServiceClient#getAllClaims] <--- HTTP/1.1 200 (23ms)
2026-03-04 22:48:44.616 [http-nio-8087-exec-4] [06a8c599-3e96-48bd-b137-2a3174299dd7] DEBUG c.c.r.client.ClaimServiceClient - [ClaimServiceClient#getAllClaims] <--- HTTP/1.1 200 (22ms)
2026-03-04 22:48:44.635 [http-nio-8087-exec-5] [b939d805-3ba5-4184-88f3-58ea31d0e11d] DEBUG c.c.r.client.PaymentServiceClient - [PaymentServiceClient#getAllPayments] <--- HTTP/1.1 200 (36ms)
2026-03-04 22:48:45.436 [http-nio-8087-exec-8] [da50a572-909c-4c9b-bcc2-0b14111a8404] DEBUG o.s.security.web.FilterChainProxy - Securing GET /api/reports/payments
2026-03-04 22:48:45.436 [http-nio-8087-exec-7] [6a106042-42ac-4f60-bb84-adc06fcdc4b0] DEBUG o.s.security.web.FilterChainProxy - Securing GET /api/reports/claims/summary
2026-03-04 22:48:45.439 [http-nio-8087-exec-6] [db4b603f-c703-4e16-8f1d-a7fb70b6cf87] DEBUG o.s.security.web.FilterChainProxy - Securing GET /api/reports/adjusters/performance
2026-03-04 22:48:45.445 [http-nio-8087-exec-6] [db4b603f-c703-4e16-8f1d-a7fb70b6cf87] DEBUG c.c.r.s.JwtAuthenticationFilter - Authenticated user: shashank123 for URI: /api/reports/adjusters/performance
2026-03-04 22:48:45.445 [http-nio-8087-exec-8] [da50a572-909c-4c9b-bcc2-0b14111a8404] DEBUG c.c.r.s.JwtAuthenticationFilter - Authenticated user: shashank123 for URI: /api/reports/payments
2026-03-04 22:48:45.446 [http-nio-8087-exec-7] [6a106042-42ac-4f60-bb84-adc06fcdc4b0] DEBUG c.c.r.s.JwtAuthenticationFilter - Authenticated user: shashank123 for URI: /api/reports/claims/summary
2026-03-04 22:48:45.449 [http-nio-8087-exec-7] [6a106042-42ac-4f60-bb84-adc06fcdc4b0] DEBUG o.s.security.web.FilterChainProxy - Secured GET /api/reports/claims/summary
2026-03-04 22:48:45.449 [http-nio-8087-exec-6] [db4b603f-c703-4e16-8f1d-a7fb70b6cf87] DEBUG o.s.security.web.FilterChainProxy - Secured GET /api/reports/adjusters/performance
2026-03-04 22:48:45.449 [http-nio-8087-exec-8] [da50a572-909c-4c9b-bcc2-0b14111a8404] DEBUG o.s.security.web.FilterChainProxy - Secured GET /api/reports/payments
2026-03-04 22:48:45.449 [http-nio-8087-exec-7] [6a106042-42ac-4f60-bb84-adc06fcdc4b0] DEBUG o.s.s.a.m.AuthorizationManagerBeforeMethodInterceptor - Authorizing method invocation ReflectiveMethodInvocation: public org.springframework.http.ResponseEntity com.claimswift.reportingservice.controller.ReportingController.getClaimSummaryReport(java.time.LocalDate,java.time.LocalDate); target is of class [com.claimswift.reportingservice.controller.ReportingController]
2026-03-04 22:48:45.449 [http-nio-8087-exec-8] [da50a572-909c-4c9b-bcc2-0b14111a8404] DEBUG o.s.s.a.m.AuthorizationManagerBeforeMethodInterceptor - Authorizing method invocation ReflectiveMethodInvocation: public org.springframework.http.ResponseEntity com.claimswift.reportingservice.controller.ReportingController.getPaymentReport(java.time.LocalDate,java.time.LocalDate); target is of class [com.claimswift.reportingservice.controller.ReportingController]
2026-03-04 22:48:45.449 [http-nio-8087-exec-6] [db4b603f-c703-4e16-8f1d-a7fb70b6cf87] DEBUG o.s.s.a.m.AuthorizationManagerBeforeMethodInterceptor - Authorizing method invocation ReflectiveMethodInvocation: public org.springframework.http.ResponseEntity com.claimswift.reportingservice.controller.ReportingController.getAdjusterPerformanceReport(java.time.LocalDate,java.time.LocalDate); target is of class [com.claimswift.reportingservice.controller.ReportingController]
2026-03-04 22:48:45.449 [http-nio-8087-exec-7] [6a106042-42ac-4f60-bb84-adc06fcdc4b0] DEBUG o.s.s.a.h.RoleHierarchyImpl - getReachableGrantedAuthorities() - From the roles [ROLE_MANAGER] one can reach [ROLE_POLICYHOLDER, ROLE_MANAGER, ROLE_ADJUSTER] in zero or more steps.
2026-03-04 22:48:45.449 [http-nio-8087-exec-8] [da50a572-909c-4c9b-bcc2-0b14111a8404] DEBUG o.s.s.a.h.RoleHierarchyImpl - getReachableGrantedAuthorities() - From the roles [ROLE_MANAGER] one can reach [ROLE_POLICYHOLDER, ROLE_MANAGER, ROLE_ADJUSTER] in zero or more steps.
2026-03-04 22:48:45.457 [http-nio-8087-exec-6] [db4b603f-c703-4e16-8f1d-a7fb70b6cf87] DEBUG o.s.s.a.h.RoleHierarchyImpl - getReachableGrantedAuthorities() - From the roles [ROLE_MANAGER] one can reach [ROLE_POLICYHOLDER, ROLE_MANAGER, ROLE_ADJUSTER] in zero or more steps.
2026-03-04 22:48:45.457 [http-nio-8087-exec-8] [da50a572-909c-4c9b-bcc2-0b14111a8404] DEBUG o.s.s.a.m.AuthorizationManagerBeforeMethodInterceptor - Authorized method invocation ReflectiveMethodInvocation: public org.springframework.http.ResponseEntity com.claimswift.reportingservice.controller.ReportingController.getPaymentReport(java.time.LocalDate,java.time.LocalDate); target is of class [com.claimswift.reportingservice.controller.ReportingController]
2026-03-04 22:48:45.457 [http-nio-8087-exec-7] [6a106042-42ac-4f60-bb84-adc06fcdc4b0] DEBUG o.s.s.a.m.AuthorizationManagerBeforeMethodInterceptor - Authorized method invocation ReflectiveMethodInvocation: public org.springframework.http.ResponseEntity com.claimswift.reportingservice.controller.ReportingController.getClaimSummaryReport(java.time.LocalDate,java.time.LocalDate); target is of class [com.claimswift.reportingservice.controller.ReportingController]
2026-03-04 22:48:45.457 [http-nio-8087-exec-6] [db4b603f-c703-4e16-8f1d-a7fb70b6cf87] DEBUG o.s.s.a.m.AuthorizationManagerBeforeMethodInterceptor - Authorized method invocation ReflectiveMethodInvocation: public org.springframework.http.ResponseEntity com.claimswift.reportingservice.controller.ReportingController.getAdjusterPerformanceReport(java.time.LocalDate,java.time.LocalDate); target is of class [com.claimswift.reportingservice.controller.ReportingController]
2026-03-04 22:48:45.457 [http-nio-8087-exec-7] [6a106042-42ac-4f60-bb84-adc06fcdc4b0] INFO  c.c.r.controller.ReportingController - Generating claim summary report for period: null to null
2026-03-04 22:48:45.457 [http-nio-8087-exec-8] [da50a572-909c-4c9b-bcc2-0b14111a8404] INFO  c.c.r.controller.ReportingController - Generating payment report for period: null to null
2026-03-04 22:48:45.457 [http-nio-8087-exec-6] [db4b603f-c703-4e16-8f1d-a7fb70b6cf87] INFO  c.c.r.controller.ReportingController - Generating adjuster performance report for period: null to null
2026-03-04 22:48:45.457 [http-nio-8087-exec-7] [6a106042-42ac-4f60-bb84-adc06fcdc4b0] DEBUG c.c.r.client.ClaimServiceClient - [ClaimServiceClient#getAllClaims] ---> GET http://claim-service/api/claims/internal/all HTTP/1.1
2026-03-04 22:48:45.457 [http-nio-8087-exec-8] [da50a572-909c-4c9b-bcc2-0b14111a8404] DEBUG c.c.r.client.PaymentServiceClient - [PaymentServiceClient#getAllPayments] ---> GET http://payment-service/api/payments/internal/all HTTP/1.1
2026-03-04 22:48:45.457 [http-nio-8087-exec-6] [db4b603f-c703-4e16-8f1d-a7fb70b6cf87] DEBUG c.c.r.client.ClaimServiceClient - [ClaimServiceClient#getAllClaims] ---> GET http://claim-service/api/claims/internal/all HTTP/1.1
2026-03-04 22:48:45.483 [http-nio-8087-exec-7] [6a106042-42ac-4f60-bb84-adc06fcdc4b0] DEBUG c.c.r.client.ClaimServiceClient - [ClaimServiceClient#getAllClaims] <--- HTTP/1.1 200 (28ms)
2026-03-04 22:48:45.483 [http-nio-8087-exec-6] [db4b603f-c703-4e16-8f1d-a7fb70b6cf87] DEBUG c.c.r.client.ClaimServiceClient - [ClaimServiceClient#getAllClaims] <--- HTTP/1.1 200 (28ms)
2026-03-04 22:48:45.501 [http-nio-8087-exec-8] [da50a572-909c-4c9b-bcc2-0b14111a8404] DEBUG c.c.r.client.PaymentServiceClient - [PaymentServiceClient#getAllPayments] <--- HTTP/1.1 200 (46ms)
2026-03-04 22:49:20.232 [AsyncResolver-bootstrap-executor-0] [] INFO  c.n.d.s.r.aws.ConfigClusterResolver - Resolving eureka endpoints via configuration
2026-03-04 22:54:00.308 [http-nio-8087-exec-4] [6a615342-624f-4f97-b02d-1ae7523cc90b] DEBUG o.s.security.web.FilterChainProxy - Securing GET /api/reports/payments
2026-03-04 22:54:00.308 [http-nio-8087-exec-2] [ed8db3e5-e697-494b-95fe-0fc4fe8e53ab] DEBUG o.s.security.web.FilterChainProxy - Securing GET /api/reports/claims/summary
2026-03-04 22:54:00.308 [http-nio-8087-exec-3] [ab84f308-9d73-41c7-a40e-65834ed2ed83] DEBUG o.s.security.web.FilterChainProxy - Securing GET /api/reports/adjusters/performance
2026-03-04 22:54:00.317 [http-nio-8087-exec-3] [ab84f308-9d73-41c7-a40e-65834ed2ed83] DEBUG c.c.r.s.JwtAuthenticationFilter - Authenticated user: shashank123 for URI: /api/reports/adjusters/performance
2026-03-04 22:54:00.317 [http-nio-8087-exec-2] [ed8db3e5-e697-494b-95fe-0fc4fe8e53ab] DEBUG c.c.r.s.JwtAuthenticationFilter - Authenticated user: shashank123 for URI: /api/reports/claims/summary
2026-03-04 22:54:00.317 [http-nio-8087-exec-4] [6a615342-624f-4f97-b02d-1ae7523cc90b] DEBUG c.c.r.s.JwtAuthenticationFilter - Authenticated user: shashank123 for URI: /api/reports/payments
2026-03-04 22:54:00.324 [http-nio-8087-exec-2] [ed8db3e5-e697-494b-95fe-0fc4fe8e53ab] DEBUG o.s.security.web.FilterChainProxy - Secured GET /api/reports/claims/summary
2026-03-04 22:54:00.324 [http-nio-8087-exec-3] [ab84f308-9d73-41c7-a40e-65834ed2ed83] DEBUG o.s.security.web.FilterChainProxy - Secured GET /api/reports/adjusters/performance
2026-03-04 22:54:00.324 [http-nio-8087-exec-4] [6a615342-624f-4f97-b02d-1ae7523cc90b] DEBUG o.s.security.web.FilterChainProxy - Secured GET /api/reports/payments
2026-03-04 22:54:00.324 [http-nio-8087-exec-4] [6a615342-624f-4f97-b02d-1ae7523cc90b] DEBUG o.s.s.a.m.AuthorizationManagerBeforeMethodInterceptor - Authorizing method invocation ReflectiveMethodInvocation: public org.springframework.http.ResponseEntity com.claimswift.reportingservice.controller.ReportingController.getPaymentReport(java.time.LocalDate,java.time.LocalDate); target is of class [com.claimswift.reportingservice.controller.ReportingController]
2026-03-04 22:54:00.324 [http-nio-8087-exec-2] [ed8db3e5-e697-494b-95fe-0fc4fe8e53ab] DEBUG o.s.s.a.m.AuthorizationManagerBeforeMethodInterceptor - Authorizing method invocation ReflectiveMethodInvocation: public org.springframework.http.ResponseEntity com.claimswift.reportingservice.controller.ReportingController.getClaimSummaryReport(java.time.LocalDate,java.time.LocalDate); target is of class [com.claimswift.reportingservice.controller.ReportingController]
2026-03-04 22:54:00.324 [http-nio-8087-exec-3] [ab84f308-9d73-41c7-a40e-65834ed2ed83] DEBUG o.s.s.a.m.AuthorizationManagerBeforeMethodInterceptor - Authorizing method invocation ReflectiveMethodInvocation: public org.springframework.http.ResponseEntity com.claimswift.reportingservice.controller.ReportingController.getAdjusterPerformanceReport(java.time.LocalDate,java.time.LocalDate); target is of class [com.claimswift.reportingservice.controller.ReportingController]
2026-03-04 22:54:00.324 [http-nio-8087-exec-2] [ed8db3e5-e697-494b-95fe-0fc4fe8e53ab] DEBUG o.s.s.a.h.RoleHierarchyImpl - getReachableGrantedAuthorities() - From the roles [ROLE_MANAGER] one can reach [ROLE_POLICYHOLDER, ROLE_MANAGER, ROLE_ADJUSTER] in zero or more steps.
2026-03-04 22:54:00.324 [http-nio-8087-exec-4] [6a615342-624f-4f97-b02d-1ae7523cc90b] DEBUG o.s.s.a.h.RoleHierarchyImpl - getReachableGrantedAuthorities() - From the roles [ROLE_MANAGER] one can reach [ROLE_POLICYHOLDER, ROLE_MANAGER, ROLE_ADJUSTER] in zero or more steps.
2026-03-04 22:54:00.324 [http-nio-8087-exec-2] [ed8db3e5-e697-494b-95fe-0fc4fe8e53ab] DEBUG o.s.s.a.m.AuthorizationManagerBeforeMethodInterceptor - Authorized method invocation ReflectiveMethodInvocation: public org.springframework.http.ResponseEntity com.claimswift.reportingservice.controller.ReportingController.getClaimSummaryReport(java.time.LocalDate,java.time.LocalDate); target is of class [com.claimswift.reportingservice.controller.ReportingController]
2026-03-04 22:54:00.324 [http-nio-8087-exec-4] [6a615342-624f-4f97-b02d-1ae7523cc90b] DEBUG o.s.s.a.m.AuthorizationManagerBeforeMethodInterceptor - Authorized method invocation ReflectiveMethodInvocation: public org.springframework.http.ResponseEntity com.claimswift.reportingservice.controller.ReportingController.getPaymentReport(java.time.LocalDate,java.time.LocalDate); target is of class [com.claimswift.reportingservice.controller.ReportingController]
2026-03-04 22:54:00.324 [http-nio-8087-exec-3] [ab84f308-9d73-41c7-a40e-65834ed2ed83] DEBUG o.s.s.a.h.RoleHierarchyImpl - getReachableGrantedAuthorities() - From the roles [ROLE_MANAGER] one can reach [ROLE_POLICYHOLDER, ROLE_MANAGER, ROLE_ADJUSTER] in zero or more steps.
2026-03-04 22:54:00.324 [http-nio-8087-exec-2] [ed8db3e5-e697-494b-95fe-0fc4fe8e53ab] INFO  c.c.r.controller.ReportingController - Generating claim summary report for period: null to null
2026-03-04 22:54:00.324 [http-nio-8087-exec-3] [ab84f308-9d73-41c7-a40e-65834ed2ed83] DEBUG o.s.s.a.m.AuthorizationManagerBeforeMethodInterceptor - Authorized method invocation ReflectiveMethodInvocation: public org.springframework.http.ResponseEntity com.claimswift.reportingservice.controller.ReportingController.getAdjusterPerformanceReport(java.time.LocalDate,java.time.LocalDate); target is of class [com.claimswift.reportingservice.controller.ReportingController]
2026-03-04 22:54:00.324 [http-nio-8087-exec-4] [6a615342-624f-4f97-b02d-1ae7523cc90b] INFO  c.c.r.controller.ReportingController - Generating payment report for period: null to null
2026-03-04 22:54:00.324 [http-nio-8087-exec-2] [ed8db3e5-e697-494b-95fe-0fc4fe8e53ab] DEBUG c.c.r.client.ClaimServiceClient - [ClaimServiceClient#getAllClaims] ---> GET http://claim-service/api/claims/internal/all HTTP/1.1
2026-03-04 22:54:00.324 [http-nio-8087-exec-3] [ab84f308-9d73-41c7-a40e-65834ed2ed83] INFO  c.c.r.controller.ReportingController - Generating adjuster performance report for period: null to null
2026-03-04 22:54:00.324 [http-nio-8087-exec-4] [6a615342-624f-4f97-b02d-1ae7523cc90b] DEBUG c.c.r.client.PaymentServiceClient - [PaymentServiceClient#getAllPayments] ---> GET http://payment-service/api/payments/internal/all HTTP/1.1
2026-03-04 22:54:00.324 [http-nio-8087-exec-3] [ab84f308-9d73-41c7-a40e-65834ed2ed83] DEBUG c.c.r.client.ClaimServiceClient - [ClaimServiceClient#getAllClaims] ---> GET http://claim-service/api/claims/internal/all HTTP/1.1
2026-03-04 22:54:00.362 [http-nio-8087-exec-3] [ab84f308-9d73-41c7-a40e-65834ed2ed83] DEBUG c.c.r.client.ClaimServiceClient - [ClaimServiceClient#getAllClaims] <--- HTTP/1.1 200 (31ms)
2026-03-04 22:54:00.362 [http-nio-8087-exec-2] [ed8db3e5-e697-494b-95fe-0fc4fe8e53ab] DEBUG c.c.r.client.ClaimServiceClient - [ClaimServiceClient#getAllClaims] <--- HTTP/1.1 200 (33ms)
2026-03-04 22:54:00.387 [http-nio-8087-exec-4] [6a615342-624f-4f97-b02d-1ae7523cc90b] DEBUG c.c.r.client.PaymentServiceClient - [PaymentServiceClient#getAllPayments] <--- HTTP/1.1 200 (58ms)
2026-03-04 22:54:20.237 [AsyncResolver-bootstrap-executor-0] [] INFO  c.n.d.s.r.aws.ConfigClusterResolver - Resolving eureka endpoints via configuration
2026-03-04 22:59:20.250 [AsyncResolver-bootstrap-executor-0] [] INFO  c.n.d.s.r.aws.ConfigClusterResolver - Resolving eureka endpoints via configuration
2026-03-04 23:04:20.262 [AsyncResolver-bootstrap-executor-0] [] INFO  c.n.d.s.r.aws.ConfigClusterResolver - Resolving eureka endpoints via configuration
2026-03-04 23:09:20.265 [AsyncResolver-bootstrap-executor-0] [] INFO  c.n.d.s.r.aws.ConfigClusterResolver - Resolving eureka endpoints via configuration
2026-03-04 23:14:20.270 [AsyncResolver-bootstrap-executor-0] [] INFO  c.n.d.s.r.aws.ConfigClusterResolver - Resolving eureka endpoints via configuration
2026-03-04 23:19:20.283 [AsyncResolver-bootstrap-executor-0] [] INFO  c.n.d.s.r.aws.ConfigClusterResolver - Resolving eureka endpoints via configuration
2026-03-04 23:24:20.285 [AsyncResolver-bootstrap-executor-0] [] INFO  c.n.d.s.r.aws.ConfigClusterResolver - Resolving eureka endpoints via configuration
2026-03-04 23:29:20.289 [AsyncResolver-bootstrap-executor-0] [] INFO  c.n.d.s.r.aws.ConfigClusterResolver - Resolving eureka endpoints via configuration
2026-03-04 23:34:19.147 [AsyncResolver-bootstrap-executor-0] [] INFO  c.n.d.s.r.aws.ConfigClusterResolver - Resolving eureka endpoints via configuration
2026-03-04 23:39:19.155 [AsyncResolver-bootstrap-executor-0] [] INFO  c.n.d.s.r.aws.ConfigClusterResolver - Resolving eureka endpoints via configuration
2026-03-04 23:42:17.819 [http-nio-8087-exec-8] [19588b7b-da71-4d79-871b-24615758e4dc] DEBUG o.s.security.web.FilterChainProxy - Securing GET /api/reports/claims/summary
2026-03-04 23:42:17.819 [http-nio-8087-exec-1] [2315aa73-2eb1-4dbd-b91b-29b6b092db09] DEBUG o.s.security.web.FilterChainProxy - Securing GET /api/reports/payments
2026-03-04 23:42:17.819 [http-nio-8087-exec-9] [5203db6b-b81f-4e98-93a9-42d5e080f88e] DEBUG o.s.security.web.FilterChainProxy - Securing GET /api/reports/adjusters/performance
2026-03-04 23:42:17.874 [http-nio-8087-exec-8] [19588b7b-da71-4d79-871b-24615758e4dc] DEBUG c.c.r.s.JwtAuthenticationFilter - Authenticated user: shashank123 for URI: /api/reports/claims/summary
2026-03-04 23:42:17.874 [http-nio-8087-exec-9] [5203db6b-b81f-4e98-93a9-42d5e080f88e] DEBUG c.c.r.s.JwtAuthenticationFilter - Authenticated user: shashank123 for URI: /api/reports/adjusters/performance
2026-03-04 23:42:17.874 [http-nio-8087-exec-1] [2315aa73-2eb1-4dbd-b91b-29b6b092db09] DEBUG c.c.r.s.JwtAuthenticationFilter - Authenticated user: shashank123 for URI: /api/reports/payments
2026-03-04 23:42:17.889 [http-nio-8087-exec-9] [5203db6b-b81f-4e98-93a9-42d5e080f88e] DEBUG o.s.security.web.FilterChainProxy - Secured GET /api/reports/adjusters/performance
2026-03-04 23:42:17.889 [http-nio-8087-exec-1] [2315aa73-2eb1-4dbd-b91b-29b6b092db09] DEBUG o.s.security.web.FilterChainProxy - Secured GET /api/reports/payments
2026-03-04 23:42:17.889 [http-nio-8087-exec-8] [19588b7b-da71-4d79-871b-24615758e4dc] DEBUG o.s.security.web.FilterChainProxy - Secured GET /api/reports/claims/summary
2026-03-04 23:42:17.920 [http-nio-8087-exec-1] [2315aa73-2eb1-4dbd-b91b-29b6b092db09] DEBUG o.s.s.a.m.AuthorizationManagerBeforeMethodInterceptor - Authorizing method invocation ReflectiveMethodInvocation: public org.springframework.http.ResponseEntity com.claimswift.reportingservice.controller.ReportingController.getPaymentReport(java.time.LocalDate,java.time.LocalDate); target is of class [com.claimswift.reportingservice.controller.ReportingController]
2026-03-04 23:42:17.920 [http-nio-8087-exec-8] [19588b7b-da71-4d79-871b-24615758e4dc] DEBUG o.s.s.a.m.AuthorizationManagerBeforeMethodInterceptor - Authorizing method invocation ReflectiveMethodInvocation: public org.springframework.http.ResponseEntity com.claimswift.reportingservice.controller.ReportingController.getClaimSummaryReport(java.time.LocalDate,java.time.LocalDate); target is of class [com.claimswift.reportingservice.controller.ReportingController]
2026-03-04 23:42:17.920 [http-nio-8087-exec-9] [5203db6b-b81f-4e98-93a9-42d5e080f88e] DEBUG o.s.s.a.m.AuthorizationManagerBeforeMethodInterceptor - Authorizing method invocation ReflectiveMethodInvocation: public org.springframework.http.ResponseEntity com.claimswift.reportingservice.controller.ReportingController.getAdjusterPerformanceReport(java.time.LocalDate,java.time.LocalDate); target is of class [com.claimswift.reportingservice.controller.ReportingController]
2026-03-04 23:42:17.920 [http-nio-8087-exec-1] [2315aa73-2eb1-4dbd-b91b-29b6b092db09] DEBUG o.s.s.a.h.RoleHierarchyImpl - getReachableGrantedAuthorities() - From the roles [ROLE_MANAGER] one can reach [ROLE_POLICYHOLDER, ROLE_MANAGER, ROLE_ADJUSTER] in zero or more steps.
2026-03-04 23:42:17.920 [http-nio-8087-exec-9] [5203db6b-b81f-4e98-93a9-42d5e080f88e] DEBUG o.s.s.a.h.RoleHierarchyImpl - getReachableGrantedAuthorities() - From the roles [ROLE_MANAGER] one can reach [ROLE_POLICYHOLDER, ROLE_MANAGER, ROLE_ADJUSTER] in zero or more steps.
2026-03-04 23:42:17.920 [http-nio-8087-exec-8] [19588b7b-da71-4d79-871b-24615758e4dc] DEBUG o.s.s.a.h.RoleHierarchyImpl - getReachableGrantedAuthorities() - From the roles [ROLE_MANAGER] one can reach [ROLE_POLICYHOLDER, ROLE_MANAGER, ROLE_ADJUSTER] in zero or more steps.
2026-03-04 23:42:17.920 [http-nio-8087-exec-9] [5203db6b-b81f-4e98-93a9-42d5e080f88e] DEBUG o.s.s.a.m.AuthorizationManagerBeforeMethodInterceptor - Authorized method invocation ReflectiveMethodInvocation: public org.springframework.http.ResponseEntity com.claimswift.reportingservice.controller.ReportingController.getAdjusterPerformanceReport(java.time.LocalDate,java.time.LocalDate); target is of class [com.claimswift.reportingservice.controller.ReportingController]
2026-03-04 23:42:17.920 [http-nio-8087-exec-8] [19588b7b-da71-4d79-871b-24615758e4dc] DEBUG o.s.s.a.m.AuthorizationManagerBeforeMethodInterceptor - Authorized method invocation ReflectiveMethodInvocation: public org.springframework.http.ResponseEntity com.claimswift.reportingservice.controller.ReportingController.getClaimSummaryReport(java.time.LocalDate,java.time.LocalDate); target is of class [com.claimswift.reportingservice.controller.ReportingController]
2026-03-04 23:42:17.920 [http-nio-8087-exec-1] [2315aa73-2eb1-4dbd-b91b-29b6b092db09] DEBUG o.s.s.a.m.AuthorizationManagerBeforeMethodInterceptor - Authorized method invocation ReflectiveMethodInvocation: public org.springframework.http.ResponseEntity com.claimswift.reportingservice.controller.ReportingController.getPaymentReport(java.time.LocalDate,java.time.LocalDate); target is of class [com.claimswift.reportingservice.controller.ReportingController]
2026-03-04 23:42:17.939 [http-nio-8087-exec-1] [2315aa73-2eb1-4dbd-b91b-29b6b092db09] INFO  c.c.r.controller.ReportingController - Generating payment report for period: null to null
2026-03-04 23:42:17.937 [http-nio-8087-exec-9] [5203db6b-b81f-4e98-93a9-42d5e080f88e] INFO  c.c.r.controller.ReportingController - Generating adjuster performance report for period: null to null
2026-03-04 23:42:17.937 [http-nio-8087-exec-8] [19588b7b-da71-4d79-871b-24615758e4dc] INFO  c.c.r.controller.ReportingController - Generating claim summary report for period: null to null
2026-03-04 23:42:17.939 [http-nio-8087-exec-1] [2315aa73-2eb1-4dbd-b91b-29b6b092db09] DEBUG c.c.r.client.PaymentServiceClient - [PaymentServiceClient#getAllPayments] ---> GET http://payment-service/api/payments/internal/all HTTP/1.1
2026-03-04 23:42:17.939 [http-nio-8087-exec-9] [5203db6b-b81f-4e98-93a9-42d5e080f88e] DEBUG c.c.r.client.ClaimServiceClient - [ClaimServiceClient#getAllClaims] ---> GET http://claim-service/api/claims/internal/all HTTP/1.1
2026-03-04 23:42:17.939 [http-nio-8087-exec-8] [19588b7b-da71-4d79-871b-24615758e4dc] DEBUG c.c.r.client.ClaimServiceClient - [ClaimServiceClient#getAllClaims] ---> GET http://claim-service/api/claims/internal/all HTTP/1.1
2026-03-04 23:42:18.024 [http-nio-8087-exec-8] [19588b7b-da71-4d79-871b-24615758e4dc] DEBUG c.c.r.client.ClaimServiceClient - [ClaimServiceClient#getAllClaims] <--- HTTP/1.1 200 (78ms)
2026-03-04 23:42:18.024 [http-nio-8087-exec-9] [5203db6b-b81f-4e98-93a9-42d5e080f88e] DEBUG c.c.r.client.ClaimServiceClient - [ClaimServiceClient#getAllClaims] <--- HTTP/1.1 200 (83ms)
2026-03-04 23:42:18.033 [http-nio-8087-exec-1] [2315aa73-2eb1-4dbd-b91b-29b6b092db09] DEBUG c.c.r.client.PaymentServiceClient - [PaymentServiceClient#getAllPayments] <--- HTTP/1.1 200 (86ms)
2026-03-04 23:44:19.168 [AsyncResolver-bootstrap-executor-0] [] INFO  c.n.d.s.r.aws.ConfigClusterResolver - Resolving eureka endpoints via configuration
2026-03-04 23:45:05.826 [http-nio-8087-exec-5] [a3a05b6d-f450-4e8b-98e4-84fb738eb2d0] DEBUG o.s.security.web.FilterChainProxy - Securing GET /api/reports/payments
2026-03-04 23:45:05.829 [http-nio-8087-exec-4] [38283359-ddc6-499a-9db2-4c052db1802b] DEBUG o.s.security.web.FilterChainProxy - Securing GET /api/reports/adjusters/performance
2026-03-04 23:45:05.830 [http-nio-8087-exec-6] [ce059d45-4979-4f9d-b4c7-d2da2a2e9b07] DEBUG o.s.security.web.FilterChainProxy - Securing GET /api/reports/claims/summary
2026-03-04 23:45:05.836 [http-nio-8087-exec-6] [ce059d45-4979-4f9d-b4c7-d2da2a2e9b07] DEBUG c.c.r.s.JwtAuthenticationFilter - Authenticated user: shashank123 for URI: /api/reports/claims/summary
2026-03-04 23:45:05.836 [http-nio-8087-exec-5] [a3a05b6d-f450-4e8b-98e4-84fb738eb2d0] DEBUG c.c.r.s.JwtAuthenticationFilter - Authenticated user: shashank123 for URI: /api/reports/payments
2026-03-04 23:45:05.836 [http-nio-8087-exec-4] [38283359-ddc6-499a-9db2-4c052db1802b] DEBUG c.c.r.s.JwtAuthenticationFilter - Authenticated user: shashank123 for URI: /api/reports/adjusters/performance
2026-03-04 23:45:05.841 [http-nio-8087-exec-4] [38283359-ddc6-499a-9db2-4c052db1802b] DEBUG o.s.security.web.FilterChainProxy - Secured GET /api/reports/adjusters/performance
2026-03-04 23:45:05.841 [http-nio-8087-exec-6] [ce059d45-4979-4f9d-b4c7-d2da2a2e9b07] DEBUG o.s.security.web.FilterChainProxy - Secured GET /api/reports/claims/summary
2026-03-04 23:45:05.841 [http-nio-8087-exec-5] [a3a05b6d-f450-4e8b-98e4-84fb738eb2d0] DEBUG o.s.security.web.FilterChainProxy - Secured GET /api/reports/payments
2026-03-04 23:45:05.843 [http-nio-8087-exec-4] [38283359-ddc6-499a-9db2-4c052db1802b] DEBUG o.s.s.a.m.AuthorizationManagerBeforeMethodInterceptor - Authorizing method invocation ReflectiveMethodInvocation: public org.springframework.http.ResponseEntity com.claimswift.reportingservice.controller.ReportingController.getAdjusterPerformanceReport(java.time.LocalDate,java.time.LocalDate); target is of class [com.claimswift.reportingservice.controller.ReportingController]
2026-03-04 23:45:05.844 [http-nio-8087-exec-5] [a3a05b6d-f450-4e8b-98e4-84fb738eb2d0] DEBUG o.s.s.a.m.AuthorizationManagerBeforeMethodInterceptor - Authorizing method invocation ReflectiveMethodInvocation: public org.springframework.http.ResponseEntity com.claimswift.reportingservice.controller.ReportingController.getPaymentReport(java.time.LocalDate,java.time.LocalDate); target is of class [com.claimswift.reportingservice.controller.ReportingController]
2026-03-04 23:45:05.844 [http-nio-8087-exec-6] [ce059d45-4979-4f9d-b4c7-d2da2a2e9b07] DEBUG o.s.s.a.m.AuthorizationManagerBeforeMethodInterceptor - Authorizing method invocation ReflectiveMethodInvocation: public org.springframework.http.ResponseEntity com.claimswift.reportingservice.controller.ReportingController.getClaimSummaryReport(java.time.LocalDate,java.time.LocalDate); target is of class [com.claimswift.reportingservice.controller.ReportingController]
2026-03-04 23:45:05.844 [http-nio-8087-exec-4] [38283359-ddc6-499a-9db2-4c052db1802b] DEBUG o.s.s.a.h.RoleHierarchyImpl - getReachableGrantedAuthorities() - From the roles [ROLE_MANAGER] one can reach [ROLE_POLICYHOLDER, ROLE_MANAGER, ROLE_ADJUSTER] in zero or more steps.
2026-03-04 23:45:05.845 [http-nio-8087-exec-5] [a3a05b6d-f450-4e8b-98e4-84fb738eb2d0] DEBUG o.s.s.a.h.RoleHierarchyImpl - getReachableGrantedAuthorities() - From the roles [ROLE_MANAGER] one can reach [ROLE_POLICYHOLDER, ROLE_MANAGER, ROLE_ADJUSTER] in zero or more steps.
2026-03-04 23:45:05.845 [http-nio-8087-exec-6] [ce059d45-4979-4f9d-b4c7-d2da2a2e9b07] DEBUG o.s.s.a.h.RoleHierarchyImpl - getReachableGrantedAuthorities() - From the roles [ROLE_MANAGER] one can reach [ROLE_POLICYHOLDER, ROLE_MANAGER, ROLE_ADJUSTER] in zero or more steps.
2026-03-04 23:45:05.845 [http-nio-8087-exec-4] [38283359-ddc6-499a-9db2-4c052db1802b] DEBUG o.s.s.a.m.AuthorizationManagerBeforeMethodInterceptor - Authorized method invocation ReflectiveMethodInvocation: public org.springframework.http.ResponseEntity com.claimswift.reportingservice.controller.ReportingController.getAdjusterPerformanceReport(java.time.LocalDate,java.time.LocalDate); target is of class [com.claimswift.reportingservice.controller.ReportingController]
2026-03-04 23:45:05.846 [http-nio-8087-exec-5] [a3a05b6d-f450-4e8b-98e4-84fb738eb2d0] DEBUG o.s.s.a.m.AuthorizationManagerBeforeMethodInterceptor - Authorized method invocation ReflectiveMethodInvocation: public org.springframework.http.ResponseEntity com.claimswift.reportingservice.controller.ReportingController.getPaymentReport(java.time.LocalDate,java.time.LocalDate); target is of class [com.claimswift.reportingservice.controller.ReportingController]
2026-03-04 23:45:05.846 [http-nio-8087-exec-6] [ce059d45-4979-4f9d-b4c7-d2da2a2e9b07] DEBUG o.s.s.a.m.AuthorizationManagerBeforeMethodInterceptor - Authorized method invocation ReflectiveMethodInvocation: public org.springframework.http.ResponseEntity com.claimswift.reportingservice.controller.ReportingController.getClaimSummaryReport(java.time.LocalDate,java.time.LocalDate); target is of class [com.claimswift.reportingservice.controller.ReportingController]
2026-03-04 23:45:05.846 [http-nio-8087-exec-4] [38283359-ddc6-499a-9db2-4c052db1802b] INFO  c.c.r.controller.ReportingController - Generating adjuster performance report for period: null to null
2026-03-04 23:45:05.846 [http-nio-8087-exec-5] [a3a05b6d-f450-4e8b-98e4-84fb738eb2d0] INFO  c.c.r.controller.ReportingController - Generating payment report for period: null to null
2026-03-04 23:45:05.846 [http-nio-8087-exec-6] [ce059d45-4979-4f9d-b4c7-d2da2a2e9b07] INFO  c.c.r.controller.ReportingController - Generating claim summary report for period: null to null
2026-03-04 23:45:05.846 [http-nio-8087-exec-4] [38283359-ddc6-499a-9db2-4c052db1802b] DEBUG c.c.r.client.ClaimServiceClient - [ClaimServiceClient#getAllClaims] ---> GET http://claim-service/api/claims/internal/all HTTP/1.1
2026-03-04 23:45:05.846 [http-nio-8087-exec-5] [a3a05b6d-f450-4e8b-98e4-84fb738eb2d0] DEBUG c.c.r.client.PaymentServiceClient - [PaymentServiceClient#getAllPayments] ---> GET http://payment-service/api/payments/internal/all HTTP/1.1
2026-03-04 23:45:05.846 [http-nio-8087-exec-6] [ce059d45-4979-4f9d-b4c7-d2da2a2e9b07] DEBUG c.c.r.client.ClaimServiceClient - [ClaimServiceClient#getAllClaims] ---> GET http://claim-service/api/claims/internal/all HTTP/1.1
2026-03-04 23:45:05.882 [http-nio-8087-exec-4] [38283359-ddc6-499a-9db2-4c052db1802b] DEBUG c.c.r.client.ClaimServiceClient - [ClaimServiceClient#getAllClaims] <--- HTTP/1.1 200 (34ms)
2026-03-04 23:45:05.882 [http-nio-8087-exec-6] [ce059d45-4979-4f9d-b4c7-d2da2a2e9b07] DEBUG c.c.r.client.ClaimServiceClient - [ClaimServiceClient#getAllClaims] <--- HTTP/1.1 200 (34ms)
2026-03-04 23:45:05.900 [http-nio-8087-exec-5] [a3a05b6d-f450-4e8b-98e4-84fb738eb2d0] DEBUG c.c.r.client.PaymentServiceClient - [PaymentServiceClient#getAllPayments] <--- HTTP/1.1 200 (52ms)
2026-03-04 23:45:12.904 [http-nio-8087-exec-7] [97f0d813-0707-48fe-b59c-4eafb5e6a2f3] DEBUG o.s.security.web.FilterChainProxy - Securing GET /api/reports/claims/summary
2026-03-04 23:45:12.908 [http-nio-8087-exec-9] [53043653-72d6-43d5-9d49-8834430ebdc7] DEBUG o.s.security.web.FilterChainProxy - Securing GET /api/reports/payments
2026-03-04 23:45:12.908 [http-nio-8087-exec-1] [93470af8-b601-4292-9fc8-e08891f4faa5] DEBUG o.s.security.web.FilterChainProxy - Securing GET /api/reports/adjusters/performance
2026-03-04 23:45:12.915 [http-nio-8087-exec-7] [97f0d813-0707-48fe-b59c-4eafb5e6a2f3] DEBUG c.c.r.s.JwtAuthenticationFilter - Authenticated user: shashank123 for URI: /api/reports/claims/summary
2026-03-04 23:45:12.917 [http-nio-8087-exec-9] [53043653-72d6-43d5-9d49-8834430ebdc7] DEBUG c.c.r.s.JwtAuthenticationFilter - Authenticated user: shashank123 for URI: /api/reports/payments
2026-03-04 23:45:12.919 [http-nio-8087-exec-1] [93470af8-b601-4292-9fc8-e08891f4faa5] DEBUG c.c.r.s.JwtAuthenticationFilter - Authenticated user: shashank123 for URI: /api/reports/adjusters/performance
2026-03-04 23:45:12.929 [http-nio-8087-exec-7] [97f0d813-0707-48fe-b59c-4eafb5e6a2f3] DEBUG o.s.security.web.FilterChainProxy - Secured GET /api/reports/claims/summary
2026-03-04 23:45:12.930 [http-nio-8087-exec-9] [53043653-72d6-43d5-9d49-8834430ebdc7] DEBUG o.s.security.web.FilterChainProxy - Secured GET /api/reports/payments
2026-03-04 23:45:12.933 [http-nio-8087-exec-9] [53043653-72d6-43d5-9d49-8834430ebdc7] DEBUG o.s.s.a.m.AuthorizationManagerBeforeMethodInterceptor - Authorizing method invocation ReflectiveMethodInvocation: public org.springframework.http.ResponseEntity com.claimswift.reportingservice.controller.ReportingController.getPaymentReport(java.time.LocalDate,java.time.LocalDate); target is of class [com.claimswift.reportingservice.controller.ReportingController]
2026-03-04 23:45:12.933 [http-nio-8087-exec-7] [97f0d813-0707-48fe-b59c-4eafb5e6a2f3] DEBUG o.s.s.a.m.AuthorizationManagerBeforeMethodInterceptor - Authorizing method invocation ReflectiveMethodInvocation: public org.springframework.http.ResponseEntity com.claimswift.reportingservice.controller.ReportingController.getClaimSummaryReport(java.time.LocalDate,java.time.LocalDate); target is of class [com.claimswift.reportingservice.controller.ReportingController]
2026-03-04 23:45:12.935 [http-nio-8087-exec-1] [93470af8-b601-4292-9fc8-e08891f4faa5] DEBUG o.s.security.web.FilterChainProxy - Secured GET /api/reports/adjusters/performance
2026-03-04 23:45:12.935 [http-nio-8087-exec-7] [97f0d813-0707-48fe-b59c-4eafb5e6a2f3] DEBUG o.s.s.a.h.RoleHierarchyImpl - getReachableGrantedAuthorities() - From the roles [ROLE_MANAGER] one can reach [ROLE_POLICYHOLDER, ROLE_MANAGER, ROLE_ADJUSTER] in zero or more steps.
2026-03-04 23:45:12.935 [http-nio-8087-exec-9] [53043653-72d6-43d5-9d49-8834430ebdc7] DEBUG o.s.s.a.h.RoleHierarchyImpl - getReachableGrantedAuthorities() - From the roles [ROLE_MANAGER] one can reach [ROLE_POLICYHOLDER, ROLE_MANAGER, ROLE_ADJUSTER] in zero or more steps.
2026-03-04 23:45:12.936 [http-nio-8087-exec-7] [97f0d813-0707-48fe-b59c-4eafb5e6a2f3] DEBUG o.s.s.a.m.AuthorizationManagerBeforeMethodInterceptor - Authorized method invocation ReflectiveMethodInvocation: public org.springframework.http.ResponseEntity com.claimswift.reportingservice.controller.ReportingController.getClaimSummaryReport(java.time.LocalDate,java.time.LocalDate); target is of class [com.claimswift.reportingservice.controller.ReportingController]
2026-03-04 23:45:12.937 [http-nio-8087-exec-9] [53043653-72d6-43d5-9d49-8834430ebdc7] DEBUG o.s.s.a.m.AuthorizationManagerBeforeMethodInterceptor - Authorized method invocation ReflectiveMethodInvocation: public org.springframework.http.ResponseEntity com.claimswift.reportingservice.controller.ReportingController.getPaymentReport(java.time.LocalDate,java.time.LocalDate); target is of class [com.claimswift.reportingservice.controller.ReportingController]
2026-03-04 23:45:12.937 [http-nio-8087-exec-1] [93470af8-b601-4292-9fc8-e08891f4faa5] DEBUG o.s.s.a.m.AuthorizationManagerBeforeMethodInterceptor - Authorizing method invocation ReflectiveMethodInvocation: public org.springframework.http.ResponseEntity com.claimswift.reportingservice.controller.ReportingController.getAdjusterPerformanceReport(java.time.LocalDate,java.time.LocalDate); target is of class [com.claimswift.reportingservice.controller.ReportingController]
2026-03-04 23:45:12.937 [http-nio-8087-exec-9] [53043653-72d6-43d5-9d49-8834430ebdc7] INFO  c.c.r.controller.ReportingController - Generating payment report for period: null to null
2026-03-04 23:45:12.937 [http-nio-8087-exec-7] [97f0d813-0707-48fe-b59c-4eafb5e6a2f3] INFO  c.c.r.controller.ReportingController - Generating claim summary report for period: null to null
2026-03-04 23:45:12.939 [http-nio-8087-exec-1] [93470af8-b601-4292-9fc8-e08891f4faa5] DEBUG o.s.s.a.h.RoleHierarchyImpl - getReachableGrantedAuthorities() - From the roles [ROLE_MANAGER] one can reach [ROLE_POLICYHOLDER, ROLE_MANAGER, ROLE_ADJUSTER] in zero or more steps.
2026-03-04 23:45:12.940 [http-nio-8087-exec-7] [97f0d813-0707-48fe-b59c-4eafb5e6a2f3] DEBUG c.c.r.client.ClaimServiceClient - [ClaimServiceClient#getAllClaims] ---> GET http://claim-service/api/claims/internal/all HTTP/1.1
2026-03-04 23:45:12.941 [http-nio-8087-exec-9] [53043653-72d6-43d5-9d49-8834430ebdc7] DEBUG c.c.r.client.PaymentServiceClient - [PaymentServiceClient#getAllPayments] ---> GET http://payment-service/api/payments/internal/all HTTP/1.1
2026-03-04 23:45:12.942 [http-nio-8087-exec-1] [93470af8-b601-4292-9fc8-e08891f4faa5] DEBUG o.s.s.a.m.AuthorizationManagerBeforeMethodInterceptor - Authorized method invocation ReflectiveMethodInvocation: public org.springframework.http.ResponseEntity com.claimswift.reportingservice.controller.ReportingController.getAdjusterPerformanceReport(java.time.LocalDate,java.time.LocalDate); target is of class [com.claimswift.reportingservice.controller.ReportingController]
2026-03-04 23:45:12.942 [http-nio-8087-exec-1] [93470af8-b601-4292-9fc8-e08891f4faa5] INFO  c.c.r.controller.ReportingController - Generating adjuster performance report for period: null to null
2026-03-04 23:45:12.942 [http-nio-8087-exec-1] [93470af8-b601-4292-9fc8-e08891f4faa5] DEBUG c.c.r.client.ClaimServiceClient - [ClaimServiceClient#getAllClaims] ---> GET http://claim-service/api/claims/internal/all HTTP/1.1
2026-03-04 23:45:12.959 [http-nio-8087-exec-7] [97f0d813-0707-48fe-b59c-4eafb5e6a2f3] DEBUG c.c.r.client.ClaimServiceClient - [ClaimServiceClient#getAllClaims] <--- HTTP/1.1 200 (19ms)
2026-03-04 23:45:12.959 [http-nio-8087-exec-1] [93470af8-b601-4292-9fc8-e08891f4faa5] DEBUG c.c.r.client.ClaimServiceClient - [ClaimServiceClient#getAllClaims] <--- HTTP/1.1 200 (17ms)
2026-03-04 23:45:12.976 [http-nio-8087-exec-9] [53043653-72d6-43d5-9d49-8834430ebdc7] DEBUG c.c.r.client.PaymentServiceClient - [PaymentServiceClient#getAllPayments] <--- HTTP/1.1 200 (40ms)
2026-03-04 23:45:14.146 [http-nio-8087-exec-8] [4970db2d-eb9c-4e44-afbb-33655147b8e5] DEBUG o.s.security.web.FilterChainProxy - Securing GET /api/reports/payments
2026-03-04 23:45:14.146 [http-nio-8087-exec-10] [fb93b4b8-2ad7-461e-a518-aab5724103df] DEBUG o.s.security.web.FilterChainProxy - Securing GET /api/reports/adjusters/performance
2026-03-04 23:45:14.146 [http-nio-8087-exec-3] [a488494e-c9f8-4d28-97ed-12baf01340d0] DEBUG o.s.security.web.FilterChainProxy - Securing GET /api/reports/claims/summary
2026-03-04 23:45:14.179 [http-nio-8087-exec-10] [fb93b4b8-2ad7-461e-a518-aab5724103df] DEBUG c.c.r.s.JwtAuthenticationFilter - Authenticated user: shashank123 for URI: /api/reports/adjusters/performance
2026-03-04 23:45:14.179 [http-nio-8087-exec-3] [a488494e-c9f8-4d28-97ed-12baf01340d0] DEBUG c.c.r.s.JwtAuthenticationFilter - Authenticated user: shashank123 for URI: /api/reports/claims/summary
2026-03-04 23:45:14.179 [http-nio-8087-exec-8] [4970db2d-eb9c-4e44-afbb-33655147b8e5] DEBUG c.c.r.s.JwtAuthenticationFilter - Authenticated user: shashank123 for URI: /api/reports/payments
2026-03-04 23:45:14.183 [http-nio-8087-exec-10] [fb93b4b8-2ad7-461e-a518-aab5724103df] DEBUG o.s.security.web.FilterChainProxy - Secured GET /api/reports/adjusters/performance
2026-03-04 23:45:14.183 [http-nio-8087-exec-8] [4970db2d-eb9c-4e44-afbb-33655147b8e5] DEBUG o.s.security.web.FilterChainProxy - Secured GET /api/reports/payments
2026-03-04 23:45:14.183 [http-nio-8087-exec-3] [a488494e-c9f8-4d28-97ed-12baf01340d0] DEBUG o.s.security.web.FilterChainProxy - Secured GET /api/reports/claims/summary
2026-03-04 23:45:14.189 [http-nio-8087-exec-10] [fb93b4b8-2ad7-461e-a518-aab5724103df] DEBUG o.s.s.a.m.AuthorizationManagerBeforeMethodInterceptor - Authorizing method invocation ReflectiveMethodInvocation: public org.springframework.http.ResponseEntity com.claimswift.reportingservice.controller.ReportingController.getAdjusterPerformanceReport(java.time.LocalDate,java.time.LocalDate); target is of class [com.claimswift.reportingservice.controller.ReportingController]
2026-03-04 23:45:14.189 [http-nio-8087-exec-3] [a488494e-c9f8-4d28-97ed-12baf01340d0] DEBUG o.s.s.a.m.AuthorizationManagerBeforeMethodInterceptor - Authorizing method invocation ReflectiveMethodInvocation: public org.springframework.http.ResponseEntity com.claimswift.reportingservice.controller.ReportingController.getClaimSummaryReport(java.time.LocalDate,java.time.LocalDate); target is of class [com.claimswift.reportingservice.controller.ReportingController]
2026-03-04 23:45:14.189 [http-nio-8087-exec-8] [4970db2d-eb9c-4e44-afbb-33655147b8e5] DEBUG o.s.s.a.m.AuthorizationManagerBeforeMethodInterceptor - Authorizing method invocation ReflectiveMethodInvocation: public org.springframework.http.ResponseEntity com.claimswift.reportingservice.controller.ReportingController.getPaymentReport(java.time.LocalDate,java.time.LocalDate); target is of class [com.claimswift.reportingservice.controller.ReportingController]
2026-03-04 23:45:14.190 [http-nio-8087-exec-10] [fb93b4b8-2ad7-461e-a518-aab5724103df] DEBUG o.s.s.a.h.RoleHierarchyImpl - getReachableGrantedAuthorities() - From the roles [ROLE_MANAGER] one can reach [ROLE_POLICYHOLDER, ROLE_MANAGER, ROLE_ADJUSTER] in zero or more steps.
2026-03-04 23:45:14.190 [http-nio-8087-exec-3] [a488494e-c9f8-4d28-97ed-12baf01340d0] DEBUG o.s.s.a.h.RoleHierarchyImpl - getReachableGrantedAuthorities() - From the roles [ROLE_MANAGER] one can reach [ROLE_POLICYHOLDER, ROLE_MANAGER, ROLE_ADJUSTER] in zero or more steps.
2026-03-04 23:45:14.190 [http-nio-8087-exec-8] [4970db2d-eb9c-4e44-afbb-33655147b8e5] DEBUG o.s.s.a.h.RoleHierarchyImpl - getReachableGrantedAuthorities() - From the roles [ROLE_MANAGER] one can reach [ROLE_POLICYHOLDER, ROLE_MANAGER, ROLE_ADJUSTER] in zero or more steps.
2026-03-04 23:45:14.191 [http-nio-8087-exec-3] [a488494e-c9f8-4d28-97ed-12baf01340d0] DEBUG o.s.s.a.m.AuthorizationManagerBeforeMethodInterceptor - Authorized method invocation ReflectiveMethodInvocation: public org.springframework.http.ResponseEntity com.claimswift.reportingservice.controller.ReportingController.getClaimSummaryReport(java.time.LocalDate,java.time.LocalDate); target is of class [com.claimswift.reportingservice.controller.ReportingController]
2026-03-04 23:45:14.191 [http-nio-8087-exec-10] [fb93b4b8-2ad7-461e-a518-aab5724103df] DEBUG o.s.s.a.m.AuthorizationManagerBeforeMethodInterceptor - Authorized method invocation ReflectiveMethodInvocation: public org.springframework.http.ResponseEntity com.claimswift.reportingservice.controller.ReportingController.getAdjusterPerformanceReport(java.time.LocalDate,java.time.LocalDate); target is of class [com.claimswift.reportingservice.controller.ReportingController]
2026-03-04 23:45:14.191 [http-nio-8087-exec-8] [4970db2d-eb9c-4e44-afbb-33655147b8e5] DEBUG o.s.s.a.m.AuthorizationManagerBeforeMethodInterceptor - Authorized method invocation ReflectiveMethodInvocation: public org.springframework.http.ResponseEntity com.claimswift.reportingservice.controller.ReportingController.getPaymentReport(java.time.LocalDate,java.time.LocalDate); target is of class [com.claimswift.reportingservice.controller.ReportingController]
2026-03-04 23:45:14.191 [http-nio-8087-exec-3] [a488494e-c9f8-4d28-97ed-12baf01340d0] INFO  c.c.r.controller.ReportingController - Generating claim summary report for period: null to null
2026-03-04 23:45:14.191 [http-nio-8087-exec-10] [fb93b4b8-2ad7-461e-a518-aab5724103df] INFO  c.c.r.controller.ReportingController - Generating adjuster performance report for period: null to null
2026-03-04 23:45:14.191 [http-nio-8087-exec-8] [4970db2d-eb9c-4e44-afbb-33655147b8e5] INFO  c.c.r.controller.ReportingController - Generating payment report for period: null to null
2026-03-04 23:45:14.191 [http-nio-8087-exec-3] [a488494e-c9f8-4d28-97ed-12baf01340d0] DEBUG c.c.r.client.ClaimServiceClient - [ClaimServiceClient#getAllClaims] ---> GET http://claim-service/api/claims/internal/all HTTP/1.1
2026-03-04 23:45:14.191 [http-nio-8087-exec-10] [fb93b4b8-2ad7-461e-a518-aab5724103df] DEBUG c.c.r.client.ClaimServiceClient - [ClaimServiceClient#getAllClaims] ---> GET http://claim-service/api/claims/internal/all HTTP/1.1
2026-03-04 23:45:14.191 [http-nio-8087-exec-8] [4970db2d-eb9c-4e44-afbb-33655147b8e5] DEBUG c.c.r.client.PaymentServiceClient - [PaymentServiceClient#getAllPayments] ---> GET http://payment-service/api/payments/internal/all HTTP/1.1
2026-03-04 23:45:14.207 [http-nio-8087-exec-3] [a488494e-c9f8-4d28-97ed-12baf01340d0] DEBUG c.c.r.client.ClaimServiceClient - [ClaimServiceClient#getAllClaims] <--- HTTP/1.1 200 (17ms)
2026-03-04 23:45:14.207 [http-nio-8087-exec-10] [fb93b4b8-2ad7-461e-a518-aab5724103df] DEBUG c.c.r.client.ClaimServiceClient - [ClaimServiceClient#getAllClaims] <--- HTTP/1.1 200 (17ms)
2026-03-04 23:45:14.223 [http-nio-8087-exec-8] [4970db2d-eb9c-4e44-afbb-33655147b8e5] DEBUG c.c.r.client.PaymentServiceClient - [PaymentServiceClient#getAllPayments] <--- HTTP/1.1 200 (29ms)
2026-03-04 23:49:19.180 [AsyncResolver-bootstrap-executor-0] [] INFO  c.n.d.s.r.aws.ConfigClusterResolver - Resolving eureka endpoints via configuration
2026-03-04 23:51:54.253 [http-nio-8087-exec-5] [784b8019-89f9-4dd7-95e4-450acda3d651] DEBUG o.s.security.web.FilterChainProxy - Securing GET /api/reports/claims/summary
2026-03-04 23:51:54.256 [http-nio-8087-exec-1] [8d1ac9f1-af9a-4d03-9b75-f2f73eec8ff3] DEBUG o.s.security.web.FilterChainProxy - Securing GET /api/reports/payments
2026-03-04 23:51:54.260 [http-nio-8087-exec-1] [8d1ac9f1-af9a-4d03-9b75-f2f73eec8ff3] DEBUG c.c.r.s.JwtAuthenticationFilter - Authenticated user: shashank123 for URI: /api/reports/payments
2026-03-04 23:51:54.260 [http-nio-8087-exec-5] [784b8019-89f9-4dd7-95e4-450acda3d651] DEBUG c.c.r.s.JwtAuthenticationFilter - Authenticated user: shashank123 for URI: /api/reports/claims/summary
2026-03-04 23:51:54.260 [http-nio-8087-exec-7] [1fc3867f-3d1e-4c08-bf75-ad37b9324bd9] DEBUG o.s.security.web.FilterChainProxy - Securing GET /api/reports/adjusters/performance
2026-03-04 23:51:54.262 [http-nio-8087-exec-1] [8d1ac9f1-af9a-4d03-9b75-f2f73eec8ff3] DEBUG o.s.security.web.FilterChainProxy - Secured GET /api/reports/payments
2026-03-04 23:51:54.262 [http-nio-8087-exec-5] [784b8019-89f9-4dd7-95e4-450acda3d651] DEBUG o.s.security.web.FilterChainProxy - Secured GET /api/reports/claims/summary
2026-03-04 23:51:54.263 [http-nio-8087-exec-7] [1fc3867f-3d1e-4c08-bf75-ad37b9324bd9] DEBUG c.c.r.s.JwtAuthenticationFilter - Authenticated user: shashank123 for URI: /api/reports/adjusters/performance
2026-03-04 23:51:54.263 [http-nio-8087-exec-1] [8d1ac9f1-af9a-4d03-9b75-f2f73eec8ff3] DEBUG o.s.s.a.m.AuthorizationManagerBeforeMethodInterceptor - Authorizing method invocation ReflectiveMethodInvocation: public org.springframework.http.ResponseEntity com.claimswift.reportingservice.controller.ReportingController.getPaymentReport(java.time.LocalDate,java.time.LocalDate); target is of class [com.claimswift.reportingservice.controller.ReportingController]
2026-03-04 23:51:54.263 [http-nio-8087-exec-5] [784b8019-89f9-4dd7-95e4-450acda3d651] DEBUG o.s.s.a.m.AuthorizationManagerBeforeMethodInterceptor - Authorizing method invocation ReflectiveMethodInvocation: public org.springframework.http.ResponseEntity com.claimswift.reportingservice.controller.ReportingController.getClaimSummaryReport(java.time.LocalDate,java.time.LocalDate); target is of class [com.claimswift.reportingservice.controller.ReportingController]
2026-03-04 23:51:54.264 [http-nio-8087-exec-5] [784b8019-89f9-4dd7-95e4-450acda3d651] DEBUG o.s.s.a.h.RoleHierarchyImpl - getReachableGrantedAuthorities() - From the roles [ROLE_MANAGER] one can reach [ROLE_POLICYHOLDER, ROLE_MANAGER, ROLE_ADJUSTER] in zero or more steps.
2026-03-04 23:51:54.264 [http-nio-8087-exec-1] [8d1ac9f1-af9a-4d03-9b75-f2f73eec8ff3] DEBUG o.s.s.a.h.RoleHierarchyImpl - getReachableGrantedAuthorities() - From the roles [ROLE_MANAGER] one can reach [ROLE_POLICYHOLDER, ROLE_MANAGER, ROLE_ADJUSTER] in zero or more steps.
2026-03-04 23:51:54.264 [http-nio-8087-exec-5] [784b8019-89f9-4dd7-95e4-450acda3d651] DEBUG o.s.s.a.m.AuthorizationManagerBeforeMethodInterceptor - Authorized method invocation ReflectiveMethodInvocation: public org.springframework.http.ResponseEntity com.claimswift.reportingservice.controller.ReportingController.getClaimSummaryReport(java.time.LocalDate,java.time.LocalDate); target is of class [com.claimswift.reportingservice.controller.ReportingController]
2026-03-04 23:51:54.264 [http-nio-8087-exec-1] [8d1ac9f1-af9a-4d03-9b75-f2f73eec8ff3] DEBUG o.s.s.a.m.AuthorizationManagerBeforeMethodInterceptor - Authorized method invocation ReflectiveMethodInvocation: public org.springframework.http.ResponseEntity com.claimswift.reportingservice.controller.ReportingController.getPaymentReport(java.time.LocalDate,java.time.LocalDate); target is of class [com.claimswift.reportingservice.controller.ReportingController]
2026-03-04 23:51:54.264 [http-nio-8087-exec-5] [784b8019-89f9-4dd7-95e4-450acda3d651] INFO  c.c.r.controller.ReportingController - Generating claim summary report for period: null to null
2026-03-04 23:51:54.265 [http-nio-8087-exec-7] [1fc3867f-3d1e-4c08-bf75-ad37b9324bd9] DEBUG o.s.security.web.FilterChainProxy - Secured GET /api/reports/adjusters/performance
2026-03-04 23:51:54.264 [http-nio-8087-exec-1] [8d1ac9f1-af9a-4d03-9b75-f2f73eec8ff3] INFO  c.c.r.controller.ReportingController - Generating payment report for period: null to null
2026-03-04 23:51:54.265 [http-nio-8087-exec-5] [784b8019-89f9-4dd7-95e4-450acda3d651] DEBUG c.c.r.client.ClaimServiceClient - [ClaimServiceClient#getAllClaims] ---> GET http://claim-service/api/claims/internal/all HTTP/1.1
2026-03-04 23:51:54.265 [http-nio-8087-exec-1] [8d1ac9f1-af9a-4d03-9b75-f2f73eec8ff3] DEBUG c.c.r.client.PaymentServiceClient - [PaymentServiceClient#getAllPayments] ---> GET http://payment-service/api/payments/internal/all HTTP/1.1
2026-03-04 23:51:54.265 [http-nio-8087-exec-7] [1fc3867f-3d1e-4c08-bf75-ad37b9324bd9] DEBUG o.s.s.a.m.AuthorizationManagerBeforeMethodInterceptor - Authorizing method invocation ReflectiveMethodInvocation: public org.springframework.http.ResponseEntity com.claimswift.reportingservice.controller.ReportingController.getAdjusterPerformanceReport(java.time.LocalDate,java.time.LocalDate); target is of class [com.claimswift.reportingservice.controller.ReportingController]
2026-03-04 23:51:54.267 [http-nio-8087-exec-7] [1fc3867f-3d1e-4c08-bf75-ad37b9324bd9] DEBUG o.s.s.a.h.RoleHierarchyImpl - getReachableGrantedAuthorities() - From the roles [ROLE_MANAGER] one can reach [ROLE_POLICYHOLDER, ROLE_MANAGER, ROLE_ADJUSTER] in zero or more steps.
2026-03-04 23:51:54.267 [http-nio-8087-exec-7] [1fc3867f-3d1e-4c08-bf75-ad37b9324bd9] DEBUG o.s.s.a.m.AuthorizationManagerBeforeMethodInterceptor - Authorized method invocation ReflectiveMethodInvocation: public org.springframework.http.ResponseEntity com.claimswift.reportingservice.controller.ReportingController.getAdjusterPerformanceReport(java.time.LocalDate,java.time.LocalDate); target is of class [com.claimswift.reportingservice.controller.ReportingController]
2026-03-04 23:51:54.267 [http-nio-8087-exec-7] [1fc3867f-3d1e-4c08-bf75-ad37b9324bd9] INFO  c.c.r.controller.ReportingController - Generating adjuster performance report for period: null to null
2026-03-04 23:51:54.268 [http-nio-8087-exec-7] [1fc3867f-3d1e-4c08-bf75-ad37b9324bd9] DEBUG c.c.r.client.ClaimServiceClient - [ClaimServiceClient#getAllClaims] ---> GET http://claim-service/api/claims/internal/all HTTP/1.1
2026-03-04 23:51:54.284 [http-nio-8087-exec-5] [784b8019-89f9-4dd7-95e4-450acda3d651] DEBUG c.c.r.client.ClaimServiceClient - [ClaimServiceClient#getAllClaims] <--- HTTP/1.1 200 (17ms)
2026-03-04 23:51:54.287 [http-nio-8087-exec-7] [1fc3867f-3d1e-4c08-bf75-ad37b9324bd9] DEBUG c.c.r.client.ClaimServiceClient - [ClaimServiceClient#getAllClaims] <--- HTTP/1.1 200 (19ms)
2026-03-04 23:51:54.297 [http-nio-8087-exec-1] [8d1ac9f1-af9a-4d03-9b75-f2f73eec8ff3] DEBUG c.c.r.client.PaymentServiceClient - [PaymentServiceClient#getAllPayments] <--- HTTP/1.1 200 (30ms)
2026-03-04 23:52:16.606 [http-nio-8087-exec-9] [c322a23a-da0b-4cb7-99ae-657696751df6] DEBUG o.s.security.web.FilterChainProxy - Securing GET /api/reports/payments
2026-03-04 23:52:16.607 [http-nio-8087-exec-10] [c07f4813-f2a9-43ea-bc98-4ee6f5cb130b] DEBUG o.s.security.web.FilterChainProxy - Securing GET /api/reports/adjusters/performance
2026-03-04 23:52:16.608 [http-nio-8087-exec-3] [69e56293-21a7-4422-b6cb-8ff25412b862] DEBUG o.s.security.web.FilterChainProxy - Securing GET /api/reports/claims/summary
2026-03-04 23:52:16.612 [http-nio-8087-exec-9] [c322a23a-da0b-4cb7-99ae-657696751df6] DEBUG c.c.r.s.JwtAuthenticationFilter - Authenticated user: shashank123 for URI: /api/reports/payments
2026-03-04 23:52:16.613 [http-nio-8087-exec-3] [69e56293-21a7-4422-b6cb-8ff25412b862] DEBUG c.c.r.s.JwtAuthenticationFilter - Authenticated user: shashank123 for URI: /api/reports/claims/summary
2026-03-04 23:52:16.613 [http-nio-8087-exec-10] [c07f4813-f2a9-43ea-bc98-4ee6f5cb130b] DEBUG c.c.r.s.JwtAuthenticationFilter - Authenticated user: shashank123 for URI: /api/reports/adjusters/performance
2026-03-04 23:52:16.617 [http-nio-8087-exec-9] [c322a23a-da0b-4cb7-99ae-657696751df6] DEBUG o.s.security.web.FilterChainProxy - Secured GET /api/reports/payments
2026-03-04 23:52:16.620 [http-nio-8087-exec-3] [69e56293-21a7-4422-b6cb-8ff25412b862] DEBUG o.s.security.web.FilterChainProxy - Secured GET /api/reports/claims/summary
2026-03-04 23:52:16.621 [http-nio-8087-exec-10] [c07f4813-f2a9-43ea-bc98-4ee6f5cb130b] DEBUG o.s.security.web.FilterChainProxy - Secured GET /api/reports/adjusters/performance
2026-03-04 23:52:16.621 [http-nio-8087-exec-9] [c322a23a-da0b-4cb7-99ae-657696751df6] DEBUG o.s.s.a.m.AuthorizationManagerBeforeMethodInterceptor - Authorizing method invocation ReflectiveMethodInvocation: public org.springframework.http.ResponseEntity com.claimswift.reportingservice.controller.ReportingController.getPaymentReport(java.time.LocalDate,java.time.LocalDate); target is of class [com.claimswift.reportingservice.controller.ReportingController]
2026-03-04 23:52:16.625 [http-nio-8087-exec-3] [69e56293-21a7-4422-b6cb-8ff25412b862] DEBUG o.s.s.a.m.AuthorizationManagerBeforeMethodInterceptor - Authorizing method invocation ReflectiveMethodInvocation: public org.springframework.http.ResponseEntity com.claimswift.reportingservice.controller.ReportingController.getClaimSummaryReport(java.time.LocalDate,java.time.LocalDate); target is of class [com.claimswift.reportingservice.controller.ReportingController]
2026-03-04 23:52:16.624 [http-nio-8087-exec-10] [c07f4813-f2a9-43ea-bc98-4ee6f5cb130b] DEBUG o.s.s.a.m.AuthorizationManagerBeforeMethodInterceptor - Authorizing method invocation ReflectiveMethodInvocation: public org.springframework.http.ResponseEntity com.claimswift.reportingservice.controller.ReportingController.getAdjusterPerformanceReport(java.time.LocalDate,java.time.LocalDate); target is of class [com.claimswift.reportingservice.controller.ReportingController]
2026-03-04 23:52:16.625 [http-nio-8087-exec-9] [c322a23a-da0b-4cb7-99ae-657696751df6] DEBUG o.s.s.a.h.RoleHierarchyImpl - getReachableGrantedAuthorities() - From the roles [ROLE_MANAGER] one can reach [ROLE_POLICYHOLDER, ROLE_MANAGER, ROLE_ADJUSTER] in zero or more steps.
2026-03-04 23:52:16.631 [http-nio-8087-exec-10] [c07f4813-f2a9-43ea-bc98-4ee6f5cb130b] DEBUG o.s.s.a.h.RoleHierarchyImpl - getReachableGrantedAuthorities() - From the roles [ROLE_MANAGER] one can reach [ROLE_POLICYHOLDER, ROLE_MANAGER, ROLE_ADJUSTER] in zero or more steps.
2026-03-04 23:52:16.633 [http-nio-8087-exec-10] [c07f4813-f2a9-43ea-bc98-4ee6f5cb130b] DEBUG o.s.s.a.m.AuthorizationManagerBeforeMethodInterceptor - Authorized method invocation ReflectiveMethodInvocation: public org.springframework.http.ResponseEntity com.claimswift.reportingservice.controller.ReportingController.getAdjusterPerformanceReport(java.time.LocalDate,java.time.LocalDate); target is of class [com.claimswift.reportingservice.controller.ReportingController]
2026-03-04 23:52:16.631 [http-nio-8087-exec-3] [69e56293-21a7-4422-b6cb-8ff25412b862] DEBUG o.s.s.a.h.RoleHierarchyImpl - getReachableGrantedAuthorities() - From the roles [ROLE_MANAGER] one can reach [ROLE_POLICYHOLDER, ROLE_MANAGER, ROLE_ADJUSTER] in zero or more steps.
2026-03-04 23:52:16.640 [http-nio-8087-exec-3] [69e56293-21a7-4422-b6cb-8ff25412b862] DEBUG o.s.s.a.m.AuthorizationManagerBeforeMethodInterceptor - Authorized method invocation ReflectiveMethodInvocation: public org.springframework.http.ResponseEntity com.claimswift.reportingservice.controller.ReportingController.getClaimSummaryReport(java.time.LocalDate,java.time.LocalDate); target is of class [com.claimswift.reportingservice.controller.ReportingController]
2026-03-04 23:52:16.633 [http-nio-8087-exec-9] [c322a23a-da0b-4cb7-99ae-657696751df6] DEBUG o.s.s.a.m.AuthorizationManagerBeforeMethodInterceptor - Authorized method invocation ReflectiveMethodInvocation: public org.springframework.http.ResponseEntity com.claimswift.reportingservice.controller.ReportingController.getPaymentReport(java.time.LocalDate,java.time.LocalDate); target is of class [com.claimswift.reportingservice.controller.ReportingController]
2026-03-04 23:52:16.640 [http-nio-8087-exec-10] [c07f4813-f2a9-43ea-bc98-4ee6f5cb130b] INFO  c.c.r.controller.ReportingController - Generating adjuster performance report for period: null to null
2026-03-04 23:52:16.644 [http-nio-8087-exec-3] [69e56293-21a7-4422-b6cb-8ff25412b862] INFO  c.c.r.controller.ReportingController - Generating claim summary report for period: null to null
2026-03-04 23:52:16.644 [http-nio-8087-exec-9] [c322a23a-da0b-4cb7-99ae-657696751df6] INFO  c.c.r.controller.ReportingController - Generating payment report for period: null to null
2026-03-04 23:52:16.646 [http-nio-8087-exec-10] [c07f4813-f2a9-43ea-bc98-4ee6f5cb130b] DEBUG c.c.r.client.ClaimServiceClient - [ClaimServiceClient#getAllClaims] ---> GET http://claim-service/api/claims/internal/all HTTP/1.1
2026-03-04 23:52:16.648 [http-nio-8087-exec-3] [69e56293-21a7-4422-b6cb-8ff25412b862] DEBUG c.c.r.client.ClaimServiceClient - [ClaimServiceClient#getAllClaims] ---> GET http://claim-service/api/claims/internal/all HTTP/1.1
2026-03-04 23:52:16.650 [http-nio-8087-exec-9] [c322a23a-da0b-4cb7-99ae-657696751df6] DEBUG c.c.r.client.PaymentServiceClient - [PaymentServiceClient#getAllPayments] ---> GET http://payment-service/api/payments/internal/all HTTP/1.1
2026-03-04 23:52:16.673 [http-nio-8087-exec-3] [69e56293-21a7-4422-b6cb-8ff25412b862] DEBUG c.c.r.client.ClaimServiceClient - [ClaimServiceClient#getAllClaims] <--- HTTP/1.1 200 (22ms)
2026-03-04 23:52:16.676 [http-nio-8087-exec-10] [c07f4813-f2a9-43ea-bc98-4ee6f5cb130b] DEBUG c.c.r.client.ClaimServiceClient - [ClaimServiceClient#getAllClaims] <--- HTTP/1.1 200 (27ms)
2026-03-04 23:52:16.792 [http-nio-8087-exec-9] [c322a23a-da0b-4cb7-99ae-657696751df6] DEBUG c.c.r.client.PaymentServiceClient - [PaymentServiceClient#getAllPayments] <--- HTTP/1.1 200 (140ms)
2026-03-04 23:52:20.939 [http-nio-8087-exec-8] [7adfab69-0c7f-4f3b-a49d-ef67189a360f] DEBUG o.s.security.web.FilterChainProxy - Securing GET /api/reports/claims/summary
2026-03-04 23:52:20.945 [http-nio-8087-exec-6] [f4f9f248-5f81-4dc3-ab29-b84705f2e398] DEBUG o.s.security.web.FilterChainProxy - Securing GET /api/reports/payments
2026-03-04 23:52:20.948 [http-nio-8087-exec-8] [7adfab69-0c7f-4f3b-a49d-ef67189a360f] DEBUG c.c.r.s.JwtAuthenticationFilter - Authenticated user: shashank123 for URI: /api/reports/claims/summary
2026-03-04 23:52:20.949 [http-nio-8087-exec-2] [3e9cffea-9e11-4379-9b37-807314da4c08] DEBUG o.s.security.web.FilterChainProxy - Securing GET /api/reports/adjusters/performance
2026-03-04 23:52:20.950 [http-nio-8087-exec-6] [f4f9f248-5f81-4dc3-ab29-b84705f2e398] DEBUG c.c.r.s.JwtAuthenticationFilter - Authenticated user: shashank123 for URI: /api/reports/payments
2026-03-04 23:52:20.955 [http-nio-8087-exec-8] [7adfab69-0c7f-4f3b-a49d-ef67189a360f] DEBUG o.s.security.web.FilterChainProxy - Secured GET /api/reports/claims/summary
2026-03-04 23:52:20.958 [http-nio-8087-exec-8] [7adfab69-0c7f-4f3b-a49d-ef67189a360f] DEBUG o.s.s.a.m.AuthorizationManagerBeforeMethodInterceptor - Authorizing method invocation ReflectiveMethodInvocation: public org.springframework.http.ResponseEntity com.claimswift.reportingservice.controller.ReportingController.getClaimSummaryReport(java.time.LocalDate,java.time.LocalDate); target is of class [com.claimswift.reportingservice.controller.ReportingController]
2026-03-04 23:52:20.958 [http-nio-8087-exec-2] [3e9cffea-9e11-4379-9b37-807314da4c08] DEBUG c.c.r.s.JwtAuthenticationFilter - Authenticated user: shashank123 for URI: /api/reports/adjusters/performance
2026-03-04 23:52:20.959 [http-nio-8087-exec-6] [f4f9f248-5f81-4dc3-ab29-b84705f2e398] DEBUG o.s.security.web.FilterChainProxy - Secured GET /api/reports/payments
2026-03-04 23:52:20.959 [http-nio-8087-exec-8] [7adfab69-0c7f-4f3b-a49d-ef67189a360f] DEBUG o.s.s.a.h.RoleHierarchyImpl - getReachableGrantedAuthorities() - From the roles [ROLE_MANAGER] one can reach [ROLE_POLICYHOLDER, ROLE_MANAGER, ROLE_ADJUSTER] in zero or more steps.
2026-03-04 23:52:20.960 [http-nio-8087-exec-8] [7adfab69-0c7f-4f3b-a49d-ef67189a360f] DEBUG o.s.s.a.m.AuthorizationManagerBeforeMethodInterceptor - Authorized method invocation ReflectiveMethodInvocation: public org.springframework.http.ResponseEntity com.claimswift.reportingservice.controller.ReportingController.getClaimSummaryReport(java.time.LocalDate,java.time.LocalDate); target is of class [com.claimswift.reportingservice.controller.ReportingController]
2026-03-04 23:52:20.961 [http-nio-8087-exec-8] [7adfab69-0c7f-4f3b-a49d-ef67189a360f] INFO  c.c.r.controller.ReportingController - Generating claim summary report for period: null to null
2026-03-04 23:52:20.961 [http-nio-8087-exec-6] [f4f9f248-5f81-4dc3-ab29-b84705f2e398] DEBUG o.s.s.a.m.AuthorizationManagerBeforeMethodInterceptor - Authorizing method invocation ReflectiveMethodInvocation: public org.springframework.http.ResponseEntity com.claimswift.reportingservice.controller.ReportingController.getPaymentReport(java.time.LocalDate,java.time.LocalDate); target is of class [com.claimswift.reportingservice.controller.ReportingController]
2026-03-04 23:52:20.962 [http-nio-8087-exec-8] [7adfab69-0c7f-4f3b-a49d-ef67189a360f] DEBUG c.c.r.client.ClaimServiceClient - [ClaimServiceClient#getAllClaims] ---> GET http://claim-service/api/claims/internal/all HTTP/1.1
2026-03-04 23:52:20.962 [http-nio-8087-exec-6] [f4f9f248-5f81-4dc3-ab29-b84705f2e398] DEBUG o.s.s.a.h.RoleHierarchyImpl - getReachableGrantedAuthorities() - From the roles [ROLE_MANAGER] one can reach [ROLE_POLICYHOLDER, ROLE_MANAGER, ROLE_ADJUSTER] in zero or more steps.
2026-03-04 23:52:20.962 [http-nio-8087-exec-2] [3e9cffea-9e11-4379-9b37-807314da4c08] DEBUG o.s.security.web.FilterChainProxy - Secured GET /api/reports/adjusters/performance
2026-03-04 23:52:20.963 [http-nio-8087-exec-6] [f4f9f248-5f81-4dc3-ab29-b84705f2e398] DEBUG o.s.s.a.m.AuthorizationManagerBeforeMethodInterceptor - Authorized method invocation ReflectiveMethodInvocation: public org.springframework.http.ResponseEntity com.claimswift.reportingservice.controller.ReportingController.getPaymentReport(java.time.LocalDate,java.time.LocalDate); target is of class [com.claimswift.reportingservice.controller.ReportingController]
2026-03-04 23:52:20.964 [http-nio-8087-exec-6] [f4f9f248-5f81-4dc3-ab29-b84705f2e398] INFO  c.c.r.controller.ReportingController - Generating payment report for period: null to null
2026-03-04 23:52:20.964 [http-nio-8087-exec-2] [3e9cffea-9e11-4379-9b37-807314da4c08] DEBUG o.s.s.a.m.AuthorizationManagerBeforeMethodInterceptor - Authorizing method invocation ReflectiveMethodInvocation: public org.springframework.http.ResponseEntity com.claimswift.reportingservice.controller.ReportingController.getAdjusterPerformanceReport(java.time.LocalDate,java.time.LocalDate); target is of class [com.claimswift.reportingservice.controller.ReportingController]
2026-03-04 23:52:20.965 [http-nio-8087-exec-6] [f4f9f248-5f81-4dc3-ab29-b84705f2e398] DEBUG c.c.r.client.PaymentServiceClient - [PaymentServiceClient#getAllPayments] ---> GET http://payment-service/api/payments/internal/all HTTP/1.1
2026-03-04 23:52:20.965 [http-nio-8087-exec-2] [3e9cffea-9e11-4379-9b37-807314da4c08] DEBUG o.s.s.a.h.RoleHierarchyImpl - getReachableGrantedAuthorities() - From the roles [ROLE_MANAGER] one can reach [ROLE_POLICYHOLDER, ROLE_MANAGER, ROLE_ADJUSTER] in zero or more steps.
2026-03-04 23:52:20.966 [http-nio-8087-exec-2] [3e9cffea-9e11-4379-9b37-807314da4c08] DEBUG o.s.s.a.m.AuthorizationManagerBeforeMethodInterceptor - Authorized method invocation ReflectiveMethodInvocation: public org.springframework.http.ResponseEntity com.claimswift.reportingservice.controller.ReportingController.getAdjusterPerformanceReport(java.time.LocalDate,java.time.LocalDate); target is of class [com.claimswift.reportingservice.controller.ReportingController]
2026-03-04 23:52:20.966 [http-nio-8087-exec-2] [3e9cffea-9e11-4379-9b37-807314da4c08] INFO  c.c.r.controller.ReportingController - Generating adjuster performance report for period: null to null
2026-03-04 23:52:20.967 [http-nio-8087-exec-2] [3e9cffea-9e11-4379-9b37-807314da4c08] DEBUG c.c.r.client.ClaimServiceClient - [ClaimServiceClient#getAllClaims] ---> GET http://claim-service/api/claims/internal/all HTTP/1.1
2026-03-04 23:52:20.982 [http-nio-8087-exec-8] [7adfab69-0c7f-4f3b-a49d-ef67189a360f] DEBUG c.c.r.client.ClaimServiceClient - [ClaimServiceClient#getAllClaims] <--- HTTP/1.1 200 (19ms)
2026-03-04 23:52:20.993 [http-nio-8087-exec-2] [3e9cffea-9e11-4379-9b37-807314da4c08] DEBUG c.c.r.client.ClaimServiceClient - [ClaimServiceClient#getAllClaims] <--- HTTP/1.1 200 (24ms)
2026-03-04 23:52:21.030 [http-nio-8087-exec-6] [f4f9f248-5f81-4dc3-ab29-b84705f2e398] DEBUG c.c.r.client.PaymentServiceClient - [PaymentServiceClient#getAllPayments] <--- HTTP/1.1 200 (64ms)
2026-03-04 23:52:28.435 [http-nio-8087-exec-4] [6558c1a6-162b-4ff5-85c2-ac087ccbaa82] DEBUG o.s.security.web.FilterChainProxy - Securing GET /api/reports/payments
2026-03-04 23:52:28.435 [http-nio-8087-exec-5] [d3685d5a-5a2e-406e-b56a-73b8c1c4026e] DEBUG o.s.security.web.FilterChainProxy - Securing GET /api/reports/claims/summary
2026-03-04 23:52:28.435 [http-nio-8087-exec-7] [01497cdb-8c19-4fc5-9a67-1e7633e15ea2] DEBUG o.s.security.web.FilterChainProxy - Securing GET /api/reports/adjusters/performance
2026-03-04 23:52:28.439 [http-nio-8087-exec-7] [01497cdb-8c19-4fc5-9a67-1e7633e15ea2] DEBUG c.c.r.s.JwtAuthenticationFilter - Authenticated user: shashank123 for URI: /api/reports/adjusters/performance
2026-03-04 23:52:28.439 [http-nio-8087-exec-5] [d3685d5a-5a2e-406e-b56a-73b8c1c4026e] DEBUG c.c.r.s.JwtAuthenticationFilter - Authenticated user: shashank123 for URI: /api/reports/claims/summary
2026-03-04 23:52:28.439 [http-nio-8087-exec-4] [6558c1a6-162b-4ff5-85c2-ac087ccbaa82] DEBUG c.c.r.s.JwtAuthenticationFilter - Authenticated user: shashank123 for URI: /api/reports/payments
2026-03-04 23:52:28.441 [http-nio-8087-exec-5] [d3685d5a-5a2e-406e-b56a-73b8c1c4026e] DEBUG o.s.security.web.FilterChainProxy - Secured GET /api/reports/claims/summary
2026-03-04 23:52:28.441 [http-nio-8087-exec-4] [6558c1a6-162b-4ff5-85c2-ac087ccbaa82] DEBUG o.s.security.web.FilterChainProxy - Secured GET /api/reports/payments
2026-03-04 23:52:28.443 [http-nio-8087-exec-5] [d3685d5a-5a2e-406e-b56a-73b8c1c4026e] DEBUG o.s.s.a.m.AuthorizationManagerBeforeMethodInterceptor - Authorizing method invocation ReflectiveMethodInvocation: public org.springframework.http.ResponseEntity com.claimswift.reportingservice.controller.ReportingController.getClaimSummaryReport(java.time.LocalDate,java.time.LocalDate); target is of class [com.claimswift.reportingservice.controller.ReportingController]
2026-03-04 23:52:28.443 [http-nio-8087-exec-4] [6558c1a6-162b-4ff5-85c2-ac087ccbaa82] DEBUG o.s.s.a.m.AuthorizationManagerBeforeMethodInterceptor - Authorizing method invocation ReflectiveMethodInvocation: public org.springframework.http.ResponseEntity com.claimswift.reportingservice.controller.ReportingController.getPaymentReport(java.time.LocalDate,java.time.LocalDate); target is of class [com.claimswift.reportingservice.controller.ReportingController]
2026-03-04 23:52:28.445 [http-nio-8087-exec-7] [01497cdb-8c19-4fc5-9a67-1e7633e15ea2] DEBUG o.s.security.web.FilterChainProxy - Secured GET /api/reports/adjusters/performance
2026-03-04 23:52:28.445 [http-nio-8087-exec-5] [d3685d5a-5a2e-406e-b56a-73b8c1c4026e] DEBUG o.s.s.a.h.RoleHierarchyImpl - getReachableGrantedAuthorities() - From the roles [ROLE_MANAGER] one can reach [ROLE_POLICYHOLDER, ROLE_MANAGER, ROLE_ADJUSTER] in zero or more steps.
2026-03-04 23:52:28.445 [http-nio-8087-exec-4] [6558c1a6-162b-4ff5-85c2-ac087ccbaa82] DEBUG o.s.s.a.h.RoleHierarchyImpl - getReachableGrantedAuthorities() - From the roles [ROLE_MANAGER] one can reach [ROLE_POLICYHOLDER, ROLE_MANAGER, ROLE_ADJUSTER] in zero or more steps.
2026-03-04 23:52:28.447 [http-nio-8087-exec-5] [d3685d5a-5a2e-406e-b56a-73b8c1c4026e] DEBUG o.s.s.a.m.AuthorizationManagerBeforeMethodInterceptor - Authorized method invocation ReflectiveMethodInvocation: public org.springframework.http.ResponseEntity com.claimswift.reportingservice.controller.ReportingController.getClaimSummaryReport(java.time.LocalDate,java.time.LocalDate); target is of class [com.claimswift.reportingservice.controller.ReportingController]
2026-03-04 23:52:28.447 [http-nio-8087-exec-4] [6558c1a6-162b-4ff5-85c2-ac087ccbaa82] DEBUG o.s.s.a.m.AuthorizationManagerBeforeMethodInterceptor - Authorized method invocation ReflectiveMethodInvocation: public org.springframework.http.ResponseEntity com.claimswift.reportingservice.controller.ReportingController.getPaymentReport(java.time.LocalDate,java.time.LocalDate); target is of class [com.claimswift.reportingservice.controller.ReportingController]
2026-03-04 23:52:28.448 [http-nio-8087-exec-5] [d3685d5a-5a2e-406e-b56a-73b8c1c4026e] INFO  c.c.r.controller.ReportingController - Generating claim summary report for period: null to null
2026-03-04 23:52:28.448 [http-nio-8087-exec-4] [6558c1a6-162b-4ff5-85c2-ac087ccbaa82] INFO  c.c.r.controller.ReportingController - Generating payment report for period: null to null
2026-03-04 23:52:28.448 [http-nio-8087-exec-7] [01497cdb-8c19-4fc5-9a67-1e7633e15ea2] DEBUG o.s.s.a.m.AuthorizationManagerBeforeMethodInterceptor - Authorizing method invocation ReflectiveMethodInvocation: public org.springframework.http.ResponseEntity com.claimswift.reportingservice.controller.ReportingController.getAdjusterPerformanceReport(java.time.LocalDate,java.time.LocalDate); target is of class [com.claimswift.reportingservice.controller.ReportingController]
2026-03-04 23:52:28.449 [http-nio-8087-exec-4] [6558c1a6-162b-4ff5-85c2-ac087ccbaa82] DEBUG c.c.r.client.PaymentServiceClient - [PaymentServiceClient#getAllPayments] ---> GET http://payment-service/api/payments/internal/all HTTP/1.1
2026-03-04 23:52:28.449 [http-nio-8087-exec-5] [d3685d5a-5a2e-406e-b56a-73b8c1c4026e] DEBUG c.c.r.client.ClaimServiceClient - [ClaimServiceClient#getAllClaims] ---> GET http://claim-service/api/claims/internal/all HTTP/1.1
2026-03-04 23:52:28.450 [http-nio-8087-exec-7] [01497cdb-8c19-4fc5-9a67-1e7633e15ea2] DEBUG o.s.s.a.h.RoleHierarchyImpl - getReachableGrantedAuthorities() - From the roles [ROLE_MANAGER] one can reach [ROLE_POLICYHOLDER, ROLE_MANAGER, ROLE_ADJUSTER] in zero or more steps.
2026-03-04 23:52:28.451 [http-nio-8087-exec-7] [01497cdb-8c19-4fc5-9a67-1e7633e15ea2] DEBUG o.s.s.a.m.AuthorizationManagerBeforeMethodInterceptor - Authorized method invocation ReflectiveMethodInvocation: public org.springframework.http.ResponseEntity com.claimswift.reportingservice.controller.ReportingController.getAdjusterPerformanceReport(java.time.LocalDate,java.time.LocalDate); target is of class [com.claimswift.reportingservice.controller.ReportingController]
2026-03-04 23:52:28.453 [http-nio-8087-exec-7] [01497cdb-8c19-4fc5-9a67-1e7633e15ea2] INFO  c.c.r.controller.ReportingController - Generating adjuster performance report for period: null to null
2026-03-04 23:52:28.454 [http-nio-8087-exec-7] [01497cdb-8c19-4fc5-9a67-1e7633e15ea2] DEBUG c.c.r.client.ClaimServiceClient - [ClaimServiceClient#getAllClaims] ---> GET http://claim-service/api/claims/internal/all HTTP/1.1
2026-03-04 23:52:28.475 [http-nio-8087-exec-5] [d3685d5a-5a2e-406e-b56a-73b8c1c4026e] DEBUG c.c.r.client.ClaimServiceClient - [ClaimServiceClient#getAllClaims] <--- HTTP/1.1 200 (25ms)
2026-03-04 23:52:28.479 [http-nio-8087-exec-7] [01497cdb-8c19-4fc5-9a67-1e7633e15ea2] DEBUG c.c.r.client.ClaimServiceClient - [ClaimServiceClient#getAllClaims] <--- HTTP/1.1 200 (25ms)
2026-03-04 23:52:28.511 [http-nio-8087-exec-4] [6558c1a6-162b-4ff5-85c2-ac087ccbaa82] DEBUG c.c.r.client.PaymentServiceClient - [PaymentServiceClient#getAllPayments] <--- HTTP/1.1 200 (61ms)
2026-03-04 23:52:43.525 [http-nio-8087-exec-1] [4b92b104-06da-43d2-a11d-266cb5a3b4a4] DEBUG o.s.security.web.FilterChainProxy - Securing GET /api/reports/claims/summary
2026-03-04 23:52:43.528 [http-nio-8087-exec-3] [6497b430-5002-4f54-bafa-df9b57653389] DEBUG o.s.security.web.FilterChainProxy - Securing GET /api/reports/payments
2026-03-04 23:52:43.528 [http-nio-8087-exec-10] [434cbe7e-d7fe-4d71-8f0b-9a71b4d353b1] DEBUG o.s.security.web.FilterChainProxy - Securing GET /api/reports/adjusters/performance
2026-03-04 23:52:43.530 [http-nio-8087-exec-1] [4b92b104-06da-43d2-a11d-266cb5a3b4a4] DEBUG c.c.r.s.JwtAuthenticationFilter - Authenticated user: shashank123 for URI: /api/reports/claims/summary
2026-03-04 23:52:43.532 [http-nio-8087-exec-3] [6497b430-5002-4f54-bafa-df9b57653389] DEBUG c.c.r.s.JwtAuthenticationFilter - Authenticated user: shashank123 for URI: /api/reports/payments
2026-03-04 23:52:43.532 [http-nio-8087-exec-10] [434cbe7e-d7fe-4d71-8f0b-9a71b4d353b1] DEBUG c.c.r.s.JwtAuthenticationFilter - Authenticated user: shashank123 for URI: /api/reports/adjusters/performance
2026-03-04 23:52:43.532 [http-nio-8087-exec-1] [4b92b104-06da-43d2-a11d-266cb5a3b4a4] DEBUG o.s.security.web.FilterChainProxy - Secured GET /api/reports/claims/summary
2026-03-04 23:52:43.534 [http-nio-8087-exec-1] [4b92b104-06da-43d2-a11d-266cb5a3b4a4] DEBUG o.s.s.a.m.AuthorizationManagerBeforeMethodInterceptor - Authorizing method invocation ReflectiveMethodInvocation: public org.springframework.http.ResponseEntity com.claimswift.reportingservice.controller.ReportingController.getClaimSummaryReport(java.time.LocalDate,java.time.LocalDate); target is of class [com.claimswift.reportingservice.controller.ReportingController]
2026-03-04 23:52:43.534 [http-nio-8087-exec-3] [6497b430-5002-4f54-bafa-df9b57653389] DEBUG o.s.security.web.FilterChainProxy - Secured GET /api/reports/payments
2026-03-04 23:52:43.534 [http-nio-8087-exec-10] [434cbe7e-d7fe-4d71-8f0b-9a71b4d353b1] DEBUG o.s.security.web.FilterChainProxy - Secured GET /api/reports/adjusters/performance
2026-03-04 23:52:43.536 [http-nio-8087-exec-1] [4b92b104-06da-43d2-a11d-266cb5a3b4a4] DEBUG o.s.s.a.h.RoleHierarchyImpl - getReachableGrantedAuthorities() - From the roles [ROLE_MANAGER] one can reach [ROLE_POLICYHOLDER, ROLE_MANAGER, ROLE_ADJUSTER] in zero or more steps.
2026-03-04 23:52:43.537 [http-nio-8087-exec-10] [434cbe7e-d7fe-4d71-8f0b-9a71b4d353b1] DEBUG o.s.s.a.m.AuthorizationManagerBeforeMethodInterceptor - Authorizing method invocation ReflectiveMethodInvocation: public org.springframework.http.ResponseEntity com.claimswift.reportingservice.controller.ReportingController.getAdjusterPerformanceReport(java.time.LocalDate,java.time.LocalDate); target is of class [com.claimswift.reportingservice.controller.ReportingController]
2026-03-04 23:52:43.537 [http-nio-8087-exec-3] [6497b430-5002-4f54-bafa-df9b57653389] DEBUG o.s.s.a.m.AuthorizationManagerBeforeMethodInterceptor - Authorizing method invocation ReflectiveMethodInvocation: public org.springframework.http.ResponseEntity com.claimswift.reportingservice.controller.ReportingController.getPaymentReport(java.time.LocalDate,java.time.LocalDate); target is of class [com.claimswift.reportingservice.controller.ReportingController]
2026-03-04 23:52:43.537 [http-nio-8087-exec-1] [4b92b104-06da-43d2-a11d-266cb5a3b4a4] DEBUG o.s.s.a.m.AuthorizationManagerBeforeMethodInterceptor - Authorized method invocation ReflectiveMethodInvocation: public org.springframework.http.ResponseEntity com.claimswift.reportingservice.controller.ReportingController.getClaimSummaryReport(java.time.LocalDate,java.time.LocalDate); target is of class [com.claimswift.reportingservice.controller.ReportingController]
2026-03-04 23:52:43.537 [http-nio-8087-exec-10] [434cbe7e-d7fe-4d71-8f0b-9a71b4d353b1] DEBUG o.s.s.a.h.RoleHierarchyImpl - getReachableGrantedAuthorities() - From the roles [ROLE_MANAGER] one can reach [ROLE_POLICYHOLDER, ROLE_MANAGER, ROLE_ADJUSTER] in zero or more steps.
2026-03-04 23:52:43.538 [http-nio-8087-exec-1] [4b92b104-06da-43d2-a11d-266cb5a3b4a4] INFO  c.c.r.controller.ReportingController - Generating claim summary report for period: null to null
2026-03-04 23:52:43.538 [http-nio-8087-exec-3] [6497b430-5002-4f54-bafa-df9b57653389] DEBUG o.s.s.a.h.RoleHierarchyImpl - getReachableGrantedAuthorities() - From the roles [ROLE_MANAGER] one can reach [ROLE_POLICYHOLDER, ROLE_MANAGER, ROLE_ADJUSTER] in zero or more steps.
2026-03-04 23:52:43.538 [http-nio-8087-exec-10] [434cbe7e-d7fe-4d71-8f0b-9a71b4d353b1] DEBUG o.s.s.a.m.AuthorizationManagerBeforeMethodInterceptor - Authorized method invocation ReflectiveMethodInvocation: public org.springframework.http.ResponseEntity com.claimswift.reportingservice.controller.ReportingController.getAdjusterPerformanceReport(java.time.LocalDate,java.time.LocalDate); target is of class [com.claimswift.reportingservice.controller.ReportingController]
2026-03-04 23:52:43.539 [http-nio-8087-exec-3] [6497b430-5002-4f54-bafa-df9b57653389] DEBUG o.s.s.a.m.AuthorizationManagerBeforeMethodInterceptor - Authorized method invocation ReflectiveMethodInvocation: public org.springframework.http.ResponseEntity com.claimswift.reportingservice.controller.ReportingController.getPaymentReport(java.time.LocalDate,java.time.LocalDate); target is of class [com.claimswift.reportingservice.controller.ReportingController]
2026-03-04 23:52:43.539 [http-nio-8087-exec-10] [434cbe7e-d7fe-4d71-8f0b-9a71b4d353b1] INFO  c.c.r.controller.ReportingController - Generating adjuster performance report for period: null to null
2026-03-04 23:52:43.539 [http-nio-8087-exec-3] [6497b430-5002-4f54-bafa-df9b57653389] INFO  c.c.r.controller.ReportingController - Generating payment report for period: null to null
2026-03-04 23:52:43.539 [http-nio-8087-exec-1] [4b92b104-06da-43d2-a11d-266cb5a3b4a4] DEBUG c.c.r.client.ClaimServiceClient - [ClaimServiceClient#getAllClaims] ---> GET http://claim-service/api/claims/internal/all HTTP/1.1
2026-03-04 23:52:43.540 [http-nio-8087-exec-3] [6497b430-5002-4f54-bafa-df9b57653389] DEBUG c.c.r.client.PaymentServiceClient - [PaymentServiceClient#getAllPayments] ---> GET http://payment-service/api/payments/internal/all HTTP/1.1
2026-03-04 23:52:43.540 [http-nio-8087-exec-10] [434cbe7e-d7fe-4d71-8f0b-9a71b4d353b1] DEBUG c.c.r.client.ClaimServiceClient - [ClaimServiceClient#getAllClaims] ---> GET http://claim-service/api/claims/internal/all HTTP/1.1
2026-03-04 23:52:43.563 [http-nio-8087-exec-1] [4b92b104-06da-43d2-a11d-266cb5a3b4a4] DEBUG c.c.r.client.ClaimServiceClient - [ClaimServiceClient#getAllClaims] <--- HTTP/1.1 200 (23ms)
2026-03-04 23:52:43.578 [http-nio-8087-exec-10] [434cbe7e-d7fe-4d71-8f0b-9a71b4d353b1] DEBUG c.c.r.client.ClaimServiceClient - [ClaimServiceClient#getAllClaims] <--- HTTP/1.1 200 (37ms)
2026-03-04 23:52:43.600 [http-nio-8087-exec-3] [6497b430-5002-4f54-bafa-df9b57653389] DEBUG c.c.r.client.PaymentServiceClient - [PaymentServiceClient#getAllPayments] <--- HTTP/1.1 200 (59ms)
2026-03-04 23:52:47.200 [http-nio-8087-exec-8] [b125dbb0-b576-49e1-92b8-82071a97ef08] DEBUG o.s.security.web.FilterChainProxy - Securing GET /api/reports/payments
2026-03-04 23:52:47.201 [http-nio-8087-exec-9] [d01b9395-a5ba-454f-b93a-d6a73a3711e6] DEBUG o.s.security.web.FilterChainProxy - Securing GET /api/reports/claims/summary
2026-03-04 23:52:47.201 [http-nio-8087-exec-2] [6ff020a9-66b8-4a77-b596-45736923bf6d] DEBUG o.s.security.web.FilterChainProxy - Securing GET /api/reports/adjusters/performance
2026-03-04 23:52:47.220 [http-nio-8087-exec-8] [b125dbb0-b576-49e1-92b8-82071a97ef08] DEBUG c.c.r.s.JwtAuthenticationFilter - Authenticated user: shashank123 for URI: /api/reports/payments
2026-03-04 23:52:47.223 [http-nio-8087-exec-9] [d01b9395-a5ba-454f-b93a-d6a73a3711e6] DEBUG c.c.r.s.JwtAuthenticationFilter - Authenticated user: shashank123 for URI: /api/reports/claims/summary
2026-03-04 23:52:47.224 [http-nio-8087-exec-2] [6ff020a9-66b8-4a77-b596-45736923bf6d] DEBUG c.c.r.s.JwtAuthenticationFilter - Authenticated user: shashank123 for URI: /api/reports/adjusters/performance
2026-03-04 23:52:47.241 [http-nio-8087-exec-8] [b125dbb0-b576-49e1-92b8-82071a97ef08] DEBUG o.s.security.web.FilterChainProxy - Secured GET /api/reports/payments
2026-03-04 23:52:47.241 [http-nio-8087-exec-2] [6ff020a9-66b8-4a77-b596-45736923bf6d] DEBUG o.s.security.web.FilterChainProxy - Secured GET /api/reports/adjusters/performance
2026-03-04 23:52:47.249 [http-nio-8087-exec-8] [b125dbb0-b576-49e1-92b8-82071a97ef08] DEBUG o.s.s.a.m.AuthorizationManagerBeforeMethodInterceptor - Authorizing method invocation ReflectiveMethodInvocation: public org.springframework.http.ResponseEntity com.claimswift.reportingservice.controller.ReportingController.getPaymentReport(java.time.LocalDate,java.time.LocalDate); target is of class [com.claimswift.reportingservice.controller.ReportingController]
2026-03-04 23:52:47.242 [http-nio-8087-exec-9] [d01b9395-a5ba-454f-b93a-d6a73a3711e6] DEBUG o.s.security.web.FilterChainProxy - Secured GET /api/reports/claims/summary
2026-03-04 23:52:47.254 [http-nio-8087-exec-2] [6ff020a9-66b8-4a77-b596-45736923bf6d] DEBUG o.s.s.a.m.AuthorizationManagerBeforeMethodInterceptor - Authorizing method invocation ReflectiveMethodInvocation: public org.springframework.http.ResponseEntity com.claimswift.reportingservice.controller.ReportingController.getAdjusterPerformanceReport(java.time.LocalDate,java.time.LocalDate); target is of class [com.claimswift.reportingservice.controller.ReportingController]
2026-03-04 23:52:47.254 [http-nio-8087-exec-8] [b125dbb0-b576-49e1-92b8-82071a97ef08] DEBUG o.s.s.a.h.RoleHierarchyImpl - getReachableGrantedAuthorities() - From the roles [ROLE_MANAGER] one can reach [ROLE_POLICYHOLDER, ROLE_MANAGER, ROLE_ADJUSTER] in zero or more steps.
2026-03-04 23:52:47.255 [http-nio-8087-exec-2] [6ff020a9-66b8-4a77-b596-45736923bf6d] DEBUG o.s.s.a.h.RoleHierarchyImpl - getReachableGrantedAuthorities() - From the roles [ROLE_MANAGER] one can reach [ROLE_POLICYHOLDER, ROLE_MANAGER, ROLE_ADJUSTER] in zero or more steps.
2026-03-04 23:52:47.256 [http-nio-8087-exec-2] [6ff020a9-66b8-4a77-b596-45736923bf6d] DEBUG o.s.s.a.m.AuthorizationManagerBeforeMethodInterceptor - Authorized method invocation ReflectiveMethodInvocation: public org.springframework.http.ResponseEntity com.claimswift.reportingservice.controller.ReportingController.getAdjusterPerformanceReport(java.time.LocalDate,java.time.LocalDate); target is of class [com.claimswift.reportingservice.controller.ReportingController]
2026-03-04 23:52:47.256 [http-nio-8087-exec-8] [b125dbb0-b576-49e1-92b8-82071a97ef08] DEBUG o.s.s.a.m.AuthorizationManagerBeforeMethodInterceptor - Authorized method invocation ReflectiveMethodInvocation: public org.springframework.http.ResponseEntity com.claimswift.reportingservice.controller.ReportingController.getPaymentReport(java.time.LocalDate,java.time.LocalDate); target is of class [com.claimswift.reportingservice.controller.ReportingController]
2026-03-04 23:52:47.256 [http-nio-8087-exec-9] [d01b9395-a5ba-454f-b93a-d6a73a3711e6] DEBUG o.s.s.a.m.AuthorizationManagerBeforeMethodInterceptor - Authorizing method invocation ReflectiveMethodInvocation: public org.springframework.http.ResponseEntity com.claimswift.reportingservice.controller.ReportingController.getClaimSummaryReport(java.time.LocalDate,java.time.LocalDate); target is of class [com.claimswift.reportingservice.controller.ReportingController]
2026-03-04 23:52:47.257 [http-nio-8087-exec-2] [6ff020a9-66b8-4a77-b596-45736923bf6d] INFO  c.c.r.controller.ReportingController - Generating adjuster performance report for period: null to null
2026-03-04 23:52:47.257 [http-nio-8087-exec-8] [b125dbb0-b576-49e1-92b8-82071a97ef08] INFO  c.c.r.controller.ReportingController - Generating payment report for period: null to null
2026-03-04 23:52:47.257 [http-nio-8087-exec-9] [d01b9395-a5ba-454f-b93a-d6a73a3711e6] DEBUG o.s.s.a.h.RoleHierarchyImpl - getReachableGrantedAuthorities() - From the roles [ROLE_MANAGER] one can reach [ROLE_POLICYHOLDER, ROLE_MANAGER, ROLE_ADJUSTER] in zero or more steps.
2026-03-04 23:52:47.258 [http-nio-8087-exec-2] [6ff020a9-66b8-4a77-b596-45736923bf6d] DEBUG c.c.r.client.ClaimServiceClient - [ClaimServiceClient#getAllClaims] ---> GET http://claim-service/api/claims/internal/all HTTP/1.1
2026-03-04 23:52:47.258 [http-nio-8087-exec-9] [d01b9395-a5ba-454f-b93a-d6a73a3711e6] DEBUG o.s.s.a.m.AuthorizationManagerBeforeMethodInterceptor - Authorized method invocation ReflectiveMethodInvocation: public org.springframework.http.ResponseEntity com.claimswift.reportingservice.controller.ReportingController.getClaimSummaryReport(java.time.LocalDate,java.time.LocalDate); target is of class [com.claimswift.reportingservice.controller.ReportingController]
2026-03-04 23:52:47.258 [http-nio-8087-exec-8] [b125dbb0-b576-49e1-92b8-82071a97ef08] DEBUG c.c.r.client.PaymentServiceClient - [PaymentServiceClient#getAllPayments] ---> GET http://payment-service/api/payments/internal/all HTTP/1.1
2026-03-04 23:52:47.259 [http-nio-8087-exec-9] [d01b9395-a5ba-454f-b93a-d6a73a3711e6] INFO  c.c.r.controller.ReportingController - Generating claim summary report for period: null to null
2026-03-04 23:52:47.266 [http-nio-8087-exec-9] [d01b9395-a5ba-454f-b93a-d6a73a3711e6] DEBUG c.c.r.client.ClaimServiceClient - [ClaimServiceClient#getAllClaims] ---> GET http://claim-service/api/claims/internal/all HTTP/1.1
2026-03-04 23:52:47.300 [http-nio-8087-exec-2] [6ff020a9-66b8-4a77-b596-45736923bf6d] DEBUG c.c.r.client.ClaimServiceClient - [ClaimServiceClient#getAllClaims] <--- HTTP/1.1 200 (41ms)
2026-03-04 23:52:47.301 [http-nio-8087-exec-9] [d01b9395-a5ba-454f-b93a-d6a73a3711e6] DEBUG c.c.r.client.ClaimServiceClient - [ClaimServiceClient#getAllClaims] <--- HTTP/1.1 200 (32ms)
2026-03-04 23:52:47.324 [http-nio-8087-exec-8] [b125dbb0-b576-49e1-92b8-82071a97ef08] DEBUG c.c.r.client.PaymentServiceClient - [PaymentServiceClient#getAllPayments] <--- HTTP/1.1 200 (62ms)
2026-03-04 23:52:56.505 [http-nio-8087-exec-5] [8f301a66-e6c6-48dc-a509-a40a49bd230e] DEBUG o.s.security.web.FilterChainProxy - Securing GET /api/reports/claims/summary
2026-03-04 23:52:56.505 [http-nio-8087-exec-6] [92591a49-3629-4480-83ce-f2e7360e9c76] DEBUG o.s.security.web.FilterChainProxy - Securing GET /api/reports/payments
2026-03-04 23:52:56.513 [http-nio-8087-exec-5] [8f301a66-e6c6-48dc-a509-a40a49bd230e] DEBUG c.c.r.s.JwtAuthenticationFilter - Authenticated user: shashank123 for URI: /api/reports/claims/summary
2026-03-04 23:52:56.516 [http-nio-8087-exec-6] [92591a49-3629-4480-83ce-f2e7360e9c76] DEBUG c.c.r.s.JwtAuthenticationFilter - Authenticated user: shashank123 for URI: /api/reports/payments
2026-03-04 23:52:56.522 [http-nio-8087-exec-5] [8f301a66-e6c6-48dc-a509-a40a49bd230e] DEBUG o.s.security.web.FilterChainProxy - Secured GET /api/reports/claims/summary
2026-03-04 23:52:56.526 [http-nio-8087-exec-6] [92591a49-3629-4480-83ce-f2e7360e9c76] DEBUG o.s.security.web.FilterChainProxy - Secured GET /api/reports/payments
2026-03-04 23:52:56.530 [http-nio-8087-exec-5] [8f301a66-e6c6-48dc-a509-a40a49bd230e] DEBUG o.s.s.a.m.AuthorizationManagerBeforeMethodInterceptor - Authorizing method invocation ReflectiveMethodInvocation: public org.springframework.http.ResponseEntity com.claimswift.reportingservice.controller.ReportingController.getClaimSummaryReport(java.time.LocalDate,java.time.LocalDate); target is of class [com.claimswift.reportingservice.controller.ReportingController]
2026-03-04 23:52:56.530 [http-nio-8087-exec-6] [92591a49-3629-4480-83ce-f2e7360e9c76] DEBUG o.s.s.a.m.AuthorizationManagerBeforeMethodInterceptor - Authorizing method invocation ReflectiveMethodInvocation: public org.springframework.http.ResponseEntity com.claimswift.reportingservice.controller.ReportingController.getPaymentReport(java.time.LocalDate,java.time.LocalDate); target is of class [com.claimswift.reportingservice.controller.ReportingController]
2026-03-04 23:52:56.531 [http-nio-8087-exec-6] [92591a49-3629-4480-83ce-f2e7360e9c76] DEBUG o.s.s.a.h.RoleHierarchyImpl - getReachableGrantedAuthorities() - From the roles [ROLE_MANAGER] one can reach [ROLE_POLICYHOLDER, ROLE_MANAGER, ROLE_ADJUSTER] in zero or more steps.
2026-03-04 23:52:56.531 [http-nio-8087-exec-5] [8f301a66-e6c6-48dc-a509-a40a49bd230e] DEBUG o.s.s.a.h.RoleHierarchyImpl - getReachableGrantedAuthorities() - From the roles [ROLE_MANAGER] one can reach [ROLE_POLICYHOLDER, ROLE_MANAGER, ROLE_ADJUSTER] in zero or more steps.
2026-03-04 23:52:56.531 [http-nio-8087-exec-6] [92591a49-3629-4480-83ce-f2e7360e9c76] DEBUG o.s.s.a.m.AuthorizationManagerBeforeMethodInterceptor - Authorized method invocation ReflectiveMethodInvocation: public org.springframework.http.ResponseEntity com.claimswift.reportingservice.controller.ReportingController.getPaymentReport(java.time.LocalDate,java.time.LocalDate); target is of class [com.claimswift.reportingservice.controller.ReportingController]
2026-03-04 23:52:56.531 [http-nio-8087-exec-5] [8f301a66-e6c6-48dc-a509-a40a49bd230e] DEBUG o.s.s.a.m.AuthorizationManagerBeforeMethodInterceptor - Authorized method invocation ReflectiveMethodInvocation: public org.springframework.http.ResponseEntity com.claimswift.reportingservice.controller.ReportingController.getClaimSummaryReport(java.time.LocalDate,java.time.LocalDate); target is of class [com.claimswift.reportingservice.controller.ReportingController]
2026-03-04 23:52:56.533 [http-nio-8087-exec-6] [92591a49-3629-4480-83ce-f2e7360e9c76] INFO  c.c.r.controller.ReportingController - Generating payment report for period: null to null
2026-03-04 23:52:56.533 [http-nio-8087-exec-5] [8f301a66-e6c6-48dc-a509-a40a49bd230e] INFO  c.c.r.controller.ReportingController - Generating claim summary report for period: null to null
2026-03-04 23:52:56.535 [http-nio-8087-exec-5] [8f301a66-e6c6-48dc-a509-a40a49bd230e] DEBUG c.c.r.client.ClaimServiceClient - [ClaimServiceClient#getAllClaims] ---> GET http://claim-service/api/claims/internal/all HTTP/1.1
2026-03-04 23:52:56.535 [http-nio-8087-exec-6] [92591a49-3629-4480-83ce-f2e7360e9c76] DEBUG c.c.r.client.PaymentServiceClient - [PaymentServiceClient#getAllPayments] ---> GET http://payment-service/api/payments/internal/all HTTP/1.1
2026-03-04 23:52:56.560 [http-nio-8087-exec-7] [6b90ee95-d238-4a6d-8a0b-5077a64b8612] DEBUG o.s.security.web.FilterChainProxy - Securing GET /api/reports/adjusters/performance
2026-03-04 23:52:56.566 [http-nio-8087-exec-5] [8f301a66-e6c6-48dc-a509-a40a49bd230e] DEBUG c.c.r.client.ClaimServiceClient - [ClaimServiceClient#getAllClaims] <--- HTTP/1.1 200 (30ms)
2026-03-04 23:52:56.581 [http-nio-8087-exec-7] [6b90ee95-d238-4a6d-8a0b-5077a64b8612] DEBUG c.c.r.s.JwtAuthenticationFilter - Authenticated user: shashank123 for URI: /api/reports/adjusters/performance
2026-03-04 23:52:56.585 [http-nio-8087-exec-7] [6b90ee95-d238-4a6d-8a0b-5077a64b8612] DEBUG o.s.security.web.FilterChainProxy - Secured GET /api/reports/adjusters/performance
2026-03-04 23:52:56.587 [http-nio-8087-exec-7] [6b90ee95-d238-4a6d-8a0b-5077a64b8612] DEBUG o.s.s.a.m.AuthorizationManagerBeforeMethodInterceptor - Authorizing method invocation ReflectiveMethodInvocation: public org.springframework.http.ResponseEntity com.claimswift.reportingservice.controller.ReportingController.getAdjusterPerformanceReport(java.time.LocalDate,java.time.LocalDate); target is of class [com.claimswift.reportingservice.controller.ReportingController]
2026-03-04 23:52:56.588 [http-nio-8087-exec-7] [6b90ee95-d238-4a6d-8a0b-5077a64b8612] DEBUG o.s.s.a.h.RoleHierarchyImpl - getReachableGrantedAuthorities() - From the roles [ROLE_MANAGER] one can reach [ROLE_POLICYHOLDER, ROLE_MANAGER, ROLE_ADJUSTER] in zero or more steps.
2026-03-04 23:52:56.588 [http-nio-8087-exec-7] [6b90ee95-d238-4a6d-8a0b-5077a64b8612] DEBUG o.s.s.a.m.AuthorizationManagerBeforeMethodInterceptor - Authorized method invocation ReflectiveMethodInvocation: public org.springframework.http.ResponseEntity com.claimswift.reportingservice.controller.ReportingController.getAdjusterPerformanceReport(java.time.LocalDate,java.time.LocalDate); target is of class [com.claimswift.reportingservice.controller.ReportingController]
2026-03-04 23:52:56.591 [http-nio-8087-exec-7] [6b90ee95-d238-4a6d-8a0b-5077a64b8612] INFO  c.c.r.controller.ReportingController - Generating adjuster performance report for period: null to null
2026-03-04 23:52:56.592 [http-nio-8087-exec-7] [6b90ee95-d238-4a6d-8a0b-5077a64b8612] DEBUG c.c.r.client.ClaimServiceClient - [ClaimServiceClient#getAllClaims] ---> GET http://claim-service/api/claims/internal/all HTTP/1.1
2026-03-04 23:52:56.596 [http-nio-8087-exec-6] [92591a49-3629-4480-83ce-f2e7360e9c76] DEBUG c.c.r.client.PaymentServiceClient - [PaymentServiceClient#getAllPayments] <--- HTTP/1.1 200 (60ms)
2026-03-04 23:52:56.613 [http-nio-8087-exec-7] [6b90ee95-d238-4a6d-8a0b-5077a64b8612] DEBUG c.c.r.client.ClaimServiceClient - [ClaimServiceClient#getAllClaims] <--- HTTP/1.1 200 (21ms)
2026-03-04 23:53:17.428 [http-nio-8087-exec-4] [bc01e446-9495-4a64-a8a0-c854832ee867] DEBUG o.s.security.web.FilterChainProxy - Securing GET /api/reports/claims/summary
2026-03-04 23:53:17.429 [http-nio-8087-exec-1] [dd60fa4b-f19e-4b15-b49e-97fb3b220d6b] DEBUG o.s.security.web.FilterChainProxy - Securing GET /api/reports/payments
2026-03-04 23:53:17.429 [http-nio-8087-exec-10] [41974306-0f5a-412d-8836-40e9a14b97ec] DEBUG o.s.security.web.FilterChainProxy - Securing GET /api/reports/adjusters/performance
2026-03-04 23:53:17.432 [http-nio-8087-exec-10] [41974306-0f5a-412d-8836-40e9a14b97ec] DEBUG c.c.r.s.JwtAuthenticationFilter - Authenticated user: shashank123 for URI: /api/reports/adjusters/performance
2026-03-04 23:53:17.432 [http-nio-8087-exec-4] [bc01e446-9495-4a64-a8a0-c854832ee867] DEBUG c.c.r.s.JwtAuthenticationFilter - Authenticated user: shashank123 for URI: /api/reports/claims/summary
2026-03-04 23:53:17.432 [http-nio-8087-exec-1] [dd60fa4b-f19e-4b15-b49e-97fb3b220d6b] DEBUG c.c.r.s.JwtAuthenticationFilter - Authenticated user: shashank123 for URI: /api/reports/payments
2026-03-04 23:53:17.434 [http-nio-8087-exec-1] [dd60fa4b-f19e-4b15-b49e-97fb3b220d6b] DEBUG o.s.security.web.FilterChainProxy - Secured GET /api/reports/payments
2026-03-04 23:53:17.435 [http-nio-8087-exec-4] [bc01e446-9495-4a64-a8a0-c854832ee867] DEBUG o.s.security.web.FilterChainProxy - Secured GET /api/reports/claims/summary
2026-03-04 23:53:17.435 [http-nio-8087-exec-10] [41974306-0f5a-412d-8836-40e9a14b97ec] DEBUG o.s.security.web.FilterChainProxy - Secured GET /api/reports/adjusters/performance
2026-03-04 23:53:17.435 [http-nio-8087-exec-1] [dd60fa4b-f19e-4b15-b49e-97fb3b220d6b] DEBUG o.s.s.a.m.AuthorizationManagerBeforeMethodInterceptor - Authorizing method invocation ReflectiveMethodInvocation: public org.springframework.http.ResponseEntity com.claimswift.reportingservice.controller.ReportingController.getPaymentReport(java.time.LocalDate,java.time.LocalDate); target is of class [com.claimswift.reportingservice.controller.ReportingController]
2026-03-04 23:53:17.436 [http-nio-8087-exec-4] [bc01e446-9495-4a64-a8a0-c854832ee867] DEBUG o.s.s.a.m.AuthorizationManagerBeforeMethodInterceptor - Authorizing method invocation ReflectiveMethodInvocation: public org.springframework.http.ResponseEntity com.claimswift.reportingservice.controller.ReportingController.getClaimSummaryReport(java.time.LocalDate,java.time.LocalDate); target is of class [com.claimswift.reportingservice.controller.ReportingController]
2026-03-04 23:53:17.436 [http-nio-8087-exec-1] [dd60fa4b-f19e-4b15-b49e-97fb3b220d6b] DEBUG o.s.s.a.h.RoleHierarchyImpl - getReachableGrantedAuthorities() - From the roles [ROLE_MANAGER] one can reach [ROLE_POLICYHOLDER, ROLE_MANAGER, ROLE_ADJUSTER] in zero or more steps.
2026-03-04 23:53:17.436 [http-nio-8087-exec-10] [41974306-0f5a-412d-8836-40e9a14b97ec] DEBUG o.s.s.a.m.AuthorizationManagerBeforeMethodInterceptor - Authorizing method invocation ReflectiveMethodInvocation: public org.springframework.http.ResponseEntity com.claimswift.reportingservice.controller.ReportingController.getAdjusterPerformanceReport(java.time.LocalDate,java.time.LocalDate); target is of class [com.claimswift.reportingservice.controller.ReportingController]
2026-03-04 23:53:17.436 [http-nio-8087-exec-1] [dd60fa4b-f19e-4b15-b49e-97fb3b220d6b] DEBUG o.s.s.a.m.AuthorizationManagerBeforeMethodInterceptor - Authorized method invocation ReflectiveMethodInvocation: public org.springframework.http.ResponseEntity com.claimswift.reportingservice.controller.ReportingController.getPaymentReport(java.time.LocalDate,java.time.LocalDate); target is of class [com.claimswift.reportingservice.controller.ReportingController]
2026-03-04 23:53:17.437 [http-nio-8087-exec-4] [bc01e446-9495-4a64-a8a0-c854832ee867] DEBUG o.s.s.a.h.RoleHierarchyImpl - getReachableGrantedAuthorities() - From the roles [ROLE_MANAGER] one can reach [ROLE_POLICYHOLDER, ROLE_MANAGER, ROLE_ADJUSTER] in zero or more steps.
2026-03-04 23:53:17.437 [http-nio-8087-exec-10] [41974306-0f5a-412d-8836-40e9a14b97ec] DEBUG o.s.s.a.h.RoleHierarchyImpl - getReachableGrantedAuthorities() - From the roles [ROLE_MANAGER] one can reach [ROLE_POLICYHOLDER, ROLE_MANAGER, ROLE_ADJUSTER] in zero or more steps.
2026-03-04 23:53:17.437 [http-nio-8087-exec-1] [dd60fa4b-f19e-4b15-b49e-97fb3b220d6b] INFO  c.c.r.controller.ReportingController - Generating payment report for period: null to null
2026-03-04 23:53:17.437 [http-nio-8087-exec-4] [bc01e446-9495-4a64-a8a0-c854832ee867] DEBUG o.s.s.a.m.AuthorizationManagerBeforeMethodInterceptor - Authorized method invocation ReflectiveMethodInvocation: public org.springframework.http.ResponseEntity com.claimswift.reportingservice.controller.ReportingController.getClaimSummaryReport(java.time.LocalDate,java.time.LocalDate); target is of class [com.claimswift.reportingservice.controller.ReportingController]
2026-03-04 23:53:17.437 [http-nio-8087-exec-10] [41974306-0f5a-412d-8836-40e9a14b97ec] DEBUG o.s.s.a.m.AuthorizationManagerBeforeMethodInterceptor - Authorized method invocation ReflectiveMethodInvocation: public org.springframework.http.ResponseEntity com.claimswift.reportingservice.controller.ReportingController.getAdjusterPerformanceReport(java.time.LocalDate,java.time.LocalDate); target is of class [com.claimswift.reportingservice.controller.ReportingController]
2026-03-04 23:53:17.438 [http-nio-8087-exec-10] [41974306-0f5a-412d-8836-40e9a14b97ec] INFO  c.c.r.controller.ReportingController - Generating adjuster performance report for period: null to null
2026-03-04 23:53:17.438 [http-nio-8087-exec-4] [bc01e446-9495-4a64-a8a0-c854832ee867] INFO  c.c.r.controller.ReportingController - Generating claim summary report for period: null to null
2026-03-04 23:53:17.438 [http-nio-8087-exec-1] [dd60fa4b-f19e-4b15-b49e-97fb3b220d6b] DEBUG c.c.r.client.PaymentServiceClient - [PaymentServiceClient#getAllPayments] ---> GET http://payment-service/api/payments/internal/all HTTP/1.1
2026-03-04 23:53:17.440 [http-nio-8087-exec-4] [bc01e446-9495-4a64-a8a0-c854832ee867] DEBUG c.c.r.client.ClaimServiceClient - [ClaimServiceClient#getAllClaims] ---> GET http://claim-service/api/claims/internal/all HTTP/1.1
2026-03-04 23:53:17.440 [http-nio-8087-exec-10] [41974306-0f5a-412d-8836-40e9a14b97ec] DEBUG c.c.r.client.ClaimServiceClient - [ClaimServiceClient#getAllClaims] ---> GET http://claim-service/api/claims/internal/all HTTP/1.1
2026-03-04 23:53:17.468 [http-nio-8087-exec-4] [bc01e446-9495-4a64-a8a0-c854832ee867] DEBUG c.c.r.client.ClaimServiceClient - [ClaimServiceClient#getAllClaims] <--- HTTP/1.1 200 (26ms)
2026-03-04 23:53:17.484 [http-nio-8087-exec-10] [41974306-0f5a-412d-8836-40e9a14b97ec] DEBUG c.c.r.client.ClaimServiceClient - [ClaimServiceClient#getAllClaims] <--- HTTP/1.1 200 (41ms)
2026-03-04 23:53:17.497 [http-nio-8087-exec-1] [dd60fa4b-f19e-4b15-b49e-97fb3b220d6b] DEBUG c.c.r.client.PaymentServiceClient - [PaymentServiceClient#getAllPayments] <--- HTTP/1.1 200 (57ms)
2026-03-04 23:53:51.798 [http-nio-8087-exec-3] [42e87921-a88b-4ae8-8f40-677c06398421] DEBUG o.s.security.web.FilterChainProxy - Securing GET /api/reports/claims/summary
2026-03-04 23:53:51.805 [http-nio-8087-exec-9] [72dfd94b-fecb-47a5-9116-6e3681339196] DEBUG o.s.security.web.FilterChainProxy - Securing GET /api/reports/adjusters/performance
2026-03-04 23:53:51.807 [http-nio-8087-exec-2] [210c327f-842a-4e27-b8e6-8c56a569c5a7] DEBUG o.s.security.web.FilterChainProxy - Securing GET /api/reports/payments
2026-03-04 23:53:51.813 [http-nio-8087-exec-3] [42e87921-a88b-4ae8-8f40-677c06398421] DEBUG c.c.r.s.JwtAuthenticationFilter - Authenticated user: shashank123 for URI: /api/reports/claims/summary
2026-03-04 23:53:51.814 [http-nio-8087-exec-2] [210c327f-842a-4e27-b8e6-8c56a569c5a7] DEBUG c.c.r.s.JwtAuthenticationFilter - Authenticated user: shashank123 for URI: /api/reports/payments
2026-03-04 23:53:51.815 [http-nio-8087-exec-9] [72dfd94b-fecb-47a5-9116-6e3681339196] DEBUG c.c.r.s.JwtAuthenticationFilter - Authenticated user: shashank123 for URI: /api/reports/adjusters/performance
2026-03-04 23:53:51.819 [http-nio-8087-exec-2] [210c327f-842a-4e27-b8e6-8c56a569c5a7] DEBUG o.s.security.web.FilterChainProxy - Secured GET /api/reports/payments
2026-03-04 23:53:51.820 [http-nio-8087-exec-3] [42e87921-a88b-4ae8-8f40-677c06398421] DEBUG o.s.security.web.FilterChainProxy - Secured GET /api/reports/claims/summary
2026-03-04 23:53:51.821 [http-nio-8087-exec-9] [72dfd94b-fecb-47a5-9116-6e3681339196] DEBUG o.s.security.web.FilterChainProxy - Secured GET /api/reports/adjusters/performance
2026-03-04 23:53:51.823 [http-nio-8087-exec-2] [210c327f-842a-4e27-b8e6-8c56a569c5a7] DEBUG o.s.s.a.m.AuthorizationManagerBeforeMethodInterceptor - Authorizing method invocation ReflectiveMethodInvocation: public org.springframework.http.ResponseEntity com.claimswift.reportingservice.controller.ReportingController.getPaymentReport(java.time.LocalDate,java.time.LocalDate); target is of class [com.claimswift.reportingservice.controller.ReportingController]
2026-03-04 23:53:51.822 [http-nio-8087-exec-3] [42e87921-a88b-4ae8-8f40-677c06398421] DEBUG o.s.s.a.m.AuthorizationManagerBeforeMethodInterceptor - Authorizing method invocation ReflectiveMethodInvocation: public org.springframework.http.ResponseEntity com.claimswift.reportingservice.controller.ReportingController.getClaimSummaryReport(java.time.LocalDate,java.time.LocalDate); target is of class [com.claimswift.reportingservice.controller.ReportingController]
2026-03-04 23:53:51.823 [http-nio-8087-exec-9] [72dfd94b-fecb-47a5-9116-6e3681339196] DEBUG o.s.s.a.m.AuthorizationManagerBeforeMethodInterceptor - Authorizing method invocation ReflectiveMethodInvocation: public org.springframework.http.ResponseEntity com.claimswift.reportingservice.controller.ReportingController.getAdjusterPerformanceReport(java.time.LocalDate,java.time.LocalDate); target is of class [com.claimswift.reportingservice.controller.ReportingController]
2026-03-04 23:53:51.825 [http-nio-8087-exec-3] [42e87921-a88b-4ae8-8f40-677c06398421] DEBUG o.s.s.a.h.RoleHierarchyImpl - getReachableGrantedAuthorities() - From the roles [ROLE_MANAGER] one can reach [ROLE_POLICYHOLDER, ROLE_MANAGER, ROLE_ADJUSTER] in zero or more steps.
2026-03-04 23:53:51.824 [http-nio-8087-exec-2] [210c327f-842a-4e27-b8e6-8c56a569c5a7] DEBUG o.s.s.a.h.RoleHierarchyImpl - getReachableGrantedAuthorities() - From the roles [ROLE_MANAGER] one can reach [ROLE_POLICYHOLDER, ROLE_MANAGER, ROLE_ADJUSTER] in zero or more steps.
2026-03-04 23:53:51.826 [http-nio-8087-exec-9] [72dfd94b-fecb-47a5-9116-6e3681339196] DEBUG o.s.s.a.h.RoleHierarchyImpl - getReachableGrantedAuthorities() - From the roles [ROLE_MANAGER] one can reach [ROLE_POLICYHOLDER, ROLE_MANAGER, ROLE_ADJUSTER] in zero or more steps.
2026-03-04 23:53:51.826 [http-nio-8087-exec-3] [42e87921-a88b-4ae8-8f40-677c06398421] DEBUG o.s.s.a.m.AuthorizationManagerBeforeMethodInterceptor - Authorized method invocation ReflectiveMethodInvocation: public org.springframework.http.ResponseEntity com.claimswift.reportingservice.controller.ReportingController.getClaimSummaryReport(java.time.LocalDate,java.time.LocalDate); target is of class [com.claimswift.reportingservice.controller.ReportingController]
2026-03-04 23:53:51.826 [http-nio-8087-exec-2] [210c327f-842a-4e27-b8e6-8c56a569c5a7] DEBUG o.s.s.a.m.AuthorizationManagerBeforeMethodInterceptor - Authorized method invocation ReflectiveMethodInvocation: public org.springframework.http.ResponseEntity com.claimswift.reportingservice.controller.ReportingController.getPaymentReport(java.time.LocalDate,java.time.LocalDate); target is of class [com.claimswift.reportingservice.controller.ReportingController]
2026-03-04 23:53:51.826 [http-nio-8087-exec-9] [72dfd94b-fecb-47a5-9116-6e3681339196] DEBUG o.s.s.a.m.AuthorizationManagerBeforeMethodInterceptor - Authorized method invocation ReflectiveMethodInvocation: public org.springframework.http.ResponseEntity com.claimswift.reportingservice.controller.ReportingController.getAdjusterPerformanceReport(java.time.LocalDate,java.time.LocalDate); target is of class [com.claimswift.reportingservice.controller.ReportingController]
2026-03-04 23:53:51.827 [http-nio-8087-exec-3] [42e87921-a88b-4ae8-8f40-677c06398421] INFO  c.c.r.controller.ReportingController - Generating claim summary report for period: null to null
2026-03-04 23:53:51.827 [http-nio-8087-exec-2] [210c327f-842a-4e27-b8e6-8c56a569c5a7] INFO  c.c.r.controller.ReportingController - Generating payment report for period: null to null
2026-03-04 23:53:51.828 [http-nio-8087-exec-9] [72dfd94b-fecb-47a5-9116-6e3681339196] INFO  c.c.r.controller.ReportingController - Generating adjuster performance report for period: null to null
2026-03-04 23:53:51.829 [http-nio-8087-exec-3] [42e87921-a88b-4ae8-8f40-677c06398421] DEBUG c.c.r.client.ClaimServiceClient - [ClaimServiceClient#getAllClaims] ---> GET http://claim-service/api/claims/internal/all HTTP/1.1
2026-03-04 23:53:51.829 [http-nio-8087-exec-2] [210c327f-842a-4e27-b8e6-8c56a569c5a7] DEBUG c.c.r.client.PaymentServiceClient - [PaymentServiceClient#getAllPayments] ---> GET http://payment-service/api/payments/internal/all HTTP/1.1
2026-03-04 23:53:51.831 [http-nio-8087-exec-9] [72dfd94b-fecb-47a5-9116-6e3681339196] DEBUG c.c.r.client.ClaimServiceClient - [ClaimServiceClient#getAllClaims] ---> GET http://claim-service/api/claims/internal/all HTTP/1.1
2026-03-04 23:53:51.866 [http-nio-8087-exec-9] [72dfd94b-fecb-47a5-9116-6e3681339196] DEBUG c.c.r.client.ClaimServiceClient - [ClaimServiceClient#getAllClaims] <--- HTTP/1.1 200 (34ms)
2026-03-04 23:53:51.873 [http-nio-8087-exec-3] [42e87921-a88b-4ae8-8f40-677c06398421] DEBUG c.c.r.client.ClaimServiceClient - [ClaimServiceClient#getAllClaims] <--- HTTP/1.1 200 (42ms)
2026-03-04 23:53:51.885 [http-nio-8087-exec-2] [210c327f-842a-4e27-b8e6-8c56a569c5a7] DEBUG c.c.r.client.PaymentServiceClient - [PaymentServiceClient#getAllPayments] <--- HTTP/1.1 200 (53ms)
2026-03-04 23:54:19.189 [AsyncResolver-bootstrap-executor-0] [] INFO  c.n.d.s.r.aws.ConfigClusterResolver - Resolving eureka endpoints via configuration
2026-03-04 23:55:35.357 [http-nio-8087-exec-7] [8f73810a-1713-4e33-85c8-d26db0bff121] DEBUG o.s.security.web.FilterChainProxy - Securing GET /api/reports/claims/summary
2026-03-04 23:55:35.364 [http-nio-8087-exec-7] [8f73810a-1713-4e33-85c8-d26db0bff121] DEBUG c.c.r.s.JwtAuthenticationFilter - Authenticated user: shashank123 for URI: /api/reports/claims/summary
2026-03-04 23:55:35.366 [http-nio-8087-exec-4] [8e9e0145-e08c-465d-a4de-996de06d6755] DEBUG o.s.security.web.FilterChainProxy - Securing GET /api/reports/adjusters/performance
2026-03-04 23:55:35.366 [http-nio-8087-exec-10] [05aed268-eb6e-4230-bbd5-741dd3c8359a] DEBUG o.s.security.web.FilterChainProxy - Securing GET /api/reports/payments
2026-03-04 23:55:35.367 [http-nio-8087-exec-7] [8f73810a-1713-4e33-85c8-d26db0bff121] DEBUG o.s.security.web.FilterChainProxy - Secured GET /api/reports/claims/summary
2026-03-04 23:55:35.368 [http-nio-8087-exec-4] [8e9e0145-e08c-465d-a4de-996de06d6755] DEBUG c.c.r.s.JwtAuthenticationFilter - Authenticated user: shashank123 for URI: /api/reports/adjusters/performance
2026-03-04 23:55:35.368 [http-nio-8087-exec-10] [05aed268-eb6e-4230-bbd5-741dd3c8359a] DEBUG c.c.r.s.JwtAuthenticationFilter - Authenticated user: shashank123 for URI: /api/reports/payments
2026-03-04 23:55:35.368 [http-nio-8087-exec-7] [8f73810a-1713-4e33-85c8-d26db0bff121] DEBUG o.s.s.a.m.AuthorizationManagerBeforeMethodInterceptor - Authorizing method invocation ReflectiveMethodInvocation: public org.springframework.http.ResponseEntity com.claimswift.reportingservice.controller.ReportingController.getClaimSummaryReport(java.time.LocalDate,java.time.LocalDate); target is of class [com.claimswift.reportingservice.controller.ReportingController]
2026-03-04 23:55:35.369 [http-nio-8087-exec-7] [8f73810a-1713-4e33-85c8-d26db0bff121] DEBUG o.s.s.a.h.RoleHierarchyImpl - getReachableGrantedAuthorities() - From the roles [ROLE_MANAGER] one can reach [ROLE_POLICYHOLDER, ROLE_MANAGER, ROLE_ADJUSTER] in zero or more steps.
2026-03-04 23:55:35.369 [http-nio-8087-exec-7] [8f73810a-1713-4e33-85c8-d26db0bff121] DEBUG o.s.s.a.m.AuthorizationManagerBeforeMethodInterceptor - Authorized method invocation ReflectiveMethodInvocation: public org.springframework.http.ResponseEntity com.claimswift.reportingservice.controller.ReportingController.getClaimSummaryReport(java.time.LocalDate,java.time.LocalDate); target is of class [com.claimswift.reportingservice.controller.ReportingController]
2026-03-04 23:55:35.369 [http-nio-8087-exec-4] [8e9e0145-e08c-465d-a4de-996de06d6755] DEBUG o.s.security.web.FilterChainProxy - Secured GET /api/reports/adjusters/performance
2026-03-04 23:55:35.369 [http-nio-8087-exec-10] [05aed268-eb6e-4230-bbd5-741dd3c8359a] DEBUG o.s.security.web.FilterChainProxy - Secured GET /api/reports/payments
2026-03-04 23:55:35.369 [http-nio-8087-exec-7] [8f73810a-1713-4e33-85c8-d26db0bff121] INFO  c.c.r.controller.ReportingController - Generating claim summary report for period: null to null
2026-03-04 23:55:35.369 [http-nio-8087-exec-7] [8f73810a-1713-4e33-85c8-d26db0bff121] DEBUG c.c.r.client.ClaimServiceClient - [ClaimServiceClient#getAllClaims] ---> GET http://claim-service/api/claims/internal/all HTTP/1.1
2026-03-04 23:55:35.369 [http-nio-8087-exec-10] [05aed268-eb6e-4230-bbd5-741dd3c8359a] DEBUG o.s.s.a.m.AuthorizationManagerBeforeMethodInterceptor - Authorizing method invocation ReflectiveMethodInvocation: public org.springframework.http.ResponseEntity com.claimswift.reportingservice.controller.ReportingController.getPaymentReport(java.time.LocalDate,java.time.LocalDate); target is of class [com.claimswift.reportingservice.controller.ReportingController]
2026-03-04 23:55:35.369 [http-nio-8087-exec-4] [8e9e0145-e08c-465d-a4de-996de06d6755] DEBUG o.s.s.a.m.AuthorizationManagerBeforeMethodInterceptor - Authorizing method invocation ReflectiveMethodInvocation: public org.springframework.http.ResponseEntity com.claimswift.reportingservice.controller.ReportingController.getAdjusterPerformanceReport(java.time.LocalDate,java.time.LocalDate); target is of class [com.claimswift.reportingservice.controller.ReportingController]
2026-03-04 23:55:35.370 [http-nio-8087-exec-10] [05aed268-eb6e-4230-bbd5-741dd3c8359a] DEBUG o.s.s.a.h.RoleHierarchyImpl - getReachableGrantedAuthorities() - From the roles [ROLE_MANAGER] one can reach [ROLE_POLICYHOLDER, ROLE_MANAGER, ROLE_ADJUSTER] in zero or more steps.
2026-03-04 23:55:35.370 [http-nio-8087-exec-4] [8e9e0145-e08c-465d-a4de-996de06d6755] DEBUG o.s.s.a.h.RoleHierarchyImpl - getReachableGrantedAuthorities() - From the roles [ROLE_MANAGER] one can reach [ROLE_POLICYHOLDER, ROLE_MANAGER, ROLE_ADJUSTER] in zero or more steps.
2026-03-04 23:55:35.370 [http-nio-8087-exec-4] [8e9e0145-e08c-465d-a4de-996de06d6755] DEBUG o.s.s.a.m.AuthorizationManagerBeforeMethodInterceptor - Authorized method invocation ReflectiveMethodInvocation: public org.springframework.http.ResponseEntity com.claimswift.reportingservice.controller.ReportingController.getAdjusterPerformanceReport(java.time.LocalDate,java.time.LocalDate); target is of class [com.claimswift.reportingservice.controller.ReportingController]
2026-03-04 23:55:35.370 [http-nio-8087-exec-10] [05aed268-eb6e-4230-bbd5-741dd3c8359a] DEBUG o.s.s.a.m.AuthorizationManagerBeforeMethodInterceptor - Authorized method invocation ReflectiveMethodInvocation: public org.springframework.http.ResponseEntity com.claimswift.reportingservice.controller.ReportingController.getPaymentReport(java.time.LocalDate,java.time.LocalDate); target is of class [com.claimswift.reportingservice.controller.ReportingController]
2026-03-04 23:55:35.371 [http-nio-8087-exec-4] [8e9e0145-e08c-465d-a4de-996de06d6755] INFO  c.c.r.controller.ReportingController - Generating adjuster performance report for period: null to null
2026-03-04 23:55:35.371 [http-nio-8087-exec-10] [05aed268-eb6e-4230-bbd5-741dd3c8359a] INFO  c.c.r.controller.ReportingController - Generating payment report for period: null to null
2026-03-04 23:55:35.371 [http-nio-8087-exec-10] [05aed268-eb6e-4230-bbd5-741dd3c8359a] DEBUG c.c.r.client.PaymentServiceClient - [PaymentServiceClient#getAllPayments] ---> GET http://payment-service/api/payments/internal/all HTTP/1.1
2026-03-04 23:55:35.371 [http-nio-8087-exec-4] [8e9e0145-e08c-465d-a4de-996de06d6755] DEBUG c.c.r.client.ClaimServiceClient - [ClaimServiceClient#getAllClaims] ---> GET http://claim-service/api/claims/internal/all HTTP/1.1
2026-03-04 23:55:35.392 [http-nio-8087-exec-4] [8e9e0145-e08c-465d-a4de-996de06d6755] DEBUG c.c.r.client.ClaimServiceClient - [ClaimServiceClient#getAllClaims] <--- HTTP/1.1 200 (20ms)
2026-03-04 23:55:35.392 [http-nio-8087-exec-7] [8f73810a-1713-4e33-85c8-d26db0bff121] DEBUG c.c.r.client.ClaimServiceClient - [ClaimServiceClient#getAllClaims] <--- HTTP/1.1 200 (22ms)
2026-03-04 23:55:35.402 [http-nio-8087-exec-10] [05aed268-eb6e-4230-bbd5-741dd3c8359a] DEBUG c.c.r.client.PaymentServiceClient - [PaymentServiceClient#getAllPayments] <--- HTTP/1.1 200 (29ms)
2026-03-04 23:59:19.200 [AsyncResolver-bootstrap-executor-0] [] INFO  c.n.d.s.r.aws.ConfigClusterResolver - Resolving eureka endpoints via configuration
