2026-03-05 00:04:19.218 [AsyncResolver-bootstrap-executor-0] [] INFO  c.n.d.s.r.aws.ConfigClusterResolver - Resolving eureka endpoints via configuration
2026-03-05 00:09:19.255 [AsyncResolver-bootstrap-executor-0] [] INFO  c.n.d.s.r.aws.ConfigClusterResolver - Resolving eureka endpoints via configuration
2026-03-05 00:14:19.261 [AsyncResolver-bootstrap-executor-0] [] INFO  c.n.d.s.r.aws.ConfigClusterResolver - Resolving eureka endpoints via configuration
2026-03-05 00:19:19.272 [AsyncResolver-bootstrap-executor-0] [] INFO  c.n.d.s.r.aws.ConfigClusterResolver - Resolving eureka endpoints via configuration
2026-03-05 00:24:19.276 [AsyncResolver-bootstrap-executor-0] [] INFO  c.n.d.s.r.aws.ConfigClusterResolver - Resolving eureka endpoints via configuration
2026-03-05 00:26:00.879 [http-nio-8087-exec-2] [dd5a8b08-cdd0-435f-8924-0cc52398c345] DEBUG o.s.security.web.FilterChainProxy - Securing GET /api/reports/payments
2026-03-05 00:26:00.879 [http-nio-8087-exec-5] [059dc22c-56ef-4612-bc0b-e2e50deb7a65] DEBUG o.s.security.web.FilterChainProxy - Securing GET /api/reports/adjusters/performance
2026-03-05 00:26:00.879 [http-nio-8087-exec-8] [4febbd79-3cef-4fb6-8c3f-f3856a3c9b21] DEBUG o.s.security.web.FilterChainProxy - Securing GET /api/reports/claims/summary
2026-03-05 00:26:00.882 [http-nio-8087-exec-2] [dd5a8b08-cdd0-435f-8924-0cc52398c345] DEBUG c.c.r.s.JwtAuthenticationFilter - Authenticated user: shashank123 for URI: /api/reports/payments
2026-03-05 00:26:00.882 [http-nio-8087-exec-8] [4febbd79-3cef-4fb6-8c3f-f3856a3c9b21] DEBUG c.c.r.s.JwtAuthenticationFilter - Authenticated user: shashank123 for URI: /api/reports/claims/summary
2026-03-05 00:26:00.882 [http-nio-8087-exec-5] [059dc22c-56ef-4612-bc0b-e2e50deb7a65] DEBUG c.c.r.s.JwtAuthenticationFilter - Authenticated user: shashank123 for URI: /api/reports/adjusters/performance
2026-03-05 00:26:00.884 [http-nio-8087-exec-8] [4febbd79-3cef-4fb6-8c3f-f3856a3c9b21] DEBUG o.s.security.web.FilterChainProxy - Secured GET /api/reports/claims/summary
2026-03-05 00:26:00.884 [http-nio-8087-exec-5] [059dc22c-56ef-4612-bc0b-e2e50deb7a65] DEBUG o.s.security.web.FilterChainProxy - Secured GET /api/reports/adjusters/performance
2026-03-05 00:26:00.884 [http-nio-8087-exec-2] [dd5a8b08-cdd0-435f-8924-0cc52398c345] DEBUG o.s.security.web.FilterChainProxy - Secured GET /api/reports/payments
2026-03-05 00:26:00.886 [http-nio-8087-exec-8] [4febbd79-3cef-4fb6-8c3f-f3856a3c9b21] DEBUG o.s.s.a.m.AuthorizationManagerBeforeMethodInterceptor - Authorizing method invocation ReflectiveMethodInvocation: public org.springframework.http.ResponseEntity com.claimswift.reportingservice.controller.ReportingController.getClaimSummaryReport(java.time.LocalDate,java.time.LocalDate); target is of class [com.claimswift.reportingservice.controller.ReportingController]
2026-03-05 00:26:00.886 [http-nio-8087-exec-5] [059dc22c-56ef-4612-bc0b-e2e50deb7a65] DEBUG o.s.s.a.m.AuthorizationManagerBeforeMethodInterceptor - Authorizing method invocation ReflectiveMethodInvocation: public org.springframework.http.ResponseEntity com.claimswift.reportingservice.controller.ReportingController.getAdjusterPerformanceReport(java.time.LocalDate,java.time.LocalDate); target is of class [com.claimswift.reportingservice.controller.ReportingController]
2026-03-05 00:26:00.886 [http-nio-8087-exec-2] [dd5a8b08-cdd0-435f-8924-0cc52398c345] DEBUG o.s.s.a.m.AuthorizationManagerBeforeMethodInterceptor - Authorizing method invocation ReflectiveMethodInvocation: public org.springframework.http.ResponseEntity com.claimswift.reportingservice.controller.ReportingController.getPaymentReport(java.time.LocalDate,java.time.LocalDate); target is of class [com.claimswift.reportingservice.controller.ReportingController]
2026-03-05 00:26:00.888 [http-nio-8087-exec-8] [4febbd79-3cef-4fb6-8c3f-f3856a3c9b21] DEBUG o.s.s.a.h.RoleHierarchyImpl - getReachableGrantedAuthorities() - From the roles [ROLE_MANAGER] one can reach [ROLE_POLICYHOLDER, ROLE_MANAGER, ROLE_ADJUSTER] in zero or more steps.
2026-03-05 00:26:00.888 [http-nio-8087-exec-2] [dd5a8b08-cdd0-435f-8924-0cc52398c345] DEBUG o.s.s.a.h.RoleHierarchyImpl - getReachableGrantedAuthorities() - From the roles [ROLE_MANAGER] one can reach [ROLE_POLICYHOLDER, ROLE_MANAGER, ROLE_ADJUSTER] in zero or more steps.
2026-03-05 00:26:00.888 [http-nio-8087-exec-5] [059dc22c-56ef-4612-bc0b-e2e50deb7a65] DEBUG o.s.s.a.h.RoleHierarchyImpl - getReachableGrantedAuthorities() - From the roles [ROLE_MANAGER] one can reach [ROLE_POLICYHOLDER, ROLE_MANAGER, ROLE_ADJUSTER] in zero or more steps.
2026-03-05 00:26:00.888 [http-nio-8087-exec-2] [dd5a8b08-cdd0-435f-8924-0cc52398c345] DEBUG o.s.s.a.m.AuthorizationManagerBeforeMethodInterceptor - Authorized method invocation ReflectiveMethodInvocation: public org.springframework.http.ResponseEntity com.claimswift.reportingservice.controller.ReportingController.getPaymentReport(java.time.LocalDate,java.time.LocalDate); target is of class [com.claimswift.reportingservice.controller.ReportingController]
2026-03-05 00:26:00.888 [http-nio-8087-exec-5] [059dc22c-56ef-4612-bc0b-e2e50deb7a65] DEBUG o.s.s.a.m.AuthorizationManagerBeforeMethodInterceptor - Authorized method invocation ReflectiveMethodInvocation: public org.springframework.http.ResponseEntity com.claimswift.reportingservice.controller.ReportingController.getAdjusterPerformanceReport(java.time.LocalDate,java.time.LocalDate); target is of class [com.claimswift.reportingservice.controller.ReportingController]
2026-03-05 00:26:00.888 [http-nio-8087-exec-8] [4febbd79-3cef-4fb6-8c3f-f3856a3c9b21] DEBUG o.s.s.a.m.AuthorizationManagerBeforeMethodInterceptor - Authorized method invocation ReflectiveMethodInvocation: public org.springframework.http.ResponseEntity com.claimswift.reportingservice.controller.ReportingController.getClaimSummaryReport(java.time.LocalDate,java.time.LocalDate); target is of class [com.claimswift.reportingservice.controller.ReportingController]
2026-03-05 00:26:00.904 [http-nio-8087-exec-5] [059dc22c-56ef-4612-bc0b-e2e50deb7a65] INFO  c.c.r.controller.ReportingController - Generating adjuster performance report for period: null to null
2026-03-05 00:26:00.904 [http-nio-8087-exec-2] [dd5a8b08-cdd0-435f-8924-0cc52398c345] INFO  c.c.r.controller.ReportingController - Generating payment report for period: null to null
2026-03-05 00:26:00.904 [http-nio-8087-exec-8] [4febbd79-3cef-4fb6-8c3f-f3856a3c9b21] INFO  c.c.r.controller.ReportingController - Generating claim summary report for period: null to null
2026-03-05 00:26:00.904 [http-nio-8087-exec-5] [059dc22c-56ef-4612-bc0b-e2e50deb7a65] DEBUG c.c.r.client.ClaimServiceClient - [ClaimServiceClient#getAllClaims] ---> GET http://claim-service/api/claims/internal/all HTTP/1.1
2026-03-05 00:26:00.904 [http-nio-8087-exec-2] [dd5a8b08-cdd0-435f-8924-0cc52398c345] DEBUG c.c.r.client.PaymentServiceClient - [PaymentServiceClient#getAllPayments] ---> GET http://payment-service/api/payments/internal/all HTTP/1.1
2026-03-05 00:26:00.904 [http-nio-8087-exec-8] [4febbd79-3cef-4fb6-8c3f-f3856a3c9b21] DEBUG c.c.r.client.ClaimServiceClient - [ClaimServiceClient#getAllClaims] ---> GET http://claim-service/api/claims/internal/all HTTP/1.1
2026-03-05 00:26:00.939 [http-nio-8087-exec-5] [059dc22c-56ef-4612-bc0b-e2e50deb7a65] DEBUG c.c.r.client.ClaimServiceClient - [ClaimServiceClient#getAllClaims] <--- HTTP/1.1 200 (29ms)
2026-03-05 00:26:00.939 [http-nio-8087-exec-8] [4febbd79-3cef-4fb6-8c3f-f3856a3c9b21] DEBUG c.c.r.client.ClaimServiceClient - [ClaimServiceClient#getAllClaims] <--- HTTP/1.1 200 (28ms)
2026-03-05 00:26:00.954 [http-nio-8087-exec-2] [dd5a8b08-cdd0-435f-8924-0cc52398c345] DEBUG c.c.r.client.PaymentServiceClient - [PaymentServiceClient#getAllPayments] <--- HTTP/1.1 200 (43ms)
2026-03-05 00:26:05.350 [http-nio-8087-exec-6] [196862fa-7d27-4a82-a628-19c10ce10955] DEBUG o.s.security.web.FilterChainProxy - Securing GET /api/reports/claims/summary
2026-03-05 00:26:05.350 [http-nio-8087-exec-4] [bd4c5998-6f65-4a29-8d91-203bb3add578] DEBUG o.s.security.web.FilterChainProxy - Securing GET /api/reports/payments
2026-03-05 00:26:05.365 [http-nio-8087-exec-7] [dcf1fdc9-dcba-4349-b4a6-57b21d8c5421] DEBUG o.s.security.web.FilterChainProxy - Securing GET /api/reports/adjusters/performance
2026-03-05 00:26:05.365 [http-nio-8087-exec-4] [bd4c5998-6f65-4a29-8d91-203bb3add578] DEBUG c.c.r.s.JwtAuthenticationFilter - Authenticated user: shashank123 for URI: /api/reports/payments
2026-03-05 00:26:05.365 [http-nio-8087-exec-6] [196862fa-7d27-4a82-a628-19c10ce10955] DEBUG c.c.r.s.JwtAuthenticationFilter - Authenticated user: shashank123 for URI: /api/reports/claims/summary
2026-03-05 00:26:05.367 [http-nio-8087-exec-4] [bd4c5998-6f65-4a29-8d91-203bb3add578] DEBUG o.s.security.web.FilterChainProxy - Secured GET /api/reports/payments
2026-03-05 00:26:05.367 [http-nio-8087-exec-7] [dcf1fdc9-dcba-4349-b4a6-57b21d8c5421] DEBUG c.c.r.s.JwtAuthenticationFilter - Authenticated user: shashank123 for URI: /api/reports/adjusters/performance
2026-03-05 00:26:05.367 [http-nio-8087-exec-6] [196862fa-7d27-4a82-a628-19c10ce10955] DEBUG o.s.security.web.FilterChainProxy - Secured GET /api/reports/claims/summary
2026-03-05 00:26:05.367 [http-nio-8087-exec-4] [bd4c5998-6f65-4a29-8d91-203bb3add578] DEBUG o.s.s.a.m.AuthorizationManagerBeforeMethodInterceptor - Authorizing method invocation ReflectiveMethodInvocation: public org.springframework.http.ResponseEntity com.claimswift.reportingservice.controller.ReportingController.getPaymentReport(java.time.LocalDate,java.time.LocalDate); target is of class [com.claimswift.reportingservice.controller.ReportingController]
2026-03-05 00:26:05.367 [http-nio-8087-exec-7] [dcf1fdc9-dcba-4349-b4a6-57b21d8c5421] DEBUG o.s.security.web.FilterChainProxy - Secured GET /api/reports/adjusters/performance
2026-03-05 00:26:05.367 [http-nio-8087-exec-6] [196862fa-7d27-4a82-a628-19c10ce10955] DEBUG o.s.s.a.m.AuthorizationManagerBeforeMethodInterceptor - Authorizing method invocation ReflectiveMethodInvocation: public org.springframework.http.ResponseEntity com.claimswift.reportingservice.controller.ReportingController.getClaimSummaryReport(java.time.LocalDate,java.time.LocalDate); target is of class [com.claimswift.reportingservice.controller.ReportingController]
2026-03-05 00:26:05.367 [http-nio-8087-exec-4] [bd4c5998-6f65-4a29-8d91-203bb3add578] DEBUG o.s.s.a.h.RoleHierarchyImpl - getReachableGrantedAuthorities() - From the roles [ROLE_MANAGER] one can reach [ROLE_POLICYHOLDER, ROLE_MANAGER, ROLE_ADJUSTER] in zero or more steps.
2026-03-05 00:26:05.367 [http-nio-8087-exec-6] [196862fa-7d27-4a82-a628-19c10ce10955] DEBUG o.s.s.a.h.RoleHierarchyImpl - getReachableGrantedAuthorities() - From the roles [ROLE_MANAGER] one can reach [ROLE_POLICYHOLDER, ROLE_MANAGER, ROLE_ADJUSTER] in zero or more steps.
2026-03-05 00:26:05.367 [http-nio-8087-exec-4] [bd4c5998-6f65-4a29-8d91-203bb3add578] DEBUG o.s.s.a.m.AuthorizationManagerBeforeMethodInterceptor - Authorized method invocation ReflectiveMethodInvocation: public org.springframework.http.ResponseEntity com.claimswift.reportingservice.controller.ReportingController.getPaymentReport(java.time.LocalDate,java.time.LocalDate); target is of class [com.claimswift.reportingservice.controller.ReportingController]
2026-03-05 00:26:05.367 [http-nio-8087-exec-4] [bd4c5998-6f65-4a29-8d91-203bb3add578] INFO  c.c.r.controller.ReportingController - Generating payment report for period: null to null
2026-03-05 00:26:05.367 [http-nio-8087-exec-7] [dcf1fdc9-dcba-4349-b4a6-57b21d8c5421] DEBUG o.s.s.a.m.AuthorizationManagerBeforeMethodInterceptor - Authorizing method invocation ReflectiveMethodInvocation: public org.springframework.http.ResponseEntity com.claimswift.reportingservice.controller.ReportingController.getAdjusterPerformanceReport(java.time.LocalDate,java.time.LocalDate); target is of class [com.claimswift.reportingservice.controller.ReportingController]
2026-03-05 00:26:05.367 [http-nio-8087-exec-6] [196862fa-7d27-4a82-a628-19c10ce10955] DEBUG o.s.s.a.m.AuthorizationManagerBeforeMethodInterceptor - Authorized method invocation ReflectiveMethodInvocation: public org.springframework.http.ResponseEntity com.claimswift.reportingservice.controller.ReportingController.getClaimSummaryReport(java.time.LocalDate,java.time.LocalDate); target is of class [com.claimswift.reportingservice.controller.ReportingController]
2026-03-05 00:26:05.367 [http-nio-8087-exec-4] [bd4c5998-6f65-4a29-8d91-203bb3add578] DEBUG c.c.r.client.PaymentServiceClient - [PaymentServiceClient#getAllPayments] ---> GET http://payment-service/api/payments/internal/all HTTP/1.1
2026-03-05 00:26:05.367 [http-nio-8087-exec-7] [dcf1fdc9-dcba-4349-b4a6-57b21d8c5421] DEBUG o.s.s.a.h.RoleHierarchyImpl - getReachableGrantedAuthorities() - From the roles [ROLE_MANAGER] one can reach [ROLE_POLICYHOLDER, ROLE_MANAGER, ROLE_ADJUSTER] in zero or more steps.
2026-03-05 00:26:05.367 [http-nio-8087-exec-6] [196862fa-7d27-4a82-a628-19c10ce10955] INFO  c.c.r.controller.ReportingController - Generating claim summary report for period: null to null
2026-03-05 00:26:05.367 [http-nio-8087-exec-7] [dcf1fdc9-dcba-4349-b4a6-57b21d8c5421] DEBUG o.s.s.a.m.AuthorizationManagerBeforeMethodInterceptor - Authorized method invocation ReflectiveMethodInvocation: public org.springframework.http.ResponseEntity com.claimswift.reportingservice.controller.ReportingController.getAdjusterPerformanceReport(java.time.LocalDate,java.time.LocalDate); target is of class [com.claimswift.reportingservice.controller.ReportingController]
2026-03-05 00:26:05.367 [http-nio-8087-exec-6] [196862fa-7d27-4a82-a628-19c10ce10955] DEBUG c.c.r.client.ClaimServiceClient - [ClaimServiceClient#getAllClaims] ---> GET http://claim-service/api/claims/internal/all HTTP/1.1
2026-03-05 00:26:05.382 [http-nio-8087-exec-7] [dcf1fdc9-dcba-4349-b4a6-57b21d8c5421] INFO  c.c.r.controller.ReportingController - Generating adjuster performance report for period: null to null
2026-03-05 00:26:05.382 [http-nio-8087-exec-7] [dcf1fdc9-dcba-4349-b4a6-57b21d8c5421] DEBUG c.c.r.client.ClaimServiceClient - [ClaimServiceClient#getAllClaims] ---> GET http://claim-service/api/claims/internal/all HTTP/1.1
2026-03-05 00:26:05.386 [http-nio-8087-exec-7] [dcf1fdc9-dcba-4349-b4a6-57b21d8c5421] DEBUG c.c.r.client.ClaimServiceClient - [ClaimServiceClient#getAllClaims] <--- HTTP/1.1 200 (12ms)
2026-03-05 00:26:05.386 [http-nio-8087-exec-6] [196862fa-7d27-4a82-a628-19c10ce10955] DEBUG c.c.r.client.ClaimServiceClient - [ClaimServiceClient#getAllClaims] <--- HTTP/1.1 200 (12ms)
2026-03-05 00:26:05.400 [http-nio-8087-exec-4] [bd4c5998-6f65-4a29-8d91-203bb3add578] DEBUG c.c.r.client.PaymentServiceClient - [PaymentServiceClient#getAllPayments] <--- HTTP/1.1 200 (21ms)
2026-03-05 00:26:22.177 [http-nio-8087-exec-9] [4170034d-2aa7-4c7f-9308-15fb6eef6e83] DEBUG o.s.security.web.FilterChainProxy - Securing GET /api/reports/adjusters/performance
2026-03-05 00:26:22.177 [http-nio-8087-exec-1] [67632841-41b4-448b-98df-bf9a412ce428] DEBUG o.s.security.web.FilterChainProxy - Securing GET /api/reports/payments
2026-03-05 00:26:22.175 [http-nio-8087-exec-10] [da5fb187-d677-4c4d-b414-8cc8aae53de4] DEBUG o.s.security.web.FilterChainProxy - Securing GET /api/reports/claims/summary
2026-03-05 00:26:22.180 [http-nio-8087-exec-10] [da5fb187-d677-4c4d-b414-8cc8aae53de4] DEBUG c.c.r.s.JwtAuthenticationFilter - Authenticated user: shashank123 for URI: /api/reports/claims/summary
2026-03-05 00:26:22.180 [http-nio-8087-exec-1] [67632841-41b4-448b-98df-bf9a412ce428] DEBUG c.c.r.s.JwtAuthenticationFilter - Authenticated user: shashank123 for URI: /api/reports/payments
2026-03-05 00:26:22.180 [http-nio-8087-exec-9] [4170034d-2aa7-4c7f-9308-15fb6eef6e83] DEBUG c.c.r.s.JwtAuthenticationFilter - Authenticated user: shashank123 for URI: /api/reports/adjusters/performance
2026-03-05 00:26:22.182 [http-nio-8087-exec-10] [da5fb187-d677-4c4d-b414-8cc8aae53de4] DEBUG o.s.security.web.FilterChainProxy - Secured GET /api/reports/claims/summary
2026-03-05 00:26:22.182 [http-nio-8087-exec-1] [67632841-41b4-448b-98df-bf9a412ce428] DEBUG o.s.security.web.FilterChainProxy - Secured GET /api/reports/payments
2026-03-05 00:26:22.182 [http-nio-8087-exec-9] [4170034d-2aa7-4c7f-9308-15fb6eef6e83] DEBUG o.s.security.web.FilterChainProxy - Secured GET /api/reports/adjusters/performance
2026-03-05 00:26:22.183 [http-nio-8087-exec-9] [4170034d-2aa7-4c7f-9308-15fb6eef6e83] DEBUG o.s.s.a.m.AuthorizationManagerBeforeMethodInterceptor - Authorizing method invocation ReflectiveMethodInvocation: public org.springframework.http.ResponseEntity com.claimswift.reportingservice.controller.ReportingController.getAdjusterPerformanceReport(java.time.LocalDate,java.time.LocalDate); target is of class [com.claimswift.reportingservice.controller.ReportingController]
2026-03-05 00:26:22.183 [http-nio-8087-exec-1] [67632841-41b4-448b-98df-bf9a412ce428] DEBUG o.s.s.a.m.AuthorizationManagerBeforeMethodInterceptor - Authorizing method invocation ReflectiveMethodInvocation: public org.springframework.http.ResponseEntity com.claimswift.reportingservice.controller.ReportingController.getPaymentReport(java.time.LocalDate,java.time.LocalDate); target is of class [com.claimswift.reportingservice.controller.ReportingController]
2026-03-05 00:26:22.183 [http-nio-8087-exec-10] [da5fb187-d677-4c4d-b414-8cc8aae53de4] DEBUG o.s.s.a.m.AuthorizationManagerBeforeMethodInterceptor - Authorizing method invocation ReflectiveMethodInvocation: public org.springframework.http.ResponseEntity com.claimswift.reportingservice.controller.ReportingController.getClaimSummaryReport(java.time.LocalDate,java.time.LocalDate); target is of class [com.claimswift.reportingservice.controller.ReportingController]
2026-03-05 00:26:22.184 [http-nio-8087-exec-10] [da5fb187-d677-4c4d-b414-8cc8aae53de4] DEBUG o.s.s.a.h.RoleHierarchyImpl - getReachableGrantedAuthorities() - From the roles [ROLE_MANAGER] one can reach [ROLE_POLICYHOLDER, ROLE_MANAGER, ROLE_ADJUSTER] in zero or more steps.
2026-03-05 00:26:22.185 [http-nio-8087-exec-9] [4170034d-2aa7-4c7f-9308-15fb6eef6e83] DEBUG o.s.s.a.h.RoleHierarchyImpl - getReachableGrantedAuthorities() - From the roles [ROLE_MANAGER] one can reach [ROLE_POLICYHOLDER, ROLE_MANAGER, ROLE_ADJUSTER] in zero or more steps.
2026-03-05 00:26:22.185 [http-nio-8087-exec-1] [67632841-41b4-448b-98df-bf9a412ce428] DEBUG o.s.s.a.h.RoleHierarchyImpl - getReachableGrantedAuthorities() - From the roles [ROLE_MANAGER] one can reach [ROLE_POLICYHOLDER, ROLE_MANAGER, ROLE_ADJUSTER] in zero or more steps.
2026-03-05 00:26:22.188 [http-nio-8087-exec-9] [4170034d-2aa7-4c7f-9308-15fb6eef6e83] DEBUG o.s.s.a.m.AuthorizationManagerBeforeMethodInterceptor - Authorized method invocation ReflectiveMethodInvocation: public org.springframework.http.ResponseEntity com.claimswift.reportingservice.controller.ReportingController.getAdjusterPerformanceReport(java.time.LocalDate,java.time.LocalDate); target is of class [com.claimswift.reportingservice.controller.ReportingController]
2026-03-05 00:26:22.186 [http-nio-8087-exec-10] [da5fb187-d677-4c4d-b414-8cc8aae53de4] DEBUG o.s.s.a.m.AuthorizationManagerBeforeMethodInterceptor - Authorized method invocation ReflectiveMethodInvocation: public org.springframework.http.ResponseEntity com.claimswift.reportingservice.controller.ReportingController.getClaimSummaryReport(java.time.LocalDate,java.time.LocalDate); target is of class [com.claimswift.reportingservice.controller.ReportingController]
2026-03-05 00:26:22.188 [http-nio-8087-exec-1] [67632841-41b4-448b-98df-bf9a412ce428] DEBUG o.s.s.a.m.AuthorizationManagerBeforeMethodInterceptor - Authorized method invocation ReflectiveMethodInvocation: public org.springframework.http.ResponseEntity com.claimswift.reportingservice.controller.ReportingController.getPaymentReport(java.time.LocalDate,java.time.LocalDate); target is of class [com.claimswift.reportingservice.controller.ReportingController]
2026-03-05 00:26:22.189 [http-nio-8087-exec-10] [da5fb187-d677-4c4d-b414-8cc8aae53de4] INFO  c.c.r.controller.ReportingController - Generating claim summary report for period: null to null
2026-03-05 00:26:22.189 [http-nio-8087-exec-9] [4170034d-2aa7-4c7f-9308-15fb6eef6e83] INFO  c.c.r.controller.ReportingController - Generating adjuster performance report for period: null to null
2026-03-05 00:26:22.189 [http-nio-8087-exec-1] [67632841-41b4-448b-98df-bf9a412ce428] INFO  c.c.r.controller.ReportingController - Generating payment report for period: null to null
2026-03-05 00:26:22.191 [http-nio-8087-exec-9] [4170034d-2aa7-4c7f-9308-15fb6eef6e83] DEBUG c.c.r.client.ClaimServiceClient - [ClaimServiceClient#getAllClaims] ---> GET http://claim-service/api/claims/internal/all HTTP/1.1
2026-03-05 00:26:22.190 [http-nio-8087-exec-10] [da5fb187-d677-4c4d-b414-8cc8aae53de4] DEBUG c.c.r.client.ClaimServiceClient - [ClaimServiceClient#getAllClaims] ---> GET http://claim-service/api/claims/internal/all HTTP/1.1
2026-03-05 00:26:22.191 [http-nio-8087-exec-1] [67632841-41b4-448b-98df-bf9a412ce428] DEBUG c.c.r.client.PaymentServiceClient - [PaymentServiceClient#getAllPayments] ---> GET http://payment-service/api/payments/internal/all HTTP/1.1
2026-03-05 00:26:22.204 [http-nio-8087-exec-9] [4170034d-2aa7-4c7f-9308-15fb6eef6e83] DEBUG c.c.r.client.ClaimServiceClient - [ClaimServiceClient#getAllClaims] <--- HTTP/1.1 200 (21ms)
2026-03-05 00:26:22.204 [http-nio-8087-exec-10] [da5fb187-d677-4c4d-b414-8cc8aae53de4] DEBUG c.c.r.client.ClaimServiceClient - [ClaimServiceClient#getAllClaims] <--- HTTP/1.1 200 (21ms)
2026-03-05 00:26:22.219 [http-nio-8087-exec-1] [67632841-41b4-448b-98df-bf9a412ce428] DEBUG c.c.r.client.PaymentServiceClient - [PaymentServiceClient#getAllPayments] <--- HTTP/1.1 200 (33ms)
2026-03-05 00:29:19.294 [AsyncResolver-bootstrap-executor-0] [] INFO  c.n.d.s.r.aws.ConfigClusterResolver - Resolving eureka endpoints via configuration
2026-03-05 00:34:19.301 [AsyncResolver-bootstrap-executor-0] [] INFO  c.n.d.s.r.aws.ConfigClusterResolver - Resolving eureka endpoints via configuration
2026-03-05 00:39:19.303 [AsyncResolver-bootstrap-executor-0] [] INFO  c.n.d.s.r.aws.ConfigClusterResolver - Resolving eureka endpoints via configuration
2026-03-05 00:42:03.657 [http-nio-8087-exec-7] [438553c2-801f-41dc-9be9-462ccda81bff] DEBUG o.s.security.web.FilterChainProxy - Securing GET /api/reports/payments
2026-03-05 00:42:03.657 [http-nio-8087-exec-4] [e32658cf-3e90-4899-ab11-765dc132b1f8] DEBUG o.s.security.web.FilterChainProxy - Securing GET /api/reports/claims/summary
2026-03-05 00:42:03.657 [http-nio-8087-exec-2] [ebe1e78a-2b37-46d6-97d6-e8d855f99a35] DEBUG o.s.security.web.FilterChainProxy - Securing GET /api/reports/adjusters/performance
2026-03-05 00:42:03.668 [http-nio-8087-exec-4] [e32658cf-3e90-4899-ab11-765dc132b1f8] DEBUG c.c.r.s.JwtAuthenticationFilter - Authenticated user: shashank123 for URI: /api/reports/claims/summary
2026-03-05 00:42:03.668 [http-nio-8087-exec-2] [ebe1e78a-2b37-46d6-97d6-e8d855f99a35] DEBUG c.c.r.s.JwtAuthenticationFilter - Authenticated user: shashank123 for URI: /api/reports/adjusters/performance
2026-03-05 00:42:03.668 [http-nio-8087-exec-7] [438553c2-801f-41dc-9be9-462ccda81bff] DEBUG c.c.r.s.JwtAuthenticationFilter - Authenticated user: shashank123 for URI: /api/reports/payments
2026-03-05 00:42:03.671 [http-nio-8087-exec-4] [e32658cf-3e90-4899-ab11-765dc132b1f8] DEBUG o.s.security.web.FilterChainProxy - Secured GET /api/reports/claims/summary
2026-03-05 00:42:03.671 [http-nio-8087-exec-7] [438553c2-801f-41dc-9be9-462ccda81bff] DEBUG o.s.security.web.FilterChainProxy - Secured GET /api/reports/payments
2026-03-05 00:42:03.671 [http-nio-8087-exec-2] [ebe1e78a-2b37-46d6-97d6-e8d855f99a35] DEBUG o.s.security.web.FilterChainProxy - Secured GET /api/reports/adjusters/performance
2026-03-05 00:42:03.676 [http-nio-8087-exec-7] [438553c2-801f-41dc-9be9-462ccda81bff] DEBUG o.s.s.a.m.AuthorizationManagerBeforeMethodInterceptor - Authorizing method invocation ReflectiveMethodInvocation: public org.springframework.http.ResponseEntity com.claimswift.reportingservice.controller.ReportingController.getPaymentReport(java.time.LocalDate,java.time.LocalDate); target is of class [com.claimswift.reportingservice.controller.ReportingController]
2026-03-05 00:42:03.676 [http-nio-8087-exec-2] [ebe1e78a-2b37-46d6-97d6-e8d855f99a35] DEBUG o.s.s.a.m.AuthorizationManagerBeforeMethodInterceptor - Authorizing method invocation ReflectiveMethodInvocation: public org.springframework.http.ResponseEntity com.claimswift.reportingservice.controller.ReportingController.getAdjusterPerformanceReport(java.time.LocalDate,java.time.LocalDate); target is of class [com.claimswift.reportingservice.controller.ReportingController]
2026-03-05 00:42:03.676 [http-nio-8087-exec-4] [e32658cf-3e90-4899-ab11-765dc132b1f8] DEBUG o.s.s.a.m.AuthorizationManagerBeforeMethodInterceptor - Authorizing method invocation ReflectiveMethodInvocation: public org.springframework.http.ResponseEntity com.claimswift.reportingservice.controller.ReportingController.getClaimSummaryReport(java.time.LocalDate,java.time.LocalDate); target is of class [com.claimswift.reportingservice.controller.ReportingController]
2026-03-05 00:42:03.677 [http-nio-8087-exec-4] [e32658cf-3e90-4899-ab11-765dc132b1f8] DEBUG o.s.s.a.h.RoleHierarchyImpl - getReachableGrantedAuthorities() - From the roles [ROLE_MANAGER] one can reach [ROLE_POLICYHOLDER, ROLE_MANAGER, ROLE_ADJUSTER] in zero or more steps.
2026-03-05 00:42:03.677 [http-nio-8087-exec-7] [438553c2-801f-41dc-9be9-462ccda81bff] DEBUG o.s.s.a.h.RoleHierarchyImpl - getReachableGrantedAuthorities() - From the roles [ROLE_MANAGER] one can reach [ROLE_POLICYHOLDER, ROLE_MANAGER, ROLE_ADJUSTER] in zero or more steps.
2026-03-05 00:42:03.678 [http-nio-8087-exec-2] [ebe1e78a-2b37-46d6-97d6-e8d855f99a35] DEBUG o.s.s.a.h.RoleHierarchyImpl - getReachableGrantedAuthorities() - From the roles [ROLE_MANAGER] one can reach [ROLE_POLICYHOLDER, ROLE_MANAGER, ROLE_ADJUSTER] in zero or more steps.
2026-03-05 00:42:03.678 [http-nio-8087-exec-7] [438553c2-801f-41dc-9be9-462ccda81bff] DEBUG o.s.s.a.m.AuthorizationManagerBeforeMethodInterceptor - Authorized method invocation ReflectiveMethodInvocation: public org.springframework.http.ResponseEntity com.claimswift.reportingservice.controller.ReportingController.getPaymentReport(java.time.LocalDate,java.time.LocalDate); target is of class [com.claimswift.reportingservice.controller.ReportingController]
2026-03-05 00:42:03.678 [http-nio-8087-exec-2] [ebe1e78a-2b37-46d6-97d6-e8d855f99a35] DEBUG o.s.s.a.m.AuthorizationManagerBeforeMethodInterceptor - Authorized method invocation ReflectiveMethodInvocation: public org.springframework.http.ResponseEntity com.claimswift.reportingservice.controller.ReportingController.getAdjusterPerformanceReport(java.time.LocalDate,java.time.LocalDate); target is of class [com.claimswift.reportingservice.controller.ReportingController]
2026-03-05 00:42:03.678 [http-nio-8087-exec-4] [e32658cf-3e90-4899-ab11-765dc132b1f8] DEBUG o.s.s.a.m.AuthorizationManagerBeforeMethodInterceptor - Authorized method invocation ReflectiveMethodInvocation: public org.springframework.http.ResponseEntity com.claimswift.reportingservice.controller.ReportingController.getClaimSummaryReport(java.time.LocalDate,java.time.LocalDate); target is of class [com.claimswift.reportingservice.controller.ReportingController]
2026-03-05 00:42:03.678 [http-nio-8087-exec-7] [438553c2-801f-41dc-9be9-462ccda81bff] INFO  c.c.r.controller.ReportingController - Generating payment report for period: null to null
2026-03-05 00:42:03.678 [http-nio-8087-exec-4] [e32658cf-3e90-4899-ab11-765dc132b1f8] INFO  c.c.r.controller.ReportingController - Generating claim summary report for period: null to null
2026-03-05 00:42:03.678 [http-nio-8087-exec-2] [ebe1e78a-2b37-46d6-97d6-e8d855f99a35] INFO  c.c.r.controller.ReportingController - Generating adjuster performance report for period: null to null
2026-03-05 00:42:03.678 [http-nio-8087-exec-7] [438553c2-801f-41dc-9be9-462ccda81bff] DEBUG c.c.r.client.PaymentServiceClient - [PaymentServiceClient#getAllPayments] ---> GET http://payment-service/api/payments/internal/all HTTP/1.1
2026-03-05 00:42:03.678 [http-nio-8087-exec-4] [e32658cf-3e90-4899-ab11-765dc132b1f8] DEBUG c.c.r.client.ClaimServiceClient - [ClaimServiceClient#getAllClaims] ---> GET http://claim-service/api/claims/internal/all HTTP/1.1
2026-03-05 00:42:03.678 [http-nio-8087-exec-2] [ebe1e78a-2b37-46d6-97d6-e8d855f99a35] DEBUG c.c.r.client.ClaimServiceClient - [ClaimServiceClient#getAllClaims] ---> GET http://claim-service/api/claims/internal/all HTTP/1.1
2026-03-05 00:42:03.712 [http-nio-8087-exec-2] [ebe1e78a-2b37-46d6-97d6-e8d855f99a35] DEBUG c.c.r.client.ClaimServiceClient - [ClaimServiceClient#getAllClaims] <--- HTTP/1.1 200 (31ms)
2026-03-05 00:42:03.714 [http-nio-8087-exec-4] [e32658cf-3e90-4899-ab11-765dc132b1f8] DEBUG c.c.r.client.ClaimServiceClient - [ClaimServiceClient#getAllClaims] <--- HTTP/1.1 200 (34ms)
2026-03-05 00:42:03.728 [http-nio-8087-exec-7] [438553c2-801f-41dc-9be9-462ccda81bff] DEBUG c.c.r.client.PaymentServiceClient - [PaymentServiceClient#getAllPayments] <--- HTTP/1.1 200 (46ms)
2026-03-05 00:44:19.312 [AsyncResolver-bootstrap-executor-0] [] INFO  c.n.d.s.r.aws.ConfigClusterResolver - Resolving eureka endpoints via configuration
2026-03-05 00:49:19.324 [AsyncResolver-bootstrap-executor-0] [] INFO  c.n.d.s.r.aws.ConfigClusterResolver - Resolving eureka endpoints via configuration
2026-03-05 00:50:21.350 [http-nio-8087-exec-1] [be6d2cd8-2f22-4c19-9095-458bda354665] DEBUG o.s.security.web.FilterChainProxy - Securing GET /api/reports/claims/summary
2026-03-05 00:50:21.350 [http-nio-8087-exec-5] [76708233-7a87-4369-b3cc-1e9b4d4b8350] DEBUG o.s.security.web.FilterChainProxy - Securing GET /api/reports/adjusters/performance
2026-03-05 00:50:21.352 [http-nio-8087-exec-3] [a35afc43-2a9b-46a4-bab0-6a0f06eda9f5] DEBUG o.s.security.web.FilterChainProxy - Securing GET /api/reports/payments
2026-03-05 00:50:21.366 [http-nio-8087-exec-3] [a35afc43-2a9b-46a4-bab0-6a0f06eda9f5] DEBUG c.c.r.s.JwtAuthenticationFilter - Authenticated user: shashank123 for URI: /api/reports/payments
2026-03-05 00:50:21.368 [http-nio-8087-exec-1] [be6d2cd8-2f22-4c19-9095-458bda354665] DEBUG c.c.r.s.JwtAuthenticationFilter - Authenticated user: shashank123 for URI: /api/reports/claims/summary
2026-03-05 00:50:21.368 [http-nio-8087-exec-5] [76708233-7a87-4369-b3cc-1e9b4d4b8350] DEBUG c.c.r.s.JwtAuthenticationFilter - Authenticated user: shashank123 for URI: /api/reports/adjusters/performance
2026-03-05 00:50:21.373 [http-nio-8087-exec-1] [be6d2cd8-2f22-4c19-9095-458bda354665] DEBUG o.s.security.web.FilterChainProxy - Secured GET /api/reports/claims/summary
2026-03-05 00:50:21.375 [http-nio-8087-exec-1] [be6d2cd8-2f22-4c19-9095-458bda354665] DEBUG o.s.s.a.m.AuthorizationManagerBeforeMethodInterceptor - Authorizing method invocation ReflectiveMethodInvocation: public org.springframework.http.ResponseEntity com.claimswift.reportingservice.controller.ReportingController.getClaimSummaryReport(java.time.LocalDate,java.time.LocalDate); target is of class [com.claimswift.reportingservice.controller.ReportingController]
2026-03-05 00:50:21.377 [http-nio-8087-exec-1] [be6d2cd8-2f22-4c19-9095-458bda354665] DEBUG o.s.s.a.h.RoleHierarchyImpl - getReachableGrantedAuthorities() - From the roles [ROLE_MANAGER] one can reach [ROLE_POLICYHOLDER, ROLE_MANAGER, ROLE_ADJUSTER] in zero or more steps.
2026-03-05 00:50:21.379 [http-nio-8087-exec-5] [76708233-7a87-4369-b3cc-1e9b4d4b8350] DEBUG o.s.security.web.FilterChainProxy - Secured GET /api/reports/adjusters/performance
2026-03-05 00:50:21.379 [http-nio-8087-exec-3] [a35afc43-2a9b-46a4-bab0-6a0f06eda9f5] DEBUG o.s.security.web.FilterChainProxy - Secured GET /api/reports/payments
2026-03-05 00:50:21.382 [http-nio-8087-exec-1] [be6d2cd8-2f22-4c19-9095-458bda354665] DEBUG o.s.s.a.m.AuthorizationManagerBeforeMethodInterceptor - Authorized method invocation ReflectiveMethodInvocation: public org.springframework.http.ResponseEntity com.claimswift.reportingservice.controller.ReportingController.getClaimSummaryReport(java.time.LocalDate,java.time.LocalDate); target is of class [com.claimswift.reportingservice.controller.ReportingController]
2026-03-05 00:50:21.382 [http-nio-8087-exec-1] [be6d2cd8-2f22-4c19-9095-458bda354665] INFO  c.c.r.controller.ReportingController - Generating claim summary report for period: null to null
2026-03-05 00:50:21.382 [http-nio-8087-exec-1] [be6d2cd8-2f22-4c19-9095-458bda354665] DEBUG c.c.r.client.ClaimServiceClient - [ClaimServiceClient#getAllClaims] ---> GET http://claim-service/api/claims/internal/all HTTP/1.1
2026-03-05 00:50:21.382 [http-nio-8087-exec-5] [76708233-7a87-4369-b3cc-1e9b4d4b8350] DEBUG o.s.s.a.m.AuthorizationManagerBeforeMethodInterceptor - Authorizing method invocation ReflectiveMethodInvocation: public org.springframework.http.ResponseEntity com.claimswift.reportingservice.controller.ReportingController.getAdjusterPerformanceReport(java.time.LocalDate,java.time.LocalDate); target is of class [com.claimswift.reportingservice.controller.ReportingController]
2026-03-05 00:50:21.382 [http-nio-8087-exec-3] [a35afc43-2a9b-46a4-bab0-6a0f06eda9f5] DEBUG o.s.s.a.m.AuthorizationManagerBeforeMethodInterceptor - Authorizing method invocation ReflectiveMethodInvocation: public org.springframework.http.ResponseEntity com.claimswift.reportingservice.controller.ReportingController.getPaymentReport(java.time.LocalDate,java.time.LocalDate); target is of class [com.claimswift.reportingservice.controller.ReportingController]
2026-03-05 00:50:21.387 [http-nio-8087-exec-3] [a35afc43-2a9b-46a4-bab0-6a0f06eda9f5] DEBUG o.s.s.a.h.RoleHierarchyImpl - getReachableGrantedAuthorities() - From the roles [ROLE_MANAGER] one can reach [ROLE_POLICYHOLDER, ROLE_MANAGER, ROLE_ADJUSTER] in zero or more steps.
2026-03-05 00:50:21.387 [http-nio-8087-exec-5] [76708233-7a87-4369-b3cc-1e9b4d4b8350] DEBUG o.s.s.a.h.RoleHierarchyImpl - getReachableGrantedAuthorities() - From the roles [ROLE_MANAGER] one can reach [ROLE_POLICYHOLDER, ROLE_MANAGER, ROLE_ADJUSTER] in zero or more steps.
2026-03-05 00:50:21.388 [http-nio-8087-exec-3] [a35afc43-2a9b-46a4-bab0-6a0f06eda9f5] DEBUG o.s.s.a.m.AuthorizationManagerBeforeMethodInterceptor - Authorized method invocation ReflectiveMethodInvocation: public org.springframework.http.ResponseEntity com.claimswift.reportingservice.controller.ReportingController.getPaymentReport(java.time.LocalDate,java.time.LocalDate); target is of class [com.claimswift.reportingservice.controller.ReportingController]
2026-03-05 00:50:21.388 [http-nio-8087-exec-5] [76708233-7a87-4369-b3cc-1e9b4d4b8350] DEBUG o.s.s.a.m.AuthorizationManagerBeforeMethodInterceptor - Authorized method invocation ReflectiveMethodInvocation: public org.springframework.http.ResponseEntity com.claimswift.reportingservice.controller.ReportingController.getAdjusterPerformanceReport(java.time.LocalDate,java.time.LocalDate); target is of class [com.claimswift.reportingservice.controller.ReportingController]
2026-03-05 00:50:21.390 [http-nio-8087-exec-3] [a35afc43-2a9b-46a4-bab0-6a0f06eda9f5] INFO  c.c.r.controller.ReportingController - Generating payment report for period: null to null
2026-03-05 00:50:21.390 [http-nio-8087-exec-5] [76708233-7a87-4369-b3cc-1e9b4d4b8350] INFO  c.c.r.controller.ReportingController - Generating adjuster performance report for period: null to null
2026-03-05 00:50:21.392 [http-nio-8087-exec-3] [a35afc43-2a9b-46a4-bab0-6a0f06eda9f5] DEBUG c.c.r.client.PaymentServiceClient - [PaymentServiceClient#getAllPayments] ---> GET http://payment-service/api/payments/internal/all HTTP/1.1
2026-03-05 00:50:21.392 [http-nio-8087-exec-5] [76708233-7a87-4369-b3cc-1e9b4d4b8350] DEBUG c.c.r.client.ClaimServiceClient - [ClaimServiceClient#getAllClaims] ---> GET http://claim-service/api/claims/internal/all HTTP/1.1
2026-03-05 00:50:21.430 [http-nio-8087-exec-1] [be6d2cd8-2f22-4c19-9095-458bda354665] DEBUG c.c.r.client.ClaimServiceClient - [ClaimServiceClient#getAllClaims] <--- HTTP/1.1 200 (45ms)
2026-03-05 00:50:21.435 [http-nio-8087-exec-5] [76708233-7a87-4369-b3cc-1e9b4d4b8350] DEBUG c.c.r.client.ClaimServiceClient - [ClaimServiceClient#getAllClaims] <--- HTTP/1.1 200 (41ms)
2026-03-05 00:50:21.465 [http-nio-8087-exec-3] [a35afc43-2a9b-46a4-bab0-6a0f06eda9f5] DEBUG c.c.r.client.PaymentServiceClient - [PaymentServiceClient#getAllPayments] <--- HTTP/1.1 200 (71ms)
2026-03-05 00:50:27.268 [http-nio-8087-exec-4] [551e3d36-bac1-435f-85ad-3b28fb8e6bf1] DEBUG o.s.security.web.FilterChainProxy - Securing GET /api/reports/payments
2026-03-05 00:50:27.268 [http-nio-8087-exec-2] [bb89fede-0d7b-47c3-90f3-62c42faf244b] DEBUG o.s.security.web.FilterChainProxy - Securing GET /api/reports/adjusters/performance
2026-03-05 00:50:27.271 [http-nio-8087-exec-8] [d1513e9c-641e-4a97-9130-8914d0b30bb4] DEBUG o.s.security.web.FilterChainProxy - Securing GET /api/reports/claims/summary
2026-03-05 00:50:27.277 [http-nio-8087-exec-4] [551e3d36-bac1-435f-85ad-3b28fb8e6bf1] DEBUG c.c.r.s.JwtAuthenticationFilter - Authenticated user: shashank123 for URI: /api/reports/payments
2026-03-05 00:50:27.277 [http-nio-8087-exec-2] [bb89fede-0d7b-47c3-90f3-62c42faf244b] DEBUG c.c.r.s.JwtAuthenticationFilter - Authenticated user: shashank123 for URI: /api/reports/adjusters/performance
2026-03-05 00:50:27.277 [http-nio-8087-exec-8] [d1513e9c-641e-4a97-9130-8914d0b30bb4] DEBUG c.c.r.s.JwtAuthenticationFilter - Authenticated user: shashank123 for URI: /api/reports/claims/summary
2026-03-05 00:50:27.282 [http-nio-8087-exec-4] [551e3d36-bac1-435f-85ad-3b28fb8e6bf1] DEBUG o.s.security.web.FilterChainProxy - Secured GET /api/reports/payments
2026-03-05 00:50:27.283 [http-nio-8087-exec-2] [bb89fede-0d7b-47c3-90f3-62c42faf244b] DEBUG o.s.security.web.FilterChainProxy - Secured GET /api/reports/adjusters/performance
2026-03-05 00:50:27.283 [http-nio-8087-exec-8] [d1513e9c-641e-4a97-9130-8914d0b30bb4] DEBUG o.s.security.web.FilterChainProxy - Secured GET /api/reports/claims/summary
2026-03-05 00:50:27.283 [http-nio-8087-exec-4] [551e3d36-bac1-435f-85ad-3b28fb8e6bf1] DEBUG o.s.s.a.m.AuthorizationManagerBeforeMethodInterceptor - Authorizing method invocation ReflectiveMethodInvocation: public org.springframework.http.ResponseEntity com.claimswift.reportingservice.controller.ReportingController.getPaymentReport(java.time.LocalDate,java.time.LocalDate); target is of class [com.claimswift.reportingservice.controller.ReportingController]
2026-03-05 00:50:27.283 [http-nio-8087-exec-4] [551e3d36-bac1-435f-85ad-3b28fb8e6bf1] DEBUG o.s.s.a.h.RoleHierarchyImpl - getReachableGrantedAuthorities() - From the roles [ROLE_MANAGER] one can reach [ROLE_POLICYHOLDER, ROLE_MANAGER, ROLE_ADJUSTER] in zero or more steps.
2026-03-05 00:50:27.286 [http-nio-8087-exec-8] [d1513e9c-641e-4a97-9130-8914d0b30bb4] DEBUG o.s.s.a.m.AuthorizationManagerBeforeMethodInterceptor - Authorizing method invocation ReflectiveMethodInvocation: public org.springframework.http.ResponseEntity com.claimswift.reportingservice.controller.ReportingController.getClaimSummaryReport(java.time.LocalDate,java.time.LocalDate); target is of class [com.claimswift.reportingservice.controller.ReportingController]
2026-03-05 00:50:27.286 [http-nio-8087-exec-2] [bb89fede-0d7b-47c3-90f3-62c42faf244b] DEBUG o.s.s.a.m.AuthorizationManagerBeforeMethodInterceptor - Authorizing method invocation ReflectiveMethodInvocation: public org.springframework.http.ResponseEntity com.claimswift.reportingservice.controller.ReportingController.getAdjusterPerformanceReport(java.time.LocalDate,java.time.LocalDate); target is of class [com.claimswift.reportingservice.controller.ReportingController]
2026-03-05 00:50:27.286 [http-nio-8087-exec-4] [551e3d36-bac1-435f-85ad-3b28fb8e6bf1] DEBUG o.s.s.a.m.AuthorizationManagerBeforeMethodInterceptor - Authorized method invocation ReflectiveMethodInvocation: public org.springframework.http.ResponseEntity com.claimswift.reportingservice.controller.ReportingController.getPaymentReport(java.time.LocalDate,java.time.LocalDate); target is of class [com.claimswift.reportingservice.controller.ReportingController]
2026-03-05 00:50:27.286 [http-nio-8087-exec-4] [551e3d36-bac1-435f-85ad-3b28fb8e6bf1] INFO  c.c.r.controller.ReportingController - Generating payment report for period: null to null
2026-03-05 00:50:27.286 [http-nio-8087-exec-4] [551e3d36-bac1-435f-85ad-3b28fb8e6bf1] DEBUG c.c.r.client.PaymentServiceClient - [PaymentServiceClient#getAllPayments] ---> GET http://payment-service/api/payments/internal/all HTTP/1.1
2026-03-05 00:50:27.286 [http-nio-8087-exec-2] [bb89fede-0d7b-47c3-90f3-62c42faf244b] DEBUG o.s.s.a.h.RoleHierarchyImpl - getReachableGrantedAuthorities() - From the roles [ROLE_MANAGER] one can reach [ROLE_POLICYHOLDER, ROLE_MANAGER, ROLE_ADJUSTER] in zero or more steps.
2026-03-05 00:50:27.286 [http-nio-8087-exec-2] [bb89fede-0d7b-47c3-90f3-62c42faf244b] DEBUG o.s.s.a.m.AuthorizationManagerBeforeMethodInterceptor - Authorized method invocation ReflectiveMethodInvocation: public org.springframework.http.ResponseEntity com.claimswift.reportingservice.controller.ReportingController.getAdjusterPerformanceReport(java.time.LocalDate,java.time.LocalDate); target is of class [com.claimswift.reportingservice.controller.ReportingController]
2026-03-05 00:50:27.286 [http-nio-8087-exec-8] [d1513e9c-641e-4a97-9130-8914d0b30bb4] DEBUG o.s.s.a.h.RoleHierarchyImpl - getReachableGrantedAuthorities() - From the roles [ROLE_MANAGER] one can reach [ROLE_POLICYHOLDER, ROLE_MANAGER, ROLE_ADJUSTER] in zero or more steps.
2026-03-05 00:50:27.286 [http-nio-8087-exec-8] [d1513e9c-641e-4a97-9130-8914d0b30bb4] DEBUG o.s.s.a.m.AuthorizationManagerBeforeMethodInterceptor - Authorized method invocation ReflectiveMethodInvocation: public org.springframework.http.ResponseEntity com.claimswift.reportingservice.controller.ReportingController.getClaimSummaryReport(java.time.LocalDate,java.time.LocalDate); target is of class [com.claimswift.reportingservice.controller.ReportingController]
2026-03-05 00:50:27.286 [http-nio-8087-exec-2] [bb89fede-0d7b-47c3-90f3-62c42faf244b] INFO  c.c.r.controller.ReportingController - Generating adjuster performance report for period: null to null
2026-03-05 00:50:27.291 [http-nio-8087-exec-8] [d1513e9c-641e-4a97-9130-8914d0b30bb4] INFO  c.c.r.controller.ReportingController - Generating claim summary report for period: null to null
2026-03-05 00:50:27.292 [http-nio-8087-exec-8] [d1513e9c-641e-4a97-9130-8914d0b30bb4] DEBUG c.c.r.client.ClaimServiceClient - [ClaimServiceClient#getAllClaims] ---> GET http://claim-service/api/claims/internal/all HTTP/1.1
2026-03-05 00:50:27.294 [http-nio-8087-exec-2] [bb89fede-0d7b-47c3-90f3-62c42faf244b] DEBUG c.c.r.client.ClaimServiceClient - [ClaimServiceClient#getAllClaims] ---> GET http://claim-service/api/claims/internal/all HTTP/1.1
2026-03-05 00:50:27.313 [http-nio-8087-exec-8] [d1513e9c-641e-4a97-9130-8914d0b30bb4] DEBUG c.c.r.client.ClaimServiceClient - [ClaimServiceClient#getAllClaims] <--- HTTP/1.1 200 (20ms)
2026-03-05 00:50:27.315 [http-nio-8087-exec-2] [bb89fede-0d7b-47c3-90f3-62c42faf244b] DEBUG c.c.r.client.ClaimServiceClient - [ClaimServiceClient#getAllClaims] <--- HTTP/1.1 200 (21ms)
2026-03-05 00:50:27.405 [http-nio-8087-exec-4] [551e3d36-bac1-435f-85ad-3b28fb8e6bf1] DEBUG c.c.r.client.PaymentServiceClient - [PaymentServiceClient#getAllPayments] <--- HTTP/1.1 200 (117ms)
2026-03-05 00:50:29.648 [http-nio-8087-exec-7] [959986bd-7298-42f1-8a93-194913545b45] DEBUG o.s.security.web.FilterChainProxy - Securing GET /api/reports/claims/summary
2026-03-05 00:50:29.657 [http-nio-8087-exec-6] [fe49b8fb-19a2-4b21-bbaa-4badfeaa4a01] DEBUG o.s.security.web.FilterChainProxy - Securing GET /api/reports/payments
2026-03-05 00:50:29.657 [http-nio-8087-exec-9] [361c88ae-93b0-4e4d-8a5c-ff9b6aa93c14] DEBUG o.s.security.web.FilterChainProxy - Securing GET /api/reports/adjusters/performance
2026-03-05 00:50:29.667 [http-nio-8087-exec-7] [959986bd-7298-42f1-8a93-194913545b45] DEBUG c.c.r.s.JwtAuthenticationFilter - Authenticated user: shashank123 for URI: /api/reports/claims/summary
2026-03-05 00:50:29.673 [http-nio-8087-exec-6] [fe49b8fb-19a2-4b21-bbaa-4badfeaa4a01] DEBUG c.c.r.s.JwtAuthenticationFilter - Authenticated user: shashank123 for URI: /api/reports/payments
2026-03-05 00:50:29.677 [http-nio-8087-exec-9] [361c88ae-93b0-4e4d-8a5c-ff9b6aa93c14] DEBUG c.c.r.s.JwtAuthenticationFilter - Authenticated user: shashank123 for URI: /api/reports/adjusters/performance
2026-03-05 00:50:29.681 [http-nio-8087-exec-6] [fe49b8fb-19a2-4b21-bbaa-4badfeaa4a01] DEBUG o.s.security.web.FilterChainProxy - Secured GET /api/reports/payments
2026-03-05 00:50:29.681 [http-nio-8087-exec-7] [959986bd-7298-42f1-8a93-194913545b45] DEBUG o.s.security.web.FilterChainProxy - Secured GET /api/reports/claims/summary
2026-03-05 00:50:29.681 [http-nio-8087-exec-6] [fe49b8fb-19a2-4b21-bbaa-4badfeaa4a01] DEBUG o.s.s.a.m.AuthorizationManagerBeforeMethodInterceptor - Authorizing method invocation ReflectiveMethodInvocation: public org.springframework.http.ResponseEntity com.claimswift.reportingservice.controller.ReportingController.getPaymentReport(java.time.LocalDate,java.time.LocalDate); target is of class [com.claimswift.reportingservice.controller.ReportingController]
2026-03-05 00:50:29.681 [http-nio-8087-exec-7] [959986bd-7298-42f1-8a93-194913545b45] DEBUG o.s.s.a.m.AuthorizationManagerBeforeMethodInterceptor - Authorizing method invocation ReflectiveMethodInvocation: public org.springframework.http.ResponseEntity com.claimswift.reportingservice.controller.ReportingController.getClaimSummaryReport(java.time.LocalDate,java.time.LocalDate); target is of class [com.claimswift.reportingservice.controller.ReportingController]
2026-03-05 00:50:29.681 [http-nio-8087-exec-9] [361c88ae-93b0-4e4d-8a5c-ff9b6aa93c14] DEBUG o.s.security.web.FilterChainProxy - Secured GET /api/reports/adjusters/performance
2026-03-05 00:50:29.681 [http-nio-8087-exec-6] [fe49b8fb-19a2-4b21-bbaa-4badfeaa4a01] DEBUG o.s.s.a.h.RoleHierarchyImpl - getReachableGrantedAuthorities() - From the roles [ROLE_MANAGER] one can reach [ROLE_POLICYHOLDER, ROLE_MANAGER, ROLE_ADJUSTER] in zero or more steps.
2026-03-05 00:50:29.681 [http-nio-8087-exec-7] [959986bd-7298-42f1-8a93-194913545b45] DEBUG o.s.s.a.h.RoleHierarchyImpl - getReachableGrantedAuthorities() - From the roles [ROLE_MANAGER] one can reach [ROLE_POLICYHOLDER, ROLE_MANAGER, ROLE_ADJUSTER] in zero or more steps.
2026-03-05 00:50:29.681 [http-nio-8087-exec-7] [959986bd-7298-42f1-8a93-194913545b45] DEBUG o.s.s.a.m.AuthorizationManagerBeforeMethodInterceptor - Authorized method invocation ReflectiveMethodInvocation: public org.springframework.http.ResponseEntity com.claimswift.reportingservice.controller.ReportingController.getClaimSummaryReport(java.time.LocalDate,java.time.LocalDate); target is of class [com.claimswift.reportingservice.controller.ReportingController]
2026-03-05 00:50:29.681 [http-nio-8087-exec-9] [361c88ae-93b0-4e4d-8a5c-ff9b6aa93c14] DEBUG o.s.s.a.m.AuthorizationManagerBeforeMethodInterceptor - Authorizing method invocation ReflectiveMethodInvocation: public org.springframework.http.ResponseEntity com.claimswift.reportingservice.controller.ReportingController.getAdjusterPerformanceReport(java.time.LocalDate,java.time.LocalDate); target is of class [com.claimswift.reportingservice.controller.ReportingController]
2026-03-05 00:50:29.681 [http-nio-8087-exec-7] [959986bd-7298-42f1-8a93-194913545b45] INFO  c.c.r.controller.ReportingController - Generating claim summary report for period: null to null
2026-03-05 00:50:29.681 [http-nio-8087-exec-6] [fe49b8fb-19a2-4b21-bbaa-4badfeaa4a01] DEBUG o.s.s.a.m.AuthorizationManagerBeforeMethodInterceptor - Authorized method invocation ReflectiveMethodInvocation: public org.springframework.http.ResponseEntity com.claimswift.reportingservice.controller.ReportingController.getPaymentReport(java.time.LocalDate,java.time.LocalDate); target is of class [com.claimswift.reportingservice.controller.ReportingController]
2026-03-05 00:50:29.681 [http-nio-8087-exec-9] [361c88ae-93b0-4e4d-8a5c-ff9b6aa93c14] DEBUG o.s.s.a.h.RoleHierarchyImpl - getReachableGrantedAuthorities() - From the roles [ROLE_MANAGER] one can reach [ROLE_POLICYHOLDER, ROLE_MANAGER, ROLE_ADJUSTER] in zero or more steps.
2026-03-05 00:50:29.681 [http-nio-8087-exec-6] [fe49b8fb-19a2-4b21-bbaa-4badfeaa4a01] INFO  c.c.r.controller.ReportingController - Generating payment report for period: null to null
2026-03-05 00:50:29.689 [http-nio-8087-exec-9] [361c88ae-93b0-4e4d-8a5c-ff9b6aa93c14] DEBUG o.s.s.a.m.AuthorizationManagerBeforeMethodInterceptor - Authorized method invocation ReflectiveMethodInvocation: public org.springframework.http.ResponseEntity com.claimswift.reportingservice.controller.ReportingController.getAdjusterPerformanceReport(java.time.LocalDate,java.time.LocalDate); target is of class [com.claimswift.reportingservice.controller.ReportingController]
2026-03-05 00:50:29.689 [http-nio-8087-exec-7] [959986bd-7298-42f1-8a93-194913545b45] DEBUG c.c.r.client.ClaimServiceClient - [ClaimServiceClient#getAllClaims] ---> GET http://claim-service/api/claims/internal/all HTTP/1.1
2026-03-05 00:50:29.689 [http-nio-8087-exec-6] [fe49b8fb-19a2-4b21-bbaa-4badfeaa4a01] DEBUG c.c.r.client.PaymentServiceClient - [PaymentServiceClient#getAllPayments] ---> GET http://payment-service/api/payments/internal/all HTTP/1.1
2026-03-05 00:50:29.693 [http-nio-8087-exec-9] [361c88ae-93b0-4e4d-8a5c-ff9b6aa93c14] INFO  c.c.r.controller.ReportingController - Generating adjuster performance report for period: null to null
2026-03-05 00:50:29.694 [http-nio-8087-exec-9] [361c88ae-93b0-4e4d-8a5c-ff9b6aa93c14] DEBUG c.c.r.client.ClaimServiceClient - [ClaimServiceClient#getAllClaims] ---> GET http://claim-service/api/claims/internal/all HTTP/1.1
2026-03-05 00:50:29.714 [http-nio-8087-exec-7] [959986bd-7298-42f1-8a93-194913545b45] DEBUG c.c.r.client.ClaimServiceClient - [ClaimServiceClient#getAllClaims] <--- HTTP/1.1 200 (20ms)
2026-03-05 00:50:29.714 [http-nio-8087-exec-9] [361c88ae-93b0-4e4d-8a5c-ff9b6aa93c14] DEBUG c.c.r.client.ClaimServiceClient - [ClaimServiceClient#getAllClaims] <--- HTTP/1.1 200 (19ms)
2026-03-05 00:50:29.738 [http-nio-8087-exec-6] [fe49b8fb-19a2-4b21-bbaa-4badfeaa4a01] DEBUG c.c.r.client.PaymentServiceClient - [PaymentServiceClient#getAllPayments] <--- HTTP/1.1 200 (45ms)
2026-03-05 00:54:19.350 [AsyncResolver-bootstrap-executor-0] [] INFO  c.n.d.s.r.aws.ConfigClusterResolver - Resolving eureka endpoints via configuration
2026-03-05 06:59:56.118 [HikariPool-1 housekeeper] [] WARN  com.zaxxer.hikari.pool.HikariPool - HikariPool-1 - Thread starvation or clock leap detected (housekeeper delta=6h4m40s509ms609µs800ns).
2026-03-05 09:41:36.589 [HikariPool-1 housekeeper] [] WARN  com.zaxxer.hikari.pool.HikariPool - HikariPool-1 - Thread starvation or clock leap detected (housekeeper delta=2h41m47s894ms841µs600ns).
2026-03-05 09:43:50.183 [SpringApplicationShutdownHook] [] INFO  o.s.c.n.e.s.EurekaServiceRegistry - Unregistering application REPORTING-SERVICE with eureka with status DOWN
2026-03-05 09:43:50.183 [SpringApplicationShutdownHook] [] INFO  c.netflix.discovery.DiscoveryClient - Saw local status change event StatusChangeEvent [timestamp=1772684030183, current=DOWN, previous=UP]
2026-03-05 09:43:50.183 [DiscoveryClient-InstanceInfoReplicator-0] [] INFO  c.netflix.discovery.DiscoveryClient - Saw local status change event StatusChangeEvent [timestamp=1772684030183, current=UP, previous=DOWN]
2026-03-05 09:43:50.198 [DiscoveryClient-InstanceInfoReplicator-0] [] INFO  c.netflix.discovery.DiscoveryClient - DiscoveryClient_REPORTING-SERVICE/IBLW5CD324RM64:reporting-service:8087: registering service...
2026-03-05 09:43:50.309 [SpringApplicationShutdownHook] [] INFO  o.s.o.j.LocalContainerEntityManagerFactoryBean - Closing JPA EntityManagerFactory for persistence unit 'default'
2026-03-05 09:43:50.348 [SpringApplicationShutdownHook] [] INFO  com.zaxxer.hikari.HikariDataSource - HikariPool-1 - Shutdown initiated...
2026-03-05 09:43:50.357 [SpringApplicationShutdownHook] [] INFO  com.zaxxer.hikari.HikariDataSource - HikariPool-1 - Shutdown completed.
2026-03-05 09:43:50.361 [SpringApplicationShutdownHook] [] INFO  c.netflix.discovery.DiscoveryClient - Shutting down DiscoveryClient ...
2026-03-05 09:43:50.484 [DiscoveryClient-InstanceInfoReplicator-0] [] INFO  c.netflix.discovery.DiscoveryClient - DiscoveryClient_REPORTING-SERVICE/IBLW5CD324RM64:reporting-service:8087 - registration status: 204
2026-03-05 09:43:50.516 [SpringApplicationShutdownHook] [] INFO  c.netflix.discovery.DiscoveryClient - Unregistering ...
2026-03-05 09:43:50.803 [SpringApplicationShutdownHook] [] INFO  c.netflix.discovery.DiscoveryClient - DiscoveryClient_REPORTING-SERVICE/IBLW5CD324RM64:reporting-service:8087 - deregister  status: 200
2026-03-05 09:43:50.836 [SpringApplicationShutdownHook] [] INFO  c.netflix.discovery.DiscoveryClient - Completed shut down of DiscoveryClient
2026-03-05 10:29:36.563 [main] [] INFO  o.s.c.c.c.ConfigServicePropertySourceLocator - Fetching config from server at : http://localhost:8888
2026-03-05 10:29:36.596 [main] [] WARN  o.s.c.c.c.ConfigServicePropertySourceLocator - Could not locate PropertySource: 401 : [no body]
2026-03-05 10:29:36.599 [main] [] INFO  c.c.r.ReportingServiceApplication - No active profile set, falling back to 1 default profile: "default"
2026-03-05 10:29:36.610 [main] [] INFO  o.s.c.c.c.ConfigServerConfigDataLoader - Fetching config from server at : http://localhost:8888
2026-03-05 10:29:36.610 [main] [] INFO  o.s.c.c.c.ConfigServerConfigDataLoader - Located environment: name=reporting-service, profiles=[default], label=null, version=null, state=null
2026-03-05 10:29:37.610 [main] [] INFO  o.s.d.r.c.RepositoryConfigurationDelegate - Bootstrapping Spring Data JPA repositories in DEFAULT mode.
2026-03-05 10:29:37.630 [main] [] INFO  o.s.d.r.c.RepositoryConfigurationDelegate - Finished Spring Data repository scanning in 11 ms. Found 0 JPA repository interfaces.
2026-03-05 10:29:37.917 [main] [] INFO  o.s.cloud.context.scope.GenericScope - BeanFactory id=cb0b5543-cf6c-3722-931f-671cba5852da
2026-03-05 10:29:38.333 [main] [] WARN  o.s.c.s.PostProcessorRegistrationDelegate$BeanPostProcessorChecker - Bean 'org.springframework.cloud.client.loadbalancer.LoadBalancerAutoConfiguration$RetryInterceptorAutoConfiguration' of type [org.springframework.cloud.client.loadbalancer.LoadBalancerAutoConfiguration$RetryInterceptorAutoConfiguration] is not eligible for getting processed by all BeanPostProcessors (for example: not eligible for auto-proxying). The currently created BeanPostProcessor [lbRestClientPostProcessor] is declared through a non-static factory method on that class; consider declaring it as static instead.
2026-03-05 10:29:38.340 [main] [] WARN  o.s.c.s.PostProcessorRegistrationDelegate$BeanPostProcessorChecker - Bean 'org.springframework.cloud.loadbalancer.config.BlockingLoadBalancerClientAutoConfiguration' of type [org.springframework.cloud.loadbalancer.config.BlockingLoadBalancerClientAutoConfiguration] is not eligible for getting processed by all BeanPostProcessors (for example: not eligible for auto-proxying). Is this bean getting eagerly injected into a currently created BeanPostProcessor [lbRestClientPostProcessor]? Check the corresponding BeanPostProcessor declaration and its dependencies.
2026-03-05 10:29:38.345 [main] [] WARN  o.s.c.s.PostProcessorRegistrationDelegate$BeanPostProcessorChecker - Bean 'org.springframework.cloud.loadbalancer.config.LoadBalancerAutoConfiguration' of type [org.springframework.cloud.loadbalancer.config.LoadBalancerAutoConfiguration] is not eligible for getting processed by all BeanPostProcessors (for example: not eligible for auto-proxying). Is this bean getting eagerly injected into a currently created BeanPostProcessor [lbRestClientPostProcessor]? Check the corresponding BeanPostProcessor declaration and its dependencies.
2026-03-05 10:29:38.355 [main] [] WARN  o.s.c.s.PostProcessorRegistrationDelegate$BeanPostProcessorChecker - Bean 'org.springframework.cloud.commons.config.CommonsConfigAutoConfiguration' of type [org.springframework.cloud.commons.config.CommonsConfigAutoConfiguration] is not eligible for getting processed by all BeanPostProcessors (for example: not eligible for auto-proxying). Is this bean getting eagerly injected into a currently created BeanPostProcessor [lbRestClientPostProcessor]? Check the corresponding BeanPostProcessor declaration and its dependencies.
2026-03-05 10:29:38.359 [main] [] WARN  o.s.c.s.PostProcessorRegistrationDelegate$BeanPostProcessorChecker - Bean 'org.springframework.cloud.client.loadbalancer.LoadBalancerDefaultMappingsProviderAutoConfiguration' of type [org.springframework.cloud.client.loadbalancer.LoadBalancerDefaultMappingsProviderAutoConfiguration] is not eligible for getting processed by all BeanPostProcessors (for example: not eligible for auto-proxying). Is this bean getting eagerly injected into a currently created BeanPostProcessor [lbRestClientPostProcessor]? Check the corresponding BeanPostProcessor declaration and its dependencies.
2026-03-05 10:29:38.361 [main] [] WARN  o.s.c.s.PostProcessorRegistrationDelegate$BeanPostProcessorChecker - Bean 'loadBalancerClientsDefaultsMappingsProvider' of type [org.springframework.cloud.client.loadbalancer.LoadBalancerDefaultMappingsProviderAutoConfiguration$$Lambda/0x00000250496054b0] is not eligible for getting processed by all BeanPostProcessors (for example: not eligible for auto-proxying). Is this bean getting eagerly injected into a currently created BeanPostProcessor [lbRestClientPostProcessor]? Check the corresponding BeanPostProcessor declaration and its dependencies.
2026-03-05 10:29:38.366 [main] [] WARN  o.s.c.s.PostProcessorRegistrationDelegate$BeanPostProcessorChecker - Bean 'defaultsBindHandlerAdvisor' of type [org.springframework.cloud.commons.config.DefaultsBindHandlerAdvisor] is not eligible for getting processed by all BeanPostProcessors (for example: not eligible for auto-proxying). Is this bean getting eagerly injected into a currently created BeanPostProcessor [lbRestClientPostProcessor]? Check the corresponding BeanPostProcessor declaration and its dependencies.
2026-03-05 10:29:38.372 [main] [] WARN  o.s.c.s.PostProcessorRegistrationDelegate$BeanPostProcessorChecker - Bean 'spring.cloud.loadbalancer-org.springframework.cloud.client.loadbalancer.LoadBalancerClientsProperties' of type [org.springframework.cloud.client.loadbalancer.LoadBalancerClientsProperties] is not eligible for getting processed by all BeanPostProcessors (for example: not eligible for auto-proxying). Is this bean getting eagerly injected into a currently created BeanPostProcessor [lbRestClientPostProcessor]? Check the corresponding BeanPostProcessor declaration and its dependencies.
2026-03-05 10:29:38.380 [main] [] WARN  o.s.c.s.PostProcessorRegistrationDelegate$BeanPostProcessorChecker - Bean 'default.org.springframework.cloud.loadbalancer.config.LoadBalancerAutoConfiguration.LoadBalancerClientSpecification' of type [org.springframework.cloud.loadbalancer.annotation.LoadBalancerClientSpecification] is not eligible for getting processed by all BeanPostProcessors (for example: not eligible for auto-proxying). Is this bean getting eagerly injected into a currently created BeanPostProcessor [lbRestClientPostProcessor]? Check the corresponding BeanPostProcessor declaration and its dependencies.
2026-03-05 10:29:38.384 [main] [] WARN  o.s.c.s.PostProcessorRegistrationDelegate$BeanPostProcessorChecker - Bean 'default.org.springframework.cloud.loadbalancer.config.BlockingLoadBalancerClientAutoConfiguration.LoadBalancerClientSpecification' of type [org.springframework.cloud.loadbalancer.annotation.LoadBalancerClientSpecification] is not eligible for getting processed by all BeanPostProcessors (for example: not eligible for auto-proxying). Is this bean getting eagerly injected into a currently created BeanPostProcessor [lbRestClientPostProcessor]? Check the corresponding BeanPostProcessor declaration and its dependencies.
2026-03-05 10:29:38.385 [main] [] WARN  o.s.c.s.PostProcessorRegistrationDelegate$BeanPostProcessorChecker - Bean 'default.org.springframework.cloud.netflix.eureka.loadbalancer.LoadBalancerEurekaAutoConfiguration.LoadBalancerClientSpecification' of type [org.springframework.cloud.loadbalancer.annotation.LoadBalancerClientSpecification] is not eligible for getting processed by all BeanPostProcessors (for example: not eligible for auto-proxying). Is this bean getting eagerly injected into a currently created BeanPostProcessor [lbRestClientPostProcessor]? Check the corresponding BeanPostProcessor declaration and its dependencies.
2026-03-05 10:29:38.386 [main] [] WARN  o.s.c.s.PostProcessorRegistrationDelegate$BeanPostProcessorChecker - Bean 'loadBalancerClientFactory' of type [org.springframework.cloud.loadbalancer.support.LoadBalancerClientFactory] is not eligible for getting processed by all BeanPostProcessors (for example: not eligible for auto-proxying). Is this bean getting eagerly injected into a currently created BeanPostProcessor [lbRestClientPostProcessor]? Check the corresponding BeanPostProcessor declaration and its dependencies.
2026-03-05 10:29:38.394 [main] [] WARN  o.s.c.s.PostProcessorRegistrationDelegate$BeanPostProcessorChecker - Bean 'blockingLoadBalancerClient' of type [org.springframework.cloud.loadbalancer.blocking.client.BlockingLoadBalancerClient] is not eligible for getting processed by all BeanPostProcessors (for example: not eligible for auto-proxying). Is this bean getting eagerly injected into a currently created BeanPostProcessor [lbRestClientPostProcessor]? Check the corresponding BeanPostProcessor declaration and its dependencies.
2026-03-05 10:29:38.403 [main] [] WARN  o.s.c.s.PostProcessorRegistrationDelegate$BeanPostProcessorChecker - Bean 'loadBalancerServiceInstanceCookieTransformer' of type [org.springframework.cloud.loadbalancer.core.LoadBalancerServiceInstanceCookieTransformer] is not eligible for getting processed by all BeanPostProcessors (for example: not eligible for auto-proxying). Is this bean getting eagerly injected into a currently created BeanPostProcessor [lbRestClientPostProcessor]? Check the corresponding BeanPostProcessor declaration and its dependencies.
2026-03-05 10:29:38.406 [main] [] WARN  o.s.c.s.PostProcessorRegistrationDelegate$BeanPostProcessorChecker - Bean 'xForwarderHeadersTransformer' of type [org.springframework.cloud.loadbalancer.blocking.XForwardedHeadersTransformer] is not eligible for getting processed by all BeanPostProcessors (for example: not eligible for auto-proxying). Is this bean getting eagerly injected into a currently created BeanPostProcessor [lbRestClientPostProcessor]? Check the corresponding BeanPostProcessor declaration and its dependencies.
2026-03-05 10:29:38.408 [main] [] WARN  o.s.c.s.PostProcessorRegistrationDelegate$BeanPostProcessorChecker - Bean 'org.springframework.cloud.client.loadbalancer.LoadBalancerAutoConfiguration' of type [org.springframework.cloud.client.loadbalancer.LoadBalancerAutoConfiguration] is not eligible for getting processed by all BeanPostProcessors (for example: not eligible for auto-proxying). Is this bean getting eagerly injected into a currently created BeanPostProcessor [lbRestClientPostProcessor]? Check the corresponding BeanPostProcessor declaration and its dependencies.
2026-03-05 10:29:38.413 [main] [] WARN  o.s.c.s.PostProcessorRegistrationDelegate$BeanPostProcessorChecker - Bean 'loadBalancerRequestFactory' of type [org.springframework.cloud.client.loadbalancer.LoadBalancerRequestFactory] is not eligible for getting processed by all BeanPostProcessors (for example: not eligible for auto-proxying). Is this bean getting eagerly injected into a currently created BeanPostProcessor [lbRestClientPostProcessor]? Check the corresponding BeanPostProcessor declaration and its dependencies.
2026-03-05 10:29:38.416 [main] [] WARN  o.s.c.s.PostProcessorRegistrationDelegate$BeanPostProcessorChecker - Bean 'org.springframework.cloud.loadbalancer.config.BlockingLoadBalancerClientAutoConfiguration$BlockingLoadBalancerRetryConfig' of type [org.springframework.cloud.loadbalancer.config.BlockingLoadBalancerClientAutoConfiguration$BlockingLoadBalancerRetryConfig$$SpringCGLIB$$0] is not eligible for getting processed by all BeanPostProcessors (for example: not eligible for auto-proxying). Is this bean getting eagerly injected into a currently created BeanPostProcessor [lbRestClientPostProcessor]? Check the corresponding BeanPostProcessor declaration and its dependencies.
2026-03-05 10:29:38.421 [main] [] WARN  o.s.c.s.PostProcessorRegistrationDelegate$BeanPostProcessorChecker - Bean 'loadBalancedRetryFactory' of type [org.springframework.cloud.loadbalancer.blocking.retry.BlockingLoadBalancedRetryFactory] is not eligible for getting processed by all BeanPostProcessors (for example: not eligible for auto-proxying). Is this bean getting eagerly injected into a currently created BeanPostProcessor [lbRestClientPostProcessor]? Check the corresponding BeanPostProcessor declaration and its dependencies.
2026-03-05 10:29:38.426 [main] [] WARN  o.s.c.s.PostProcessorRegistrationDelegate$BeanPostProcessorChecker - Bean 'loadBalancerInterceptor' of type [org.springframework.cloud.client.loadbalancer.RetryLoadBalancerInterceptor] is not eligible for getting processed by all BeanPostProcessors (for example: not eligible for auto-proxying). Is this bean getting eagerly injected into a currently created BeanPostProcessor [lbRestClientPostProcessor]? Check the corresponding BeanPostProcessor declaration and its dependencies.
2026-03-05 10:29:38.676 [main] [] INFO  o.s.b.w.e.tomcat.TomcatWebServer - Tomcat initialized with port 8087 (http)
2026-03-05 10:29:38.684 [main] [] INFO  o.a.catalina.core.StandardService - Starting service [Tomcat]
2026-03-05 10:29:38.685 [main] [] INFO  o.a.catalina.core.StandardEngine - Starting Servlet engine: [Apache Tomcat/10.1.16]
2026-03-05 10:29:38.781 [main] [] INFO  o.a.c.c.C.[Tomcat].[localhost].[/] - Initializing Spring embedded WebApplicationContext
2026-03-05 10:29:38.781 [main] [] INFO  o.s.b.w.s.c.ServletWebServerApplicationContext - Root WebApplicationContext: initialization completed in 2170 ms
2026-03-05 10:29:39.037 [main] [] DEBUG c.c.r.s.JwtAuthenticationFilter - Filter 'jwtAuthenticationFilter' configured for use
2026-03-05 10:29:39.037 [main] [] DEBUG c.c.r.filter.CorrelationIdFilter - Filter 'correlationIdFilter' configured for use
2026-03-05 10:29:39.162 [main] [] INFO  o.h.jpa.internal.util.LogHelper - HHH000204: Processing PersistenceUnitInfo [name: default]
2026-03-05 10:29:39.207 [main] [] INFO  org.hibernate.Version - HHH000412: Hibernate ORM core version 6.3.1.Final
2026-03-05 10:29:39.240 [main] [] INFO  o.h.c.i.RegionFactoryInitiator - HHH000026: Second-level cache disabled
2026-03-05 10:29:39.448 [main] [] INFO  o.s.o.j.p.SpringPersistenceUnitInfo - No LoadTimeWeaver setup: ignoring JPA class transformer
2026-03-05 10:29:39.470 [main] [] INFO  com.zaxxer.hikari.HikariDataSource - HikariPool-1 - Starting...
2026-03-05 10:29:39.599 [main] [] INFO  com.zaxxer.hikari.pool.HikariPool - HikariPool-1 - Added connection com.mysql.cj.jdbc.ConnectionImpl@693ed09d
2026-03-05 10:29:39.601 [main] [] INFO  com.zaxxer.hikari.HikariDataSource - HikariPool-1 - Start completed.
2026-03-05 10:29:39.649 [main] [] WARN  org.hibernate.orm.deprecation - HHH90000025: MySQLDialect does not need to be specified explicitly using 'hibernate.dialect' (remove the property setting and it will be selected by default)
2026-03-05 10:29:39.929 [main] [] INFO  o.h.e.t.j.p.i.JtaPlatformInitiator - HHH000489: No JTA platform available (set 'hibernate.transaction.jta.platform' to enable JTA platform integration)
2026-03-05 10:29:39.935 [main] [] INFO  o.s.o.j.LocalContainerEntityManagerFactoryBean - Initialized JPA EntityManagerFactory for persistence unit 'default'
2026-03-05 10:29:40.065 [main] [] WARN  o.s.b.a.o.j.JpaBaseConfiguration$JpaWebConfiguration - spring.jpa.open-in-view is enabled by default. Therefore, database queries may be performed during view rendering. Explicitly configure spring.jpa.open-in-view to disable this warning
2026-03-05 10:29:40.173 [main] [] INFO  o.s.c.o.FeignClientFactoryBean - For 'claim-service' URL not provided. Will try picking an instance via load-balancing.
2026-03-05 10:29:40.228 [main] [] INFO  o.s.c.o.FeignClientFactoryBean - For 'payment-service' URL not provided. Will try picking an instance via load-balancing.
2026-03-05 10:29:40.322 [main] [] WARN  o.s.b.a.s.s.UserDetailsServiceAutoConfiguration - 

Using generated security password: 59e70182-0df9-41c7-9fb0-917832887d89

This generated password is for development use only. Your security configuration must be updated before running your application in production.

2026-03-05 10:29:40.395 [main] [] DEBUG o.s.s.a.h.RoleHierarchyImpl - setHierarchy() - The following role hierarchy was set: ROLE_ADMIN > ROLE_MANAGER
ROLE_MANAGER > ROLE_ADJUSTER
ROLE_ADJUSTER > ROLE_POLICYHOLDER

2026-03-05 10:29:40.396 [main] [] DEBUG o.s.s.a.h.RoleHierarchyImpl - buildRolesReachableInOneStepMap() - From role ROLE_ADMIN one can reach role ROLE_MANAGER in one step.
2026-03-05 10:29:40.396 [main] [] DEBUG o.s.s.a.h.RoleHierarchyImpl - buildRolesReachableInOneStepMap() - From role ROLE_MANAGER one can reach role ROLE_ADJUSTER in one step.
2026-03-05 10:29:40.396 [main] [] DEBUG o.s.s.a.h.RoleHierarchyImpl - buildRolesReachableInOneStepMap() - From role ROLE_ADJUSTER one can reach role ROLE_POLICYHOLDER in one step.
2026-03-05 10:29:40.396 [main] [] DEBUG o.s.s.a.h.RoleHierarchyImpl - buildRolesReachableInOneOrMoreStepsMap() - From role ROLE_MANAGER one can reach [ROLE_POLICYHOLDER, ROLE_ADJUSTER] in one or more steps.
2026-03-05 10:29:40.396 [main] [] DEBUG o.s.s.a.h.RoleHierarchyImpl - buildRolesReachableInOneOrMoreStepsMap() - From role ROLE_ADMIN one can reach [ROLE_POLICYHOLDER, ROLE_MANAGER, ROLE_ADJUSTER] in one or more steps.
2026-03-05 10:29:40.396 [main] [] DEBUG o.s.s.a.h.RoleHierarchyImpl - buildRolesReachableInOneOrMoreStepsMap() - From role ROLE_ADJUSTER one can reach [ROLE_POLICYHOLDER] in one or more steps.
2026-03-05 10:29:40.905 [main] [] INFO  o.s.b.a.e.web.EndpointLinksResolver - Exposing 4 endpoint(s) beneath base path '/actuator'
2026-03-05 10:29:40.979 [main] [] INFO  o.s.s.web.DefaultSecurityFilterChain - Will secure any request with [org.springframework.security.web.session.DisableEncodeUrlFilter@4e132a9b, org.springframework.security.web.context.request.async.WebAsyncManagerIntegrationFilter@7f2d4ffc, org.springframework.security.web.context.SecurityContextHolderFilter@2cee1bcf, org.springframework.security.web.header.HeaderWriterFilter@295e989, org.springframework.web.filter.CorsFilter@38293d23, org.springframework.security.web.authentication.logout.LogoutFilter@63d8590c, com.claimswift.reportingservice.security.JwtAuthenticationFilter@5badeda0, org.springframework.security.web.savedrequest.RequestCacheAwareFilter@405d123c, org.springframework.security.web.servletapi.SecurityContextHolderAwareRequestFilter@3647b274, org.springframework.security.web.authentication.AnonymousAuthenticationFilter@1ee37c7a, org.springframework.security.web.session.SessionManagementFilter@37a74cf4, org.springframework.security.web.access.ExceptionTranslationFilter@3eb4fdd5, org.springframework.security.web.access.intercept.AuthorizationFilter@7b237c2c]
2026-03-05 10:29:41.544 [main] [] INFO  o.s.c.n.e.c.DiscoveryClientOptionalArgsConfiguration - Eureka HTTP Client uses RestTemplate.
2026-03-05 10:29:41.591 [main] [] WARN  o.s.c.l.c.LoadBalancerCacheAutoConfiguration$LoadBalancerCaffeineWarnLogger - Spring Cloud LoadBalancer is currently working with the default cache. While this cache implementation is useful for development and tests, it's recommended to use Caffeine cache in production.You can switch to using Caffeine cache, by adding it and org.springframework.cache.caffeine.CaffeineCacheManager to the classpath.
2026-03-05 10:29:41.690 [main] [] INFO  o.s.c.n.eureka.InstanceInfoFactory - Setting initial instance status as: STARTING
2026-03-05 10:29:41.723 [main] [] INFO  c.netflix.discovery.DiscoveryClient - Initializing Eureka in region us-east-1
2026-03-05 10:29:41.728 [main] [] INFO  c.n.d.s.r.aws.ConfigClusterResolver - Resolving eureka endpoints via configuration
2026-03-05 10:29:41.749 [main] [] INFO  c.netflix.discovery.DiscoveryClient - Disable delta property : false
2026-03-05 10:29:41.749 [main] [] INFO  c.netflix.discovery.DiscoveryClient - Single vip registry refresh property : null
2026-03-05 10:29:41.749 [main] [] INFO  c.netflix.discovery.DiscoveryClient - Force full registry fetch : false
2026-03-05 10:29:41.749 [main] [] INFO  c.netflix.discovery.DiscoveryClient - Application is null : false
2026-03-05 10:29:41.749 [main] [] INFO  c.netflix.discovery.DiscoveryClient - Registered Applications size is zero : true
2026-03-05 10:29:41.749 [main] [] INFO  c.netflix.discovery.DiscoveryClient - Application version is -1: true
2026-03-05 10:29:41.749 [main] [] INFO  c.netflix.discovery.DiscoveryClient - Getting all instance registry info from the eureka server
2026-03-05 10:29:42.132 [main] [] INFO  c.netflix.discovery.DiscoveryClient - The response status is 200
2026-03-05 10:29:42.135 [main] [] INFO  c.netflix.discovery.DiscoveryClient - Starting heartbeat executor: renew interval is: 30
2026-03-05 10:29:42.145 [main] [] INFO  c.n.discovery.InstanceInfoReplicator - InstanceInfoReplicator onDemand update allowed rate per min is 4
2026-03-05 10:29:42.150 [main] [] INFO  c.netflix.discovery.DiscoveryClient - Discovery Client initialized at timestamp 1772686782150 with initial instances count: 8
2026-03-05 10:29:42.159 [main] [] INFO  o.s.c.n.e.s.EurekaServiceRegistry - Registering application REPORTING-SERVICE with eureka with status UP
2026-03-05 10:29:42.161 [main] [] INFO  c.netflix.discovery.DiscoveryClient - Saw local status change event StatusChangeEvent [timestamp=1772686782161, current=UP, previous=STARTING]
2026-03-05 10:29:42.162 [main] [] WARN  c.n.discovery.InstanceInfoReplicator - Ignoring onDemand update due to rate limiter
2026-03-05 10:29:42.165 [DiscoveryClient-InstanceInfoReplicator-0] [] INFO  c.netflix.discovery.DiscoveryClient - DiscoveryClient_REPORTING-SERVICE/10.83.0.144:reporting-service:8087: registering service...
2026-03-05 10:29:42.224 [main] [] INFO  o.s.b.w.e.tomcat.TomcatWebServer - Tomcat started on port 8087 (http) with context path ''
2026-03-05 10:29:42.225 [main] [] INFO  o.s.c.n.e.s.EurekaAutoServiceRegistration - Updating port to 8087
2026-03-05 10:29:42.247 [main] [] INFO  c.c.r.ReportingServiceApplication - Started ReportingServiceApplication in 6.923 seconds (process running for 8.09)
2026-03-05 10:29:42.295 [DiscoveryClient-InstanceInfoReplicator-0] [] INFO  c.netflix.discovery.DiscoveryClient - DiscoveryClient_REPORTING-SERVICE/10.83.0.144:reporting-service:8087 - registration status: 204
2026-03-05 10:29:42.505 [RMI TCP Connection(4)-127.0.0.1] [] INFO  o.a.c.c.C.[Tomcat].[localhost].[/] - Initializing Spring DispatcherServlet 'dispatcherServlet'
2026-03-05 10:29:42.506 [RMI TCP Connection(4)-127.0.0.1] [] INFO  o.s.web.servlet.DispatcherServlet - Initializing Servlet 'dispatcherServlet'
2026-03-05 10:29:42.509 [RMI TCP Connection(4)-127.0.0.1] [] INFO  o.s.web.servlet.DispatcherServlet - Completed initialization in 3 ms
2026-03-05 10:34:41.757 [AsyncResolver-bootstrap-executor-0] [] INFO  c.n.d.s.r.aws.ConfigClusterResolver - Resolving eureka endpoints via configuration
2026-03-05 10:39:41.779 [AsyncResolver-bootstrap-executor-0] [] INFO  c.n.d.s.r.aws.ConfigClusterResolver - Resolving eureka endpoints via configuration
2026-03-05 10:44:41.788 [AsyncResolver-bootstrap-executor-0] [] INFO  c.n.d.s.r.aws.ConfigClusterResolver - Resolving eureka endpoints via configuration
2026-03-05 10:46:58.973 [http-nio-8087-exec-1] [727297bb-02bc-436b-ba62-a7ebe32a3481] DEBUG o.s.security.web.FilterChainProxy - Securing POST /api/reports/claim-event
2026-03-05 10:46:58.989 [http-nio-8087-exec-1] [727297bb-02bc-436b-ba62-a7ebe32a3481] WARN  o.s.w.s.h.HandlerMappingIntrospector - Cache miss for REQUEST dispatch to '/api/reports/claim-event' (previous null). Performing CorsConfiguration lookup. This is logged once only at WARN level, and every time at TRACE.
2026-03-05 10:46:59.188 [http-nio-8087-exec-1] [727297bb-02bc-436b-ba62-a7ebe32a3481] DEBUG c.c.r.s.JwtAuthenticationFilter - Authenticated user: vikas123 for URI: /api/reports/claim-event
2026-03-05 10:46:59.213 [http-nio-8087-exec-1] [727297bb-02bc-436b-ba62-a7ebe32a3481] WARN  o.s.w.s.h.HandlerMappingIntrospector - Cache miss for REQUEST dispatch to '/api/reports/claim-event' (previous null). Performing MatchableHandlerMapping lookup. This is logged once only at WARN level, and every time at TRACE.
2026-03-05 10:46:59.224 [http-nio-8087-exec-1] [727297bb-02bc-436b-ba62-a7ebe32a3481] DEBUG o.s.security.web.FilterChainProxy - Secured POST /api/reports/claim-event
2026-03-05 10:46:59.339 [http-nio-8087-exec-1] [727297bb-02bc-436b-ba62-a7ebe32a3481] DEBUG o.s.s.a.m.AuthorizationManagerBeforeMethodInterceptor - Authorizing method invocation ReflectiveMethodInvocation: public org.springframework.http.ResponseEntity com.claimswift.reportingservice.controller.ReportingController.reportClaimEvent(java.util.Map); target is of class [com.claimswift.reportingservice.controller.ReportingController]
2026-03-05 10:46:59.389 [http-nio-8087-exec-1] [727297bb-02bc-436b-ba62-a7ebe32a3481] DEBUG o.s.s.a.h.RoleHierarchyImpl - getReachableGrantedAuthorities() - From the roles [ROLE_POLICYHOLDER] one can reach [ROLE_POLICYHOLDER] in zero or more steps.
2026-03-05 10:46:59.406 [http-nio-8087-exec-1] [727297bb-02bc-436b-ba62-a7ebe32a3481] DEBUG o.s.s.a.m.AuthorizationManagerBeforeMethodInterceptor - Authorized method invocation ReflectiveMethodInvocation: public org.springframework.http.ResponseEntity com.claimswift.reportingservice.controller.ReportingController.reportClaimEvent(java.util.Map); target is of class [com.claimswift.reportingservice.controller.ReportingController]
2026-03-05 10:46:59.550 [http-nio-8087-exec-1] [727297bb-02bc-436b-ba62-a7ebe32a3481] INFO  c.c.r.controller.ReportingController - Claim event received: {claimId=47, eventType=CLAIM_SUBMITTED, claimNumber=CLM-94570115, timestamp=2026-03-05T10:46:58.6893266}
2026-03-05 10:49:41.802 [AsyncResolver-bootstrap-executor-0] [] INFO  c.n.d.s.r.aws.ConfigClusterResolver - Resolving eureka endpoints via configuration
2026-03-05 10:54:41.816 [AsyncResolver-bootstrap-executor-0] [] INFO  c.n.d.s.r.aws.ConfigClusterResolver - Resolving eureka endpoints via configuration
2026-03-05 10:58:17.799 [http-nio-8087-exec-2] [be209261-b1f0-4f92-9806-bc1c42b7a54d] DEBUG o.s.security.web.FilterChainProxy - Securing GET /api/reports/adjusters/performance
2026-03-05 10:58:17.800 [http-nio-8087-exec-3] [14bb41eb-7f74-4e9b-897f-af056dc798f9] DEBUG o.s.security.web.FilterChainProxy - Securing GET /api/reports/payments
2026-03-05 10:58:17.800 [http-nio-8087-exec-4] [297e9dcc-90da-4aff-9238-8f63757eabf7] DEBUG o.s.security.web.FilterChainProxy - Securing GET /api/reports/claims/summary
2026-03-05 10:58:17.809 [http-nio-8087-exec-4] [297e9dcc-90da-4aff-9238-8f63757eabf7] DEBUG c.c.r.s.JwtAuthenticationFilter - Authenticated user: shashank123 for URI: /api/reports/claims/summary
2026-03-05 10:58:17.809 [http-nio-8087-exec-2] [be209261-b1f0-4f92-9806-bc1c42b7a54d] DEBUG c.c.r.s.JwtAuthenticationFilter - Authenticated user: shashank123 for URI: /api/reports/adjusters/performance
2026-03-05 10:58:17.810 [http-nio-8087-exec-3] [14bb41eb-7f74-4e9b-897f-af056dc798f9] DEBUG c.c.r.s.JwtAuthenticationFilter - Authenticated user: shashank123 for URI: /api/reports/payments
2026-03-05 10:58:17.815 [http-nio-8087-exec-2] [be209261-b1f0-4f92-9806-bc1c42b7a54d] DEBUG o.s.security.web.FilterChainProxy - Secured GET /api/reports/adjusters/performance
2026-03-05 10:58:17.815 [http-nio-8087-exec-3] [14bb41eb-7f74-4e9b-897f-af056dc798f9] DEBUG o.s.security.web.FilterChainProxy - Secured GET /api/reports/payments
2026-03-05 10:58:17.815 [http-nio-8087-exec-4] [297e9dcc-90da-4aff-9238-8f63757eabf7] DEBUG o.s.security.web.FilterChainProxy - Secured GET /api/reports/claims/summary
2026-03-05 10:58:17.821 [http-nio-8087-exec-3] [14bb41eb-7f74-4e9b-897f-af056dc798f9] DEBUG o.s.s.a.m.AuthorizationManagerBeforeMethodInterceptor - Authorizing method invocation ReflectiveMethodInvocation: public org.springframework.http.ResponseEntity com.claimswift.reportingservice.controller.ReportingController.getPaymentReport(java.time.LocalDate,java.time.LocalDate); target is of class [com.claimswift.reportingservice.controller.ReportingController]
2026-03-05 10:58:17.821 [http-nio-8087-exec-4] [297e9dcc-90da-4aff-9238-8f63757eabf7] DEBUG o.s.s.a.m.AuthorizationManagerBeforeMethodInterceptor - Authorizing method invocation ReflectiveMethodInvocation: public org.springframework.http.ResponseEntity com.claimswift.reportingservice.controller.ReportingController.getClaimSummaryReport(java.time.LocalDate,java.time.LocalDate); target is of class [com.claimswift.reportingservice.controller.ReportingController]
2026-03-05 10:58:17.821 [http-nio-8087-exec-2] [be209261-b1f0-4f92-9806-bc1c42b7a54d] DEBUG o.s.s.a.m.AuthorizationManagerBeforeMethodInterceptor - Authorizing method invocation ReflectiveMethodInvocation: public org.springframework.http.ResponseEntity com.claimswift.reportingservice.controller.ReportingController.getAdjusterPerformanceReport(java.time.LocalDate,java.time.LocalDate); target is of class [com.claimswift.reportingservice.controller.ReportingController]
2026-03-05 10:58:17.822 [http-nio-8087-exec-3] [14bb41eb-7f74-4e9b-897f-af056dc798f9] DEBUG o.s.s.a.h.RoleHierarchyImpl - getReachableGrantedAuthorities() - From the roles [ROLE_MANAGER] one can reach [ROLE_POLICYHOLDER, ROLE_MANAGER, ROLE_ADJUSTER] in zero or more steps.
2026-03-05 10:58:17.822 [http-nio-8087-exec-2] [be209261-b1f0-4f92-9806-bc1c42b7a54d] DEBUG o.s.s.a.h.RoleHierarchyImpl - getReachableGrantedAuthorities() - From the roles [ROLE_MANAGER] one can reach [ROLE_POLICYHOLDER, ROLE_MANAGER, ROLE_ADJUSTER] in zero or more steps.
2026-03-05 10:58:17.822 [http-nio-8087-exec-4] [297e9dcc-90da-4aff-9238-8f63757eabf7] DEBUG o.s.s.a.h.RoleHierarchyImpl - getReachableGrantedAuthorities() - From the roles [ROLE_MANAGER] one can reach [ROLE_POLICYHOLDER, ROLE_MANAGER, ROLE_ADJUSTER] in zero or more steps.
2026-03-05 10:58:17.824 [http-nio-8087-exec-3] [14bb41eb-7f74-4e9b-897f-af056dc798f9] DEBUG o.s.s.a.m.AuthorizationManagerBeforeMethodInterceptor - Authorized method invocation ReflectiveMethodInvocation: public org.springframework.http.ResponseEntity com.claimswift.reportingservice.controller.ReportingController.getPaymentReport(java.time.LocalDate,java.time.LocalDate); target is of class [com.claimswift.reportingservice.controller.ReportingController]
2026-03-05 10:58:17.824 [http-nio-8087-exec-4] [297e9dcc-90da-4aff-9238-8f63757eabf7] DEBUG o.s.s.a.m.AuthorizationManagerBeforeMethodInterceptor - Authorized method invocation ReflectiveMethodInvocation: public org.springframework.http.ResponseEntity com.claimswift.reportingservice.controller.ReportingController.getClaimSummaryReport(java.time.LocalDate,java.time.LocalDate); target is of class [com.claimswift.reportingservice.controller.ReportingController]
2026-03-05 10:58:17.824 [http-nio-8087-exec-2] [be209261-b1f0-4f92-9806-bc1c42b7a54d] DEBUG o.s.s.a.m.AuthorizationManagerBeforeMethodInterceptor - Authorized method invocation ReflectiveMethodInvocation: public org.springframework.http.ResponseEntity com.claimswift.reportingservice.controller.ReportingController.getAdjusterPerformanceReport(java.time.LocalDate,java.time.LocalDate); target is of class [com.claimswift.reportingservice.controller.ReportingController]
2026-03-05 10:58:17.825 [http-nio-8087-exec-3] [14bb41eb-7f74-4e9b-897f-af056dc798f9] INFO  c.c.r.controller.ReportingController - Generating payment report for period: null to null
2026-03-05 10:58:17.825 [http-nio-8087-exec-4] [297e9dcc-90da-4aff-9238-8f63757eabf7] INFO  c.c.r.controller.ReportingController - Generating claim summary report for period: null to null
2026-03-05 10:58:17.825 [http-nio-8087-exec-2] [be209261-b1f0-4f92-9806-bc1c42b7a54d] INFO  c.c.r.controller.ReportingController - Generating adjuster performance report for period: null to null
2026-03-05 10:58:17.832 [http-nio-8087-exec-4] [297e9dcc-90da-4aff-9238-8f63757eabf7] DEBUG c.c.r.client.ClaimServiceClient - [ClaimServiceClient#getAllClaims] ---> GET http://claim-service/api/claims/internal/all HTTP/1.1
2026-03-05 10:58:17.832 [http-nio-8087-exec-2] [be209261-b1f0-4f92-9806-bc1c42b7a54d] DEBUG c.c.r.client.ClaimServiceClient - [ClaimServiceClient#getAllClaims] ---> GET http://claim-service/api/claims/internal/all HTTP/1.1
2026-03-05 10:58:17.832 [http-nio-8087-exec-3] [14bb41eb-7f74-4e9b-897f-af056dc798f9] DEBUG c.c.r.client.PaymentServiceClient - [PaymentServiceClient#getAllPayments] ---> GET http://payment-service/api/payments/internal/all HTTP/1.1
2026-03-05 10:58:18.084 [http-nio-8087-exec-4] [297e9dcc-90da-4aff-9238-8f63757eabf7] DEBUG c.c.r.client.ClaimServiceClient - [ClaimServiceClient#getAllClaims] <--- HTTP/1.1 200 (251ms)
2026-03-05 10:58:18.084 [http-nio-8087-exec-2] [be209261-b1f0-4f92-9806-bc1c42b7a54d] DEBUG c.c.r.client.ClaimServiceClient - [ClaimServiceClient#getAllClaims] <--- HTTP/1.1 200 (251ms)
2026-03-05 10:58:18.134 [http-nio-8087-exec-3] [14bb41eb-7f74-4e9b-897f-af056dc798f9] DEBUG c.c.r.client.PaymentServiceClient - [PaymentServiceClient#getAllPayments] <--- HTTP/1.1 200 (302ms)
2026-03-05 10:59:41.824 [AsyncResolver-bootstrap-executor-0] [] INFO  c.n.d.s.r.aws.ConfigClusterResolver - Resolving eureka endpoints via configuration
2026-03-05 11:04:41.835 [AsyncResolver-bootstrap-executor-0] [] INFO  c.n.d.s.r.aws.ConfigClusterResolver - Resolving eureka endpoints via configuration
2026-03-05 11:09:41.846 [AsyncResolver-bootstrap-executor-0] [] INFO  c.n.d.s.r.aws.ConfigClusterResolver - Resolving eureka endpoints via configuration
2026-03-05 11:14:41.861 [AsyncResolver-bootstrap-executor-0] [] INFO  c.n.d.s.r.aws.ConfigClusterResolver - Resolving eureka endpoints via configuration
2026-03-05 12:50:39.165 [main] [] INFO  o.s.c.c.c.ConfigServicePropertySourceLocator - Fetching config from server at : http://localhost:8888
2026-03-05 12:50:39.199 [main] [] WARN  o.s.c.c.c.ConfigServicePropertySourceLocator - Could not locate PropertySource: 401 : [no body]
2026-03-05 12:50:39.199 [main] [] INFO  c.c.r.ReportingServiceApplication - No active profile set, falling back to 1 default profile: "default"
2026-03-05 12:50:39.216 [main] [] INFO  o.s.c.c.c.ConfigServerConfigDataLoader - Fetching config from server at : http://localhost:8888
2026-03-05 12:50:39.216 [main] [] INFO  o.s.c.c.c.ConfigServerConfigDataLoader - Located environment: name=reporting-service, profiles=[default], label=null, version=null, state=null
2026-03-05 12:50:41.146 [main] [] INFO  o.s.d.r.c.RepositoryConfigurationDelegate - Bootstrapping Spring Data JPA repositories in DEFAULT mode.
2026-03-05 12:50:41.196 [main] [] INFO  o.s.d.r.c.RepositoryConfigurationDelegate - Finished Spring Data repository scanning in 32 ms. Found 0 JPA repository interfaces.
2026-03-05 12:50:41.833 [main] [] INFO  o.s.cloud.context.scope.GenericScope - BeanFactory id=cb0b5543-cf6c-3722-931f-671cba5852da
2026-03-05 12:50:42.859 [main] [] WARN  o.s.c.s.PostProcessorRegistrationDelegate$BeanPostProcessorChecker - Bean 'org.springframework.cloud.client.loadbalancer.LoadBalancerAutoConfiguration$RetryInterceptorAutoConfiguration' of type [org.springframework.cloud.client.loadbalancer.LoadBalancerAutoConfiguration$RetryInterceptorAutoConfiguration] is not eligible for getting processed by all BeanPostProcessors (for example: not eligible for auto-proxying). The currently created BeanPostProcessor [lbRestClientPostProcessor] is declared through a non-static factory method on that class; consider declaring it as static instead.
2026-03-05 12:50:42.875 [main] [] WARN  o.s.c.s.PostProcessorRegistrationDelegate$BeanPostProcessorChecker - Bean 'org.springframework.cloud.loadbalancer.config.BlockingLoadBalancerClientAutoConfiguration' of type [org.springframework.cloud.loadbalancer.config.BlockingLoadBalancerClientAutoConfiguration] is not eligible for getting processed by all BeanPostProcessors (for example: not eligible for auto-proxying). Is this bean getting eagerly injected into a currently created BeanPostProcessor [lbRestClientPostProcessor]? Check the corresponding BeanPostProcessor declaration and its dependencies.
2026-03-05 12:50:42.882 [main] [] WARN  o.s.c.s.PostProcessorRegistrationDelegate$BeanPostProcessorChecker - Bean 'org.springframework.cloud.loadbalancer.config.LoadBalancerAutoConfiguration' of type [org.springframework.cloud.loadbalancer.config.LoadBalancerAutoConfiguration] is not eligible for getting processed by all BeanPostProcessors (for example: not eligible for auto-proxying). Is this bean getting eagerly injected into a currently created BeanPostProcessor [lbRestClientPostProcessor]? Check the corresponding BeanPostProcessor declaration and its dependencies.
2026-03-05 12:50:42.898 [main] [] WARN  o.s.c.s.PostProcessorRegistrationDelegate$BeanPostProcessorChecker - Bean 'org.springframework.cloud.commons.config.CommonsConfigAutoConfiguration' of type [org.springframework.cloud.commons.config.CommonsConfigAutoConfiguration] is not eligible for getting processed by all BeanPostProcessors (for example: not eligible for auto-proxying). Is this bean getting eagerly injected into a currently created BeanPostProcessor [lbRestClientPostProcessor]? Check the corresponding BeanPostProcessor declaration and its dependencies.
2026-03-05 12:50:42.903 [main] [] WARN  o.s.c.s.PostProcessorRegistrationDelegate$BeanPostProcessorChecker - Bean 'org.springframework.cloud.client.loadbalancer.LoadBalancerDefaultMappingsProviderAutoConfiguration' of type [org.springframework.cloud.client.loadbalancer.LoadBalancerDefaultMappingsProviderAutoConfiguration] is not eligible for getting processed by all BeanPostProcessors (for example: not eligible for auto-proxying). Is this bean getting eagerly injected into a currently created BeanPostProcessor [lbRestClientPostProcessor]? Check the corresponding BeanPostProcessor declaration and its dependencies.
2026-03-05 12:50:42.909 [main] [] WARN  o.s.c.s.PostProcessorRegistrationDelegate$BeanPostProcessorChecker - Bean 'loadBalancerClientsDefaultsMappingsProvider' of type [org.springframework.cloud.client.loadbalancer.LoadBalancerDefaultMappingsProviderAutoConfiguration$$Lambda/0x000001ce3c607028] is not eligible for getting processed by all BeanPostProcessors (for example: not eligible for auto-proxying). Is this bean getting eagerly injected into a currently created BeanPostProcessor [lbRestClientPostProcessor]? Check the corresponding BeanPostProcessor declaration and its dependencies.
2026-03-05 12:50:42.914 [main] [] WARN  o.s.c.s.PostProcessorRegistrationDelegate$BeanPostProcessorChecker - Bean 'defaultsBindHandlerAdvisor' of type [org.springframework.cloud.commons.config.DefaultsBindHandlerAdvisor] is not eligible for getting processed by all BeanPostProcessors (for example: not eligible for auto-proxying). Is this bean getting eagerly injected into a currently created BeanPostProcessor [lbRestClientPostProcessor]? Check the corresponding BeanPostProcessor declaration and its dependencies.
2026-03-05 12:50:42.922 [main] [] WARN  o.s.c.s.PostProcessorRegistrationDelegate$BeanPostProcessorChecker - Bean 'spring.cloud.loadbalancer-org.springframework.cloud.client.loadbalancer.LoadBalancerClientsProperties' of type [org.springframework.cloud.client.loadbalancer.LoadBalancerClientsProperties] is not eligible for getting processed by all BeanPostProcessors (for example: not eligible for auto-proxying). Is this bean getting eagerly injected into a currently created BeanPostProcessor [lbRestClientPostProcessor]? Check the corresponding BeanPostProcessor declaration and its dependencies.
2026-03-05 12:50:42.934 [main] [] WARN  o.s.c.s.PostProcessorRegistrationDelegate$BeanPostProcessorChecker - Bean 'default.org.springframework.cloud.loadbalancer.config.LoadBalancerAutoConfiguration.LoadBalancerClientSpecification' of type [org.springframework.cloud.loadbalancer.annotation.LoadBalancerClientSpecification] is not eligible for getting processed by all BeanPostProcessors (for example: not eligible for auto-proxying). Is this bean getting eagerly injected into a currently created BeanPostProcessor [lbRestClientPostProcessor]? Check the corresponding BeanPostProcessor declaration and its dependencies.
2026-03-05 12:50:42.939 [main] [] WARN  o.s.c.s.PostProcessorRegistrationDelegate$BeanPostProcessorChecker - Bean 'default.org.springframework.cloud.loadbalancer.config.BlockingLoadBalancerClientAutoConfiguration.LoadBalancerClientSpecification' of type [org.springframework.cloud.loadbalancer.annotation.LoadBalancerClientSpecification] is not eligible for getting processed by all BeanPostProcessors (for example: not eligible for auto-proxying). Is this bean getting eagerly injected into a currently created BeanPostProcessor [lbRestClientPostProcessor]? Check the corresponding BeanPostProcessor declaration and its dependencies.
2026-03-05 12:50:42.942 [main] [] WARN  o.s.c.s.PostProcessorRegistrationDelegate$BeanPostProcessorChecker - Bean 'default.org.springframework.cloud.netflix.eureka.loadbalancer.LoadBalancerEurekaAutoConfiguration.LoadBalancerClientSpecification' of type [org.springframework.cloud.loadbalancer.annotation.LoadBalancerClientSpecification] is not eligible for getting processed by all BeanPostProcessors (for example: not eligible for auto-proxying). Is this bean getting eagerly injected into a currently created BeanPostProcessor [lbRestClientPostProcessor]? Check the corresponding BeanPostProcessor declaration and its dependencies.
2026-03-05 12:50:42.944 [main] [] WARN  o.s.c.s.PostProcessorRegistrationDelegate$BeanPostProcessorChecker - Bean 'loadBalancerClientFactory' of type [org.springframework.cloud.loadbalancer.support.LoadBalancerClientFactory] is not eligible for getting processed by all BeanPostProcessors (for example: not eligible for auto-proxying). Is this bean getting eagerly injected into a currently created BeanPostProcessor [lbRestClientPostProcessor]? Check the corresponding BeanPostProcessor declaration and its dependencies.
2026-03-05 12:50:42.946 [main] [] WARN  o.s.c.s.PostProcessorRegistrationDelegate$BeanPostProcessorChecker - Bean 'blockingLoadBalancerClient' of type [org.springframework.cloud.loadbalancer.blocking.client.BlockingLoadBalancerClient] is not eligible for getting processed by all BeanPostProcessors (for example: not eligible for auto-proxying). Is this bean getting eagerly injected into a currently created BeanPostProcessor [lbRestClientPostProcessor]? Check the corresponding BeanPostProcessor declaration and its dependencies.
2026-03-05 12:50:42.977 [main] [] WARN  o.s.c.s.PostProcessorRegistrationDelegate$BeanPostProcessorChecker - Bean 'loadBalancerServiceInstanceCookieTransformer' of type [org.springframework.cloud.loadbalancer.core.LoadBalancerServiceInstanceCookieTransformer] is not eligible for getting processed by all BeanPostProcessors (for example: not eligible for auto-proxying). Is this bean getting eagerly injected into a currently created BeanPostProcessor [lbRestClientPostProcessor]? Check the corresponding BeanPostProcessor declaration and its dependencies.
2026-03-05 12:50:42.981 [main] [] WARN  o.s.c.s.PostProcessorRegistrationDelegate$BeanPostProcessorChecker - Bean 'xForwarderHeadersTransformer' of type [org.springframework.cloud.loadbalancer.blocking.XForwardedHeadersTransformer] is not eligible for getting processed by all BeanPostProcessors (for example: not eligible for auto-proxying). Is this bean getting eagerly injected into a currently created BeanPostProcessor [lbRestClientPostProcessor]? Check the corresponding BeanPostProcessor declaration and its dependencies.
2026-03-05 12:50:42.983 [main] [] WARN  o.s.c.s.PostProcessorRegistrationDelegate$BeanPostProcessorChecker - Bean 'org.springframework.cloud.client.loadbalancer.LoadBalancerAutoConfiguration' of type [org.springframework.cloud.client.loadbalancer.LoadBalancerAutoConfiguration] is not eligible for getting processed by all BeanPostProcessors (for example: not eligible for auto-proxying). Is this bean getting eagerly injected into a currently created BeanPostProcessor [lbRestClientPostProcessor]? Check the corresponding BeanPostProcessor declaration and its dependencies.
2026-03-05 12:50:42.988 [main] [] WARN  o.s.c.s.PostProcessorRegistrationDelegate$BeanPostProcessorChecker - Bean 'loadBalancerRequestFactory' of type [org.springframework.cloud.client.loadbalancer.LoadBalancerRequestFactory] is not eligible for getting processed by all BeanPostProcessors (for example: not eligible for auto-proxying). Is this bean getting eagerly injected into a currently created BeanPostProcessor [lbRestClientPostProcessor]? Check the corresponding BeanPostProcessor declaration and its dependencies.
2026-03-05 12:50:42.992 [main] [] WARN  o.s.c.s.PostProcessorRegistrationDelegate$BeanPostProcessorChecker - Bean 'org.springframework.cloud.loadbalancer.config.BlockingLoadBalancerClientAutoConfiguration$BlockingLoadBalancerRetryConfig' of type [org.springframework.cloud.loadbalancer.config.BlockingLoadBalancerClientAutoConfiguration$BlockingLoadBalancerRetryConfig$$SpringCGLIB$$0] is not eligible for getting processed by all BeanPostProcessors (for example: not eligible for auto-proxying). Is this bean getting eagerly injected into a currently created BeanPostProcessor [lbRestClientPostProcessor]? Check the corresponding BeanPostProcessor declaration and its dependencies.
2026-03-05 12:50:42.999 [main] [] WARN  o.s.c.s.PostProcessorRegistrationDelegate$BeanPostProcessorChecker - Bean 'loadBalancedRetryFactory' of type [org.springframework.cloud.loadbalancer.blocking.retry.BlockingLoadBalancedRetryFactory] is not eligible for getting processed by all BeanPostProcessors (for example: not eligible for auto-proxying). Is this bean getting eagerly injected into a currently created BeanPostProcessor [lbRestClientPostProcessor]? Check the corresponding BeanPostProcessor declaration and its dependencies.
2026-03-05 12:50:43.006 [main] [] WARN  o.s.c.s.PostProcessorRegistrationDelegate$BeanPostProcessorChecker - Bean 'loadBalancerInterceptor' of type [org.springframework.cloud.client.loadbalancer.RetryLoadBalancerInterceptor] is not eligible for getting processed by all BeanPostProcessors (for example: not eligible for auto-proxying). Is this bean getting eagerly injected into a currently created BeanPostProcessor [lbRestClientPostProcessor]? Check the corresponding BeanPostProcessor declaration and its dependencies.
2026-03-05 12:50:43.567 [main] [] INFO  o.s.b.w.e.tomcat.TomcatWebServer - Tomcat initialized with port 8087 (http)
2026-03-05 12:50:43.580 [main] [] INFO  o.a.catalina.core.StandardService - Starting service [Tomcat]
2026-03-05 12:50:43.580 [main] [] INFO  o.a.catalina.core.StandardEngine - Starting Servlet engine: [Apache Tomcat/10.1.16]
2026-03-05 12:50:43.816 [main] [] INFO  o.a.c.c.C.[Tomcat].[localhost].[/] - Initializing Spring embedded WebApplicationContext
2026-03-05 12:50:43.817 [main] [] INFO  o.s.b.w.s.c.ServletWebServerApplicationContext - Root WebApplicationContext: initialization completed in 4601 ms
2026-03-05 12:50:44.382 [main] [] DEBUG c.c.r.s.JwtAuthenticationFilter - Filter 'jwtAuthenticationFilter' configured for use
2026-03-05 12:50:44.382 [main] [] DEBUG c.c.r.filter.CorrelationIdFilter - Filter 'correlationIdFilter' configured for use
2026-03-05 12:50:44.717 [main] [] INFO  o.h.jpa.internal.util.LogHelper - HHH000204: Processing PersistenceUnitInfo [name: default]
2026-03-05 12:50:44.836 [main] [] INFO  org.hibernate.Version - HHH000412: Hibernate ORM core version 6.3.1.Final
2026-03-05 12:50:44.945 [main] [] INFO  o.h.c.i.RegionFactoryInitiator - HHH000026: Second-level cache disabled
2026-03-05 12:50:45.428 [main] [] INFO  o.s.o.j.p.SpringPersistenceUnitInfo - No LoadTimeWeaver setup: ignoring JPA class transformer
2026-03-05 12:50:45.476 [main] [] INFO  com.zaxxer.hikari.HikariDataSource - HikariPool-1 - Starting...
2026-03-05 12:50:45.797 [main] [] INFO  com.zaxxer.hikari.pool.HikariPool - HikariPool-1 - Added connection com.mysql.cj.jdbc.ConnectionImpl@6c26e588
2026-03-05 12:50:45.797 [main] [] INFO  com.zaxxer.hikari.HikariDataSource - HikariPool-1 - Start completed.
2026-03-05 12:50:45.922 [main] [] WARN  org.hibernate.orm.deprecation - HHH90000025: MySQLDialect does not need to be specified explicitly using 'hibernate.dialect' (remove the property setting and it will be selected by default)
2026-03-05 12:50:46.559 [main] [] INFO  o.h.e.t.j.p.i.JtaPlatformInitiator - HHH000489: No JTA platform available (set 'hibernate.transaction.jta.platform' to enable JTA platform integration)
2026-03-05 12:50:46.578 [main] [] INFO  o.s.o.j.LocalContainerEntityManagerFactoryBean - Initialized JPA EntityManagerFactory for persistence unit 'default'
2026-03-05 12:50:46.897 [main] [] WARN  o.s.b.a.o.j.JpaBaseConfiguration$JpaWebConfiguration - spring.jpa.open-in-view is enabled by default. Therefore, database queries may be performed during view rendering. Explicitly configure spring.jpa.open-in-view to disable this warning
2026-03-05 12:50:47.197 [main] [] INFO  o.s.c.o.FeignClientFactoryBean - For 'claim-service' URL not provided. Will try picking an instance via load-balancing.
2026-03-05 12:50:47.337 [main] [] INFO  o.s.c.o.FeignClientFactoryBean - For 'payment-service' URL not provided. Will try picking an instance via load-balancing.
2026-03-05 12:50:47.575 [main] [] WARN  o.s.b.a.s.s.UserDetailsServiceAutoConfiguration - 

Using generated security password: 4a01622e-12da-4750-8469-95bb361c8afc

This generated password is for development use only. Your security configuration must be updated before running your application in production.

2026-03-05 12:50:47.757 [main] [] DEBUG o.s.s.a.h.RoleHierarchyImpl - setHierarchy() - The following role hierarchy was set: ROLE_ADMIN > ROLE_MANAGER
ROLE_MANAGER > ROLE_ADJUSTER
ROLE_ADJUSTER > ROLE_POLICYHOLDER

2026-03-05 12:50:47.757 [main] [] DEBUG o.s.s.a.h.RoleHierarchyImpl - buildRolesReachableInOneStepMap() - From role ROLE_ADMIN one can reach role ROLE_MANAGER in one step.
2026-03-05 12:50:47.757 [main] [] DEBUG o.s.s.a.h.RoleHierarchyImpl - buildRolesReachableInOneStepMap() - From role ROLE_MANAGER one can reach role ROLE_ADJUSTER in one step.
2026-03-05 12:50:47.759 [main] [] DEBUG o.s.s.a.h.RoleHierarchyImpl - buildRolesReachableInOneStepMap() - From role ROLE_ADJUSTER one can reach role ROLE_POLICYHOLDER in one step.
2026-03-05 12:50:47.759 [main] [] DEBUG o.s.s.a.h.RoleHierarchyImpl - buildRolesReachableInOneOrMoreStepsMap() - From role ROLE_MANAGER one can reach [ROLE_POLICYHOLDER, ROLE_ADJUSTER] in one or more steps.
2026-03-05 12:50:47.759 [main] [] DEBUG o.s.s.a.h.RoleHierarchyImpl - buildRolesReachableInOneOrMoreStepsMap() - From role ROLE_ADMIN one can reach [ROLE_POLICYHOLDER, ROLE_MANAGER, ROLE_ADJUSTER] in one or more steps.
2026-03-05 12:50:47.759 [main] [] DEBUG o.s.s.a.h.RoleHierarchyImpl - buildRolesReachableInOneOrMoreStepsMap() - From role ROLE_ADJUSTER one can reach [ROLE_POLICYHOLDER] in one or more steps.
2026-03-05 12:50:48.972 [main] [] INFO  o.s.b.a.e.web.EndpointLinksResolver - Exposing 4 endpoint(s) beneath base path '/actuator'
2026-03-05 12:50:49.178 [main] [] INFO  o.s.s.web.DefaultSecurityFilterChain - Will secure any request with [org.springframework.security.web.session.DisableEncodeUrlFilter@1ee37c7a, org.springframework.security.web.context.request.async.WebAsyncManagerIntegrationFilter@4973dacf, org.springframework.security.web.context.SecurityContextHolderFilter@2ea8f277, org.springframework.security.web.header.HeaderWriterFilter@2aec09a3, org.springframework.web.filter.CorsFilter@5cb42eb2, org.springframework.security.web.authentication.logout.LogoutFilter@31aec04a, com.claimswift.reportingservice.security.JwtAuthenticationFilter@1c79d093, org.springframework.security.web.savedrequest.RequestCacheAwareFilter@4ca6f587, org.springframework.security.web.servletapi.SecurityContextHolderAwareRequestFilter@23471f48, org.springframework.security.web.authentication.AnonymousAuthenticationFilter@2d05d022, org.springframework.security.web.session.SessionManagementFilter@4fb1bffd, org.springframework.security.web.access.ExceptionTranslationFilter@5b5f48d5, org.springframework.security.web.access.intercept.AuthorizationFilter@1f15d346]
2026-03-05 12:50:50.499 [main] [] INFO  o.s.c.n.e.c.DiscoveryClientOptionalArgsConfiguration - Eureka HTTP Client uses RestTemplate.
2026-03-05 12:50:50.590 [main] [] WARN  o.s.c.l.c.LoadBalancerCacheAutoConfiguration$LoadBalancerCaffeineWarnLogger - Spring Cloud LoadBalancer is currently working with the default cache. While this cache implementation is useful for development and tests, it's recommended to use Caffeine cache in production.You can switch to using Caffeine cache, by adding it and org.springframework.cache.caffeine.CaffeineCacheManager to the classpath.
2026-03-05 12:50:50.807 [main] [] INFO  o.s.c.n.eureka.InstanceInfoFactory - Setting initial instance status as: STARTING
2026-03-05 12:50:50.898 [main] [] INFO  c.netflix.discovery.DiscoveryClient - Initializing Eureka in region us-east-1
2026-03-05 12:50:50.905 [main] [] INFO  c.n.d.s.r.aws.ConfigClusterResolver - Resolving eureka endpoints via configuration
2026-03-05 12:50:50.961 [main] [] INFO  c.netflix.discovery.DiscoveryClient - Disable delta property : false
2026-03-05 12:50:50.961 [main] [] INFO  c.netflix.discovery.DiscoveryClient - Single vip registry refresh property : null
2026-03-05 12:50:50.961 [main] [] INFO  c.netflix.discovery.DiscoveryClient - Force full registry fetch : false
2026-03-05 12:50:50.961 [main] [] INFO  c.netflix.discovery.DiscoveryClient - Application is null : false
2026-03-05 12:50:50.961 [main] [] INFO  c.netflix.discovery.DiscoveryClient - Registered Applications size is zero : true
2026-03-05 12:50:50.961 [main] [] INFO  c.netflix.discovery.DiscoveryClient - Application version is -1: true
2026-03-05 12:50:50.961 [main] [] INFO  c.netflix.discovery.DiscoveryClient - Getting all instance registry info from the eureka server
2026-03-05 12:50:51.693 [main] [] INFO  c.netflix.discovery.DiscoveryClient - The response status is 200
2026-03-05 12:50:51.697 [main] [] INFO  c.netflix.discovery.DiscoveryClient - Starting heartbeat executor: renew interval is: 30
2026-03-05 12:50:51.709 [main] [] INFO  c.n.discovery.InstanceInfoReplicator - InstanceInfoReplicator onDemand update allowed rate per min is 4
2026-03-05 12:50:51.719 [main] [] INFO  c.netflix.discovery.DiscoveryClient - Discovery Client initialized at timestamp 1772695251715 with initial instances count: 6
2026-03-05 12:50:51.746 [main] [] INFO  o.s.c.n.e.s.EurekaServiceRegistry - Registering application REPORTING-SERVICE with eureka with status UP
2026-03-05 12:50:51.752 [main] [] INFO  c.netflix.discovery.DiscoveryClient - Saw local status change event StatusChangeEvent [timestamp=1772695251752, current=UP, previous=STARTING]
2026-03-05 12:50:51.752 [main] [] WARN  c.n.discovery.InstanceInfoReplicator - Ignoring onDemand update due to rate limiter
2026-03-05 12:50:51.756 [DiscoveryClient-InstanceInfoReplicator-0] [] INFO  c.netflix.discovery.DiscoveryClient - DiscoveryClient_REPORTING-SERVICE/10.83.0.144:reporting-service:8087: registering service...
2026-03-05 12:50:51.836 [main] [] INFO  o.s.b.w.e.tomcat.TomcatWebServer - Tomcat started on port 8087 (http) with context path ''
2026-03-05 12:50:51.836 [main] [] INFO  o.s.c.n.e.s.EurekaAutoServiceRegistration - Updating port to 8087
2026-03-05 12:50:51.870 [main] [] INFO  c.c.r.ReportingServiceApplication - Started ReportingServiceApplication in 14.277 seconds (process running for 15.472)
2026-03-05 12:50:51.977 [DiscoveryClient-InstanceInfoReplicator-0] [] INFO  c.netflix.discovery.DiscoveryClient - DiscoveryClient_REPORTING-SERVICE/10.83.0.144:reporting-service:8087 - registration status: 204
2026-03-05 12:50:52.612 [RMI TCP Connection(4)-127.0.0.1] [] INFO  o.a.c.c.C.[Tomcat].[localhost].[/] - Initializing Spring DispatcherServlet 'dispatcherServlet'
2026-03-05 12:50:52.612 [RMI TCP Connection(4)-127.0.0.1] [] INFO  o.s.web.servlet.DispatcherServlet - Initializing Servlet 'dispatcherServlet'
2026-03-05 12:50:52.614 [RMI TCP Connection(4)-127.0.0.1] [] INFO  o.s.web.servlet.DispatcherServlet - Completed initialization in 2 ms
2026-03-05 12:55:39.701 [http-nio-8087-exec-3] [d60d22c4-4c2e-4ec5-b1e7-0ca41c0c01a6] DEBUG o.s.security.web.FilterChainProxy - Securing GET /api/reports/adjusters/performance
2026-03-05 12:55:39.701 [http-nio-8087-exec-2] [28f86dc5-f6dd-4859-8246-515059ae72f9] DEBUG o.s.security.web.FilterChainProxy - Securing GET /api/reports/payments
2026-03-05 12:55:39.701 [http-nio-8087-exec-1] [c9faae3e-7b0d-4cb7-b4b8-12271cb4f83e] DEBUG o.s.security.web.FilterChainProxy - Securing GET /api/reports/claims/summary
2026-03-05 12:55:39.733 [http-nio-8087-exec-2] [28f86dc5-f6dd-4859-8246-515059ae72f9] WARN  o.s.w.s.h.HandlerMappingIntrospector - Cache miss for REQUEST dispatch to '/api/reports/payments' (previous null). Performing CorsConfiguration lookup. This is logged once only at WARN level, and every time at TRACE.
2026-03-05 12:55:39.933 [http-nio-8087-exec-1] [c9faae3e-7b0d-4cb7-b4b8-12271cb4f83e] DEBUG c.c.r.s.JwtAuthenticationFilter - Authenticated user: shashank123 for URI: /api/reports/claims/summary
2026-03-05 12:55:39.933 [http-nio-8087-exec-3] [d60d22c4-4c2e-4ec5-b1e7-0ca41c0c01a6] DEBUG c.c.r.s.JwtAuthenticationFilter - Authenticated user: shashank123 for URI: /api/reports/adjusters/performance
2026-03-05 12:55:39.933 [http-nio-8087-exec-2] [28f86dc5-f6dd-4859-8246-515059ae72f9] DEBUG c.c.r.s.JwtAuthenticationFilter - Authenticated user: shashank123 for URI: /api/reports/payments
2026-03-05 12:55:39.933 [http-nio-8087-exec-2] [28f86dc5-f6dd-4859-8246-515059ae72f9] WARN  o.s.w.s.h.HandlerMappingIntrospector - Cache miss for REQUEST dispatch to '/api/reports/payments' (previous null). Performing MatchableHandlerMapping lookup. This is logged once only at WARN level, and every time at TRACE.
2026-03-05 12:55:39.966 [http-nio-8087-exec-2] [28f86dc5-f6dd-4859-8246-515059ae72f9] DEBUG o.s.security.web.FilterChainProxy - Secured GET /api/reports/payments
2026-03-05 12:55:39.966 [http-nio-8087-exec-1] [c9faae3e-7b0d-4cb7-b4b8-12271cb4f83e] DEBUG o.s.security.web.FilterChainProxy - Secured GET /api/reports/claims/summary
2026-03-05 12:55:39.966 [http-nio-8087-exec-3] [d60d22c4-4c2e-4ec5-b1e7-0ca41c0c01a6] DEBUG o.s.security.web.FilterChainProxy - Secured GET /api/reports/adjusters/performance
2026-03-05 12:55:40.066 [http-nio-8087-exec-2] [28f86dc5-f6dd-4859-8246-515059ae72f9] DEBUG o.s.s.a.m.AuthorizationManagerBeforeMethodInterceptor - Authorizing method invocation ReflectiveMethodInvocation: public org.springframework.http.ResponseEntity com.claimswift.reportingservice.controller.ReportingController.getPaymentReport(java.time.LocalDate,java.time.LocalDate); target is of class [com.claimswift.reportingservice.controller.ReportingController]
2026-03-05 12:55:40.066 [http-nio-8087-exec-3] [d60d22c4-4c2e-4ec5-b1e7-0ca41c0c01a6] DEBUG o.s.s.a.m.AuthorizationManagerBeforeMethodInterceptor - Authorizing method invocation ReflectiveMethodInvocation: public org.springframework.http.ResponseEntity com.claimswift.reportingservice.controller.ReportingController.getAdjusterPerformanceReport(java.time.LocalDate,java.time.LocalDate); target is of class [com.claimswift.reportingservice.controller.ReportingController]
2026-03-05 12:55:40.066 [http-nio-8087-exec-1] [c9faae3e-7b0d-4cb7-b4b8-12271cb4f83e] DEBUG o.s.s.a.m.AuthorizationManagerBeforeMethodInterceptor - Authorizing method invocation ReflectiveMethodInvocation: public org.springframework.http.ResponseEntity com.claimswift.reportingservice.controller.ReportingController.getClaimSummaryReport(java.time.LocalDate,java.time.LocalDate); target is of class [com.claimswift.reportingservice.controller.ReportingController]
2026-03-05 12:55:40.147 [http-nio-8087-exec-1] [c9faae3e-7b0d-4cb7-b4b8-12271cb4f83e] DEBUG o.s.s.a.h.RoleHierarchyImpl - getReachableGrantedAuthorities() - From the roles [ROLE_MANAGER] one can reach [ROLE_POLICYHOLDER, ROLE_MANAGER, ROLE_ADJUSTER] in zero or more steps.
2026-03-05 12:55:40.147 [http-nio-8087-exec-3] [d60d22c4-4c2e-4ec5-b1e7-0ca41c0c01a6] DEBUG o.s.s.a.h.RoleHierarchyImpl - getReachableGrantedAuthorities() - From the roles [ROLE_MANAGER] one can reach [ROLE_POLICYHOLDER, ROLE_MANAGER, ROLE_ADJUSTER] in zero or more steps.
2026-03-05 12:55:40.147 [http-nio-8087-exec-2] [28f86dc5-f6dd-4859-8246-515059ae72f9] DEBUG o.s.s.a.h.RoleHierarchyImpl - getReachableGrantedAuthorities() - From the roles [ROLE_MANAGER] one can reach [ROLE_POLICYHOLDER, ROLE_MANAGER, ROLE_ADJUSTER] in zero or more steps.
2026-03-05 12:55:40.161 [http-nio-8087-exec-3] [d60d22c4-4c2e-4ec5-b1e7-0ca41c0c01a6] DEBUG o.s.s.a.m.AuthorizationManagerBeforeMethodInterceptor - Authorized method invocation ReflectiveMethodInvocation: public org.springframework.http.ResponseEntity com.claimswift.reportingservice.controller.ReportingController.getAdjusterPerformanceReport(java.time.LocalDate,java.time.LocalDate); target is of class [com.claimswift.reportingservice.controller.ReportingController]
2026-03-05 12:55:40.161 [http-nio-8087-exec-2] [28f86dc5-f6dd-4859-8246-515059ae72f9] DEBUG o.s.s.a.m.AuthorizationManagerBeforeMethodInterceptor - Authorized method invocation ReflectiveMethodInvocation: public org.springframework.http.ResponseEntity com.claimswift.reportingservice.controller.ReportingController.getPaymentReport(java.time.LocalDate,java.time.LocalDate); target is of class [com.claimswift.reportingservice.controller.ReportingController]
2026-03-05 12:55:40.161 [http-nio-8087-exec-1] [c9faae3e-7b0d-4cb7-b4b8-12271cb4f83e] DEBUG o.s.s.a.m.AuthorizationManagerBeforeMethodInterceptor - Authorized method invocation ReflectiveMethodInvocation: public org.springframework.http.ResponseEntity com.claimswift.reportingservice.controller.ReportingController.getClaimSummaryReport(java.time.LocalDate,java.time.LocalDate); target is of class [com.claimswift.reportingservice.controller.ReportingController]
2026-03-05 12:55:40.296 [http-nio-8087-exec-1] [c9faae3e-7b0d-4cb7-b4b8-12271cb4f83e] INFO  c.c.r.controller.ReportingController - Generating claim summary report for period: null to null
2026-03-05 12:55:40.296 [http-nio-8087-exec-3] [d60d22c4-4c2e-4ec5-b1e7-0ca41c0c01a6] INFO  c.c.r.controller.ReportingController - Generating adjuster performance report for period: null to null
2026-03-05 12:55:40.296 [http-nio-8087-exec-2] [28f86dc5-f6dd-4859-8246-515059ae72f9] INFO  c.c.r.controller.ReportingController - Generating payment report for period: null to null
2026-03-05 12:55:40.312 [http-nio-8087-exec-1] [c9faae3e-7b0d-4cb7-b4b8-12271cb4f83e] DEBUG c.c.r.client.ClaimServiceClient - [ClaimServiceClient#getAllClaims] ---> GET http://claim-service/api/claims/internal/all HTTP/1.1
2026-03-05 12:55:40.312 [http-nio-8087-exec-3] [d60d22c4-4c2e-4ec5-b1e7-0ca41c0c01a6] DEBUG c.c.r.client.ClaimServiceClient - [ClaimServiceClient#getAllClaims] ---> GET http://claim-service/api/claims/internal/all HTTP/1.1
2026-03-05 12:55:40.312 [http-nio-8087-exec-2] [28f86dc5-f6dd-4859-8246-515059ae72f9] DEBUG c.c.r.client.PaymentServiceClient - [PaymentServiceClient#getAllPayments] ---> GET http://payment-service/api/payments/internal/all HTTP/1.1
2026-03-05 12:55:40.615 [http-nio-8087-exec-1] [c9faae3e-7b0d-4cb7-b4b8-12271cb4f83e] DEBUG c.c.r.client.ClaimServiceClient - [ClaimServiceClient#getAllClaims] <--- HTTP/1.1 200 (305ms)
2026-03-05 12:55:40.615 [http-nio-8087-exec-3] [d60d22c4-4c2e-4ec5-b1e7-0ca41c0c01a6] DEBUG c.c.r.client.ClaimServiceClient - [ClaimServiceClient#getAllClaims] <--- HTTP/1.1 200 (304ms)
2026-03-05 12:55:40.682 [http-nio-8087-exec-2] [28f86dc5-f6dd-4859-8246-515059ae72f9] DEBUG c.c.r.client.PaymentServiceClient - [PaymentServiceClient#getAllPayments] <--- HTTP/1.1 200 (369ms)
2026-03-05 12:55:50.965 [AsyncResolver-bootstrap-executor-0] [] INFO  c.n.d.s.r.aws.ConfigClusterResolver - Resolving eureka endpoints via configuration
2026-03-05 12:55:53.085 [http-nio-8087-exec-4] [d7e7beee-1830-4f47-8be1-329bb515ada4] DEBUG o.s.security.web.FilterChainProxy - Securing GET /api/reports/claims/summary
2026-03-05 12:55:53.088 [http-nio-8087-exec-5] [bc6d5510-d82f-4e78-96a0-15276a1b1afb] DEBUG o.s.security.web.FilterChainProxy - Securing GET /api/reports/payments
2026-03-05 12:55:53.090 [http-nio-8087-exec-6] [094a87a1-f4d0-4368-9704-bbba88d94fec] DEBUG o.s.security.web.FilterChainProxy - Securing GET /api/reports/adjusters/performance
2026-03-05 12:55:53.097 [http-nio-8087-exec-4] [d7e7beee-1830-4f47-8be1-329bb515ada4] DEBUG c.c.r.s.JwtAuthenticationFilter - Authenticated user: shashank123 for URI: /api/reports/claims/summary
2026-03-05 12:55:53.099 [http-nio-8087-exec-5] [bc6d5510-d82f-4e78-96a0-15276a1b1afb] DEBUG c.c.r.s.JwtAuthenticationFilter - Authenticated user: shashank123 for URI: /api/reports/payments
2026-03-05 12:55:53.099 [http-nio-8087-exec-6] [094a87a1-f4d0-4368-9704-bbba88d94fec] DEBUG c.c.r.s.JwtAuthenticationFilter - Authenticated user: shashank123 for URI: /api/reports/adjusters/performance
2026-03-05 12:55:53.110 [http-nio-8087-exec-6] [094a87a1-f4d0-4368-9704-bbba88d94fec] DEBUG o.s.security.web.FilterChainProxy - Secured GET /api/reports/adjusters/performance
2026-03-05 12:55:53.110 [http-nio-8087-exec-4] [d7e7beee-1830-4f47-8be1-329bb515ada4] DEBUG o.s.security.web.FilterChainProxy - Secured GET /api/reports/claims/summary
2026-03-05 12:55:53.110 [http-nio-8087-exec-5] [bc6d5510-d82f-4e78-96a0-15276a1b1afb] DEBUG o.s.security.web.FilterChainProxy - Secured GET /api/reports/payments
2026-03-05 12:55:53.111 [http-nio-8087-exec-6] [094a87a1-f4d0-4368-9704-bbba88d94fec] DEBUG o.s.s.a.m.AuthorizationManagerBeforeMethodInterceptor - Authorizing method invocation ReflectiveMethodInvocation: public org.springframework.http.ResponseEntity com.claimswift.reportingservice.controller.ReportingController.getAdjusterPerformanceReport(java.time.LocalDate,java.time.LocalDate); target is of class [com.claimswift.reportingservice.controller.ReportingController]
2026-03-05 12:55:53.113 [http-nio-8087-exec-6] [094a87a1-f4d0-4368-9704-bbba88d94fec] DEBUG o.s.s.a.h.RoleHierarchyImpl - getReachableGrantedAuthorities() - From the roles [ROLE_MANAGER] one can reach [ROLE_POLICYHOLDER, ROLE_MANAGER, ROLE_ADJUSTER] in zero or more steps.
2026-03-05 12:55:53.113 [http-nio-8087-exec-6] [094a87a1-f4d0-4368-9704-bbba88d94fec] DEBUG o.s.s.a.m.AuthorizationManagerBeforeMethodInterceptor - Authorized method invocation ReflectiveMethodInvocation: public org.springframework.http.ResponseEntity com.claimswift.reportingservice.controller.ReportingController.getAdjusterPerformanceReport(java.time.LocalDate,java.time.LocalDate); target is of class [com.claimswift.reportingservice.controller.ReportingController]
2026-03-05 12:55:53.113 [http-nio-8087-exec-5] [bc6d5510-d82f-4e78-96a0-15276a1b1afb] DEBUG o.s.s.a.m.AuthorizationManagerBeforeMethodInterceptor - Authorizing method invocation ReflectiveMethodInvocation: public org.springframework.http.ResponseEntity com.claimswift.reportingservice.controller.ReportingController.getPaymentReport(java.time.LocalDate,java.time.LocalDate); target is of class [com.claimswift.reportingservice.controller.ReportingController]
2026-03-05 12:55:53.113 [http-nio-8087-exec-4] [d7e7beee-1830-4f47-8be1-329bb515ada4] DEBUG o.s.s.a.m.AuthorizationManagerBeforeMethodInterceptor - Authorizing method invocation ReflectiveMethodInvocation: public org.springframework.http.ResponseEntity com.claimswift.reportingservice.controller.ReportingController.getClaimSummaryReport(java.time.LocalDate,java.time.LocalDate); target is of class [com.claimswift.reportingservice.controller.ReportingController]
2026-03-05 12:55:53.117 [http-nio-8087-exec-5] [bc6d5510-d82f-4e78-96a0-15276a1b1afb] DEBUG o.s.s.a.h.RoleHierarchyImpl - getReachableGrantedAuthorities() - From the roles [ROLE_MANAGER] one can reach [ROLE_POLICYHOLDER, ROLE_MANAGER, ROLE_ADJUSTER] in zero or more steps.
2026-03-05 12:55:53.117 [http-nio-8087-exec-4] [d7e7beee-1830-4f47-8be1-329bb515ada4] DEBUG o.s.s.a.h.RoleHierarchyImpl - getReachableGrantedAuthorities() - From the roles [ROLE_MANAGER] one can reach [ROLE_POLICYHOLDER, ROLE_MANAGER, ROLE_ADJUSTER] in zero or more steps.
2026-03-05 12:55:53.117 [http-nio-8087-exec-5] [bc6d5510-d82f-4e78-96a0-15276a1b1afb] DEBUG o.s.s.a.m.AuthorizationManagerBeforeMethodInterceptor - Authorized method invocation ReflectiveMethodInvocation: public org.springframework.http.ResponseEntity com.claimswift.reportingservice.controller.ReportingController.getPaymentReport(java.time.LocalDate,java.time.LocalDate); target is of class [com.claimswift.reportingservice.controller.ReportingController]
2026-03-05 12:55:53.117 [http-nio-8087-exec-4] [d7e7beee-1830-4f47-8be1-329bb515ada4] DEBUG o.s.s.a.m.AuthorizationManagerBeforeMethodInterceptor - Authorized method invocation ReflectiveMethodInvocation: public org.springframework.http.ResponseEntity com.claimswift.reportingservice.controller.ReportingController.getClaimSummaryReport(java.time.LocalDate,java.time.LocalDate); target is of class [com.claimswift.reportingservice.controller.ReportingController]
2026-03-05 12:55:53.118 [http-nio-8087-exec-5] [bc6d5510-d82f-4e78-96a0-15276a1b1afb] INFO  c.c.r.controller.ReportingController - Generating payment report for period: null to null
2026-03-05 12:55:53.118 [http-nio-8087-exec-6] [094a87a1-f4d0-4368-9704-bbba88d94fec] INFO  c.c.r.controller.ReportingController - Generating adjuster performance report for period: null to null
2026-03-05 12:55:53.118 [http-nio-8087-exec-4] [d7e7beee-1830-4f47-8be1-329bb515ada4] INFO  c.c.r.controller.ReportingController - Generating claim summary report for period: null to null
2026-03-05 12:55:53.118 [http-nio-8087-exec-6] [094a87a1-f4d0-4368-9704-bbba88d94fec] DEBUG c.c.r.client.ClaimServiceClient - [ClaimServiceClient#getAllClaims] ---> GET http://claim-service/api/claims/internal/all HTTP/1.1
2026-03-05 12:55:53.118 [http-nio-8087-exec-4] [d7e7beee-1830-4f47-8be1-329bb515ada4] DEBUG c.c.r.client.ClaimServiceClient - [ClaimServiceClient#getAllClaims] ---> GET http://claim-service/api/claims/internal/all HTTP/1.1
2026-03-05 12:55:53.118 [http-nio-8087-exec-5] [bc6d5510-d82f-4e78-96a0-15276a1b1afb] DEBUG c.c.r.client.PaymentServiceClient - [PaymentServiceClient#getAllPayments] ---> GET http://payment-service/api/payments/internal/all HTTP/1.1
2026-03-05 12:55:53.149 [http-nio-8087-exec-4] [d7e7beee-1830-4f47-8be1-329bb515ada4] DEBUG c.c.r.client.ClaimServiceClient - [ClaimServiceClient#getAllClaims] <--- HTTP/1.1 200 (29ms)
2026-03-05 12:55:53.153 [http-nio-8087-exec-6] [094a87a1-f4d0-4368-9704-bbba88d94fec] DEBUG c.c.r.client.ClaimServiceClient - [ClaimServiceClient#getAllClaims] <--- HTTP/1.1 200 (33ms)
2026-03-05 12:55:53.183 [http-nio-8087-exec-5] [bc6d5510-d82f-4e78-96a0-15276a1b1afb] DEBUG c.c.r.client.PaymentServiceClient - [PaymentServiceClient#getAllPayments] <--- HTTP/1.1 200 (67ms)
2026-03-05 13:00:50.975 [AsyncResolver-bootstrap-executor-0] [] INFO  c.n.d.s.r.aws.ConfigClusterResolver - Resolving eureka endpoints via configuration
2026-03-05 13:05:50.977 [AsyncResolver-bootstrap-executor-0] [] INFO  c.n.d.s.r.aws.ConfigClusterResolver - Resolving eureka endpoints via configuration
2026-03-05 13:10:50.988 [AsyncResolver-bootstrap-executor-0] [] INFO  c.n.d.s.r.aws.ConfigClusterResolver - Resolving eureka endpoints via configuration
2026-03-05 13:15:50.997 [AsyncResolver-bootstrap-executor-0] [] INFO  c.n.d.s.r.aws.ConfigClusterResolver - Resolving eureka endpoints via configuration
2026-03-05 13:20:51.012 [AsyncResolver-bootstrap-executor-0] [] INFO  c.n.d.s.r.aws.ConfigClusterResolver - Resolving eureka endpoints via configuration
2026-03-05 13:25:51.024 [AsyncResolver-bootstrap-executor-0] [] INFO  c.n.d.s.r.aws.ConfigClusterResolver - Resolving eureka endpoints via configuration
2026-03-05 13:30:51.029 [AsyncResolver-bootstrap-executor-0] [] INFO  c.n.d.s.r.aws.ConfigClusterResolver - Resolving eureka endpoints via configuration
2026-03-05 13:35:51.034 [AsyncResolver-bootstrap-executor-0] [] INFO  c.n.d.s.r.aws.ConfigClusterResolver - Resolving eureka endpoints via configuration
2026-03-05 13:40:51.052 [AsyncResolver-bootstrap-executor-0] [] INFO  c.n.d.s.r.aws.ConfigClusterResolver - Resolving eureka endpoints via configuration
2026-03-05 13:45:51.064 [AsyncResolver-bootstrap-executor-0] [] INFO  c.n.d.s.r.aws.ConfigClusterResolver - Resolving eureka endpoints via configuration
2026-03-05 13:50:51.066 [AsyncResolver-bootstrap-executor-0] [] INFO  c.n.d.s.r.aws.ConfigClusterResolver - Resolving eureka endpoints via configuration
2026-03-05 13:55:51.081 [AsyncResolver-bootstrap-executor-0] [] INFO  c.n.d.s.r.aws.ConfigClusterResolver - Resolving eureka endpoints via configuration
2026-03-05 14:00:51.100 [AsyncResolver-bootstrap-executor-0] [] INFO  c.n.d.s.r.aws.ConfigClusterResolver - Resolving eureka endpoints via configuration
2026-03-05 14:05:51.116 [AsyncResolver-bootstrap-executor-0] [] INFO  c.n.d.s.r.aws.ConfigClusterResolver - Resolving eureka endpoints via configuration
2026-03-05 14:10:51.134 [AsyncResolver-bootstrap-executor-0] [] INFO  c.n.d.s.r.aws.ConfigClusterResolver - Resolving eureka endpoints via configuration
2026-03-05 14:14:59.240 [http-nio-8087-exec-2] [5e94b406-bac2-419a-b4f9-ef0f380159c9] DEBUG o.s.security.web.FilterChainProxy - Securing GET /api/reports/payments
2026-03-05 14:14:59.240 [http-nio-8087-exec-10] [be046f4f-e231-43e4-a45c-a996be94b950] DEBUG o.s.security.web.FilterChainProxy - Securing GET /api/reports/claims/summary
2026-03-05 14:14:59.240 [http-nio-8087-exec-1] [ffec91f6-69f4-41aa-95b8-24d17bb7833e] DEBUG o.s.security.web.FilterChainProxy - Securing GET /api/reports/adjusters/performance
2026-03-05 14:14:59.240 [http-nio-8087-exec-1] [ffec91f6-69f4-41aa-95b8-24d17bb7833e] DEBUG c.c.r.s.JwtAuthenticationFilter - Authenticated user: shashank123 for URI: /api/reports/adjusters/performance
2026-03-05 14:14:59.257 [http-nio-8087-exec-10] [be046f4f-e231-43e4-a45c-a996be94b950] DEBUG c.c.r.s.JwtAuthenticationFilter - Authenticated user: shashank123 for URI: /api/reports/claims/summary
2026-03-05 14:14:59.257 [http-nio-8087-exec-2] [5e94b406-bac2-419a-b4f9-ef0f380159c9] DEBUG c.c.r.s.JwtAuthenticationFilter - Authenticated user: shashank123 for URI: /api/reports/payments
2026-03-05 14:14:59.257 [http-nio-8087-exec-1] [ffec91f6-69f4-41aa-95b8-24d17bb7833e] DEBUG o.s.security.web.FilterChainProxy - Secured GET /api/reports/adjusters/performance
2026-03-05 14:14:59.257 [http-nio-8087-exec-1] [ffec91f6-69f4-41aa-95b8-24d17bb7833e] DEBUG o.s.s.a.m.AuthorizationManagerBeforeMethodInterceptor - Authorizing method invocation ReflectiveMethodInvocation: public org.springframework.http.ResponseEntity com.claimswift.reportingservice.controller.ReportingController.getAdjusterPerformanceReport(java.time.LocalDate,java.time.LocalDate); target is of class [com.claimswift.reportingservice.controller.ReportingController]
2026-03-05 14:14:59.257 [http-nio-8087-exec-2] [5e94b406-bac2-419a-b4f9-ef0f380159c9] DEBUG o.s.security.web.FilterChainProxy - Secured GET /api/reports/payments
2026-03-05 14:14:59.257 [http-nio-8087-exec-10] [be046f4f-e231-43e4-a45c-a996be94b950] DEBUG o.s.security.web.FilterChainProxy - Secured GET /api/reports/claims/summary
2026-03-05 14:14:59.257 [http-nio-8087-exec-1] [ffec91f6-69f4-41aa-95b8-24d17bb7833e] DEBUG o.s.s.a.h.RoleHierarchyImpl - getReachableGrantedAuthorities() - From the roles [ROLE_MANAGER] one can reach [ROLE_POLICYHOLDER, ROLE_MANAGER, ROLE_ADJUSTER] in zero or more steps.
2026-03-05 14:14:59.257 [http-nio-8087-exec-2] [5e94b406-bac2-419a-b4f9-ef0f380159c9] DEBUG o.s.s.a.m.AuthorizationManagerBeforeMethodInterceptor - Authorizing method invocation ReflectiveMethodInvocation: public org.springframework.http.ResponseEntity com.claimswift.reportingservice.controller.ReportingController.getPaymentReport(java.time.LocalDate,java.time.LocalDate); target is of class [com.claimswift.reportingservice.controller.ReportingController]
2026-03-05 14:14:59.257 [http-nio-8087-exec-1] [ffec91f6-69f4-41aa-95b8-24d17bb7833e] DEBUG o.s.s.a.m.AuthorizationManagerBeforeMethodInterceptor - Authorized method invocation ReflectiveMethodInvocation: public org.springframework.http.ResponseEntity com.claimswift.reportingservice.controller.ReportingController.getAdjusterPerformanceReport(java.time.LocalDate,java.time.LocalDate); target is of class [com.claimswift.reportingservice.controller.ReportingController]
2026-03-05 14:14:59.257 [http-nio-8087-exec-2] [5e94b406-bac2-419a-b4f9-ef0f380159c9] DEBUG o.s.s.a.h.RoleHierarchyImpl - getReachableGrantedAuthorities() - From the roles [ROLE_MANAGER] one can reach [ROLE_POLICYHOLDER, ROLE_MANAGER, ROLE_ADJUSTER] in zero or more steps.
2026-03-05 14:14:59.257 [http-nio-8087-exec-2] [5e94b406-bac2-419a-b4f9-ef0f380159c9] DEBUG o.s.s.a.m.AuthorizationManagerBeforeMethodInterceptor - Authorized method invocation ReflectiveMethodInvocation: public org.springframework.http.ResponseEntity com.claimswift.reportingservice.controller.ReportingController.getPaymentReport(java.time.LocalDate,java.time.LocalDate); target is of class [com.claimswift.reportingservice.controller.ReportingController]
2026-03-05 14:14:59.257 [http-nio-8087-exec-10] [be046f4f-e231-43e4-a45c-a996be94b950] DEBUG o.s.s.a.m.AuthorizationManagerBeforeMethodInterceptor - Authorizing method invocation ReflectiveMethodInvocation: public org.springframework.http.ResponseEntity com.claimswift.reportingservice.controller.ReportingController.getClaimSummaryReport(java.time.LocalDate,java.time.LocalDate); target is of class [com.claimswift.reportingservice.controller.ReportingController]
2026-03-05 14:14:59.273 [http-nio-8087-exec-10] [be046f4f-e231-43e4-a45c-a996be94b950] DEBUG o.s.s.a.h.RoleHierarchyImpl - getReachableGrantedAuthorities() - From the roles [ROLE_MANAGER] one can reach [ROLE_POLICYHOLDER, ROLE_MANAGER, ROLE_ADJUSTER] in zero or more steps.
2026-03-05 14:14:59.273 [http-nio-8087-exec-10] [be046f4f-e231-43e4-a45c-a996be94b950] DEBUG o.s.s.a.m.AuthorizationManagerBeforeMethodInterceptor - Authorized method invocation ReflectiveMethodInvocation: public org.springframework.http.ResponseEntity com.claimswift.reportingservice.controller.ReportingController.getClaimSummaryReport(java.time.LocalDate,java.time.LocalDate); target is of class [com.claimswift.reportingservice.controller.ReportingController]
2026-03-05 14:14:59.273 [http-nio-8087-exec-1] [ffec91f6-69f4-41aa-95b8-24d17bb7833e] INFO  c.c.r.controller.ReportingController - Generating adjuster performance report for period: null to null
2026-03-05 14:14:59.273 [http-nio-8087-exec-1] [ffec91f6-69f4-41aa-95b8-24d17bb7833e] DEBUG c.c.r.client.ClaimServiceClient - [ClaimServiceClient#getAllClaims] ---> GET http://claim-service/api/claims/internal/all HTTP/1.1
2026-03-05 14:14:59.273 [http-nio-8087-exec-2] [5e94b406-bac2-419a-b4f9-ef0f380159c9] INFO  c.c.r.controller.ReportingController - Generating payment report for period: null to null
2026-03-05 14:14:59.273 [http-nio-8087-exec-2] [5e94b406-bac2-419a-b4f9-ef0f380159c9] DEBUG c.c.r.client.PaymentServiceClient - [PaymentServiceClient#getAllPayments] ---> GET http://payment-service/api/payments/internal/all HTTP/1.1
2026-03-05 14:14:59.273 [http-nio-8087-exec-10] [be046f4f-e231-43e4-a45c-a996be94b950] INFO  c.c.r.controller.ReportingController - Generating claim summary report for period: null to null
2026-03-05 14:14:59.273 [http-nio-8087-exec-10] [be046f4f-e231-43e4-a45c-a996be94b950] DEBUG c.c.r.client.ClaimServiceClient - [ClaimServiceClient#getAllClaims] ---> GET http://claim-service/api/claims/internal/all HTTP/1.1
2026-03-05 14:14:59.356 [http-nio-8087-exec-1] [ffec91f6-69f4-41aa-95b8-24d17bb7833e] DEBUG c.c.r.client.ClaimServiceClient - [ClaimServiceClient#getAllClaims] <--- HTTP/1.1 200 (85ms)
2026-03-05 14:14:59.356 [http-nio-8087-exec-10] [be046f4f-e231-43e4-a45c-a996be94b950] DEBUG c.c.r.client.ClaimServiceClient - [ClaimServiceClient#getAllClaims] <--- HTTP/1.1 200 (82ms)
2026-03-05 14:14:59.390 [http-nio-8087-exec-2] [5e94b406-bac2-419a-b4f9-ef0f380159c9] DEBUG c.c.r.client.PaymentServiceClient - [PaymentServiceClient#getAllPayments] <--- HTTP/1.1 200 (106ms)
2026-03-05 14:15:51.149 [AsyncResolver-bootstrap-executor-0] [] INFO  c.n.d.s.r.aws.ConfigClusterResolver - Resolving eureka endpoints via configuration
2026-03-05 14:20:51.165 [AsyncResolver-bootstrap-executor-0] [] INFO  c.n.d.s.r.aws.ConfigClusterResolver - Resolving eureka endpoints via configuration
2026-03-05 14:25:51.176 [AsyncResolver-bootstrap-executor-0] [] INFO  c.n.d.s.r.aws.ConfigClusterResolver - Resolving eureka endpoints via configuration
2026-03-05 14:27:42.731 [RMI TCP Connection(101)-127.0.0.1] [] INFO  o.s.b.a.SpringApplicationAdminMXBeanRegistrar$SpringApplicationAdmin - Application shutdown requested.
2026-03-05 14:27:42.733 [RMI TCP Connection(101)-127.0.0.1] [] INFO  o.s.c.n.e.s.EurekaServiceRegistry - Unregistering application REPORTING-SERVICE with eureka with status DOWN
2026-03-05 14:27:42.733 [RMI TCP Connection(101)-127.0.0.1] [] INFO  c.netflix.discovery.DiscoveryClient - Saw local status change event StatusChangeEvent [timestamp=1772701062733, current=DOWN, previous=UP]
2026-03-05 14:27:42.737 [DiscoveryClient-InstanceInfoReplicator-0] [] INFO  c.netflix.discovery.DiscoveryClient - Saw local status change event StatusChangeEvent [timestamp=1772701062737, current=UP, previous=DOWN]
2026-03-05 14:27:42.737 [DiscoveryClient-InstanceInfoReplicator-0] [] INFO  c.netflix.discovery.DiscoveryClient - DiscoveryClient_REPORTING-SERVICE/10.83.0.144:reporting-service:8087: registering service...
2026-03-05 14:27:42.751 [RMI TCP Connection(101)-127.0.0.1] [] INFO  o.s.o.j.LocalContainerEntityManagerFactoryBean - Closing JPA EntityManagerFactory for persistence unit 'default'
2026-03-05 14:27:42.753 [RMI TCP Connection(101)-127.0.0.1] [] INFO  com.zaxxer.hikari.HikariDataSource - HikariPool-1 - Shutdown initiated...
2026-03-05 14:27:42.755 [RMI TCP Connection(101)-127.0.0.1] [] INFO  com.zaxxer.hikari.HikariDataSource - HikariPool-1 - Shutdown completed.
2026-03-05 14:27:42.757 [RMI TCP Connection(101)-127.0.0.1] [] INFO  c.netflix.discovery.DiscoveryClient - Shutting down DiscoveryClient ...
2026-03-05 14:27:42.830 [DiscoveryClient-InstanceInfoReplicator-0] [] INFO  c.netflix.discovery.DiscoveryClient - DiscoveryClient_REPORTING-SERVICE/10.83.0.144:reporting-service:8087 - registration status: 204
2026-03-05 14:27:42.832 [RMI TCP Connection(101)-127.0.0.1] [] INFO  c.netflix.discovery.DiscoveryClient - Unregistering ...
2026-03-05 14:27:42.910 [RMI TCP Connection(101)-127.0.0.1] [] INFO  c.netflix.discovery.DiscoveryClient - DiscoveryClient_REPORTING-SERVICE/10.83.0.144:reporting-service:8087 - deregister  status: 200
2026-03-05 14:27:42.913 [RMI TCP Connection(101)-127.0.0.1] [] INFO  c.netflix.discovery.DiscoveryClient - Completed shut down of DiscoveryClient
2026-03-05 14:27:42.913 [RMI TCP Connection(101)-127.0.0.1] [] INFO  o.a.catalina.core.StandardService - Stopping service [Tomcat]
2026-03-05 14:27:42.915 [RMI TCP Connection(101)-127.0.0.1] [] INFO  o.a.c.c.C.[Tomcat].[localhost].[/] - Destroying Spring FrameworkServlet 'dispatcherServlet'
2026-03-05 14:27:42.918 [RMI TCP Connection(101)-127.0.0.1] [] WARN  o.a.c.loader.WebappClassLoaderBase - The web application [ROOT] appears to have started a thread named [boundedElastic-evictor-1] but has failed to stop it. This is very likely to create a memory leak. Stack trace of thread:
 java.base/jdk.internal.misc.Unsafe.park(Native Method)
 java.base/java.util.concurrent.locks.LockSupport.parkNanos(LockSupport.java:269)
 java.base/java.util.concurrent.locks.AbstractQueuedSynchronizer$ConditionObject.awaitNanos(AbstractQueuedSynchronizer.java:1797)
 java.base/java.util.concurrent.ScheduledThreadPoolExecutor$DelayedWorkQueue.take(ScheduledThreadPoolExecutor.java:1182)
 java.base/java.util.concurrent.ScheduledThreadPoolExecutor$DelayedWorkQueue.take(ScheduledThreadPoolExecutor.java:899)
 java.base/java.util.concurrent.ThreadPoolExecutor.getTask(ThreadPoolExecutor.java:1070)
 java.base/java.util.concurrent.ThreadPoolExecutor.runWorker(ThreadPoolExecutor.java:1130)
 java.base/java.util.concurrent.ThreadPoolExecutor$Worker.run(ThreadPoolExecutor.java:642)
 java.base/java.lang.Thread.run(Thread.java:1583)
2026-03-05 14:27:42.918 [RMI TCP Connection(101)-127.0.0.1] [] WARN  o.a.c.loader.WebappClassLoaderBase - The web application [ROOT] appears to have started a thread named [pool-10-thread-1] but has failed to stop it. This is very likely to create a memory leak. Stack trace of thread:
 java.base/jdk.internal.misc.Unsafe.park(Native Method)
 java.base/java.util.concurrent.locks.LockSupport.park(LockSupport.java:371)
 java.base/java.util.concurrent.locks.AbstractQueuedSynchronizer$ConditionNode.block(AbstractQueuedSynchronizer.java:519)
 java.base/java.util.concurrent.ForkJoinPool.unmanagedBlock(ForkJoinPool.java:3780)
 java.base/java.util.concurrent.ForkJoinPool.managedBlock(ForkJoinPool.java:3725)
 java.base/java.util.concurrent.locks.AbstractQueuedSynchronizer$ConditionObject.await(AbstractQueuedSynchronizer.java:1746)
 java.base/java.util.concurrent.ScheduledThreadPoolExecutor$DelayedWorkQueue.take(ScheduledThreadPoolExecutor.java:1170)
 java.base/java.util.concurrent.ScheduledThreadPoolExecutor$DelayedWorkQueue.take(ScheduledThreadPoolExecutor.java:899)
 java.base/java.util.concurrent.ThreadPoolExecutor.getTask(ThreadPoolExecutor.java:1070)
 java.base/java.util.concurrent.ThreadPoolExecutor.runWorker(ThreadPoolExecutor.java:1130)
 java.base/java.util.concurrent.ThreadPoolExecutor$Worker.run(ThreadPoolExecutor.java:642)
 java.base/java.lang.Thread.run(Thread.java:1583)
2026-03-05 17:02:22.039 [main] [] INFO  o.s.c.c.c.ConfigServicePropertySourceLocator - Fetching config from server at : http://localhost:8888
2026-03-05 17:02:22.073 [main] [] WARN  o.s.c.c.c.ConfigServicePropertySourceLocator - Could not locate PropertySource: 401 : [no body]
2026-03-05 17:02:22.077 [main] [] INFO  c.c.r.ReportingServiceApplication - No active profile set, falling back to 1 default profile: "default"
2026-03-05 17:02:22.088 [main] [] INFO  o.s.c.c.c.ConfigServerConfigDataLoader - Fetching config from server at : http://localhost:8888
2026-03-05 17:02:22.089 [main] [] INFO  o.s.c.c.c.ConfigServerConfigDataLoader - Located environment: name=reporting-service, profiles=[default], label=null, version=null, state=null
2026-03-05 17:02:23.027 [main] [] INFO  o.s.d.r.c.RepositoryConfigurationDelegate - Bootstrapping Spring Data JPA repositories in DEFAULT mode.
2026-03-05 17:02:23.043 [main] [] INFO  o.s.d.r.c.RepositoryConfigurationDelegate - Finished Spring Data repository scanning in 8 ms. Found 0 JPA repository interfaces.
2026-03-05 17:02:23.311 [main] [] INFO  o.s.cloud.context.scope.GenericScope - BeanFactory id=cb0b5543-cf6c-3722-931f-671cba5852da
2026-03-05 17:02:23.855 [main] [] WARN  o.s.c.s.PostProcessorRegistrationDelegate$BeanPostProcessorChecker - Bean 'org.springframework.cloud.client.loadbalancer.LoadBalancerAutoConfiguration$RetryInterceptorAutoConfiguration' of type [org.springframework.cloud.client.loadbalancer.LoadBalancerAutoConfiguration$RetryInterceptorAutoConfiguration] is not eligible for getting processed by all BeanPostProcessors (for example: not eligible for auto-proxying). The currently created BeanPostProcessor [lbRestClientPostProcessor] is declared through a non-static factory method on that class; consider declaring it as static instead.
2026-03-05 17:02:23.862 [main] [] WARN  o.s.c.s.PostProcessorRegistrationDelegate$BeanPostProcessorChecker - Bean 'org.springframework.cloud.loadbalancer.config.BlockingLoadBalancerClientAutoConfiguration' of type [org.springframework.cloud.loadbalancer.config.BlockingLoadBalancerClientAutoConfiguration] is not eligible for getting processed by all BeanPostProcessors (for example: not eligible for auto-proxying). Is this bean getting eagerly injected into a currently created BeanPostProcessor [lbRestClientPostProcessor]? Check the corresponding BeanPostProcessor declaration and its dependencies.
2026-03-05 17:02:23.867 [main] [] WARN  o.s.c.s.PostProcessorRegistrationDelegate$BeanPostProcessorChecker - Bean 'org.springframework.cloud.loadbalancer.config.LoadBalancerAutoConfiguration' of type [org.springframework.cloud.loadbalancer.config.LoadBalancerAutoConfiguration] is not eligible for getting processed by all BeanPostProcessors (for example: not eligible for auto-proxying). Is this bean getting eagerly injected into a currently created BeanPostProcessor [lbRestClientPostProcessor]? Check the corresponding BeanPostProcessor declaration and its dependencies.
2026-03-05 17:02:23.879 [main] [] WARN  o.s.c.s.PostProcessorRegistrationDelegate$BeanPostProcessorChecker - Bean 'org.springframework.cloud.commons.config.CommonsConfigAutoConfiguration' of type [org.springframework.cloud.commons.config.CommonsConfigAutoConfiguration] is not eligible for getting processed by all BeanPostProcessors (for example: not eligible for auto-proxying). Is this bean getting eagerly injected into a currently created BeanPostProcessor [lbRestClientPostProcessor]? Check the corresponding BeanPostProcessor declaration and its dependencies.
2026-03-05 17:02:23.882 [main] [] WARN  o.s.c.s.PostProcessorRegistrationDelegate$BeanPostProcessorChecker - Bean 'org.springframework.cloud.client.loadbalancer.LoadBalancerDefaultMappingsProviderAutoConfiguration' of type [org.springframework.cloud.client.loadbalancer.LoadBalancerDefaultMappingsProviderAutoConfiguration] is not eligible for getting processed by all BeanPostProcessors (for example: not eligible for auto-proxying). Is this bean getting eagerly injected into a currently created BeanPostProcessor [lbRestClientPostProcessor]? Check the corresponding BeanPostProcessor declaration and its dependencies.
2026-03-05 17:02:23.884 [main] [] WARN  o.s.c.s.PostProcessorRegistrationDelegate$BeanPostProcessorChecker - Bean 'loadBalancerClientsDefaultsMappingsProvider' of type [org.springframework.cloud.client.loadbalancer.LoadBalancerDefaultMappingsProviderAutoConfiguration$$Lambda/0x00000143016074b8] is not eligible for getting processed by all BeanPostProcessors (for example: not eligible for auto-proxying). Is this bean getting eagerly injected into a currently created BeanPostProcessor [lbRestClientPostProcessor]? Check the corresponding BeanPostProcessor declaration and its dependencies.
2026-03-05 17:02:23.889 [main] [] WARN  o.s.c.s.PostProcessorRegistrationDelegate$BeanPostProcessorChecker - Bean 'defaultsBindHandlerAdvisor' of type [org.springframework.cloud.commons.config.DefaultsBindHandlerAdvisor] is not eligible for getting processed by all BeanPostProcessors (for example: not eligible for auto-proxying). Is this bean getting eagerly injected into a currently created BeanPostProcessor [lbRestClientPostProcessor]? Check the corresponding BeanPostProcessor declaration and its dependencies.
2026-03-05 17:02:23.894 [main] [] WARN  o.s.c.s.PostProcessorRegistrationDelegate$BeanPostProcessorChecker - Bean 'spring.cloud.loadbalancer-org.springframework.cloud.client.loadbalancer.LoadBalancerClientsProperties' of type [org.springframework.cloud.client.loadbalancer.LoadBalancerClientsProperties] is not eligible for getting processed by all BeanPostProcessors (for example: not eligible for auto-proxying). Is this bean getting eagerly injected into a currently created BeanPostProcessor [lbRestClientPostProcessor]? Check the corresponding BeanPostProcessor declaration and its dependencies.
2026-03-05 17:02:23.901 [main] [] WARN  o.s.c.s.PostProcessorRegistrationDelegate$BeanPostProcessorChecker - Bean 'default.org.springframework.cloud.loadbalancer.config.LoadBalancerAutoConfiguration.LoadBalancerClientSpecification' of type [org.springframework.cloud.loadbalancer.annotation.LoadBalancerClientSpecification] is not eligible for getting processed by all BeanPostProcessors (for example: not eligible for auto-proxying). Is this bean getting eagerly injected into a currently created BeanPostProcessor [lbRestClientPostProcessor]? Check the corresponding BeanPostProcessor declaration and its dependencies.
2026-03-05 17:02:23.903 [main] [] WARN  o.s.c.s.PostProcessorRegistrationDelegate$BeanPostProcessorChecker - Bean 'default.org.springframework.cloud.loadbalancer.config.BlockingLoadBalancerClientAutoConfiguration.LoadBalancerClientSpecification' of type [org.springframework.cloud.loadbalancer.annotation.LoadBalancerClientSpecification] is not eligible for getting processed by all BeanPostProcessors (for example: not eligible for auto-proxying). Is this bean getting eagerly injected into a currently created BeanPostProcessor [lbRestClientPostProcessor]? Check the corresponding BeanPostProcessor declaration and its dependencies.
2026-03-05 17:02:23.904 [main] [] WARN  o.s.c.s.PostProcessorRegistrationDelegate$BeanPostProcessorChecker - Bean 'default.org.springframework.cloud.netflix.eureka.loadbalancer.LoadBalancerEurekaAutoConfiguration.LoadBalancerClientSpecification' of type [org.springframework.cloud.loadbalancer.annotation.LoadBalancerClientSpecification] is not eligible for getting processed by all BeanPostProcessors (for example: not eligible for auto-proxying). Is this bean getting eagerly injected into a currently created BeanPostProcessor [lbRestClientPostProcessor]? Check the corresponding BeanPostProcessor declaration and its dependencies.
2026-03-05 17:02:23.905 [main] [] WARN  o.s.c.s.PostProcessorRegistrationDelegate$BeanPostProcessorChecker - Bean 'loadBalancerClientFactory' of type [org.springframework.cloud.loadbalancer.support.LoadBalancerClientFactory] is not eligible for getting processed by all BeanPostProcessors (for example: not eligible for auto-proxying). Is this bean getting eagerly injected into a currently created BeanPostProcessor [lbRestClientPostProcessor]? Check the corresponding BeanPostProcessor declaration and its dependencies.
2026-03-05 17:02:23.911 [main] [] WARN  o.s.c.s.PostProcessorRegistrationDelegate$BeanPostProcessorChecker - Bean 'blockingLoadBalancerClient' of type [org.springframework.cloud.loadbalancer.blocking.client.BlockingLoadBalancerClient] is not eligible for getting processed by all BeanPostProcessors (for example: not eligible for auto-proxying). Is this bean getting eagerly injected into a currently created BeanPostProcessor [lbRestClientPostProcessor]? Check the corresponding BeanPostProcessor declaration and its dependencies.
2026-03-05 17:02:23.918 [main] [] WARN  o.s.c.s.PostProcessorRegistrationDelegate$BeanPostProcessorChecker - Bean 'loadBalancerServiceInstanceCookieTransformer' of type [org.springframework.cloud.loadbalancer.core.LoadBalancerServiceInstanceCookieTransformer] is not eligible for getting processed by all BeanPostProcessors (for example: not eligible for auto-proxying). Is this bean getting eagerly injected into a currently created BeanPostProcessor [lbRestClientPostProcessor]? Check the corresponding BeanPostProcessor declaration and its dependencies.
2026-03-05 17:02:23.920 [main] [] WARN  o.s.c.s.PostProcessorRegistrationDelegate$BeanPostProcessorChecker - Bean 'xForwarderHeadersTransformer' of type [org.springframework.cloud.loadbalancer.blocking.XForwardedHeadersTransformer] is not eligible for getting processed by all BeanPostProcessors (for example: not eligible for auto-proxying). Is this bean getting eagerly injected into a currently created BeanPostProcessor [lbRestClientPostProcessor]? Check the corresponding BeanPostProcessor declaration and its dependencies.
2026-03-05 17:02:23.922 [main] [] WARN  o.s.c.s.PostProcessorRegistrationDelegate$BeanPostProcessorChecker - Bean 'org.springframework.cloud.client.loadbalancer.LoadBalancerAutoConfiguration' of type [org.springframework.cloud.client.loadbalancer.LoadBalancerAutoConfiguration] is not eligible for getting processed by all BeanPostProcessors (for example: not eligible for auto-proxying). Is this bean getting eagerly injected into a currently created BeanPostProcessor [lbRestClientPostProcessor]? Check the corresponding BeanPostProcessor declaration and its dependencies.
2026-03-05 17:02:23.925 [main] [] WARN  o.s.c.s.PostProcessorRegistrationDelegate$BeanPostProcessorChecker - Bean 'loadBalancerRequestFactory' of type [org.springframework.cloud.client.loadbalancer.LoadBalancerRequestFactory] is not eligible for getting processed by all BeanPostProcessors (for example: not eligible for auto-proxying). Is this bean getting eagerly injected into a currently created BeanPostProcessor [lbRestClientPostProcessor]? Check the corresponding BeanPostProcessor declaration and its dependencies.
2026-03-05 17:02:23.928 [main] [] WARN  o.s.c.s.PostProcessorRegistrationDelegate$BeanPostProcessorChecker - Bean 'org.springframework.cloud.loadbalancer.config.BlockingLoadBalancerClientAutoConfiguration$BlockingLoadBalancerRetryConfig' of type [org.springframework.cloud.loadbalancer.config.BlockingLoadBalancerClientAutoConfiguration$BlockingLoadBalancerRetryConfig$$SpringCGLIB$$0] is not eligible for getting processed by all BeanPostProcessors (for example: not eligible for auto-proxying). Is this bean getting eagerly injected into a currently created BeanPostProcessor [lbRestClientPostProcessor]? Check the corresponding BeanPostProcessor declaration and its dependencies.
2026-03-05 17:02:23.932 [main] [] WARN  o.s.c.s.PostProcessorRegistrationDelegate$BeanPostProcessorChecker - Bean 'loadBalancedRetryFactory' of type [org.springframework.cloud.loadbalancer.blocking.retry.BlockingLoadBalancedRetryFactory] is not eligible for getting processed by all BeanPostProcessors (for example: not eligible for auto-proxying). Is this bean getting eagerly injected into a currently created BeanPostProcessor [lbRestClientPostProcessor]? Check the corresponding BeanPostProcessor declaration and its dependencies.
2026-03-05 17:02:23.938 [main] [] WARN  o.s.c.s.PostProcessorRegistrationDelegate$BeanPostProcessorChecker - Bean 'loadBalancerInterceptor' of type [org.springframework.cloud.client.loadbalancer.RetryLoadBalancerInterceptor] is not eligible for getting processed by all BeanPostProcessors (for example: not eligible for auto-proxying). Is this bean getting eagerly injected into a currently created BeanPostProcessor [lbRestClientPostProcessor]? Check the corresponding BeanPostProcessor declaration and its dependencies.
2026-03-05 17:02:24.186 [main] [] INFO  o.s.b.w.e.tomcat.TomcatWebServer - Tomcat initialized with port 8087 (http)
2026-03-05 17:02:24.195 [main] [] INFO  o.a.catalina.core.StandardService - Starting service [Tomcat]
2026-03-05 17:02:24.195 [main] [] INFO  o.a.catalina.core.StandardEngine - Starting Servlet engine: [Apache Tomcat/10.1.16]
2026-03-05 17:02:24.286 [main] [] INFO  o.a.c.c.C.[Tomcat].[localhost].[/] - Initializing Spring embedded WebApplicationContext
2026-03-05 17:02:24.287 [main] [] INFO  o.s.b.w.s.c.ServletWebServerApplicationContext - Root WebApplicationContext: initialization completed in 2197 ms
2026-03-05 17:02:24.569 [main] [] DEBUG c.c.r.s.JwtAuthenticationFilter - Filter 'jwtAuthenticationFilter' configured for use
2026-03-05 17:02:24.569 [main] [] DEBUG c.c.r.filter.CorrelationIdFilter - Filter 'correlationIdFilter' configured for use
2026-03-05 17:02:24.682 [main] [] INFO  o.h.jpa.internal.util.LogHelper - HHH000204: Processing PersistenceUnitInfo [name: default]
2026-03-05 17:02:24.725 [main] [] INFO  org.hibernate.Version - HHH000412: Hibernate ORM core version 6.3.1.Final
2026-03-05 17:02:24.753 [main] [] INFO  o.h.c.i.RegionFactoryInitiator - HHH000026: Second-level cache disabled
2026-03-05 17:02:24.931 [main] [] INFO  o.s.o.j.p.SpringPersistenceUnitInfo - No LoadTimeWeaver setup: ignoring JPA class transformer
2026-03-05 17:02:24.953 [main] [] INFO  com.zaxxer.hikari.HikariDataSource - HikariPool-1 - Starting...
2026-03-05 17:02:25.073 [main] [] INFO  com.zaxxer.hikari.pool.HikariPool - HikariPool-1 - Added connection com.mysql.cj.jdbc.ConnectionImpl@7dd2a5f7
2026-03-05 17:02:25.075 [main] [] INFO  com.zaxxer.hikari.HikariDataSource - HikariPool-1 - Start completed.
2026-03-05 17:02:25.118 [main] [] WARN  org.hibernate.orm.deprecation - HHH90000025: MySQLDialect does not need to be specified explicitly using 'hibernate.dialect' (remove the property setting and it will be selected by default)
2026-03-05 17:02:25.387 [main] [] INFO  o.h.e.t.j.p.i.JtaPlatformInitiator - HHH000489: No JTA platform available (set 'hibernate.transaction.jta.platform' to enable JTA platform integration)
2026-03-05 17:02:25.392 [main] [] INFO  o.s.o.j.LocalContainerEntityManagerFactoryBean - Initialized JPA EntityManagerFactory for persistence unit 'default'
2026-03-05 17:02:25.537 [main] [] WARN  o.s.b.a.o.j.JpaBaseConfiguration$JpaWebConfiguration - spring.jpa.open-in-view is enabled by default. Therefore, database queries may be performed during view rendering. Explicitly configure spring.jpa.open-in-view to disable this warning
2026-03-05 17:02:25.640 [main] [] INFO  o.s.c.o.FeignClientFactoryBean - For 'claim-service' URL not provided. Will try picking an instance via load-balancing.
2026-03-05 17:02:25.690 [main] [] INFO  o.s.c.o.FeignClientFactoryBean - For 'payment-service' URL not provided. Will try picking an instance via load-balancing.
2026-03-05 17:02:25.788 [main] [] WARN  o.s.b.a.s.s.UserDetailsServiceAutoConfiguration - 

Using generated security password: 4b4755f7-ba90-4708-8a09-7d750e4bf32c

This generated password is for development use only. Your security configuration must be updated before running your application in production.

2026-03-05 17:02:25.856 [main] [] DEBUG o.s.s.a.h.RoleHierarchyImpl - setHierarchy() - The following role hierarchy was set: ROLE_ADMIN > ROLE_MANAGER
ROLE_MANAGER > ROLE_ADJUSTER
ROLE_ADJUSTER > ROLE_POLICYHOLDER

2026-03-05 17:02:25.856 [main] [] DEBUG o.s.s.a.h.RoleHierarchyImpl - buildRolesReachableInOneStepMap() - From role ROLE_ADMIN one can reach role ROLE_MANAGER in one step.
2026-03-05 17:02:25.856 [main] [] DEBUG o.s.s.a.h.RoleHierarchyImpl - buildRolesReachableInOneStepMap() - From role ROLE_MANAGER one can reach role ROLE_ADJUSTER in one step.
2026-03-05 17:02:25.856 [main] [] DEBUG o.s.s.a.h.RoleHierarchyImpl - buildRolesReachableInOneStepMap() - From role ROLE_ADJUSTER one can reach role ROLE_POLICYHOLDER in one step.
2026-03-05 17:02:25.856 [main] [] DEBUG o.s.s.a.h.RoleHierarchyImpl - buildRolesReachableInOneOrMoreStepsMap() - From role ROLE_MANAGER one can reach [ROLE_POLICYHOLDER, ROLE_ADJUSTER] in one or more steps.
2026-03-05 17:02:25.857 [main] [] DEBUG o.s.s.a.h.RoleHierarchyImpl - buildRolesReachableInOneOrMoreStepsMap() - From role ROLE_ADMIN one can reach [ROLE_POLICYHOLDER, ROLE_MANAGER, ROLE_ADJUSTER] in one or more steps.
2026-03-05 17:02:25.857 [main] [] DEBUG o.s.s.a.h.RoleHierarchyImpl - buildRolesReachableInOneOrMoreStepsMap() - From role ROLE_ADJUSTER one can reach [ROLE_POLICYHOLDER] in one or more steps.
2026-03-05 17:02:26.325 [main] [] INFO  o.s.b.a.e.web.EndpointLinksResolver - Exposing 4 endpoint(s) beneath base path '/actuator'
2026-03-05 17:02:26.384 [main] [] INFO  o.s.s.web.DefaultSecurityFilterChain - Will secure any request with [org.springframework.security.web.session.DisableEncodeUrlFilter@24e0bdb, org.springframework.security.web.context.request.async.WebAsyncManagerIntegrationFilter@1495f70, org.springframework.security.web.context.SecurityContextHolderFilter@4ca6f587, org.springframework.security.web.header.HeaderWriterFilter@f4e235e, org.springframework.web.filter.CorsFilter@2aa85cc4, org.springframework.security.web.authentication.logout.LogoutFilter@18b8518b, com.claimswift.reportingservice.security.JwtAuthenticationFilter@746fd19b, org.springframework.security.web.savedrequest.RequestCacheAwareFilter@2898cd46, org.springframework.security.web.servletapi.SecurityContextHolderAwareRequestFilter@70a81b4e, org.springframework.security.web.authentication.AnonymousAuthenticationFilter@466fd19b, org.springframework.security.web.session.SessionManagementFilter@50c9b080, org.springframework.security.web.access.ExceptionTranslationFilter@361a1e86, org.springframework.security.web.access.intercept.AuthorizationFilter@1ee37c7a]
2026-03-05 17:02:26.904 [main] [] INFO  o.s.c.n.e.c.DiscoveryClientOptionalArgsConfiguration - Eureka HTTP Client uses RestTemplate.
2026-03-05 17:02:26.953 [main] [] WARN  o.s.c.l.c.LoadBalancerCacheAutoConfiguration$LoadBalancerCaffeineWarnLogger - Spring Cloud LoadBalancer is currently working with the default cache. While this cache implementation is useful for development and tests, it's recommended to use Caffeine cache in production.You can switch to using Caffeine cache, by adding it and org.springframework.cache.caffeine.CaffeineCacheManager to the classpath.
2026-03-05 17:02:27.030 [main] [] INFO  o.s.c.n.eureka.InstanceInfoFactory - Setting initial instance status as: STARTING
2026-03-05 17:02:27.058 [main] [] INFO  c.netflix.discovery.DiscoveryClient - Initializing Eureka in region us-east-1
2026-03-05 17:02:27.061 [main] [] INFO  c.n.d.s.r.aws.ConfigClusterResolver - Resolving eureka endpoints via configuration
2026-03-05 17:02:27.079 [main] [] INFO  c.netflix.discovery.DiscoveryClient - Disable delta property : false
2026-03-05 17:02:27.079 [main] [] INFO  c.netflix.discovery.DiscoveryClient - Single vip registry refresh property : null
2026-03-05 17:02:27.079 [main] [] INFO  c.netflix.discovery.DiscoveryClient - Force full registry fetch : false
2026-03-05 17:02:27.079 [main] [] INFO  c.netflix.discovery.DiscoveryClient - Application is null : false
2026-03-05 17:02:27.079 [main] [] INFO  c.netflix.discovery.DiscoveryClient - Registered Applications size is zero : true
2026-03-05 17:02:27.079 [main] [] INFO  c.netflix.discovery.DiscoveryClient - Application version is -1: true
2026-03-05 17:02:27.079 [main] [] INFO  c.netflix.discovery.DiscoveryClient - Getting all instance registry info from the eureka server
2026-03-05 17:02:27.386 [main] [] INFO  c.netflix.discovery.DiscoveryClient - The response status is 200
2026-03-05 17:02:27.388 [main] [] INFO  c.netflix.discovery.DiscoveryClient - Starting heartbeat executor: renew interval is: 30
2026-03-05 17:02:27.391 [main] [] INFO  c.n.discovery.InstanceInfoReplicator - InstanceInfoReplicator onDemand update allowed rate per min is 4
2026-03-05 17:02:27.395 [main] [] INFO  c.netflix.discovery.DiscoveryClient - Discovery Client initialized at timestamp 1772710347395 with initial instances count: 4
2026-03-05 17:02:27.402 [main] [] INFO  o.s.c.n.e.s.EurekaServiceRegistry - Registering application REPORTING-SERVICE with eureka with status UP
2026-03-05 17:02:27.403 [main] [] INFO  c.netflix.discovery.DiscoveryClient - Saw local status change event StatusChangeEvent [timestamp=1772710347403, current=UP, previous=STARTING]
2026-03-05 17:02:27.404 [main] [] WARN  c.n.discovery.InstanceInfoReplicator - Ignoring onDemand update due to rate limiter
2026-03-05 17:02:27.409 [DiscoveryClient-InstanceInfoReplicator-0] [] INFO  c.netflix.discovery.DiscoveryClient - DiscoveryClient_REPORTING-SERVICE/10.83.0.144:reporting-service:8087: registering service...
2026-03-05 17:02:27.457 [main] [] INFO  o.s.b.w.e.tomcat.TomcatWebServer - Tomcat started on port 8087 (http) with context path ''
2026-03-05 17:02:27.458 [main] [] INFO  o.s.c.n.e.s.EurekaAutoServiceRegistration - Updating port to 8087
2026-03-05 17:02:27.473 [main] [] INFO  c.c.r.ReportingServiceApplication - Started ReportingServiceApplication in 6.93 seconds (process running for 8.146)
2026-03-05 17:02:27.518 [DiscoveryClient-InstanceInfoReplicator-0] [] INFO  c.netflix.discovery.DiscoveryClient - DiscoveryClient_REPORTING-SERVICE/10.83.0.144:reporting-service:8087 - registration status: 204
2026-03-05 17:02:28.072 [RMI TCP Connection(4)-127.0.0.1] [] INFO  o.a.c.c.C.[Tomcat].[localhost].[/] - Initializing Spring DispatcherServlet 'dispatcherServlet'
2026-03-05 17:02:28.072 [RMI TCP Connection(4)-127.0.0.1] [] INFO  o.s.web.servlet.DispatcherServlet - Initializing Servlet 'dispatcherServlet'
2026-03-05 17:02:28.074 [RMI TCP Connection(4)-127.0.0.1] [] INFO  o.s.web.servlet.DispatcherServlet - Completed initialization in 2 ms
2026-03-05 17:07:27.088 [AsyncResolver-bootstrap-executor-0] [] INFO  c.n.d.s.r.aws.ConfigClusterResolver - Resolving eureka endpoints via configuration
2026-03-05 17:12:27.096 [AsyncResolver-bootstrap-executor-0] [] INFO  c.n.d.s.r.aws.ConfigClusterResolver - Resolving eureka endpoints via configuration
2026-03-05 17:17:27.105 [AsyncResolver-bootstrap-executor-0] [] INFO  c.n.d.s.r.aws.ConfigClusterResolver - Resolving eureka endpoints via configuration
2026-03-05 17:22:27.119 [AsyncResolver-bootstrap-executor-0] [] INFO  c.n.d.s.r.aws.ConfigClusterResolver - Resolving eureka endpoints via configuration
2026-03-05 17:27:27.128 [AsyncResolver-bootstrap-executor-0] [] INFO  c.n.d.s.r.aws.ConfigClusterResolver - Resolving eureka endpoints via configuration
2026-03-05 17:31:28.194 [http-nio-8087-exec-1] [793e569a-8310-48cc-8280-f6c35ac009bd] DEBUG o.s.security.web.FilterChainProxy - Securing POST /api/reports/claim-event
2026-03-05 17:31:28.275 [http-nio-8087-exec-1] [793e569a-8310-48cc-8280-f6c35ac009bd] WARN  o.s.w.s.h.HandlerMappingIntrospector - Cache miss for REQUEST dispatch to '/api/reports/claim-event' (previous null). Performing CorsConfiguration lookup. This is logged once only at WARN level, and every time at TRACE.
2026-03-05 17:31:28.844 [http-nio-8087-exec-1] [793e569a-8310-48cc-8280-f6c35ac009bd] DEBUG c.c.r.s.JwtAuthenticationFilter - Authenticated user: vikas123 for URI: /api/reports/claim-event
2026-03-05 17:31:28.866 [http-nio-8087-exec-1] [793e569a-8310-48cc-8280-f6c35ac009bd] WARN  o.s.w.s.h.HandlerMappingIntrospector - Cache miss for REQUEST dispatch to '/api/reports/claim-event' (previous null). Performing MatchableHandlerMapping lookup. This is logged once only at WARN level, and every time at TRACE.
2026-03-05 17:31:28.904 [http-nio-8087-exec-1] [793e569a-8310-48cc-8280-f6c35ac009bd] DEBUG o.s.security.web.FilterChainProxy - Secured POST /api/reports/claim-event
2026-03-05 17:31:29.285 [http-nio-8087-exec-1] [793e569a-8310-48cc-8280-f6c35ac009bd] DEBUG o.s.s.a.m.AuthorizationManagerBeforeMethodInterceptor - Authorizing method invocation ReflectiveMethodInvocation: public org.springframework.http.ResponseEntity com.claimswift.reportingservice.controller.ReportingController.reportClaimEvent(java.util.Map); target is of class [com.claimswift.reportingservice.controller.ReportingController]
2026-03-05 17:31:29.479 [http-nio-8087-exec-1] [793e569a-8310-48cc-8280-f6c35ac009bd] DEBUG o.s.s.a.h.RoleHierarchyImpl - getReachableGrantedAuthorities() - From the roles [ROLE_POLICYHOLDER] one can reach [ROLE_POLICYHOLDER] in zero or more steps.
2026-03-05 17:31:29.497 [http-nio-8087-exec-1] [793e569a-8310-48cc-8280-f6c35ac009bd] DEBUG o.s.s.a.m.AuthorizationManagerBeforeMethodInterceptor - Authorized method invocation ReflectiveMethodInvocation: public org.springframework.http.ResponseEntity com.claimswift.reportingservice.controller.ReportingController.reportClaimEvent(java.util.Map); target is of class [com.claimswift.reportingservice.controller.ReportingController]
2026-03-05 17:31:29.842 [http-nio-8087-exec-1] [793e569a-8310-48cc-8280-f6c35ac009bd] INFO  c.c.r.controller.ReportingController - Claim event received: {claimId=1, eventType=CLAIM_SUBMITTED, claimNumber=CLM-F7FAA8A1, timestamp=2026-03-05T17:31:27.3151713}
2026-03-05 17:32:27.131 [AsyncResolver-bootstrap-executor-0] [] INFO  c.n.d.s.r.aws.ConfigClusterResolver - Resolving eureka endpoints via configuration
2026-03-05 17:37:27.148 [AsyncResolver-bootstrap-executor-0] [] INFO  c.n.d.s.r.aws.ConfigClusterResolver - Resolving eureka endpoints via configuration
2026-03-05 17:42:27.165 [AsyncResolver-bootstrap-executor-0] [] INFO  c.n.d.s.r.aws.ConfigClusterResolver - Resolving eureka endpoints via configuration
2026-03-05 17:43:16.720 [http-nio-8087-exec-2] [83be389b-e966-46a9-899d-e3d6b3941d34] DEBUG o.s.security.web.FilterChainProxy - Securing GET /actuator/health
2026-03-05 17:43:16.728 [http-nio-8087-exec-2] [83be389b-e966-46a9-899d-e3d6b3941d34] DEBUG o.s.s.w.a.AnonymousAuthenticationFilter - Set SecurityContextHolder to anonymous SecurityContext
2026-03-05 17:43:16.730 [http-nio-8087-exec-2] [83be389b-e966-46a9-899d-e3d6b3941d34] DEBUG o.s.security.web.FilterChainProxy - Secured GET /actuator/health
2026-03-05 17:45:04.009 [http-nio-8087-exec-4] [b3139d70-759e-4973-bb72-5241ec871134] DEBUG o.s.security.web.FilterChainProxy - Securing POST /api/reports/claim-event
2026-03-05 17:45:04.015 [http-nio-8087-exec-4] [b3139d70-759e-4973-bb72-5241ec871134] DEBUG c.c.r.s.JwtAuthenticationFilter - Authenticated user: diag_20260305174503 for URI: /api/reports/claim-event
2026-03-05 17:45:04.019 [http-nio-8087-exec-4] [b3139d70-759e-4973-bb72-5241ec871134] DEBUG o.s.security.web.FilterChainProxy - Secured POST /api/reports/claim-event
2026-03-05 17:45:04.020 [http-nio-8087-exec-4] [b3139d70-759e-4973-bb72-5241ec871134] DEBUG o.s.s.a.m.AuthorizationManagerBeforeMethodInterceptor - Authorizing method invocation ReflectiveMethodInvocation: public org.springframework.http.ResponseEntity com.claimswift.reportingservice.controller.ReportingController.reportClaimEvent(java.util.Map); target is of class [com.claimswift.reportingservice.controller.ReportingController]
2026-03-05 17:45:04.020 [http-nio-8087-exec-4] [b3139d70-759e-4973-bb72-5241ec871134] DEBUG o.s.s.a.h.RoleHierarchyImpl - getReachableGrantedAuthorities() - From the roles [ROLE_POLICYHOLDER] one can reach [ROLE_POLICYHOLDER] in zero or more steps.
2026-03-05 17:45:04.021 [http-nio-8087-exec-4] [b3139d70-759e-4973-bb72-5241ec871134] DEBUG o.s.s.a.m.AuthorizationManagerBeforeMethodInterceptor - Authorized method invocation ReflectiveMethodInvocation: public org.springframework.http.ResponseEntity com.claimswift.reportingservice.controller.ReportingController.reportClaimEvent(java.util.Map); target is of class [com.claimswift.reportingservice.controller.ReportingController]
2026-03-05 17:45:04.022 [http-nio-8087-exec-4] [b3139d70-759e-4973-bb72-5241ec871134] INFO  c.c.r.controller.ReportingController - Claim event received: {claimId=2, eventType=CLAIM_SUBMITTED, claimNumber=CLM-8DD4B054, timestamp=2026-03-05T17:45:04.002816}
2026-03-05 17:47:27.167 [AsyncResolver-bootstrap-executor-0] [] INFO  c.n.d.s.r.aws.ConfigClusterResolver - Resolving eureka endpoints via configuration
2026-03-05 21:16:33.342 [HikariPool-1 housekeeper] [] WARN  com.zaxxer.hikari.pool.HikariPool - HikariPool-1 - Thread starvation or clock leap detected (housekeeper delta=3h25m37s325ms498µs900ns).
2026-03-05 21:17:34.499 [AsyncResolver-bootstrap-executor-0] [] INFO  c.n.d.s.r.aws.ConfigClusterResolver - Resolving eureka endpoints via configuration
2026-03-05 21:22:34.501 [AsyncResolver-bootstrap-executor-0] [] INFO  c.n.d.s.r.aws.ConfigClusterResolver - Resolving eureka endpoints via configuration
2026-03-05 21:27:34.513 [AsyncResolver-bootstrap-executor-0] [] INFO  c.n.d.s.r.aws.ConfigClusterResolver - Resolving eureka endpoints via configuration
2026-03-05 21:32:34.532 [AsyncResolver-bootstrap-executor-0] [] INFO  c.n.d.s.r.aws.ConfigClusterResolver - Resolving eureka endpoints via configuration
2026-03-05 21:37:34.546 [AsyncResolver-bootstrap-executor-0] [] INFO  c.n.d.s.r.aws.ConfigClusterResolver - Resolving eureka endpoints via configuration
2026-03-05 21:42:34.563 [AsyncResolver-bootstrap-executor-0] [] INFO  c.n.d.s.r.aws.ConfigClusterResolver - Resolving eureka endpoints via configuration
2026-03-05 21:44:24.785 [http-nio-8087-exec-5] [dfca3792-6290-4c08-a85c-b8dae7565745] DEBUG o.s.security.web.FilterChainProxy - Securing POST /api/reports/status-change
2026-03-05 21:44:24.795 [http-nio-8087-exec-5] [dfca3792-6290-4c08-a85c-b8dae7565745] DEBUG c.c.r.s.JwtAuthenticationFilter - Authenticated user: naveen123 for URI: /api/reports/status-change
2026-03-05 21:44:24.808 [http-nio-8087-exec-5] [dfca3792-6290-4c08-a85c-b8dae7565745] DEBUG o.s.security.web.FilterChainProxy - Secured POST /api/reports/status-change
2026-03-05 21:44:24.819 [http-nio-8087-exec-5] [dfca3792-6290-4c08-a85c-b8dae7565745] DEBUG o.s.s.a.m.AuthorizationManagerBeforeMethodInterceptor - Authorizing method invocation ReflectiveMethodInvocation: public org.springframework.http.ResponseEntity com.claimswift.reportingservice.controller.ReportingController.reportStatusChange(java.util.Map); target is of class [com.claimswift.reportingservice.controller.ReportingController]
2026-03-05 21:44:24.821 [http-nio-8087-exec-5] [dfca3792-6290-4c08-a85c-b8dae7565745] DEBUG o.s.s.a.h.RoleHierarchyImpl - getReachableGrantedAuthorities() - From the roles [ROLE_ADJUSTER] one can reach [ROLE_POLICYHOLDER, ROLE_ADJUSTER] in zero or more steps.
2026-03-05 21:44:24.824 [http-nio-8087-exec-5] [dfca3792-6290-4c08-a85c-b8dae7565745] DEBUG o.s.s.a.m.AuthorizationManagerBeforeMethodInterceptor - Authorized method invocation ReflectiveMethodInvocation: public org.springframework.http.ResponseEntity com.claimswift.reportingservice.controller.ReportingController.reportStatusChange(java.util.Map); target is of class [com.claimswift.reportingservice.controller.ReportingController]
2026-03-05 21:44:24.829 [http-nio-8087-exec-5] [dfca3792-6290-4c08-a85c-b8dae7565745] INFO  c.c.r.controller.ReportingController - Claim status change received: {newStatus=UNDER_REVIEW, oldStatus=SUBMITTED, claimId=2, claimNumber=CLM-8DD4B054, timestamp=2026-03-05T21:44:24.747644}
2026-03-05 21:47:34.567 [AsyncResolver-bootstrap-executor-0] [] INFO  c.n.d.s.r.aws.ConfigClusterResolver - Resolving eureka endpoints via configuration
2026-03-05 21:52:34.580 [AsyncResolver-bootstrap-executor-0] [] INFO  c.n.d.s.r.aws.ConfigClusterResolver - Resolving eureka endpoints via configuration
2026-03-05 21:57:34.589 [AsyncResolver-bootstrap-executor-0] [] INFO  c.n.d.s.r.aws.ConfigClusterResolver - Resolving eureka endpoints via configuration
2026-03-05 21:59:41.660 [http-nio-8087-exec-6] [2a771dbd-3d7b-4337-b7d2-7d8eeb086d79] DEBUG o.s.security.web.FilterChainProxy - Securing POST /api/reports/status-change
2026-03-05 21:59:41.673 [http-nio-8087-exec-6] [2a771dbd-3d7b-4337-b7d2-7d8eeb086d79] DEBUG c.c.r.s.JwtAuthenticationFilter - Authenticated user: naveen123 for URI: /api/reports/status-change
2026-03-05 21:59:41.673 [http-nio-8087-exec-6] [2a771dbd-3d7b-4337-b7d2-7d8eeb086d79] DEBUG o.s.security.web.FilterChainProxy - Secured POST /api/reports/status-change
2026-03-05 21:59:41.673 [http-nio-8087-exec-6] [2a771dbd-3d7b-4337-b7d2-7d8eeb086d79] DEBUG o.s.s.a.m.AuthorizationManagerBeforeMethodInterceptor - Authorizing method invocation ReflectiveMethodInvocation: public org.springframework.http.ResponseEntity com.claimswift.reportingservice.controller.ReportingController.reportStatusChange(java.util.Map); target is of class [com.claimswift.reportingservice.controller.ReportingController]
2026-03-05 21:59:41.673 [http-nio-8087-exec-6] [2a771dbd-3d7b-4337-b7d2-7d8eeb086d79] DEBUG o.s.s.a.h.RoleHierarchyImpl - getReachableGrantedAuthorities() - From the roles [ROLE_ADJUSTER] one can reach [ROLE_POLICYHOLDER, ROLE_ADJUSTER] in zero or more steps.
2026-03-05 21:59:41.686 [http-nio-8087-exec-6] [2a771dbd-3d7b-4337-b7d2-7d8eeb086d79] DEBUG o.s.s.a.m.AuthorizationManagerBeforeMethodInterceptor - Authorized method invocation ReflectiveMethodInvocation: public org.springframework.http.ResponseEntity com.claimswift.reportingservice.controller.ReportingController.reportStatusChange(java.util.Map); target is of class [com.claimswift.reportingservice.controller.ReportingController]
2026-03-05 21:59:41.688 [http-nio-8087-exec-6] [2a771dbd-3d7b-4337-b7d2-7d8eeb086d79] INFO  c.c.r.controller.ReportingController - Claim status change received: {newStatus=ADJUSTED, oldStatus=UNDER_REVIEW, claimId=2, claimNumber=CLM-8DD4B054, timestamp=2026-03-05T21:59:41.6058371}
2026-03-05 21:59:45.818 [http-nio-8087-exec-7] [378f1beb-973e-4ecb-a50e-10460d14c68a] DEBUG o.s.security.web.FilterChainProxy - Securing POST /api/reports/status-change
2026-03-05 21:59:45.834 [http-nio-8087-exec-7] [378f1beb-973e-4ecb-a50e-10460d14c68a] DEBUG c.c.r.s.JwtAuthenticationFilter - Authenticated user: naveen123 for URI: /api/reports/status-change
2026-03-05 21:59:45.844 [http-nio-8087-exec-7] [378f1beb-973e-4ecb-a50e-10460d14c68a] DEBUG o.s.security.web.FilterChainProxy - Secured POST /api/reports/status-change
2026-03-05 21:59:45.847 [http-nio-8087-exec-7] [378f1beb-973e-4ecb-a50e-10460d14c68a] DEBUG o.s.s.a.m.AuthorizationManagerBeforeMethodInterceptor - Authorizing method invocation ReflectiveMethodInvocation: public org.springframework.http.ResponseEntity com.claimswift.reportingservice.controller.ReportingController.reportStatusChange(java.util.Map); target is of class [com.claimswift.reportingservice.controller.ReportingController]
2026-03-05 21:59:45.847 [http-nio-8087-exec-7] [378f1beb-973e-4ecb-a50e-10460d14c68a] DEBUG o.s.s.a.h.RoleHierarchyImpl - getReachableGrantedAuthorities() - From the roles [ROLE_ADJUSTER] one can reach [ROLE_POLICYHOLDER, ROLE_ADJUSTER] in zero or more steps.
2026-03-05 21:59:45.849 [http-nio-8087-exec-7] [378f1beb-973e-4ecb-a50e-10460d14c68a] DEBUG o.s.s.a.m.AuthorizationManagerBeforeMethodInterceptor - Authorized method invocation ReflectiveMethodInvocation: public org.springframework.http.ResponseEntity com.claimswift.reportingservice.controller.ReportingController.reportStatusChange(java.util.Map); target is of class [com.claimswift.reportingservice.controller.ReportingController]
2026-03-05 21:59:45.849 [http-nio-8087-exec-7] [378f1beb-973e-4ecb-a50e-10460d14c68a] INFO  c.c.r.controller.ReportingController - Claim status change received: {newStatus=APPROVED, oldStatus=ADJUSTED, claimId=2, claimNumber=CLM-8DD4B054, timestamp=2026-03-05T21:59:45.8020763}
2026-03-05 21:59:52.796 [http-nio-8087-exec-8] [98753adb-0251-4a65-b1cb-c15d3a143a28] DEBUG o.s.security.web.FilterChainProxy - Securing POST /api/reports/status-change
2026-03-05 21:59:52.808 [http-nio-8087-exec-8] [98753adb-0251-4a65-b1cb-c15d3a143a28] DEBUG c.c.r.s.JwtAuthenticationFilter - Authenticated user: naveen123 for URI: /api/reports/status-change
2026-03-05 21:59:52.816 [http-nio-8087-exec-8] [98753adb-0251-4a65-b1cb-c15d3a143a28] DEBUG o.s.security.web.FilterChainProxy - Secured POST /api/reports/status-change
2026-03-05 21:59:52.820 [http-nio-8087-exec-8] [98753adb-0251-4a65-b1cb-c15d3a143a28] DEBUG o.s.s.a.m.AuthorizationManagerBeforeMethodInterceptor - Authorizing method invocation ReflectiveMethodInvocation: public org.springframework.http.ResponseEntity com.claimswift.reportingservice.controller.ReportingController.reportStatusChange(java.util.Map); target is of class [com.claimswift.reportingservice.controller.ReportingController]
2026-03-05 21:59:52.821 [http-nio-8087-exec-8] [98753adb-0251-4a65-b1cb-c15d3a143a28] DEBUG o.s.s.a.h.RoleHierarchyImpl - getReachableGrantedAuthorities() - From the roles [ROLE_ADJUSTER] one can reach [ROLE_POLICYHOLDER, ROLE_ADJUSTER] in zero or more steps.
2026-03-05 21:59:52.824 [http-nio-8087-exec-8] [98753adb-0251-4a65-b1cb-c15d3a143a28] DEBUG o.s.s.a.m.AuthorizationManagerBeforeMethodInterceptor - Authorized method invocation ReflectiveMethodInvocation: public org.springframework.http.ResponseEntity com.claimswift.reportingservice.controller.ReportingController.reportStatusChange(java.util.Map); target is of class [com.claimswift.reportingservice.controller.ReportingController]
2026-03-05 21:59:52.824 [http-nio-8087-exec-8] [98753adb-0251-4a65-b1cb-c15d3a143a28] INFO  c.c.r.controller.ReportingController - Claim status change received: {newStatus=UNDER_REVIEW, oldStatus=SUBMITTED, claimId=1, claimNumber=CLM-F7FAA8A1, timestamp=2026-03-05T21:59:52.7541489}
2026-03-05 21:59:55.715 [http-nio-8087-exec-9] [d3c4324e-4faf-478e-877e-10eada73fdec] DEBUG o.s.security.web.FilterChainProxy - Securing POST /api/reports/status-change
2026-03-05 21:59:55.729 [http-nio-8087-exec-9] [d3c4324e-4faf-478e-877e-10eada73fdec] DEBUG c.c.r.s.JwtAuthenticationFilter - Authenticated user: naveen123 for URI: /api/reports/status-change
2026-03-05 21:59:55.737 [http-nio-8087-exec-9] [d3c4324e-4faf-478e-877e-10eada73fdec] DEBUG o.s.security.web.FilterChainProxy - Secured POST /api/reports/status-change
2026-03-05 21:59:55.740 [http-nio-8087-exec-9] [d3c4324e-4faf-478e-877e-10eada73fdec] DEBUG o.s.s.a.m.AuthorizationManagerBeforeMethodInterceptor - Authorizing method invocation ReflectiveMethodInvocation: public org.springframework.http.ResponseEntity com.claimswift.reportingservice.controller.ReportingController.reportStatusChange(java.util.Map); target is of class [com.claimswift.reportingservice.controller.ReportingController]
2026-03-05 21:59:55.748 [http-nio-8087-exec-9] [d3c4324e-4faf-478e-877e-10eada73fdec] DEBUG o.s.s.a.h.RoleHierarchyImpl - getReachableGrantedAuthorities() - From the roles [ROLE_ADJUSTER] one can reach [ROLE_POLICYHOLDER, ROLE_ADJUSTER] in zero or more steps.
2026-03-05 21:59:55.749 [http-nio-8087-exec-9] [d3c4324e-4faf-478e-877e-10eada73fdec] DEBUG o.s.s.a.m.AuthorizationManagerBeforeMethodInterceptor - Authorized method invocation ReflectiveMethodInvocation: public org.springframework.http.ResponseEntity com.claimswift.reportingservice.controller.ReportingController.reportStatusChange(java.util.Map); target is of class [com.claimswift.reportingservice.controller.ReportingController]
2026-03-05 21:59:55.754 [http-nio-8087-exec-9] [d3c4324e-4faf-478e-877e-10eada73fdec] INFO  c.c.r.controller.ReportingController - Claim status change received: {newStatus=APPROVED, oldStatus=UNDER_REVIEW, claimId=1, claimNumber=CLM-F7FAA8A1, timestamp=2026-03-05T21:59:55.6721547}
2026-03-05 22:02:34.595 [AsyncResolver-bootstrap-executor-0] [] INFO  c.n.d.s.r.aws.ConfigClusterResolver - Resolving eureka endpoints via configuration
2026-03-05 22:07:34.599 [AsyncResolver-bootstrap-executor-0] [] INFO  c.n.d.s.r.aws.ConfigClusterResolver - Resolving eureka endpoints via configuration
2026-03-05 22:12:34.601 [AsyncResolver-bootstrap-executor-0] [] INFO  c.n.d.s.r.aws.ConfigClusterResolver - Resolving eureka endpoints via configuration
2026-03-05 22:14:12.531 [http-nio-8087-exec-10] [c72c3079-d257-44c8-a41e-0d7ac1fb5a61] DEBUG o.s.security.web.FilterChainProxy - Securing POST /api/reports/claim-event
2026-03-05 22:14:12.629 [http-nio-8087-exec-10] [c72c3079-d257-44c8-a41e-0d7ac1fb5a61] DEBUG c.c.r.s.JwtAuthenticationFilter - Authenticated user: vikas123 for URI: /api/reports/claim-event
2026-03-05 22:14:12.678 [http-nio-8087-exec-10] [c72c3079-d257-44c8-a41e-0d7ac1fb5a61] DEBUG o.s.security.web.FilterChainProxy - Secured POST /api/reports/claim-event
2026-03-05 22:14:12.746 [http-nio-8087-exec-10] [c72c3079-d257-44c8-a41e-0d7ac1fb5a61] DEBUG o.s.s.a.m.AuthorizationManagerBeforeMethodInterceptor - Authorizing method invocation ReflectiveMethodInvocation: public org.springframework.http.ResponseEntity com.claimswift.reportingservice.controller.ReportingController.reportClaimEvent(java.util.Map); target is of class [com.claimswift.reportingservice.controller.ReportingController]
2026-03-05 22:14:12.746 [http-nio-8087-exec-10] [c72c3079-d257-44c8-a41e-0d7ac1fb5a61] DEBUG o.s.s.a.h.RoleHierarchyImpl - getReachableGrantedAuthorities() - From the roles [ROLE_POLICYHOLDER] one can reach [ROLE_POLICYHOLDER] in zero or more steps.
2026-03-05 22:14:12.752 [http-nio-8087-exec-10] [c72c3079-d257-44c8-a41e-0d7ac1fb5a61] DEBUG o.s.s.a.m.AuthorizationManagerBeforeMethodInterceptor - Authorized method invocation ReflectiveMethodInvocation: public org.springframework.http.ResponseEntity com.claimswift.reportingservice.controller.ReportingController.reportClaimEvent(java.util.Map); target is of class [com.claimswift.reportingservice.controller.ReportingController]
2026-03-05 22:14:12.761 [http-nio-8087-exec-10] [c72c3079-d257-44c8-a41e-0d7ac1fb5a61] INFO  c.c.r.controller.ReportingController - Claim event received: {claimId=3, eventType=CLAIM_SUBMITTED, claimNumber=CLM-B29899A5, timestamp=2026-03-05T22:14:12.398522}
2026-03-05 22:16:56.943 [http-nio-8087-exec-1] [272fe9ac-8c4f-4a6b-9b8d-280b731114f3] DEBUG o.s.security.web.FilterChainProxy - Securing POST /api/reports/status-change
2026-03-05 22:16:56.987 [http-nio-8087-exec-1] [272fe9ac-8c4f-4a6b-9b8d-280b731114f3] DEBUG c.c.r.s.JwtAuthenticationFilter - Authenticated user: naveen123 for URI: /api/reports/status-change
2026-03-05 22:16:56.997 [http-nio-8087-exec-1] [272fe9ac-8c4f-4a6b-9b8d-280b731114f3] DEBUG o.s.security.web.FilterChainProxy - Secured POST /api/reports/status-change
2026-03-05 22:16:57.000 [http-nio-8087-exec-1] [272fe9ac-8c4f-4a6b-9b8d-280b731114f3] DEBUG o.s.s.a.m.AuthorizationManagerBeforeMethodInterceptor - Authorizing method invocation ReflectiveMethodInvocation: public org.springframework.http.ResponseEntity com.claimswift.reportingservice.controller.ReportingController.reportStatusChange(java.util.Map); target is of class [com.claimswift.reportingservice.controller.ReportingController]
2026-03-05 22:16:57.001 [http-nio-8087-exec-1] [272fe9ac-8c4f-4a6b-9b8d-280b731114f3] DEBUG o.s.s.a.h.RoleHierarchyImpl - getReachableGrantedAuthorities() - From the roles [ROLE_ADJUSTER] one can reach [ROLE_POLICYHOLDER, ROLE_ADJUSTER] in zero or more steps.
2026-03-05 22:16:57.001 [http-nio-8087-exec-1] [272fe9ac-8c4f-4a6b-9b8d-280b731114f3] DEBUG o.s.s.a.m.AuthorizationManagerBeforeMethodInterceptor - Authorized method invocation ReflectiveMethodInvocation: public org.springframework.http.ResponseEntity com.claimswift.reportingservice.controller.ReportingController.reportStatusChange(java.util.Map); target is of class [com.claimswift.reportingservice.controller.ReportingController]
2026-03-05 22:16:57.001 [http-nio-8087-exec-1] [272fe9ac-8c4f-4a6b-9b8d-280b731114f3] INFO  c.c.r.controller.ReportingController - Claim status change received: {newStatus=ADJUSTED, oldStatus=UNDER_REVIEW, claimId=3, claimNumber=CLM-B29899A5, timestamp=2026-03-05T22:16:56.8536673}
2026-03-05 22:17:09.375 [http-nio-8087-exec-2] [6de17287-d615-4e57-bef6-e02ea38810d1] DEBUG o.s.security.web.FilterChainProxy - Securing GET /api/reports/payments
2026-03-05 22:17:09.375 [http-nio-8087-exec-3] [bbb7ea9e-af51-4e3f-b235-64a7baaad22f] DEBUG o.s.security.web.FilterChainProxy - Securing GET /api/reports/claims/summary
2026-03-05 22:17:09.390 [http-nio-8087-exec-4] [cd34b224-9ff1-4d83-b6fe-ed26b5d1f2eb] DEBUG o.s.security.web.FilterChainProxy - Securing GET /api/reports/adjusters/performance
2026-03-05 22:17:09.410 [http-nio-8087-exec-2] [6de17287-d615-4e57-bef6-e02ea38810d1] DEBUG c.c.r.s.JwtAuthenticationFilter - Authenticated user: shashank123 for URI: /api/reports/payments
2026-03-05 22:17:09.410 [http-nio-8087-exec-4] [cd34b224-9ff1-4d83-b6fe-ed26b5d1f2eb] DEBUG c.c.r.s.JwtAuthenticationFilter - Authenticated user: shashank123 for URI: /api/reports/adjusters/performance
2026-03-05 22:17:09.410 [http-nio-8087-exec-3] [bbb7ea9e-af51-4e3f-b235-64a7baaad22f] DEBUG c.c.r.s.JwtAuthenticationFilter - Authenticated user: shashank123 for URI: /api/reports/claims/summary
2026-03-05 22:17:09.421 [http-nio-8087-exec-2] [6de17287-d615-4e57-bef6-e02ea38810d1] DEBUG o.s.security.web.FilterChainProxy - Secured GET /api/reports/payments
2026-03-05 22:17:09.424 [http-nio-8087-exec-4] [cd34b224-9ff1-4d83-b6fe-ed26b5d1f2eb] DEBUG o.s.security.web.FilterChainProxy - Secured GET /api/reports/adjusters/performance
2026-03-05 22:17:09.424 [http-nio-8087-exec-3] [bbb7ea9e-af51-4e3f-b235-64a7baaad22f] DEBUG o.s.security.web.FilterChainProxy - Secured GET /api/reports/claims/summary
2026-03-05 22:17:09.442 [http-nio-8087-exec-2] [6de17287-d615-4e57-bef6-e02ea38810d1] DEBUG o.s.s.a.m.AuthorizationManagerBeforeMethodInterceptor - Authorizing method invocation ReflectiveMethodInvocation: public org.springframework.http.ResponseEntity com.claimswift.reportingservice.controller.ReportingController.getPaymentReport(java.time.LocalDate,java.time.LocalDate); target is of class [com.claimswift.reportingservice.controller.ReportingController]
2026-03-05 22:17:09.442 [http-nio-8087-exec-3] [bbb7ea9e-af51-4e3f-b235-64a7baaad22f] DEBUG o.s.s.a.m.AuthorizationManagerBeforeMethodInterceptor - Authorizing method invocation ReflectiveMethodInvocation: public org.springframework.http.ResponseEntity com.claimswift.reportingservice.controller.ReportingController.getClaimSummaryReport(java.time.LocalDate,java.time.LocalDate); target is of class [com.claimswift.reportingservice.controller.ReportingController]
2026-03-05 22:17:09.442 [http-nio-8087-exec-4] [cd34b224-9ff1-4d83-b6fe-ed26b5d1f2eb] DEBUG o.s.s.a.m.AuthorizationManagerBeforeMethodInterceptor - Authorizing method invocation ReflectiveMethodInvocation: public org.springframework.http.ResponseEntity com.claimswift.reportingservice.controller.ReportingController.getAdjusterPerformanceReport(java.time.LocalDate,java.time.LocalDate); target is of class [com.claimswift.reportingservice.controller.ReportingController]
2026-03-05 22:17:09.442 [http-nio-8087-exec-4] [cd34b224-9ff1-4d83-b6fe-ed26b5d1f2eb] DEBUG o.s.s.a.h.RoleHierarchyImpl - getReachableGrantedAuthorities() - From the roles [ROLE_MANAGER] one can reach [ROLE_POLICYHOLDER, ROLE_MANAGER, ROLE_ADJUSTER] in zero or more steps.
2026-03-05 22:17:09.442 [http-nio-8087-exec-2] [6de17287-d615-4e57-bef6-e02ea38810d1] DEBUG o.s.s.a.h.RoleHierarchyImpl - getReachableGrantedAuthorities() - From the roles [ROLE_MANAGER] one can reach [ROLE_POLICYHOLDER, ROLE_MANAGER, ROLE_ADJUSTER] in zero or more steps.
2026-03-05 22:17:09.442 [http-nio-8087-exec-3] [bbb7ea9e-af51-4e3f-b235-64a7baaad22f] DEBUG o.s.s.a.h.RoleHierarchyImpl - getReachableGrantedAuthorities() - From the roles [ROLE_MANAGER] one can reach [ROLE_POLICYHOLDER, ROLE_MANAGER, ROLE_ADJUSTER] in zero or more steps.
2026-03-05 22:17:09.442 [http-nio-8087-exec-4] [cd34b224-9ff1-4d83-b6fe-ed26b5d1f2eb] DEBUG o.s.s.a.m.AuthorizationManagerBeforeMethodInterceptor - Authorized method invocation ReflectiveMethodInvocation: public org.springframework.http.ResponseEntity com.claimswift.reportingservice.controller.ReportingController.getAdjusterPerformanceReport(java.time.LocalDate,java.time.LocalDate); target is of class [com.claimswift.reportingservice.controller.ReportingController]
2026-03-05 22:17:09.442 [http-nio-8087-exec-2] [6de17287-d615-4e57-bef6-e02ea38810d1] DEBUG o.s.s.a.m.AuthorizationManagerBeforeMethodInterceptor - Authorized method invocation ReflectiveMethodInvocation: public org.springframework.http.ResponseEntity com.claimswift.reportingservice.controller.ReportingController.getPaymentReport(java.time.LocalDate,java.time.LocalDate); target is of class [com.claimswift.reportingservice.controller.ReportingController]
2026-03-05 22:17:09.442 [http-nio-8087-exec-3] [bbb7ea9e-af51-4e3f-b235-64a7baaad22f] DEBUG o.s.s.a.m.AuthorizationManagerBeforeMethodInterceptor - Authorized method invocation ReflectiveMethodInvocation: public org.springframework.http.ResponseEntity com.claimswift.reportingservice.controller.ReportingController.getClaimSummaryReport(java.time.LocalDate,java.time.LocalDate); target is of class [com.claimswift.reportingservice.controller.ReportingController]
2026-03-05 22:17:09.442 [http-nio-8087-exec-4] [cd34b224-9ff1-4d83-b6fe-ed26b5d1f2eb] INFO  c.c.r.controller.ReportingController - Generating adjuster performance report for period: null to null
2026-03-05 22:17:09.442 [http-nio-8087-exec-2] [6de17287-d615-4e57-bef6-e02ea38810d1] INFO  c.c.r.controller.ReportingController - Generating payment report for period: null to null
2026-03-05 22:17:09.442 [http-nio-8087-exec-3] [bbb7ea9e-af51-4e3f-b235-64a7baaad22f] INFO  c.c.r.controller.ReportingController - Generating claim summary report for period: null to null
2026-03-05 22:17:09.469 [http-nio-8087-exec-2] [6de17287-d615-4e57-bef6-e02ea38810d1] DEBUG c.c.r.client.PaymentServiceClient - [PaymentServiceClient#getAllPayments] ---> GET http://payment-service/api/payments/internal/all HTTP/1.1
2026-03-05 22:17:09.469 [http-nio-8087-exec-4] [cd34b224-9ff1-4d83-b6fe-ed26b5d1f2eb] DEBUG c.c.r.client.ClaimServiceClient - [ClaimServiceClient#getAllClaims] ---> GET http://claim-service/api/claims/internal/all HTTP/1.1
2026-03-05 22:17:09.469 [http-nio-8087-exec-3] [bbb7ea9e-af51-4e3f-b235-64a7baaad22f] DEBUG c.c.r.client.ClaimServiceClient - [ClaimServiceClient#getAllClaims] ---> GET http://claim-service/api/claims/internal/all HTTP/1.1
2026-03-05 22:17:09.992 [http-nio-8087-exec-4] [cd34b224-9ff1-4d83-b6fe-ed26b5d1f2eb] DEBUG c.c.r.client.ClaimServiceClient - [ClaimServiceClient#getAllClaims] <--- HTTP/1.1 200 (527ms)
2026-03-05 22:17:09.992 [http-nio-8087-exec-3] [bbb7ea9e-af51-4e3f-b235-64a7baaad22f] DEBUG c.c.r.client.ClaimServiceClient - [ClaimServiceClient#getAllClaims] <--- HTTP/1.1 200 (527ms)
2026-03-05 22:17:10.041 [http-nio-8087-exec-2] [6de17287-d615-4e57-bef6-e02ea38810d1] DEBUG c.c.r.client.PaymentServiceClient - [PaymentServiceClient#getAllPayments] <--- HTTP/1.1 200 (577ms)
2026-03-05 22:17:12.675 [http-nio-8087-exec-7] [8cf73005-7702-4c2f-8c7f-be94c8b17987] DEBUG o.s.security.web.FilterChainProxy - Securing GET /api/reports/adjusters/performance
2026-03-05 22:17:12.675 [http-nio-8087-exec-5] [6038e679-1d93-4355-9b4f-7944bbd9e177] DEBUG o.s.security.web.FilterChainProxy - Securing GET /api/reports/claims/summary
2026-03-05 22:17:12.675 [http-nio-8087-exec-6] [f63f2c5e-4209-436c-8644-3c728cbb418d] DEBUG o.s.security.web.FilterChainProxy - Securing GET /api/reports/payments
2026-03-05 22:17:12.684 [http-nio-8087-exec-5] [6038e679-1d93-4355-9b4f-7944bbd9e177] DEBUG c.c.r.s.JwtAuthenticationFilter - Authenticated user: shashank123 for URI: /api/reports/claims/summary
2026-03-05 22:17:12.688 [http-nio-8087-exec-7] [8cf73005-7702-4c2f-8c7f-be94c8b17987] DEBUG c.c.r.s.JwtAuthenticationFilter - Authenticated user: shashank123 for URI: /api/reports/adjusters/performance
2026-03-05 22:17:12.690 [http-nio-8087-exec-6] [f63f2c5e-4209-436c-8644-3c728cbb418d] DEBUG c.c.r.s.JwtAuthenticationFilter - Authenticated user: shashank123 for URI: /api/reports/payments
2026-03-05 22:17:12.691 [http-nio-8087-exec-5] [6038e679-1d93-4355-9b4f-7944bbd9e177] DEBUG o.s.security.web.FilterChainProxy - Secured GET /api/reports/claims/summary
2026-03-05 22:17:12.691 [http-nio-8087-exec-7] [8cf73005-7702-4c2f-8c7f-be94c8b17987] DEBUG o.s.security.web.FilterChainProxy - Secured GET /api/reports/adjusters/performance
2026-03-05 22:17:12.691 [http-nio-8087-exec-6] [f63f2c5e-4209-436c-8644-3c728cbb418d] DEBUG o.s.security.web.FilterChainProxy - Secured GET /api/reports/payments
2026-03-05 22:17:12.691 [http-nio-8087-exec-5] [6038e679-1d93-4355-9b4f-7944bbd9e177] DEBUG o.s.s.a.m.AuthorizationManagerBeforeMethodInterceptor - Authorizing method invocation ReflectiveMethodInvocation: public org.springframework.http.ResponseEntity com.claimswift.reportingservice.controller.ReportingController.getClaimSummaryReport(java.time.LocalDate,java.time.LocalDate); target is of class [com.claimswift.reportingservice.controller.ReportingController]
2026-03-05 22:17:12.691 [http-nio-8087-exec-5] [6038e679-1d93-4355-9b4f-7944bbd9e177] DEBUG o.s.s.a.h.RoleHierarchyImpl - getReachableGrantedAuthorities() - From the roles [ROLE_MANAGER] one can reach [ROLE_POLICYHOLDER, ROLE_MANAGER, ROLE_ADJUSTER] in zero or more steps.
2026-03-05 22:17:12.691 [http-nio-8087-exec-5] [6038e679-1d93-4355-9b4f-7944bbd9e177] DEBUG o.s.s.a.m.AuthorizationManagerBeforeMethodInterceptor - Authorized method invocation ReflectiveMethodInvocation: public org.springframework.http.ResponseEntity com.claimswift.reportingservice.controller.ReportingController.getClaimSummaryReport(java.time.LocalDate,java.time.LocalDate); target is of class [com.claimswift.reportingservice.controller.ReportingController]
2026-03-05 22:17:12.691 [http-nio-8087-exec-7] [8cf73005-7702-4c2f-8c7f-be94c8b17987] DEBUG o.s.s.a.m.AuthorizationManagerBeforeMethodInterceptor - Authorizing method invocation ReflectiveMethodInvocation: public org.springframework.http.ResponseEntity com.claimswift.reportingservice.controller.ReportingController.getAdjusterPerformanceReport(java.time.LocalDate,java.time.LocalDate); target is of class [com.claimswift.reportingservice.controller.ReportingController]
2026-03-05 22:17:12.703 [http-nio-8087-exec-6] [f63f2c5e-4209-436c-8644-3c728cbb418d] DEBUG o.s.s.a.m.AuthorizationManagerBeforeMethodInterceptor - Authorizing method invocation ReflectiveMethodInvocation: public org.springframework.http.ResponseEntity com.claimswift.reportingservice.controller.ReportingController.getPaymentReport(java.time.LocalDate,java.time.LocalDate); target is of class [com.claimswift.reportingservice.controller.ReportingController]
2026-03-05 22:17:12.704 [http-nio-8087-exec-6] [f63f2c5e-4209-436c-8644-3c728cbb418d] DEBUG o.s.s.a.h.RoleHierarchyImpl - getReachableGrantedAuthorities() - From the roles [ROLE_MANAGER] one can reach [ROLE_POLICYHOLDER, ROLE_MANAGER, ROLE_ADJUSTER] in zero or more steps.
2026-03-05 22:17:12.704 [http-nio-8087-exec-7] [8cf73005-7702-4c2f-8c7f-be94c8b17987] DEBUG o.s.s.a.h.RoleHierarchyImpl - getReachableGrantedAuthorities() - From the roles [ROLE_MANAGER] one can reach [ROLE_POLICYHOLDER, ROLE_MANAGER, ROLE_ADJUSTER] in zero or more steps.
2026-03-05 22:17:12.704 [http-nio-8087-exec-5] [6038e679-1d93-4355-9b4f-7944bbd9e177] INFO  c.c.r.controller.ReportingController - Generating claim summary report for period: null to null
2026-03-05 22:17:12.704 [http-nio-8087-exec-6] [f63f2c5e-4209-436c-8644-3c728cbb418d] DEBUG o.s.s.a.m.AuthorizationManagerBeforeMethodInterceptor - Authorized method invocation ReflectiveMethodInvocation: public org.springframework.http.ResponseEntity com.claimswift.reportingservice.controller.ReportingController.getPaymentReport(java.time.LocalDate,java.time.LocalDate); target is of class [com.claimswift.reportingservice.controller.ReportingController]
2026-03-05 22:17:12.706 [http-nio-8087-exec-7] [8cf73005-7702-4c2f-8c7f-be94c8b17987] DEBUG o.s.s.a.m.AuthorizationManagerBeforeMethodInterceptor - Authorized method invocation ReflectiveMethodInvocation: public org.springframework.http.ResponseEntity com.claimswift.reportingservice.controller.ReportingController.getAdjusterPerformanceReport(java.time.LocalDate,java.time.LocalDate); target is of class [com.claimswift.reportingservice.controller.ReportingController]
2026-03-05 22:17:12.706 [http-nio-8087-exec-5] [6038e679-1d93-4355-9b4f-7944bbd9e177] DEBUG c.c.r.client.ClaimServiceClient - [ClaimServiceClient#getAllClaims] ---> GET http://claim-service/api/claims/internal/all HTTP/1.1
2026-03-05 22:17:12.706 [http-nio-8087-exec-6] [f63f2c5e-4209-436c-8644-3c728cbb418d] INFO  c.c.r.controller.ReportingController - Generating payment report for period: null to null
2026-03-05 22:17:12.706 [http-nio-8087-exec-7] [8cf73005-7702-4c2f-8c7f-be94c8b17987] INFO  c.c.r.controller.ReportingController - Generating adjuster performance report for period: null to null
2026-03-05 22:17:12.706 [http-nio-8087-exec-6] [f63f2c5e-4209-436c-8644-3c728cbb418d] DEBUG c.c.r.client.PaymentServiceClient - [PaymentServiceClient#getAllPayments] ---> GET http://payment-service/api/payments/internal/all HTTP/1.1
2026-03-05 22:17:12.706 [http-nio-8087-exec-7] [8cf73005-7702-4c2f-8c7f-be94c8b17987] DEBUG c.c.r.client.ClaimServiceClient - [ClaimServiceClient#getAllClaims] ---> GET http://claim-service/api/claims/internal/all HTTP/1.1
2026-03-05 22:17:12.747 [http-nio-8087-exec-5] [6038e679-1d93-4355-9b4f-7944bbd9e177] DEBUG c.c.r.client.ClaimServiceClient - [ClaimServiceClient#getAllClaims] <--- HTTP/1.1 200 (40ms)
2026-03-05 22:17:12.747 [http-nio-8087-exec-7] [8cf73005-7702-4c2f-8c7f-be94c8b17987] DEBUG c.c.r.client.ClaimServiceClient - [ClaimServiceClient#getAllClaims] <--- HTTP/1.1 200 (39ms)
2026-03-05 22:17:12.771 [http-nio-8087-exec-6] [f63f2c5e-4209-436c-8644-3c728cbb418d] DEBUG c.c.r.client.PaymentServiceClient - [PaymentServiceClient#getAllPayments] <--- HTTP/1.1 200 (63ms)
2026-03-05 22:17:34.639 [AsyncResolver-bootstrap-executor-0] [] INFO  c.n.d.s.r.aws.ConfigClusterResolver - Resolving eureka endpoints via configuration
2026-03-05 22:18:29.269 [http-nio-8087-exec-1] [7e97dd62-1f54-4248-9711-265f0dd76a99] DEBUG o.s.security.web.FilterChainProxy - Securing POST /api/reports/status-change
2026-03-05 22:18:29.279 [http-nio-8087-exec-1] [7e97dd62-1f54-4248-9711-265f0dd76a99] DEBUG c.c.r.s.JwtAuthenticationFilter - Authenticated user: naveen123 for URI: /api/reports/status-change
2026-03-05 22:18:29.279 [http-nio-8087-exec-1] [7e97dd62-1f54-4248-9711-265f0dd76a99] DEBUG o.s.security.web.FilterChainProxy - Secured POST /api/reports/status-change
2026-03-05 22:18:29.285 [http-nio-8087-exec-1] [7e97dd62-1f54-4248-9711-265f0dd76a99] DEBUG o.s.s.a.m.AuthorizationManagerBeforeMethodInterceptor - Authorizing method invocation ReflectiveMethodInvocation: public org.springframework.http.ResponseEntity com.claimswift.reportingservice.controller.ReportingController.reportStatusChange(java.util.Map); target is of class [com.claimswift.reportingservice.controller.ReportingController]
2026-03-05 22:18:29.285 [http-nio-8087-exec-1] [7e97dd62-1f54-4248-9711-265f0dd76a99] DEBUG o.s.s.a.h.RoleHierarchyImpl - getReachableGrantedAuthorities() - From the roles [ROLE_ADJUSTER] one can reach [ROLE_POLICYHOLDER, ROLE_ADJUSTER] in zero or more steps.
2026-03-05 22:18:29.285 [http-nio-8087-exec-1] [7e97dd62-1f54-4248-9711-265f0dd76a99] DEBUG o.s.s.a.m.AuthorizationManagerBeforeMethodInterceptor - Authorized method invocation ReflectiveMethodInvocation: public org.springframework.http.ResponseEntity com.claimswift.reportingservice.controller.ReportingController.reportStatusChange(java.util.Map); target is of class [com.claimswift.reportingservice.controller.ReportingController]
2026-03-05 22:18:29.285 [http-nio-8087-exec-1] [7e97dd62-1f54-4248-9711-265f0dd76a99] INFO  c.c.r.controller.ReportingController - Claim status change received: {newStatus=APPROVED, oldStatus=ADJUSTED, claimId=3, claimNumber=CLM-B29899A5, timestamp=2026-03-05T22:18:29.2538971}
2026-03-05 22:18:31.091 [http-nio-8087-exec-3] [7e97dd62-1f54-4248-9711-265f0dd76a99] DEBUG o.s.security.web.FilterChainProxy - Securing POST /api/reports/status-change
2026-03-05 22:18:31.097 [http-nio-8087-exec-3] [7e97dd62-1f54-4248-9711-265f0dd76a99] DEBUG c.c.r.s.JwtAuthenticationFilter - Authenticated user: naveen123 for URI: /api/reports/status-change
2026-03-05 22:18:31.097 [http-nio-8087-exec-3] [7e97dd62-1f54-4248-9711-265f0dd76a99] DEBUG o.s.security.web.FilterChainProxy - Secured POST /api/reports/status-change
2026-03-05 22:18:31.107 [http-nio-8087-exec-3] [7e97dd62-1f54-4248-9711-265f0dd76a99] DEBUG o.s.s.a.m.AuthorizationManagerBeforeMethodInterceptor - Authorizing method invocation ReflectiveMethodInvocation: public org.springframework.http.ResponseEntity com.claimswift.reportingservice.controller.ReportingController.reportStatusChange(java.util.Map); target is of class [com.claimswift.reportingservice.controller.ReportingController]
2026-03-05 22:18:31.107 [http-nio-8087-exec-3] [7e97dd62-1f54-4248-9711-265f0dd76a99] DEBUG o.s.s.a.h.RoleHierarchyImpl - getReachableGrantedAuthorities() - From the roles [ROLE_ADJUSTER] one can reach [ROLE_POLICYHOLDER, ROLE_ADJUSTER] in zero or more steps.
2026-03-05 22:18:31.107 [http-nio-8087-exec-3] [7e97dd62-1f54-4248-9711-265f0dd76a99] DEBUG o.s.s.a.m.AuthorizationManagerBeforeMethodInterceptor - Authorized method invocation ReflectiveMethodInvocation: public org.springframework.http.ResponseEntity com.claimswift.reportingservice.controller.ReportingController.reportStatusChange(java.util.Map); target is of class [com.claimswift.reportingservice.controller.ReportingController]
2026-03-05 22:18:31.107 [http-nio-8087-exec-3] [7e97dd62-1f54-4248-9711-265f0dd76a99] INFO  c.c.r.controller.ReportingController - Claim status change received: {newStatus=PAID, oldStatus=APPROVED, claimId=3, claimNumber=CLM-B29899A5, timestamp=2026-03-05T22:18:31.0822542}
2026-03-05 22:19:13.524 [http-nio-8087-exec-7] [c98dea46-c3a5-41c6-b2fe-889650ed9663] DEBUG o.s.security.web.FilterChainProxy - Securing GET /api/reports/adjusters/performance
2026-03-05 22:19:13.524 [http-nio-8087-exec-4] [ff55ea50-7ac4-4627-9580-de10806d342c] DEBUG o.s.security.web.FilterChainProxy - Securing GET /api/reports/payments
2026-03-05 22:19:13.524 [http-nio-8087-exec-2] [4c0a3a16-bbae-4e9c-b43f-19d9f385e200] DEBUG o.s.security.web.FilterChainProxy - Securing GET /api/reports/claims/summary
2026-03-05 22:19:13.539 [http-nio-8087-exec-7] [c98dea46-c3a5-41c6-b2fe-889650ed9663] DEBUG c.c.r.s.JwtAuthenticationFilter - Authenticated user: shashank123 for URI: /api/reports/adjusters/performance
2026-03-05 22:19:13.539 [http-nio-8087-exec-4] [ff55ea50-7ac4-4627-9580-de10806d342c] DEBUG c.c.r.s.JwtAuthenticationFilter - Authenticated user: shashank123 for URI: /api/reports/payments
2026-03-05 22:19:13.539 [http-nio-8087-exec-2] [4c0a3a16-bbae-4e9c-b43f-19d9f385e200] DEBUG c.c.r.s.JwtAuthenticationFilter - Authenticated user: shashank123 for URI: /api/reports/claims/summary
2026-03-05 22:19:13.539 [http-nio-8087-exec-2] [4c0a3a16-bbae-4e9c-b43f-19d9f385e200] DEBUG o.s.security.web.FilterChainProxy - Secured GET /api/reports/claims/summary
2026-03-05 22:19:13.539 [http-nio-8087-exec-4] [ff55ea50-7ac4-4627-9580-de10806d342c] DEBUG o.s.security.web.FilterChainProxy - Secured GET /api/reports/payments
2026-03-05 22:19:13.539 [http-nio-8087-exec-7] [c98dea46-c3a5-41c6-b2fe-889650ed9663] DEBUG o.s.security.web.FilterChainProxy - Secured GET /api/reports/adjusters/performance
2026-03-05 22:19:13.554 [http-nio-8087-exec-4] [ff55ea50-7ac4-4627-9580-de10806d342c] DEBUG o.s.s.a.m.AuthorizationManagerBeforeMethodInterceptor - Authorizing method invocation ReflectiveMethodInvocation: public org.springframework.http.ResponseEntity com.claimswift.reportingservice.controller.ReportingController.getPaymentReport(java.time.LocalDate,java.time.LocalDate); target is of class [com.claimswift.reportingservice.controller.ReportingController]
2026-03-05 22:19:13.554 [http-nio-8087-exec-7] [c98dea46-c3a5-41c6-b2fe-889650ed9663] DEBUG o.s.s.a.m.AuthorizationManagerBeforeMethodInterceptor - Authorizing method invocation ReflectiveMethodInvocation: public org.springframework.http.ResponseEntity com.claimswift.reportingservice.controller.ReportingController.getAdjusterPerformanceReport(java.time.LocalDate,java.time.LocalDate); target is of class [com.claimswift.reportingservice.controller.ReportingController]
2026-03-05 22:19:13.554 [http-nio-8087-exec-2] [4c0a3a16-bbae-4e9c-b43f-19d9f385e200] DEBUG o.s.s.a.m.AuthorizationManagerBeforeMethodInterceptor - Authorizing method invocation ReflectiveMethodInvocation: public org.springframework.http.ResponseEntity com.claimswift.reportingservice.controller.ReportingController.getClaimSummaryReport(java.time.LocalDate,java.time.LocalDate); target is of class [com.claimswift.reportingservice.controller.ReportingController]
2026-03-05 22:19:13.555 [http-nio-8087-exec-4] [ff55ea50-7ac4-4627-9580-de10806d342c] DEBUG o.s.s.a.h.RoleHierarchyImpl - getReachableGrantedAuthorities() - From the roles [ROLE_MANAGER] one can reach [ROLE_POLICYHOLDER, ROLE_MANAGER, ROLE_ADJUSTER] in zero or more steps.
2026-03-05 22:19:13.555 [http-nio-8087-exec-7] [c98dea46-c3a5-41c6-b2fe-889650ed9663] DEBUG o.s.s.a.h.RoleHierarchyImpl - getReachableGrantedAuthorities() - From the roles [ROLE_MANAGER] one can reach [ROLE_POLICYHOLDER, ROLE_MANAGER, ROLE_ADJUSTER] in zero or more steps.
2026-03-05 22:19:13.555 [http-nio-8087-exec-2] [4c0a3a16-bbae-4e9c-b43f-19d9f385e200] DEBUG o.s.s.a.h.RoleHierarchyImpl - getReachableGrantedAuthorities() - From the roles [ROLE_MANAGER] one can reach [ROLE_POLICYHOLDER, ROLE_MANAGER, ROLE_ADJUSTER] in zero or more steps.
2026-03-05 22:19:13.555 [http-nio-8087-exec-4] [ff55ea50-7ac4-4627-9580-de10806d342c] DEBUG o.s.s.a.m.AuthorizationManagerBeforeMethodInterceptor - Authorized method invocation ReflectiveMethodInvocation: public org.springframework.http.ResponseEntity com.claimswift.reportingservice.controller.ReportingController.getPaymentReport(java.time.LocalDate,java.time.LocalDate); target is of class [com.claimswift.reportingservice.controller.ReportingController]
2026-03-05 22:19:13.555 [http-nio-8087-exec-7] [c98dea46-c3a5-41c6-b2fe-889650ed9663] DEBUG o.s.s.a.m.AuthorizationManagerBeforeMethodInterceptor - Authorized method invocation ReflectiveMethodInvocation: public org.springframework.http.ResponseEntity com.claimswift.reportingservice.controller.ReportingController.getAdjusterPerformanceReport(java.time.LocalDate,java.time.LocalDate); target is of class [com.claimswift.reportingservice.controller.ReportingController]
2026-03-05 22:19:13.555 [http-nio-8087-exec-2] [4c0a3a16-bbae-4e9c-b43f-19d9f385e200] DEBUG o.s.s.a.m.AuthorizationManagerBeforeMethodInterceptor - Authorized method invocation ReflectiveMethodInvocation: public org.springframework.http.ResponseEntity com.claimswift.reportingservice.controller.ReportingController.getClaimSummaryReport(java.time.LocalDate,java.time.LocalDate); target is of class [com.claimswift.reportingservice.controller.ReportingController]
2026-03-05 22:19:13.555 [http-nio-8087-exec-7] [c98dea46-c3a5-41c6-b2fe-889650ed9663] INFO  c.c.r.controller.ReportingController - Generating adjuster performance report for period: null to null
2026-03-05 22:19:13.555 [http-nio-8087-exec-4] [ff55ea50-7ac4-4627-9580-de10806d342c] INFO  c.c.r.controller.ReportingController - Generating payment report for period: null to null
2026-03-05 22:19:13.555 [http-nio-8087-exec-2] [4c0a3a16-bbae-4e9c-b43f-19d9f385e200] INFO  c.c.r.controller.ReportingController - Generating claim summary report for period: null to null
2026-03-05 22:19:13.555 [http-nio-8087-exec-7] [c98dea46-c3a5-41c6-b2fe-889650ed9663] DEBUG c.c.r.client.ClaimServiceClient - [ClaimServiceClient#getAllClaims] ---> GET http://claim-service/api/claims/internal/all HTTP/1.1
2026-03-05 22:19:13.555 [http-nio-8087-exec-4] [ff55ea50-7ac4-4627-9580-de10806d342c] DEBUG c.c.r.client.PaymentServiceClient - [PaymentServiceClient#getAllPayments] ---> GET http://payment-service/api/payments/internal/all HTTP/1.1
2026-03-05 22:19:13.555 [http-nio-8087-exec-2] [4c0a3a16-bbae-4e9c-b43f-19d9f385e200] DEBUG c.c.r.client.ClaimServiceClient - [ClaimServiceClient#getAllClaims] ---> GET http://claim-service/api/claims/internal/all HTTP/1.1
2026-03-05 22:19:13.604 [http-nio-8087-exec-7] [c98dea46-c3a5-41c6-b2fe-889650ed9663] DEBUG c.c.r.client.ClaimServiceClient - [ClaimServiceClient#getAllClaims] <--- HTTP/1.1 200 (48ms)
2026-03-05 22:19:13.608 [http-nio-8087-exec-2] [4c0a3a16-bbae-4e9c-b43f-19d9f385e200] DEBUG c.c.r.client.ClaimServiceClient - [ClaimServiceClient#getAllClaims] <--- HTTP/1.1 200 (50ms)
2026-03-05 22:19:13.639 [http-nio-8087-exec-4] [ff55ea50-7ac4-4627-9580-de10806d342c] DEBUG c.c.r.client.PaymentServiceClient - [PaymentServiceClient#getAllPayments] <--- HTTP/1.1 200 (81ms)
2026-03-05 22:20:06.166 [http-nio-8087-exec-5] [eae0259f-eb4a-46ad-a47d-239f84c54dbe] DEBUG o.s.security.web.FilterChainProxy - Securing GET /api/reports/adjusters/performance
2026-03-05 22:20:06.166 [http-nio-8087-exec-6] [3284908b-6192-4c52-b489-9448497c4512] DEBUG o.s.security.web.FilterChainProxy - Securing GET /api/reports/claims/summary
2026-03-05 22:20:06.166 [http-nio-8087-exec-9] [3df1c3a1-2d44-450a-a354-6880f86ef92a] DEBUG o.s.security.web.FilterChainProxy - Securing GET /api/reports/payments
2026-03-05 22:20:06.178 [http-nio-8087-exec-6] [3284908b-6192-4c52-b489-9448497c4512] DEBUG c.c.r.s.JwtAuthenticationFilter - Authenticated user: shashank123 for URI: /api/reports/claims/summary
2026-03-05 22:20:06.178 [http-nio-8087-exec-5] [eae0259f-eb4a-46ad-a47d-239f84c54dbe] DEBUG c.c.r.s.JwtAuthenticationFilter - Authenticated user: shashank123 for URI: /api/reports/adjusters/performance
2026-03-05 22:20:06.178 [http-nio-8087-exec-9] [3df1c3a1-2d44-450a-a354-6880f86ef92a] DEBUG c.c.r.s.JwtAuthenticationFilter - Authenticated user: shashank123 for URI: /api/reports/payments
2026-03-05 22:20:06.182 [http-nio-8087-exec-5] [eae0259f-eb4a-46ad-a47d-239f84c54dbe] DEBUG o.s.security.web.FilterChainProxy - Secured GET /api/reports/adjusters/performance
2026-03-05 22:20:06.182 [http-nio-8087-exec-6] [3284908b-6192-4c52-b489-9448497c4512] DEBUG o.s.security.web.FilterChainProxy - Secured GET /api/reports/claims/summary
2026-03-05 22:20:06.182 [http-nio-8087-exec-9] [3df1c3a1-2d44-450a-a354-6880f86ef92a] DEBUG o.s.security.web.FilterChainProxy - Secured GET /api/reports/payments
2026-03-05 22:20:06.192 [http-nio-8087-exec-5] [eae0259f-eb4a-46ad-a47d-239f84c54dbe] DEBUG o.s.s.a.m.AuthorizationManagerBeforeMethodInterceptor - Authorizing method invocation ReflectiveMethodInvocation: public org.springframework.http.ResponseEntity com.claimswift.reportingservice.controller.ReportingController.getAdjusterPerformanceReport(java.time.LocalDate,java.time.LocalDate); target is of class [com.claimswift.reportingservice.controller.ReportingController]
2026-03-05 22:20:06.192 [http-nio-8087-exec-9] [3df1c3a1-2d44-450a-a354-6880f86ef92a] DEBUG o.s.s.a.m.AuthorizationManagerBeforeMethodInterceptor - Authorizing method invocation ReflectiveMethodInvocation: public org.springframework.http.ResponseEntity com.claimswift.reportingservice.controller.ReportingController.getPaymentReport(java.time.LocalDate,java.time.LocalDate); target is of class [com.claimswift.reportingservice.controller.ReportingController]
2026-03-05 22:20:06.192 [http-nio-8087-exec-6] [3284908b-6192-4c52-b489-9448497c4512] DEBUG o.s.s.a.m.AuthorizationManagerBeforeMethodInterceptor - Authorizing method invocation ReflectiveMethodInvocation: public org.springframework.http.ResponseEntity com.claimswift.reportingservice.controller.ReportingController.getClaimSummaryReport(java.time.LocalDate,java.time.LocalDate); target is of class [com.claimswift.reportingservice.controller.ReportingController]
2026-03-05 22:20:06.193 [http-nio-8087-exec-5] [eae0259f-eb4a-46ad-a47d-239f84c54dbe] DEBUG o.s.s.a.h.RoleHierarchyImpl - getReachableGrantedAuthorities() - From the roles [ROLE_MANAGER] one can reach [ROLE_POLICYHOLDER, ROLE_MANAGER, ROLE_ADJUSTER] in zero or more steps.
2026-03-05 22:20:06.193 [http-nio-8087-exec-9] [3df1c3a1-2d44-450a-a354-6880f86ef92a] DEBUG o.s.s.a.h.RoleHierarchyImpl - getReachableGrantedAuthorities() - From the roles [ROLE_MANAGER] one can reach [ROLE_POLICYHOLDER, ROLE_MANAGER, ROLE_ADJUSTER] in zero or more steps.
2026-03-05 22:20:06.194 [http-nio-8087-exec-6] [3284908b-6192-4c52-b489-9448497c4512] DEBUG o.s.s.a.h.RoleHierarchyImpl - getReachableGrantedAuthorities() - From the roles [ROLE_MANAGER] one can reach [ROLE_POLICYHOLDER, ROLE_MANAGER, ROLE_ADJUSTER] in zero or more steps.
2026-03-05 22:20:06.194 [http-nio-8087-exec-5] [eae0259f-eb4a-46ad-a47d-239f84c54dbe] DEBUG o.s.s.a.m.AuthorizationManagerBeforeMethodInterceptor - Authorized method invocation ReflectiveMethodInvocation: public org.springframework.http.ResponseEntity com.claimswift.reportingservice.controller.ReportingController.getAdjusterPerformanceReport(java.time.LocalDate,java.time.LocalDate); target is of class [com.claimswift.reportingservice.controller.ReportingController]
2026-03-05 22:20:06.194 [http-nio-8087-exec-9] [3df1c3a1-2d44-450a-a354-6880f86ef92a] DEBUG o.s.s.a.m.AuthorizationManagerBeforeMethodInterceptor - Authorized method invocation ReflectiveMethodInvocation: public org.springframework.http.ResponseEntity com.claimswift.reportingservice.controller.ReportingController.getPaymentReport(java.time.LocalDate,java.time.LocalDate); target is of class [com.claimswift.reportingservice.controller.ReportingController]
2026-03-05 22:20:06.194 [http-nio-8087-exec-6] [3284908b-6192-4c52-b489-9448497c4512] DEBUG o.s.s.a.m.AuthorizationManagerBeforeMethodInterceptor - Authorized method invocation ReflectiveMethodInvocation: public org.springframework.http.ResponseEntity com.claimswift.reportingservice.controller.ReportingController.getClaimSummaryReport(java.time.LocalDate,java.time.LocalDate); target is of class [com.claimswift.reportingservice.controller.ReportingController]
2026-03-05 22:20:06.194 [http-nio-8087-exec-5] [eae0259f-eb4a-46ad-a47d-239f84c54dbe] INFO  c.c.r.controller.ReportingController - Generating adjuster performance report for period: null to null
2026-03-05 22:20:06.194 [http-nio-8087-exec-9] [3df1c3a1-2d44-450a-a354-6880f86ef92a] INFO  c.c.r.controller.ReportingController - Generating payment report for period: null to null
2026-03-05 22:20:06.196 [http-nio-8087-exec-6] [3284908b-6192-4c52-b489-9448497c4512] INFO  c.c.r.controller.ReportingController - Generating claim summary report for period: null to null
2026-03-05 22:20:06.196 [http-nio-8087-exec-6] [3284908b-6192-4c52-b489-9448497c4512] DEBUG c.c.r.client.ClaimServiceClient - [ClaimServiceClient#getAllClaims] ---> GET http://claim-service/api/claims/internal/all HTTP/1.1
2026-03-05 22:20:06.196 [http-nio-8087-exec-5] [eae0259f-eb4a-46ad-a47d-239f84c54dbe] DEBUG c.c.r.client.ClaimServiceClient - [ClaimServiceClient#getAllClaims] ---> GET http://claim-service/api/claims/internal/all HTTP/1.1
2026-03-05 22:20:06.196 [http-nio-8087-exec-9] [3df1c3a1-2d44-450a-a354-6880f86ef92a] DEBUG c.c.r.client.PaymentServiceClient - [PaymentServiceClient#getAllPayments] ---> GET http://payment-service/api/payments/internal/all HTTP/1.1
2026-03-05 22:20:06.225 [http-nio-8087-exec-5] [eae0259f-eb4a-46ad-a47d-239f84c54dbe] DEBUG c.c.r.client.ClaimServiceClient - [ClaimServiceClient#getAllClaims] <--- HTTP/1.1 200 (30ms)
2026-03-05 22:20:06.225 [http-nio-8087-exec-6] [3284908b-6192-4c52-b489-9448497c4512] DEBUG c.c.r.client.ClaimServiceClient - [ClaimServiceClient#getAllClaims] <--- HTTP/1.1 200 (30ms)
2026-03-05 22:20:06.245 [http-nio-8087-exec-9] [3df1c3a1-2d44-450a-a354-6880f86ef92a] DEBUG c.c.r.client.PaymentServiceClient - [PaymentServiceClient#getAllPayments] <--- HTTP/1.1 200 (56ms)
2026-03-05 22:20:38.900 [http-nio-8087-exec-10] [a8ae4986-4194-404e-bd34-fda0a011d51f] DEBUG o.s.security.web.FilterChainProxy - Securing POST /api/reports/status-change
2026-03-05 22:20:38.909 [http-nio-8087-exec-10] [a8ae4986-4194-404e-bd34-fda0a011d51f] DEBUG c.c.r.s.JwtAuthenticationFilter - Authenticated user: shashank123 for URI: /api/reports/status-change
2026-03-05 22:20:38.917 [http-nio-8087-exec-10] [a8ae4986-4194-404e-bd34-fda0a011d51f] DEBUG o.s.security.web.FilterChainProxy - Secured POST /api/reports/status-change
2026-03-05 22:20:38.917 [http-nio-8087-exec-10] [a8ae4986-4194-404e-bd34-fda0a011d51f] DEBUG o.s.s.a.m.AuthorizationManagerBeforeMethodInterceptor - Authorizing method invocation ReflectiveMethodInvocation: public org.springframework.http.ResponseEntity com.claimswift.reportingservice.controller.ReportingController.reportStatusChange(java.util.Map); target is of class [com.claimswift.reportingservice.controller.ReportingController]
2026-03-05 22:20:38.917 [http-nio-8087-exec-10] [a8ae4986-4194-404e-bd34-fda0a011d51f] DEBUG o.s.s.a.h.RoleHierarchyImpl - getReachableGrantedAuthorities() - From the roles [ROLE_MANAGER] one can reach [ROLE_POLICYHOLDER, ROLE_MANAGER, ROLE_ADJUSTER] in zero or more steps.
2026-03-05 22:20:38.917 [http-nio-8087-exec-10] [a8ae4986-4194-404e-bd34-fda0a011d51f] DEBUG o.s.s.a.m.AuthorizationManagerBeforeMethodInterceptor - Authorized method invocation ReflectiveMethodInvocation: public org.springframework.http.ResponseEntity com.claimswift.reportingservice.controller.ReportingController.reportStatusChange(java.util.Map); target is of class [com.claimswift.reportingservice.controller.ReportingController]
2026-03-05 22:20:38.917 [http-nio-8087-exec-10] [a8ae4986-4194-404e-bd34-fda0a011d51f] INFO  c.c.r.controller.ReportingController - Claim status change received: {newStatus=PAID, oldStatus=APPROVED, claimId=1, claimNumber=CLM-F7FAA8A1, timestamp=2026-03-05T22:20:38.8795711}
2026-03-05 22:22:34.652 [AsyncResolver-bootstrap-executor-0] [] INFO  c.n.d.s.r.aws.ConfigClusterResolver - Resolving eureka endpoints via configuration
2026-03-05 22:27:34.658 [AsyncResolver-bootstrap-executor-0] [] INFO  c.n.d.s.r.aws.ConfigClusterResolver - Resolving eureka endpoints via configuration
2026-03-05 22:28:44.547 [http-nio-8087-exec-7] [c34f30c6-e5bc-4182-a7d8-f985f00fda4e] DEBUG o.s.security.web.FilterChainProxy - Securing GET /api/reports/adjusters/performance
2026-03-05 22:28:44.552 [http-nio-8087-exec-2] [47e4105e-ba94-49a8-bb01-2a92c805d981] DEBUG o.s.security.web.FilterChainProxy - Securing GET /api/reports/claims/summary
2026-03-05 22:28:44.555 [http-nio-8087-exec-4] [f63b2518-65d4-42d6-a022-db730b8fa14a] DEBUG o.s.security.web.FilterChainProxy - Securing GET /api/reports/payments
2026-03-05 22:28:44.555 [http-nio-8087-exec-2] [47e4105e-ba94-49a8-bb01-2a92c805d981] DEBUG c.c.r.s.JwtAuthenticationFilter - Authenticated user: shashank123 for URI: /api/reports/claims/summary
2026-03-05 22:28:44.560 [http-nio-8087-exec-7] [c34f30c6-e5bc-4182-a7d8-f985f00fda4e] DEBUG c.c.r.s.JwtAuthenticationFilter - Authenticated user: shashank123 for URI: /api/reports/adjusters/performance
2026-03-05 22:28:44.564 [http-nio-8087-exec-2] [47e4105e-ba94-49a8-bb01-2a92c805d981] DEBUG o.s.security.web.FilterChainProxy - Secured GET /api/reports/claims/summary
2026-03-05 22:28:44.564 [http-nio-8087-exec-4] [f63b2518-65d4-42d6-a022-db730b8fa14a] DEBUG c.c.r.s.JwtAuthenticationFilter - Authenticated user: shashank123 for URI: /api/reports/payments
2026-03-05 22:28:44.567 [http-nio-8087-exec-2] [47e4105e-ba94-49a8-bb01-2a92c805d981] DEBUG o.s.s.a.m.AuthorizationManagerBeforeMethodInterceptor - Authorizing method invocation ReflectiveMethodInvocation: public org.springframework.http.ResponseEntity com.claimswift.reportingservice.controller.ReportingController.getClaimSummaryReport(java.time.LocalDate,java.time.LocalDate); target is of class [com.claimswift.reportingservice.controller.ReportingController]
2026-03-05 22:28:44.569 [http-nio-8087-exec-7] [c34f30c6-e5bc-4182-a7d8-f985f00fda4e] DEBUG o.s.security.web.FilterChainProxy - Secured GET /api/reports/adjusters/performance
2026-03-05 22:28:44.569 [http-nio-8087-exec-2] [47e4105e-ba94-49a8-bb01-2a92c805d981] DEBUG o.s.s.a.h.RoleHierarchyImpl - getReachableGrantedAuthorities() - From the roles [ROLE_MANAGER] one can reach [ROLE_POLICYHOLDER, ROLE_MANAGER, ROLE_ADJUSTER] in zero or more steps.
2026-03-05 22:28:44.569 [http-nio-8087-exec-2] [47e4105e-ba94-49a8-bb01-2a92c805d981] DEBUG o.s.s.a.m.AuthorizationManagerBeforeMethodInterceptor - Authorized method invocation ReflectiveMethodInvocation: public org.springframework.http.ResponseEntity com.claimswift.reportingservice.controller.ReportingController.getClaimSummaryReport(java.time.LocalDate,java.time.LocalDate); target is of class [com.claimswift.reportingservice.controller.ReportingController]
2026-03-05 22:28:44.571 [http-nio-8087-exec-2] [47e4105e-ba94-49a8-bb01-2a92c805d981] INFO  c.c.r.controller.ReportingController - Generating claim summary report for period: null to null
2026-03-05 22:28:44.571 [http-nio-8087-exec-7] [c34f30c6-e5bc-4182-a7d8-f985f00fda4e] DEBUG o.s.s.a.m.AuthorizationManagerBeforeMethodInterceptor - Authorizing method invocation ReflectiveMethodInvocation: public org.springframework.http.ResponseEntity com.claimswift.reportingservice.controller.ReportingController.getAdjusterPerformanceReport(java.time.LocalDate,java.time.LocalDate); target is of class [com.claimswift.reportingservice.controller.ReportingController]
2026-03-05 22:28:44.571 [http-nio-8087-exec-7] [c34f30c6-e5bc-4182-a7d8-f985f00fda4e] DEBUG o.s.s.a.h.RoleHierarchyImpl - getReachableGrantedAuthorities() - From the roles [ROLE_MANAGER] one can reach [ROLE_POLICYHOLDER, ROLE_MANAGER, ROLE_ADJUSTER] in zero or more steps.
2026-03-05 22:28:44.571 [http-nio-8087-exec-2] [47e4105e-ba94-49a8-bb01-2a92c805d981] DEBUG c.c.r.client.ClaimServiceClient - [ClaimServiceClient#getAllClaims] ---> GET http://claim-service/api/claims/internal/all HTTP/1.1
2026-03-05 22:28:44.572 [http-nio-8087-exec-7] [c34f30c6-e5bc-4182-a7d8-f985f00fda4e] DEBUG o.s.s.a.m.AuthorizationManagerBeforeMethodInterceptor - Authorized method invocation ReflectiveMethodInvocation: public org.springframework.http.ResponseEntity com.claimswift.reportingservice.controller.ReportingController.getAdjusterPerformanceReport(java.time.LocalDate,java.time.LocalDate); target is of class [com.claimswift.reportingservice.controller.ReportingController]
2026-03-05 22:28:44.573 [http-nio-8087-exec-4] [f63b2518-65d4-42d6-a022-db730b8fa14a] DEBUG o.s.security.web.FilterChainProxy - Secured GET /api/reports/payments
2026-03-05 22:28:44.573 [http-nio-8087-exec-7] [c34f30c6-e5bc-4182-a7d8-f985f00fda4e] INFO  c.c.r.controller.ReportingController - Generating adjuster performance report for period: null to null
2026-03-05 22:28:44.573 [http-nio-8087-exec-7] [c34f30c6-e5bc-4182-a7d8-f985f00fda4e] DEBUG c.c.r.client.ClaimServiceClient - [ClaimServiceClient#getAllClaims] ---> GET http://claim-service/api/claims/internal/all HTTP/1.1
2026-03-05 22:28:44.575 [http-nio-8087-exec-4] [f63b2518-65d4-42d6-a022-db730b8fa14a] DEBUG o.s.s.a.m.AuthorizationManagerBeforeMethodInterceptor - Authorizing method invocation ReflectiveMethodInvocation: public org.springframework.http.ResponseEntity com.claimswift.reportingservice.controller.ReportingController.getPaymentReport(java.time.LocalDate,java.time.LocalDate); target is of class [com.claimswift.reportingservice.controller.ReportingController]
2026-03-05 22:28:44.575 [http-nio-8087-exec-4] [f63b2518-65d4-42d6-a022-db730b8fa14a] DEBUG o.s.s.a.h.RoleHierarchyImpl - getReachableGrantedAuthorities() - From the roles [ROLE_MANAGER] one can reach [ROLE_POLICYHOLDER, ROLE_MANAGER, ROLE_ADJUSTER] in zero or more steps.
2026-03-05 22:28:44.575 [http-nio-8087-exec-4] [f63b2518-65d4-42d6-a022-db730b8fa14a] DEBUG o.s.s.a.m.AuthorizationManagerBeforeMethodInterceptor - Authorized method invocation ReflectiveMethodInvocation: public org.springframework.http.ResponseEntity com.claimswift.reportingservice.controller.ReportingController.getPaymentReport(java.time.LocalDate,java.time.LocalDate); target is of class [com.claimswift.reportingservice.controller.ReportingController]
2026-03-05 22:28:44.575 [http-nio-8087-exec-4] [f63b2518-65d4-42d6-a022-db730b8fa14a] INFO  c.c.r.controller.ReportingController - Generating payment report for period: null to null
2026-03-05 22:28:44.575 [http-nio-8087-exec-4] [f63b2518-65d4-42d6-a022-db730b8fa14a] DEBUG c.c.r.client.PaymentServiceClient - [PaymentServiceClient#getAllPayments] ---> GET http://payment-service/api/payments/internal/all HTTP/1.1
2026-03-05 22:28:44.621 [http-nio-8087-exec-7] [c34f30c6-e5bc-4182-a7d8-f985f00fda4e] DEBUG c.c.r.client.ClaimServiceClient - [ClaimServiceClient#getAllClaims] <--- HTTP/1.1 200 (50ms)
2026-03-05 22:28:44.630 [http-nio-8087-exec-2] [47e4105e-ba94-49a8-bb01-2a92c805d981] DEBUG c.c.r.client.ClaimServiceClient - [ClaimServiceClient#getAllClaims] <--- HTTP/1.1 200 (57ms)
2026-03-05 22:28:44.651 [http-nio-8087-exec-4] [f63b2518-65d4-42d6-a022-db730b8fa14a] DEBUG c.c.r.client.PaymentServiceClient - [PaymentServiceClient#getAllPayments] <--- HTTP/1.1 200 (71ms)
2026-03-05 22:32:34.674 [AsyncResolver-bootstrap-executor-0] [] INFO  c.n.d.s.r.aws.ConfigClusterResolver - Resolving eureka endpoints via configuration
2026-03-07 11:03:22.926 [main] [] INFO  o.s.c.c.c.ConfigServicePropertySourceLocator - Fetching config from server at : http://localhost:8888
2026-03-07 11:03:22.943 [main] [] WARN  o.s.c.c.c.ConfigServicePropertySourceLocator - Could not locate PropertySource: 401 : [no body]
2026-03-07 11:03:22.947 [main] [] INFO  c.c.r.ReportingServiceApplication - No active profile set, falling back to 1 default profile: "default"
2026-03-07 11:03:22.956 [main] [] INFO  o.s.c.c.c.ConfigServerConfigDataLoader - Fetching config from server at : http://localhost:8888
2026-03-07 11:03:22.956 [main] [] INFO  o.s.c.c.c.ConfigServerConfigDataLoader - Located environment: name=reporting-service, profiles=[default], label=null, version=null, state=null
2026-03-07 11:03:23.489 [main] [] INFO  o.s.d.r.c.RepositoryConfigurationDelegate - Bootstrapping Spring Data JPA repositories in DEFAULT mode.
2026-03-07 11:03:23.526 [main] [] INFO  o.s.d.r.c.RepositoryConfigurationDelegate - Finished Spring Data repository scanning in 17 ms. Found 0 JPA repository interfaces.
2026-03-07 11:03:23.746 [main] [] INFO  o.s.cloud.context.scope.GenericScope - BeanFactory id=432ffbc4-1e90-37ad-8ac3-10ec07fa0eb2
2026-03-07 11:03:24.077 [main] [] WARN  o.s.c.s.PostProcessorRegistrationDelegate$BeanPostProcessorChecker - Bean 'org.springframework.cloud.client.loadbalancer.LoadBalancerAutoConfiguration$RetryInterceptorAutoConfiguration' of type [org.springframework.cloud.client.loadbalancer.LoadBalancerAutoConfiguration$RetryInterceptorAutoConfiguration] is not eligible for getting processed by all BeanPostProcessors (for example: not eligible for auto-proxying). The currently created BeanPostProcessor [lbRestClientPostProcessor] is declared through a non-static factory method on that class; consider declaring it as static instead.
2026-03-07 11:03:24.082 [main] [] WARN  o.s.c.s.PostProcessorRegistrationDelegate$BeanPostProcessorChecker - Bean 'org.springframework.cloud.loadbalancer.config.BlockingLoadBalancerClientAutoConfiguration' of type [org.springframework.cloud.loadbalancer.config.BlockingLoadBalancerClientAutoConfiguration] is not eligible for getting processed by all BeanPostProcessors (for example: not eligible for auto-proxying). Is this bean getting eagerly injected into a currently created BeanPostProcessor [lbRestClientPostProcessor]? Check the corresponding BeanPostProcessor declaration and its dependencies.
2026-03-07 11:03:24.084 [main] [] WARN  o.s.c.s.PostProcessorRegistrationDelegate$BeanPostProcessorChecker - Bean 'org.springframework.cloud.loadbalancer.config.LoadBalancerAutoConfiguration' of type [org.springframework.cloud.loadbalancer.config.LoadBalancerAutoConfiguration] is not eligible for getting processed by all BeanPostProcessors (for example: not eligible for auto-proxying). Is this bean getting eagerly injected into a currently created BeanPostProcessor [lbRestClientPostProcessor]? Check the corresponding BeanPostProcessor declaration and its dependencies.
2026-03-07 11:03:24.092 [main] [] WARN  o.s.c.s.PostProcessorRegistrationDelegate$BeanPostProcessorChecker - Bean 'org.springframework.cloud.commons.config.CommonsConfigAutoConfiguration' of type [org.springframework.cloud.commons.config.CommonsConfigAutoConfiguration] is not eligible for getting processed by all BeanPostProcessors (for example: not eligible for auto-proxying). Is this bean getting eagerly injected into a currently created BeanPostProcessor [lbRestClientPostProcessor]? Check the corresponding BeanPostProcessor declaration and its dependencies.
2026-03-07 11:03:24.095 [main] [] WARN  o.s.c.s.PostProcessorRegistrationDelegate$BeanPostProcessorChecker - Bean 'org.springframework.cloud.client.loadbalancer.LoadBalancerDefaultMappingsProviderAutoConfiguration' of type [org.springframework.cloud.client.loadbalancer.LoadBalancerDefaultMappingsProviderAutoConfiguration] is not eligible for getting processed by all BeanPostProcessors (for example: not eligible for auto-proxying). Is this bean getting eagerly injected into a currently created BeanPostProcessor [lbRestClientPostProcessor]? Check the corresponding BeanPostProcessor declaration and its dependencies.
2026-03-07 11:03:24.097 [main] [] WARN  o.s.c.s.PostProcessorRegistrationDelegate$BeanPostProcessorChecker - Bean 'loadBalancerClientsDefaultsMappingsProvider' of type [org.springframework.cloud.client.loadbalancer.LoadBalancerDefaultMappingsProviderAutoConfiguration$$Lambda/0x0000028d3357c708] is not eligible for getting processed by all BeanPostProcessors (for example: not eligible for auto-proxying). Is this bean getting eagerly injected into a currently created BeanPostProcessor [lbRestClientPostProcessor]? Check the corresponding BeanPostProcessor declaration and its dependencies.
2026-03-07 11:03:24.100 [main] [] WARN  o.s.c.s.PostProcessorRegistrationDelegate$BeanPostProcessorChecker - Bean 'defaultsBindHandlerAdvisor' of type [org.springframework.cloud.commons.config.DefaultsBindHandlerAdvisor] is not eligible for getting processed by all BeanPostProcessors (for example: not eligible for auto-proxying). Is this bean getting eagerly injected into a currently created BeanPostProcessor [lbRestClientPostProcessor]? Check the corresponding BeanPostProcessor declaration and its dependencies.
2026-03-07 11:03:24.105 [main] [] WARN  o.s.c.s.PostProcessorRegistrationDelegate$BeanPostProcessorChecker - Bean 'spring.cloud.loadbalancer-org.springframework.cloud.client.loadbalancer.LoadBalancerClientsProperties' of type [org.springframework.cloud.client.loadbalancer.LoadBalancerClientsProperties] is not eligible for getting processed by all BeanPostProcessors (for example: not eligible for auto-proxying). Is this bean getting eagerly injected into a currently created BeanPostProcessor [lbRestClientPostProcessor]? Check the corresponding BeanPostProcessor declaration and its dependencies.
2026-03-07 11:03:24.111 [main] [] WARN  o.s.c.s.PostProcessorRegistrationDelegate$BeanPostProcessorChecker - Bean 'default.org.springframework.cloud.loadbalancer.config.LoadBalancerAutoConfiguration.LoadBalancerClientSpecification' of type [org.springframework.cloud.loadbalancer.annotation.LoadBalancerClientSpecification] is not eligible for getting processed by all BeanPostProcessors (for example: not eligible for auto-proxying). Is this bean getting eagerly injected into a currently created BeanPostProcessor [lbRestClientPostProcessor]? Check the corresponding BeanPostProcessor declaration and its dependencies.
2026-03-07 11:03:24.113 [main] [] WARN  o.s.c.s.PostProcessorRegistrationDelegate$BeanPostProcessorChecker - Bean 'default.org.springframework.cloud.loadbalancer.config.BlockingLoadBalancerClientAutoConfiguration.LoadBalancerClientSpecification' of type [org.springframework.cloud.loadbalancer.annotation.LoadBalancerClientSpecification] is not eligible for getting processed by all BeanPostProcessors (for example: not eligible for auto-proxying). Is this bean getting eagerly injected into a currently created BeanPostProcessor [lbRestClientPostProcessor]? Check the corresponding BeanPostProcessor declaration and its dependencies.
2026-03-07 11:03:24.114 [main] [] WARN  o.s.c.s.PostProcessorRegistrationDelegate$BeanPostProcessorChecker - Bean 'default.org.springframework.cloud.netflix.eureka.loadbalancer.LoadBalancerEurekaAutoConfiguration.LoadBalancerClientSpecification' of type [org.springframework.cloud.loadbalancer.annotation.LoadBalancerClientSpecification] is not eligible for getting processed by all BeanPostProcessors (for example: not eligible for auto-proxying). Is this bean getting eagerly injected into a currently created BeanPostProcessor [lbRestClientPostProcessor]? Check the corresponding BeanPostProcessor declaration and its dependencies.
2026-03-07 11:03:24.115 [main] [] WARN  o.s.c.s.PostProcessorRegistrationDelegate$BeanPostProcessorChecker - Bean 'loadBalancerClientFactory' of type [org.springframework.cloud.loadbalancer.support.LoadBalancerClientFactory] is not eligible for getting processed by all BeanPostProcessors (for example: not eligible for auto-proxying). Is this bean getting eagerly injected into a currently created BeanPostProcessor [lbRestClientPostProcessor]? Check the corresponding BeanPostProcessor declaration and its dependencies.
2026-03-07 11:03:24.122 [main] [] WARN  o.s.c.s.PostProcessorRegistrationDelegate$BeanPostProcessorChecker - Bean 'blockingLoadBalancerClient' of type [org.springframework.cloud.loadbalancer.blocking.client.BlockingLoadBalancerClient] is not eligible for getting processed by all BeanPostProcessors (for example: not eligible for auto-proxying). Is this bean getting eagerly injected into a currently created BeanPostProcessor [lbRestClientPostProcessor]? Check the corresponding BeanPostProcessor declaration and its dependencies.
2026-03-07 11:03:24.128 [main] [] WARN  o.s.c.s.PostProcessorRegistrationDelegate$BeanPostProcessorChecker - Bean 'loadBalancerServiceInstanceCookieTransformer' of type [org.springframework.cloud.loadbalancer.core.LoadBalancerServiceInstanceCookieTransformer] is not eligible for getting processed by all BeanPostProcessors (for example: not eligible for auto-proxying). Is this bean getting eagerly injected into a currently created BeanPostProcessor [lbRestClientPostProcessor]? Check the corresponding BeanPostProcessor declaration and its dependencies.
2026-03-07 11:03:24.130 [main] [] WARN  o.s.c.s.PostProcessorRegistrationDelegate$BeanPostProcessorChecker - Bean 'xForwarderHeadersTransformer' of type [org.springframework.cloud.loadbalancer.blocking.XForwardedHeadersTransformer] is not eligible for getting processed by all BeanPostProcessors (for example: not eligible for auto-proxying). Is this bean getting eagerly injected into a currently created BeanPostProcessor [lbRestClientPostProcessor]? Check the corresponding BeanPostProcessor declaration and its dependencies.
2026-03-07 11:03:24.131 [main] [] WARN  o.s.c.s.PostProcessorRegistrationDelegate$BeanPostProcessorChecker - Bean 'org.springframework.cloud.client.loadbalancer.LoadBalancerAutoConfiguration' of type [org.springframework.cloud.client.loadbalancer.LoadBalancerAutoConfiguration] is not eligible for getting processed by all BeanPostProcessors (for example: not eligible for auto-proxying). Is this bean getting eagerly injected into a currently created BeanPostProcessor [lbRestClientPostProcessor]? Check the corresponding BeanPostProcessor declaration and its dependencies.
2026-03-07 11:03:24.134 [main] [] WARN  o.s.c.s.PostProcessorRegistrationDelegate$BeanPostProcessorChecker - Bean 'loadBalancerRequestFactory' of type [org.springframework.cloud.client.loadbalancer.LoadBalancerRequestFactory] is not eligible for getting processed by all BeanPostProcessors (for example: not eligible for auto-proxying). Is this bean getting eagerly injected into a currently created BeanPostProcessor [lbRestClientPostProcessor]? Check the corresponding BeanPostProcessor declaration and its dependencies.
2026-03-07 11:03:24.137 [main] [] WARN  o.s.c.s.PostProcessorRegistrationDelegate$BeanPostProcessorChecker - Bean 'org.springframework.cloud.loadbalancer.config.BlockingLoadBalancerClientAutoConfiguration$BlockingLoadBalancerRetryConfig' of type [org.springframework.cloud.loadbalancer.config.BlockingLoadBalancerClientAutoConfiguration$BlockingLoadBalancerRetryConfig$$SpringCGLIB$$0] is not eligible for getting processed by all BeanPostProcessors (for example: not eligible for auto-proxying). Is this bean getting eagerly injected into a currently created BeanPostProcessor [lbRestClientPostProcessor]? Check the corresponding BeanPostProcessor declaration and its dependencies.
2026-03-07 11:03:24.140 [main] [] WARN  o.s.c.s.PostProcessorRegistrationDelegate$BeanPostProcessorChecker - Bean 'loadBalancedRetryFactory' of type [org.springframework.cloud.loadbalancer.blocking.retry.BlockingLoadBalancedRetryFactory] is not eligible for getting processed by all BeanPostProcessors (for example: not eligible for auto-proxying). Is this bean getting eagerly injected into a currently created BeanPostProcessor [lbRestClientPostProcessor]? Check the corresponding BeanPostProcessor declaration and its dependencies.
2026-03-07 11:03:24.144 [main] [] WARN  o.s.c.s.PostProcessorRegistrationDelegate$BeanPostProcessorChecker - Bean 'loadBalancerInterceptor' of type [org.springframework.cloud.client.loadbalancer.RetryLoadBalancerInterceptor] is not eligible for getting processed by all BeanPostProcessors (for example: not eligible for auto-proxying). Is this bean getting eagerly injected into a currently created BeanPostProcessor [lbRestClientPostProcessor]? Check the corresponding BeanPostProcessor declaration and its dependencies.
2026-03-07 11:03:24.351 [main] [] INFO  o.s.b.w.e.tomcat.TomcatWebServer - Tomcat initialized with port 8087 (http)
2026-03-07 11:03:24.357 [main] [] INFO  o.a.catalina.core.StandardService - Starting service [Tomcat]
2026-03-07 11:03:24.357 [main] [] INFO  o.a.catalina.core.StandardEngine - Starting Servlet engine: [Apache Tomcat/10.1.16]
2026-03-07 11:03:24.411 [main] [] INFO  o.a.c.c.C.[Tomcat].[localhost].[/] - Initializing Spring embedded WebApplicationContext
2026-03-07 11:03:24.411 [main] [] INFO  o.s.b.w.s.c.ServletWebServerApplicationContext - Root WebApplicationContext: initialization completed in 1454 ms
2026-03-07 11:03:24.610 [main] [] DEBUG c.c.r.s.JwtAuthenticationFilter - Filter 'jwtAuthenticationFilter' configured for use
2026-03-07 11:03:24.610 [main] [] DEBUG c.c.r.filter.CorrelationIdFilter - Filter 'correlationIdFilter' configured for use
2026-03-07 11:03:24.701 [main] [] INFO  o.h.jpa.internal.util.LogHelper - HHH000204: Processing PersistenceUnitInfo [name: default]
2026-03-07 11:03:24.733 [main] [] INFO  org.hibernate.Version - HHH000412: Hibernate ORM core version 6.3.1.Final
2026-03-07 11:03:24.755 [main] [] INFO  o.h.c.i.RegionFactoryInitiator - HHH000026: Second-level cache disabled
2026-03-07 11:03:24.890 [main] [] INFO  o.s.o.j.p.SpringPersistenceUnitInfo - No LoadTimeWeaver setup: ignoring JPA class transformer
2026-03-07 11:03:24.908 [main] [] INFO  com.zaxxer.hikari.HikariDataSource - HikariPool-1 - Starting...
2026-03-07 11:03:24.996 [main] [] INFO  com.zaxxer.hikari.pool.HikariPool - HikariPool-1 - Added connection com.mysql.cj.jdbc.ConnectionImpl@10230657
2026-03-07 11:03:24.997 [main] [] INFO  com.zaxxer.hikari.HikariDataSource - HikariPool-1 - Start completed.
2026-03-07 11:03:25.027 [main] [] WARN  org.hibernate.orm.deprecation - HHH90000025: MySQLDialect does not need to be specified explicitly using 'hibernate.dialect' (remove the property setting and it will be selected by default)
2026-03-07 11:03:25.206 [main] [] INFO  o.h.e.t.j.p.i.JtaPlatformInitiator - HHH000489: No JTA platform available (set 'hibernate.transaction.jta.platform' to enable JTA platform integration)
2026-03-07 11:03:25.211 [main] [] INFO  o.s.o.j.LocalContainerEntityManagerFactoryBean - Initialized JPA EntityManagerFactory for persistence unit 'default'
2026-03-07 11:03:25.299 [main] [] WARN  o.s.b.a.o.j.JpaBaseConfiguration$JpaWebConfiguration - spring.jpa.open-in-view is enabled by default. Therefore, database queries may be performed during view rendering. Explicitly configure spring.jpa.open-in-view to disable this warning
2026-03-07 11:03:25.408 [main] [] INFO  o.s.c.o.FeignClientFactoryBean - For 'claim-service' URL not provided. Will try picking an instance via load-balancing.
2026-03-07 11:03:25.457 [main] [] INFO  o.s.c.o.FeignClientFactoryBean - For 'payment-service' URL not provided. Will try picking an instance via load-balancing.
2026-03-07 11:03:25.524 [main] [] WARN  o.s.b.a.s.s.UserDetailsServiceAutoConfiguration - 

Using generated security password: 1c2f0d9d-76da-410d-90de-75741b2e96d4

This generated password is for development use only. Your security configuration must be updated before running your application in production.

2026-03-07 11:03:25.592 [main] [] DEBUG o.s.s.a.h.RoleHierarchyImpl - setHierarchy() - The following role hierarchy was set: ROLE_ADMIN > ROLE_MANAGER
ROLE_MANAGER > ROLE_ADJUSTER
ROLE_ADJUSTER > ROLE_POLICYHOLDER

2026-03-07 11:03:25.593 [main] [] DEBUG o.s.s.a.h.RoleHierarchyImpl - buildRolesReachableInOneStepMap() - From role ROLE_ADMIN one can reach role ROLE_MANAGER in one step.
2026-03-07 11:03:25.593 [main] [] DEBUG o.s.s.a.h.RoleHierarchyImpl - buildRolesReachableInOneStepMap() - From role ROLE_MANAGER one can reach role ROLE_ADJUSTER in one step.
2026-03-07 11:03:25.593 [main] [] DEBUG o.s.s.a.h.RoleHierarchyImpl - buildRolesReachableInOneStepMap() - From role ROLE_ADJUSTER one can reach role ROLE_POLICYHOLDER in one step.
2026-03-07 11:03:25.593 [main] [] DEBUG o.s.s.a.h.RoleHierarchyImpl - buildRolesReachableInOneOrMoreStepsMap() - From role ROLE_MANAGER one can reach [ROLE_POLICYHOLDER, ROLE_ADJUSTER] in one or more steps.
2026-03-07 11:03:25.593 [main] [] DEBUG o.s.s.a.h.RoleHierarchyImpl - buildRolesReachableInOneOrMoreStepsMap() - From role ROLE_ADMIN one can reach [ROLE_POLICYHOLDER, ROLE_MANAGER, ROLE_ADJUSTER] in one or more steps.
2026-03-07 11:03:25.593 [main] [] DEBUG o.s.s.a.h.RoleHierarchyImpl - buildRolesReachableInOneOrMoreStepsMap() - From role ROLE_ADJUSTER one can reach [ROLE_POLICYHOLDER] in one or more steps.
2026-03-07 11:03:25.949 [main] [] INFO  o.s.b.a.e.web.EndpointLinksResolver - Exposing 4 endpoint(s) beneath base path '/actuator'
2026-03-07 11:03:26.011 [main] [] INFO  o.s.s.web.DefaultSecurityFilterChain - Will secure any request with [org.springframework.security.web.session.DisableEncodeUrlFilter@77217c17, org.springframework.security.web.context.request.async.WebAsyncManagerIntegrationFilter@87276c4, org.springframework.security.web.context.SecurityContextHolderFilter@ef1080d, org.springframework.security.web.header.HeaderWriterFilter@557f0a39, org.springframework.web.filter.CorsFilter@38f4a641, org.springframework.security.web.authentication.logout.LogoutFilter@3fb5809a, com.claimswift.reportingservice.security.JwtAuthenticationFilter@7831d1aa, org.springframework.security.web.savedrequest.RequestCacheAwareFilter@2cf6b6e6, org.springframework.security.web.servletapi.SecurityContextHolderAwareRequestFilter@7bb50747, org.springframework.security.web.authentication.AnonymousAuthenticationFilter@1902ad0f, org.springframework.security.web.session.SessionManagementFilter@7127f04b, org.springframework.security.web.access.ExceptionTranslationFilter@760f4310, org.springframework.security.web.access.intercept.AuthorizationFilter@70c2a046]
2026-03-07 11:03:26.373 [main] [] INFO  o.s.c.n.e.c.DiscoveryClientOptionalArgsConfiguration - Eureka HTTP Client uses RestTemplate.
2026-03-07 11:03:26.411 [main] [] WARN  o.s.c.l.c.LoadBalancerCacheAutoConfiguration$LoadBalancerCaffeineWarnLogger - Spring Cloud LoadBalancer is currently working with the default cache. While this cache implementation is useful for development and tests, it's recommended to use Caffeine cache in production.You can switch to using Caffeine cache, by adding it and org.springframework.cache.caffeine.CaffeineCacheManager to the classpath.
2026-03-07 11:03:26.468 [main] [] INFO  o.s.c.n.eureka.InstanceInfoFactory - Setting initial instance status as: STARTING
2026-03-07 11:03:26.527 [main] [] INFO  c.netflix.discovery.DiscoveryClient - Initializing Eureka in region us-east-1
2026-03-07 11:03:26.530 [main] [] INFO  c.n.d.s.r.aws.ConfigClusterResolver - Resolving eureka endpoints via configuration
2026-03-07 11:03:26.544 [main] [] INFO  c.netflix.discovery.DiscoveryClient - Disable delta property : false
2026-03-07 11:03:26.544 [main] [] INFO  c.netflix.discovery.DiscoveryClient - Single vip registry refresh property : null
2026-03-07 11:03:26.544 [main] [] INFO  c.netflix.discovery.DiscoveryClient - Force full registry fetch : false
2026-03-07 11:03:26.544 [main] [] INFO  c.netflix.discovery.DiscoveryClient - Application is null : false
2026-03-07 11:03:26.544 [main] [] INFO  c.netflix.discovery.DiscoveryClient - Registered Applications size is zero : true
2026-03-07 11:03:26.546 [main] [] INFO  c.netflix.discovery.DiscoveryClient - Application version is -1: true
2026-03-07 11:03:26.546 [main] [] INFO  c.netflix.discovery.DiscoveryClient - Getting all instance registry info from the eureka server
2026-03-07 11:03:26.767 [main] [] INFO  c.netflix.discovery.DiscoveryClient - The response status is 200
2026-03-07 11:03:26.768 [main] [] INFO  c.netflix.discovery.DiscoveryClient - Starting heartbeat executor: renew interval is: 30
2026-03-07 11:03:26.770 [main] [] INFO  c.n.discovery.InstanceInfoReplicator - InstanceInfoReplicator onDemand update allowed rate per min is 4
2026-03-07 11:03:26.773 [main] [] INFO  c.netflix.discovery.DiscoveryClient - Discovery Client initialized at timestamp 1772861606772 with initial instances count: 4
2026-03-07 11:03:26.779 [main] [] INFO  o.s.c.n.e.s.EurekaServiceRegistry - Registering application REPORTING-SERVICE with eureka with status UP
2026-03-07 11:03:26.779 [main] [] INFO  c.netflix.discovery.DiscoveryClient - Saw local status change event StatusChangeEvent [timestamp=1772861606779, current=UP, previous=STARTING]
2026-03-07 11:03:26.780 [main] [] WARN  c.n.discovery.InstanceInfoReplicator - Ignoring onDemand update due to rate limiter
2026-03-07 11:03:26.780 [DiscoveryClient-InstanceInfoReplicator-0] [] INFO  c.netflix.discovery.DiscoveryClient - DiscoveryClient_REPORTING-SERVICE/shashank:reporting-service:8087: registering service...
2026-03-07 11:03:26.794 [main] [] INFO  o.s.b.w.e.tomcat.TomcatWebServer - Tomcat started on port 8087 (http) with context path ''
2026-03-07 11:03:26.795 [main] [] INFO  o.s.c.n.e.s.EurekaAutoServiceRegistration - Updating port to 8087
2026-03-07 11:03:26.807 [main] [] INFO  c.c.r.ReportingServiceApplication - Started ReportingServiceApplication in 4.965 seconds (process running for 5.276)
2026-03-07 11:03:26.872 [DiscoveryClient-InstanceInfoReplicator-0] [] INFO  c.netflix.discovery.DiscoveryClient - DiscoveryClient_REPORTING-SERVICE/shashank:reporting-service:8087 - registration status: 204
2026-03-07 11:08:26.550 [AsyncResolver-bootstrap-executor-0] [] INFO  c.n.d.s.r.aws.ConfigClusterResolver - Resolving eureka endpoints via configuration
2026-03-07 11:13:26.563 [AsyncResolver-bootstrap-executor-0] [] INFO  c.n.d.s.r.aws.ConfigClusterResolver - Resolving eureka endpoints via configuration
2026-03-07 11:18:26.564 [AsyncResolver-bootstrap-executor-0] [] INFO  c.n.d.s.r.aws.ConfigClusterResolver - Resolving eureka endpoints via configuration
2026-03-07 11:23:26.580 [AsyncResolver-bootstrap-executor-0] [] INFO  c.n.d.s.r.aws.ConfigClusterResolver - Resolving eureka endpoints via configuration
2026-03-07 11:27:22.332 [http-nio-8087-exec-2] [] INFO  o.a.c.c.C.[Tomcat].[localhost].[/] - Initializing Spring DispatcherServlet 'dispatcherServlet'
2026-03-07 11:27:22.332 [http-nio-8087-exec-2] [] INFO  o.s.web.servlet.DispatcherServlet - Initializing Servlet 'dispatcherServlet'
2026-03-07 11:27:22.335 [http-nio-8087-exec-2] [] INFO  o.s.web.servlet.DispatcherServlet - Completed initialization in 3 ms
2026-03-07 11:27:22.348 [http-nio-8087-exec-2] [9dee1c54-cd21-4901-9df4-3a2c380264a7] DEBUG o.s.security.web.FilterChainProxy - Securing POST /api/reports/claim-event
2026-03-07 11:27:22.361 [http-nio-8087-exec-2] [9dee1c54-cd21-4901-9df4-3a2c380264a7] WARN  o.s.w.s.h.HandlerMappingIntrospector - Cache miss for REQUEST dispatch to '/api/reports/claim-event' (previous null). Performing CorsConfiguration lookup. This is logged once only at WARN level, and every time at TRACE.
2026-03-07 11:27:22.438 [http-nio-8087-exec-2] [9dee1c54-cd21-4901-9df4-3a2c380264a7] DEBUG c.c.r.s.JwtAuthenticationFilter - Authenticated user: shashank123 for URI: /api/reports/claim-event
2026-03-07 11:27:22.442 [http-nio-8087-exec-2] [9dee1c54-cd21-4901-9df4-3a2c380264a7] WARN  o.s.w.s.h.HandlerMappingIntrospector - Cache miss for REQUEST dispatch to '/api/reports/claim-event' (previous null). Performing MatchableHandlerMapping lookup. This is logged once only at WARN level, and every time at TRACE.
2026-03-07 11:27:22.450 [http-nio-8087-exec-2] [9dee1c54-cd21-4901-9df4-3a2c380264a7] DEBUG o.s.security.web.FilterChainProxy - Secured POST /api/reports/claim-event
2026-03-07 11:27:22.523 [http-nio-8087-exec-2] [9dee1c54-cd21-4901-9df4-3a2c380264a7] DEBUG o.s.s.a.m.AuthorizationManagerBeforeMethodInterceptor - Authorizing method invocation ReflectiveMethodInvocation: public org.springframework.http.ResponseEntity com.claimswift.reportingservice.controller.ReportingController.reportClaimEvent(java.util.Map); target is of class [com.claimswift.reportingservice.controller.ReportingController]
2026-03-07 11:27:22.543 [http-nio-8087-exec-2] [9dee1c54-cd21-4901-9df4-3a2c380264a7] DEBUG o.s.s.a.h.RoleHierarchyImpl - getReachableGrantedAuthorities() - From the roles [ROLE_POLICYHOLDER] one can reach [ROLE_POLICYHOLDER] in zero or more steps.
2026-03-07 11:27:22.549 [http-nio-8087-exec-2] [9dee1c54-cd21-4901-9df4-3a2c380264a7] DEBUG o.s.s.a.m.AuthorizationManagerBeforeMethodInterceptor - Authorized method invocation ReflectiveMethodInvocation: public org.springframework.http.ResponseEntity com.claimswift.reportingservice.controller.ReportingController.reportClaimEvent(java.util.Map); target is of class [com.claimswift.reportingservice.controller.ReportingController]
2026-03-07 11:27:22.598 [http-nio-8087-exec-2] [9dee1c54-cd21-4901-9df4-3a2c380264a7] INFO  c.c.r.controller.ReportingController - Claim event received: {claimId=1, eventType=CLAIM_SUBMITTED, claimNumber=CLM-4F2C858A, timestamp=2026-03-07T11:27:22.235673}
2026-03-07 11:27:34.617 [http-nio-8087-exec-5] [081be0e4-8b68-443a-ab0f-542994901457] DEBUG o.s.security.web.FilterChainProxy - Securing POST /api/reports/claim-event
2026-03-07 11:27:34.626 [http-nio-8087-exec-5] [081be0e4-8b68-443a-ab0f-542994901457] DEBUG c.c.r.s.JwtAuthenticationFilter - Authenticated user: shashank123 for URI: /api/reports/claim-event
2026-03-07 11:27:34.630 [http-nio-8087-exec-5] [081be0e4-8b68-443a-ab0f-542994901457] DEBUG o.s.security.web.FilterChainProxy - Secured POST /api/reports/claim-event
2026-03-07 11:27:34.632 [http-nio-8087-exec-5] [081be0e4-8b68-443a-ab0f-542994901457] DEBUG o.s.s.a.m.AuthorizationManagerBeforeMethodInterceptor - Authorizing method invocation ReflectiveMethodInvocation: public org.springframework.http.ResponseEntity com.claimswift.reportingservice.controller.ReportingController.reportClaimEvent(java.util.Map); target is of class [com.claimswift.reportingservice.controller.ReportingController]
2026-03-07 11:27:34.635 [http-nio-8087-exec-5] [081be0e4-8b68-443a-ab0f-542994901457] DEBUG o.s.s.a.h.RoleHierarchyImpl - getReachableGrantedAuthorities() - From the roles [ROLE_POLICYHOLDER] one can reach [ROLE_POLICYHOLDER] in zero or more steps.
2026-03-07 11:27:34.636 [http-nio-8087-exec-5] [081be0e4-8b68-443a-ab0f-542994901457] DEBUG o.s.s.a.m.AuthorizationManagerBeforeMethodInterceptor - Authorized method invocation ReflectiveMethodInvocation: public org.springframework.http.ResponseEntity com.claimswift.reportingservice.controller.ReportingController.reportClaimEvent(java.util.Map); target is of class [com.claimswift.reportingservice.controller.ReportingController]
2026-03-07 11:27:34.636 [http-nio-8087-exec-5] [081be0e4-8b68-443a-ab0f-542994901457] INFO  c.c.r.controller.ReportingController - Claim event received: {claimId=2, eventType=CLAIM_SUBMITTED, claimNumber=CLM-4E5D6DAF, timestamp=2026-03-07T11:27:34.6125516}
2026-03-07 11:28:26.582 [AsyncResolver-bootstrap-executor-0] [] INFO  c.n.d.s.r.aws.ConfigClusterResolver - Resolving eureka endpoints via configuration
2026-03-07 11:33:26.596 [AsyncResolver-bootstrap-executor-0] [] INFO  c.n.d.s.r.aws.ConfigClusterResolver - Resolving eureka endpoints via configuration
2026-03-07 11:38:26.602 [AsyncResolver-bootstrap-executor-0] [] INFO  c.n.d.s.r.aws.ConfigClusterResolver - Resolving eureka endpoints via configuration
2026-03-07 11:43:26.603 [AsyncResolver-bootstrap-executor-0] [] INFO  c.n.d.s.r.aws.ConfigClusterResolver - Resolving eureka endpoints via configuration
2026-03-07 11:48:26.604 [AsyncResolver-bootstrap-executor-0] [] INFO  c.n.d.s.r.aws.ConfigClusterResolver - Resolving eureka endpoints via configuration
2026-03-07 11:53:26.618 [AsyncResolver-bootstrap-executor-0] [] INFO  c.n.d.s.r.aws.ConfigClusterResolver - Resolving eureka endpoints via configuration
2026-03-07 11:58:26.620 [AsyncResolver-bootstrap-executor-0] [] INFO  c.n.d.s.r.aws.ConfigClusterResolver - Resolving eureka endpoints via configuration
2026-03-07 12:03:26.623 [AsyncResolver-bootstrap-executor-0] [] INFO  c.n.d.s.r.aws.ConfigClusterResolver - Resolving eureka endpoints via configuration
2026-03-07 12:08:26.629 [AsyncResolver-bootstrap-executor-0] [] INFO  c.n.d.s.r.aws.ConfigClusterResolver - Resolving eureka endpoints via configuration
2026-03-07 12:13:26.633 [AsyncResolver-bootstrap-executor-0] [] INFO  c.n.d.s.r.aws.ConfigClusterResolver - Resolving eureka endpoints via configuration
2026-03-07 12:18:26.643 [AsyncResolver-bootstrap-executor-0] [] INFO  c.n.d.s.r.aws.ConfigClusterResolver - Resolving eureka endpoints via configuration
2026-03-07 12:23:26.655 [AsyncResolver-bootstrap-executor-0] [] INFO  c.n.d.s.r.aws.ConfigClusterResolver - Resolving eureka endpoints via configuration
2026-03-07 12:28:26.670 [AsyncResolver-bootstrap-executor-0] [] INFO  c.n.d.s.r.aws.ConfigClusterResolver - Resolving eureka endpoints via configuration
2026-03-07 12:33:26.687 [AsyncResolver-bootstrap-executor-0] [] INFO  c.n.d.s.r.aws.ConfigClusterResolver - Resolving eureka endpoints via configuration
2026-03-07 12:38:26.692 [AsyncResolver-bootstrap-executor-0] [] INFO  c.n.d.s.r.aws.ConfigClusterResolver - Resolving eureka endpoints via configuration
2026-03-07 12:39:01.222 [SpringApplicationShutdownHook] [] INFO  o.s.c.n.e.s.EurekaServiceRegistry - Unregistering application REPORTING-SERVICE with eureka with status DOWN
2026-03-07 12:39:01.222 [SpringApplicationShutdownHook] [] INFO  c.netflix.discovery.DiscoveryClient - Saw local status change event StatusChangeEvent [timestamp=1772867341222, current=DOWN, previous=UP]
2026-03-07 12:39:01.222 [DiscoveryClient-InstanceInfoReplicator-0] [] INFO  c.netflix.discovery.DiscoveryClient - Saw local status change event StatusChangeEvent [timestamp=1772867341222, current=UP, previous=DOWN]
2026-03-07 12:39:01.224 [DiscoveryClient-InstanceInfoReplicator-0] [] INFO  c.netflix.discovery.DiscoveryClient - DiscoveryClient_REPORTING-SERVICE/shashank:reporting-service:8087: registering service...
2026-03-07 12:39:01.236 [SpringApplicationShutdownHook] [] INFO  o.s.o.j.LocalContainerEntityManagerFactoryBean - Closing JPA EntityManagerFactory for persistence unit 'default'
2026-03-07 12:39:01.239 [SpringApplicationShutdownHook] [] INFO  com.zaxxer.hikari.HikariDataSource - HikariPool-1 - Shutdown initiated...
2026-03-07 12:39:01.241 [SpringApplicationShutdownHook] [] INFO  com.zaxxer.hikari.HikariDataSource - HikariPool-1 - Shutdown completed.
2026-03-07 12:39:01.243 [SpringApplicationShutdownHook] [] INFO  c.netflix.discovery.DiscoveryClient - Shutting down DiscoveryClient ...
2026-03-07 12:39:01.304 [DiscoveryClient-InstanceInfoReplicator-0] [] INFO  c.netflix.discovery.DiscoveryClient - DiscoveryClient_REPORTING-SERVICE/shashank:reporting-service:8087 - registration status: 204
2026-03-07 12:39:01.306 [SpringApplicationShutdownHook] [] INFO  c.netflix.discovery.DiscoveryClient - Unregistering ...
2026-03-07 12:39:01.372 [SpringApplicationShutdownHook] [] INFO  c.netflix.discovery.DiscoveryClient - DiscoveryClient_REPORTING-SERVICE/shashank:reporting-service:8087 - deregister  status: 200
2026-03-07 12:39:01.376 [SpringApplicationShutdownHook] [] INFO  c.netflix.discovery.DiscoveryClient - Completed shut down of DiscoveryClient
2026-03-07 12:51:57.249 [main] [] INFO  o.s.c.c.c.ConfigServicePropertySourceLocator - Fetching config from server at : http://localhost:8888
2026-03-07 12:51:57.267 [main] [] WARN  o.s.c.c.c.ConfigServicePropertySourceLocator - Could not locate PropertySource: 401 : [no body]
2026-03-07 12:51:57.269 [main] [] INFO  c.c.r.ReportingServiceApplication - No active profile set, falling back to 1 default profile: "default"
2026-03-07 12:51:57.278 [main] [] INFO  o.s.c.c.c.ConfigServerConfigDataLoader - Fetching config from server at : http://localhost:8888
2026-03-07 12:51:57.278 [main] [] INFO  o.s.c.c.c.ConfigServerConfigDataLoader - Located environment: name=reporting-service, profiles=[default], label=null, version=null, state=null
2026-03-07 12:51:57.741 [main] [] INFO  o.s.d.r.c.RepositoryConfigurationDelegate - Bootstrapping Spring Data JPA repositories in DEFAULT mode.
2026-03-07 12:51:57.751 [main] [] INFO  o.s.d.r.c.RepositoryConfigurationDelegate - Finished Spring Data repository scanning in 5 ms. Found 0 JPA repository interfaces.
2026-03-07 12:51:57.916 [main] [] INFO  o.s.cloud.context.scope.GenericScope - BeanFactory id=432ffbc4-1e90-37ad-8ac3-10ec07fa0eb2
2026-03-07 12:51:58.181 [main] [] WARN  o.s.c.s.PostProcessorRegistrationDelegate$BeanPostProcessorChecker - Bean 'org.springframework.cloud.client.loadbalancer.LoadBalancerAutoConfiguration$RetryInterceptorAutoConfiguration' of type [org.springframework.cloud.client.loadbalancer.LoadBalancerAutoConfiguration$RetryInterceptorAutoConfiguration] is not eligible for getting processed by all BeanPostProcessors (for example: not eligible for auto-proxying). The currently created BeanPostProcessor [lbRestClientPostProcessor] is declared through a non-static factory method on that class; consider declaring it as static instead.
2026-03-07 12:51:58.185 [main] [] WARN  o.s.c.s.PostProcessorRegistrationDelegate$BeanPostProcessorChecker - Bean 'org.springframework.cloud.loadbalancer.config.BlockingLoadBalancerClientAutoConfiguration' of type [org.springframework.cloud.loadbalancer.config.BlockingLoadBalancerClientAutoConfiguration] is not eligible for getting processed by all BeanPostProcessors (for example: not eligible for auto-proxying). Is this bean getting eagerly injected into a currently created BeanPostProcessor [lbRestClientPostProcessor]? Check the corresponding BeanPostProcessor declaration and its dependencies.
2026-03-07 12:51:58.187 [main] [] WARN  o.s.c.s.PostProcessorRegistrationDelegate$BeanPostProcessorChecker - Bean 'org.springframework.cloud.loadbalancer.config.LoadBalancerAutoConfiguration' of type [org.springframework.cloud.loadbalancer.config.LoadBalancerAutoConfiguration] is not eligible for getting processed by all BeanPostProcessors (for example: not eligible for auto-proxying). Is this bean getting eagerly injected into a currently created BeanPostProcessor [lbRestClientPostProcessor]? Check the corresponding BeanPostProcessor declaration and its dependencies.
2026-03-07 12:51:58.193 [main] [] WARN  o.s.c.s.PostProcessorRegistrationDelegate$BeanPostProcessorChecker - Bean 'org.springframework.cloud.commons.config.CommonsConfigAutoConfiguration' of type [org.springframework.cloud.commons.config.CommonsConfigAutoConfiguration] is not eligible for getting processed by all BeanPostProcessors (for example: not eligible for auto-proxying). Is this bean getting eagerly injected into a currently created BeanPostProcessor [lbRestClientPostProcessor]? Check the corresponding BeanPostProcessor declaration and its dependencies.
2026-03-07 12:51:58.197 [main] [] WARN  o.s.c.s.PostProcessorRegistrationDelegate$BeanPostProcessorChecker - Bean 'org.springframework.cloud.client.loadbalancer.LoadBalancerDefaultMappingsProviderAutoConfiguration' of type [org.springframework.cloud.client.loadbalancer.LoadBalancerDefaultMappingsProviderAutoConfiguration] is not eligible for getting processed by all BeanPostProcessors (for example: not eligible for auto-proxying). Is this bean getting eagerly injected into a currently created BeanPostProcessor [lbRestClientPostProcessor]? Check the corresponding BeanPostProcessor declaration and its dependencies.
2026-03-07 12:51:58.198 [main] [] WARN  o.s.c.s.PostProcessorRegistrationDelegate$BeanPostProcessorChecker - Bean 'loadBalancerClientsDefaultsMappingsProvider' of type [org.springframework.cloud.client.loadbalancer.LoadBalancerDefaultMappingsProviderAutoConfiguration$$Lambda/0x000001c4a857d050] is not eligible for getting processed by all BeanPostProcessors (for example: not eligible for auto-proxying). Is this bean getting eagerly injected into a currently created BeanPostProcessor [lbRestClientPostProcessor]? Check the corresponding BeanPostProcessor declaration and its dependencies.
2026-03-07 12:51:58.200 [main] [] WARN  o.s.c.s.PostProcessorRegistrationDelegate$BeanPostProcessorChecker - Bean 'defaultsBindHandlerAdvisor' of type [org.springframework.cloud.commons.config.DefaultsBindHandlerAdvisor] is not eligible for getting processed by all BeanPostProcessors (for example: not eligible for auto-proxying). Is this bean getting eagerly injected into a currently created BeanPostProcessor [lbRestClientPostProcessor]? Check the corresponding BeanPostProcessor declaration and its dependencies.
2026-03-07 12:51:58.205 [main] [] WARN  o.s.c.s.PostProcessorRegistrationDelegate$BeanPostProcessorChecker - Bean 'spring.cloud.loadbalancer-org.springframework.cloud.client.loadbalancer.LoadBalancerClientsProperties' of type [org.springframework.cloud.client.loadbalancer.LoadBalancerClientsProperties] is not eligible for getting processed by all BeanPostProcessors (for example: not eligible for auto-proxying). Is this bean getting eagerly injected into a currently created BeanPostProcessor [lbRestClientPostProcessor]? Check the corresponding BeanPostProcessor declaration and its dependencies.
2026-03-07 12:51:58.210 [main] [] WARN  o.s.c.s.PostProcessorRegistrationDelegate$BeanPostProcessorChecker - Bean 'default.org.springframework.cloud.loadbalancer.config.LoadBalancerAutoConfiguration.LoadBalancerClientSpecification' of type [org.springframework.cloud.loadbalancer.annotation.LoadBalancerClientSpecification] is not eligible for getting processed by all BeanPostProcessors (for example: not eligible for auto-proxying). Is this bean getting eagerly injected into a currently created BeanPostProcessor [lbRestClientPostProcessor]? Check the corresponding BeanPostProcessor declaration and its dependencies.
2026-03-07 12:51:58.212 [main] [] WARN  o.s.c.s.PostProcessorRegistrationDelegate$BeanPostProcessorChecker - Bean 'default.org.springframework.cloud.loadbalancer.config.BlockingLoadBalancerClientAutoConfiguration.LoadBalancerClientSpecification' of type [org.springframework.cloud.loadbalancer.annotation.LoadBalancerClientSpecification] is not eligible for getting processed by all BeanPostProcessors (for example: not eligible for auto-proxying). Is this bean getting eagerly injected into a currently created BeanPostProcessor [lbRestClientPostProcessor]? Check the corresponding BeanPostProcessor declaration and its dependencies.
2026-03-07 12:51:58.213 [main] [] WARN  o.s.c.s.PostProcessorRegistrationDelegate$BeanPostProcessorChecker - Bean 'default.org.springframework.cloud.netflix.eureka.loadbalancer.LoadBalancerEurekaAutoConfiguration.LoadBalancerClientSpecification' of type [org.springframework.cloud.loadbalancer.annotation.LoadBalancerClientSpecification] is not eligible for getting processed by all BeanPostProcessors (for example: not eligible for auto-proxying). Is this bean getting eagerly injected into a currently created BeanPostProcessor [lbRestClientPostProcessor]? Check the corresponding BeanPostProcessor declaration and its dependencies.
2026-03-07 12:51:58.214 [main] [] WARN  o.s.c.s.PostProcessorRegistrationDelegate$BeanPostProcessorChecker - Bean 'loadBalancerClientFactory' of type [org.springframework.cloud.loadbalancer.support.LoadBalancerClientFactory] is not eligible for getting processed by all BeanPostProcessors (for example: not eligible for auto-proxying). Is this bean getting eagerly injected into a currently created BeanPostProcessor [lbRestClientPostProcessor]? Check the corresponding BeanPostProcessor declaration and its dependencies.
2026-03-07 12:51:58.219 [main] [] WARN  o.s.c.s.PostProcessorRegistrationDelegate$BeanPostProcessorChecker - Bean 'blockingLoadBalancerClient' of type [org.springframework.cloud.loadbalancer.blocking.client.BlockingLoadBalancerClient] is not eligible for getting processed by all BeanPostProcessors (for example: not eligible for auto-proxying). Is this bean getting eagerly injected into a currently created BeanPostProcessor [lbRestClientPostProcessor]? Check the corresponding BeanPostProcessor declaration and its dependencies.
2026-03-07 12:51:58.225 [main] [] WARN  o.s.c.s.PostProcessorRegistrationDelegate$BeanPostProcessorChecker - Bean 'loadBalancerServiceInstanceCookieTransformer' of type [org.springframework.cloud.loadbalancer.core.LoadBalancerServiceInstanceCookieTransformer] is not eligible for getting processed by all BeanPostProcessors (for example: not eligible for auto-proxying). Is this bean getting eagerly injected into a currently created BeanPostProcessor [lbRestClientPostProcessor]? Check the corresponding BeanPostProcessor declaration and its dependencies.
2026-03-07 12:51:58.227 [main] [] WARN  o.s.c.s.PostProcessorRegistrationDelegate$BeanPostProcessorChecker - Bean 'xForwarderHeadersTransformer' of type [org.springframework.cloud.loadbalancer.blocking.XForwardedHeadersTransformer] is not eligible for getting processed by all BeanPostProcessors (for example: not eligible for auto-proxying). Is this bean getting eagerly injected into a currently created BeanPostProcessor [lbRestClientPostProcessor]? Check the corresponding BeanPostProcessor declaration and its dependencies.
2026-03-07 12:51:58.228 [main] [] WARN  o.s.c.s.PostProcessorRegistrationDelegate$BeanPostProcessorChecker - Bean 'org.springframework.cloud.client.loadbalancer.LoadBalancerAutoConfiguration' of type [org.springframework.cloud.client.loadbalancer.LoadBalancerAutoConfiguration] is not eligible for getting processed by all BeanPostProcessors (for example: not eligible for auto-proxying). Is this bean getting eagerly injected into a currently created BeanPostProcessor [lbRestClientPostProcessor]? Check the corresponding BeanPostProcessor declaration and its dependencies.
2026-03-07 12:51:58.231 [main] [] WARN  o.s.c.s.PostProcessorRegistrationDelegate$BeanPostProcessorChecker - Bean 'loadBalancerRequestFactory' of type [org.springframework.cloud.client.loadbalancer.LoadBalancerRequestFactory] is not eligible for getting processed by all BeanPostProcessors (for example: not eligible for auto-proxying). Is this bean getting eagerly injected into a currently created BeanPostProcessor [lbRestClientPostProcessor]? Check the corresponding BeanPostProcessor declaration and its dependencies.
2026-03-07 12:51:58.233 [main] [] WARN  o.s.c.s.PostProcessorRegistrationDelegate$BeanPostProcessorChecker - Bean 'org.springframework.cloud.loadbalancer.config.BlockingLoadBalancerClientAutoConfiguration$BlockingLoadBalancerRetryConfig' of type [org.springframework.cloud.loadbalancer.config.BlockingLoadBalancerClientAutoConfiguration$BlockingLoadBalancerRetryConfig$$SpringCGLIB$$0] is not eligible for getting processed by all BeanPostProcessors (for example: not eligible for auto-proxying). Is this bean getting eagerly injected into a currently created BeanPostProcessor [lbRestClientPostProcessor]? Check the corresponding BeanPostProcessor declaration and its dependencies.
2026-03-07 12:51:58.236 [main] [] WARN  o.s.c.s.PostProcessorRegistrationDelegate$BeanPostProcessorChecker - Bean 'loadBalancedRetryFactory' of type [org.springframework.cloud.loadbalancer.blocking.retry.BlockingLoadBalancedRetryFactory] is not eligible for getting processed by all BeanPostProcessors (for example: not eligible for auto-proxying). Is this bean getting eagerly injected into a currently created BeanPostProcessor [lbRestClientPostProcessor]? Check the corresponding BeanPostProcessor declaration and its dependencies.
2026-03-07 12:51:58.239 [main] [] WARN  o.s.c.s.PostProcessorRegistrationDelegate$BeanPostProcessorChecker - Bean 'loadBalancerInterceptor' of type [org.springframework.cloud.client.loadbalancer.RetryLoadBalancerInterceptor] is not eligible for getting processed by all BeanPostProcessors (for example: not eligible for auto-proxying). Is this bean getting eagerly injected into a currently created BeanPostProcessor [lbRestClientPostProcessor]? Check the corresponding BeanPostProcessor declaration and its dependencies.
2026-03-07 12:51:58.406 [main] [] INFO  o.s.b.w.e.tomcat.TomcatWebServer - Tomcat initialized with port 8087 (http)
2026-03-07 12:51:58.412 [main] [] INFO  o.a.catalina.core.StandardService - Starting service [Tomcat]
2026-03-07 12:51:58.412 [main] [] INFO  o.a.catalina.core.StandardEngine - Starting Servlet engine: [Apache Tomcat/10.1.16]
2026-03-07 12:51:58.465 [main] [] INFO  o.a.c.c.C.[Tomcat].[localhost].[/] - Initializing Spring embedded WebApplicationContext
2026-03-07 12:51:58.465 [main] [] INFO  o.s.b.w.s.c.ServletWebServerApplicationContext - Root WebApplicationContext: initialization completed in 1186 ms
2026-03-07 12:51:58.643 [main] [] DEBUG c.c.r.s.JwtAuthenticationFilter - Filter 'jwtAuthenticationFilter' configured for use
2026-03-07 12:51:58.643 [main] [] DEBUG c.c.r.filter.CorrelationIdFilter - Filter 'correlationIdFilter' configured for use
2026-03-07 12:51:58.739 [main] [] INFO  o.h.jpa.internal.util.LogHelper - HHH000204: Processing PersistenceUnitInfo [name: default]
2026-03-07 12:51:58.771 [main] [] INFO  org.hibernate.Version - HHH000412: Hibernate ORM core version 6.3.1.Final
2026-03-07 12:51:58.792 [main] [] INFO  o.h.c.i.RegionFactoryInitiator - HHH000026: Second-level cache disabled
2026-03-07 12:51:58.925 [main] [] INFO  o.s.o.j.p.SpringPersistenceUnitInfo - No LoadTimeWeaver setup: ignoring JPA class transformer
2026-03-07 12:51:58.941 [main] [] INFO  com.zaxxer.hikari.HikariDataSource - HikariPool-1 - Starting...
2026-03-07 12:51:59.029 [main] [] INFO  com.zaxxer.hikari.pool.HikariPool - HikariPool-1 - Added connection com.mysql.cj.jdbc.ConnectionImpl@10230657
2026-03-07 12:51:59.030 [main] [] INFO  com.zaxxer.hikari.HikariDataSource - HikariPool-1 - Start completed.
2026-03-07 12:51:59.059 [main] [] WARN  org.hibernate.orm.deprecation - HHH90000025: MySQLDialect does not need to be specified explicitly using 'hibernate.dialect' (remove the property setting and it will be selected by default)
2026-03-07 12:51:59.231 [main] [] INFO  o.h.e.t.j.p.i.JtaPlatformInitiator - HHH000489: No JTA platform available (set 'hibernate.transaction.jta.platform' to enable JTA platform integration)
2026-03-07 12:51:59.235 [main] [] INFO  o.s.o.j.LocalContainerEntityManagerFactoryBean - Initialized JPA EntityManagerFactory for persistence unit 'default'
2026-03-07 12:51:59.323 [main] [] WARN  o.s.b.a.o.j.JpaBaseConfiguration$JpaWebConfiguration - spring.jpa.open-in-view is enabled by default. Therefore, database queries may be performed during view rendering. Explicitly configure spring.jpa.open-in-view to disable this warning
2026-03-07 12:51:59.380 [main] [] INFO  o.s.c.o.FeignClientFactoryBean - For 'claim-service' URL not provided. Will try picking an instance via load-balancing.
2026-03-07 12:51:59.416 [main] [] INFO  o.s.c.o.FeignClientFactoryBean - For 'payment-service' URL not provided. Will try picking an instance via load-balancing.
2026-03-07 12:51:59.481 [main] [] WARN  o.s.b.a.s.s.UserDetailsServiceAutoConfiguration - 

Using generated security password: 127648f3-38fc-4f0c-8739-0401d4da2e44

This generated password is for development use only. Your security configuration must be updated before running your application in production.

2026-03-07 12:51:59.549 [main] [] DEBUG o.s.s.a.h.RoleHierarchyImpl - setHierarchy() - The following role hierarchy was set: ROLE_ADMIN > ROLE_MANAGER
ROLE_MANAGER > ROLE_ADJUSTER
ROLE_ADJUSTER > ROLE_POLICYHOLDER

2026-03-07 12:51:59.549 [main] [] DEBUG o.s.s.a.h.RoleHierarchyImpl - buildRolesReachableInOneStepMap() - From role ROLE_ADMIN one can reach role ROLE_MANAGER in one step.
2026-03-07 12:51:59.550 [main] [] DEBUG o.s.s.a.h.RoleHierarchyImpl - buildRolesReachableInOneStepMap() - From role ROLE_MANAGER one can reach role ROLE_ADJUSTER in one step.
2026-03-07 12:51:59.550 [main] [] DEBUG o.s.s.a.h.RoleHierarchyImpl - buildRolesReachableInOneStepMap() - From role ROLE_ADJUSTER one can reach role ROLE_POLICYHOLDER in one step.
2026-03-07 12:51:59.550 [main] [] DEBUG o.s.s.a.h.RoleHierarchyImpl - buildRolesReachableInOneOrMoreStepsMap() - From role ROLE_MANAGER one can reach [ROLE_POLICYHOLDER, ROLE_ADJUSTER] in one or more steps.
2026-03-07 12:51:59.550 [main] [] DEBUG o.s.s.a.h.RoleHierarchyImpl - buildRolesReachableInOneOrMoreStepsMap() - From role ROLE_ADMIN one can reach [ROLE_POLICYHOLDER, ROLE_MANAGER, ROLE_ADJUSTER] in one or more steps.
2026-03-07 12:51:59.551 [main] [] DEBUG o.s.s.a.h.RoleHierarchyImpl - buildRolesReachableInOneOrMoreStepsMap() - From role ROLE_ADJUSTER one can reach [ROLE_POLICYHOLDER] in one or more steps.
2026-03-07 12:52:00.103 [main] [] INFO  o.s.b.a.e.web.EndpointLinksResolver - Exposing 4 endpoint(s) beneath base path '/actuator'
2026-03-07 12:52:00.186 [main] [] INFO  o.s.s.web.DefaultSecurityFilterChain - Will secure any request with [org.springframework.security.web.session.DisableEncodeUrlFilter@8616368, org.springframework.security.web.context.request.async.WebAsyncManagerIntegrationFilter@c4fc610, org.springframework.security.web.context.SecurityContextHolderFilter@1e470a51, org.springframework.security.web.header.HeaderWriterFilter@d2ca3a9, org.springframework.web.filter.CorsFilter@2c8469fe, org.springframework.security.web.authentication.logout.LogoutFilter@6dae5562, com.claimswift.reportingservice.security.JwtAuthenticationFilter@7831d1aa, org.springframework.security.web.savedrequest.RequestCacheAwareFilter@7806db3f, org.springframework.security.web.servletapi.SecurityContextHolderAwareRequestFilter@6f78c132, org.springframework.security.web.authentication.AnonymousAuthenticationFilter@78626209, org.springframework.security.web.session.SessionManagementFilter@557f0a39, org.springframework.security.web.access.ExceptionTranslationFilter@6bf27411, org.springframework.security.web.access.intercept.AuthorizationFilter@33ed6546]
2026-03-07 12:52:00.775 [main] [] INFO  o.s.c.n.e.c.DiscoveryClientOptionalArgsConfiguration - Eureka HTTP Client uses RestTemplate.
2026-03-07 12:52:00.848 [main] [] WARN  o.s.c.l.c.LoadBalancerCacheAutoConfiguration$LoadBalancerCaffeineWarnLogger - Spring Cloud LoadBalancer is currently working with the default cache. While this cache implementation is useful for development and tests, it's recommended to use Caffeine cache in production.You can switch to using Caffeine cache, by adding it and org.springframework.cache.caffeine.CaffeineCacheManager to the classpath.
2026-03-07 12:52:00.942 [main] [] INFO  o.s.c.n.eureka.InstanceInfoFactory - Setting initial instance status as: STARTING
2026-03-07 12:52:01.044 [main] [] INFO  c.netflix.discovery.DiscoveryClient - Initializing Eureka in region us-east-1
2026-03-07 12:52:01.049 [main] [] INFO  c.n.d.s.r.aws.ConfigClusterResolver - Resolving eureka endpoints via configuration
2026-03-07 12:52:01.071 [main] [] INFO  c.netflix.discovery.DiscoveryClient - Disable delta property : false
2026-03-07 12:52:01.072 [main] [] INFO  c.netflix.discovery.DiscoveryClient - Single vip registry refresh property : null
2026-03-07 12:52:01.072 [main] [] INFO  c.netflix.discovery.DiscoveryClient - Force full registry fetch : false
2026-03-07 12:52:01.072 [main] [] INFO  c.netflix.discovery.DiscoveryClient - Application is null : false
2026-03-07 12:52:01.072 [main] [] INFO  c.netflix.discovery.DiscoveryClient - Registered Applications size is zero : true
2026-03-07 12:52:01.073 [main] [] INFO  c.netflix.discovery.DiscoveryClient - Application version is -1: true
2026-03-07 12:52:01.073 [main] [] INFO  c.netflix.discovery.DiscoveryClient - Getting all instance registry info from the eureka server
2026-03-07 12:52:01.427 [main] [] INFO  c.netflix.discovery.DiscoveryClient - The response status is 200
2026-03-07 12:52:01.431 [main] [] INFO  c.netflix.discovery.DiscoveryClient - Starting heartbeat executor: renew interval is: 30
2026-03-07 12:52:01.434 [main] [] INFO  c.n.discovery.InstanceInfoReplicator - InstanceInfoReplicator onDemand update allowed rate per min is 4
2026-03-07 12:52:01.439 [main] [] INFO  c.netflix.discovery.DiscoveryClient - Discovery Client initialized at timestamp 1772868121439 with initial instances count: 8
2026-03-07 12:52:01.449 [main] [] INFO  o.s.c.n.e.s.EurekaServiceRegistry - Registering application REPORTING-SERVICE with eureka with status UP
2026-03-07 12:52:01.450 [main] [] INFO  c.netflix.discovery.DiscoveryClient - Saw local status change event StatusChangeEvent [timestamp=1772868121450, current=UP, previous=STARTING]
2026-03-07 12:52:01.451 [main] [] WARN  c.n.discovery.InstanceInfoReplicator - Ignoring onDemand update due to rate limiter
2026-03-07 12:52:01.451 [DiscoveryClient-InstanceInfoReplicator-0] [] INFO  c.netflix.discovery.DiscoveryClient - DiscoveryClient_REPORTING-SERVICE/shashank:reporting-service:8087: registering service...
2026-03-07 12:52:01.471 [main] [] INFO  o.s.b.w.e.tomcat.TomcatWebServer - Tomcat started on port 8087 (http) with context path ''
2026-03-07 12:52:01.472 [main] [] INFO  o.s.c.n.e.s.EurekaAutoServiceRegistration - Updating port to 8087
2026-03-07 12:52:01.491 [main] [] INFO  c.c.r.ReportingServiceApplication - Started ReportingServiceApplication in 5.217 seconds (process running for 5.508)
2026-03-07 12:52:01.578 [DiscoveryClient-InstanceInfoReplicator-0] [] INFO  c.netflix.discovery.DiscoveryClient - DiscoveryClient_REPORTING-SERVICE/shashank:reporting-service:8087 - registration status: 204
2026-03-07 12:57:01.076 [AsyncResolver-bootstrap-executor-0] [] INFO  c.n.d.s.r.aws.ConfigClusterResolver - Resolving eureka endpoints via configuration
2026-03-07 13:02:01.092 [AsyncResolver-bootstrap-executor-0] [] INFO  c.n.d.s.r.aws.ConfigClusterResolver - Resolving eureka endpoints via configuration
2026-03-07 13:07:01.094 [AsyncResolver-bootstrap-executor-0] [] INFO  c.n.d.s.r.aws.ConfigClusterResolver - Resolving eureka endpoints via configuration
2026-03-07 13:12:01.102 [AsyncResolver-bootstrap-executor-0] [] INFO  c.n.d.s.r.aws.ConfigClusterResolver - Resolving eureka endpoints via configuration
2026-03-07 13:17:01.105 [AsyncResolver-bootstrap-executor-0] [] INFO  c.n.d.s.r.aws.ConfigClusterResolver - Resolving eureka endpoints via configuration
2026-03-07 13:22:01.118 [AsyncResolver-bootstrap-executor-0] [] INFO  c.n.d.s.r.aws.ConfigClusterResolver - Resolving eureka endpoints via configuration
2026-03-07 13:23:59.191 [http-nio-8087-exec-1] [] INFO  o.a.c.c.C.[Tomcat].[localhost].[/] - Initializing Spring DispatcherServlet 'dispatcherServlet'
2026-03-07 13:23:59.192 [http-nio-8087-exec-1] [] INFO  o.s.web.servlet.DispatcherServlet - Initializing Servlet 'dispatcherServlet'
2026-03-07 13:23:59.204 [http-nio-8087-exec-1] [] INFO  o.s.web.servlet.DispatcherServlet - Completed initialization in 12 ms
2026-03-07 13:23:59.232 [http-nio-8087-exec-1] [cb3b6a24-5bbf-40ba-8194-7d80a1ba4320] DEBUG o.s.security.web.FilterChainProxy - Securing POST /api/reports/claim-event
2026-03-07 13:23:59.250 [http-nio-8087-exec-1] [cb3b6a24-5bbf-40ba-8194-7d80a1ba4320] WARN  o.s.w.s.h.HandlerMappingIntrospector - Cache miss for REQUEST dispatch to '/api/reports/claim-event' (previous null). Performing CorsConfiguration lookup. This is logged once only at WARN level, and every time at TRACE.
2026-03-07 13:23:59.342 [http-nio-8087-exec-1] [cb3b6a24-5bbf-40ba-8194-7d80a1ba4320] DEBUG c.c.r.s.JwtAuthenticationFilter - Authenticated user: shlok123 for URI: /api/reports/claim-event
2026-03-07 13:23:59.345 [http-nio-8087-exec-1] [cb3b6a24-5bbf-40ba-8194-7d80a1ba4320] WARN  o.s.w.s.h.HandlerMappingIntrospector - Cache miss for REQUEST dispatch to '/api/reports/claim-event' (previous null). Performing MatchableHandlerMapping lookup. This is logged once only at WARN level, and every time at TRACE.
2026-03-07 13:23:59.352 [http-nio-8087-exec-1] [cb3b6a24-5bbf-40ba-8194-7d80a1ba4320] DEBUG o.s.security.web.FilterChainProxy - Secured POST /api/reports/claim-event
2026-03-07 13:23:59.424 [http-nio-8087-exec-1] [cb3b6a24-5bbf-40ba-8194-7d80a1ba4320] DEBUG o.s.s.a.m.AuthorizationManagerBeforeMethodInterceptor - Authorizing method invocation ReflectiveMethodInvocation: public org.springframework.http.ResponseEntity com.claimswift.reportingservice.controller.ReportingController.reportClaimEvent(java.util.Map); target is of class [com.claimswift.reportingservice.controller.ReportingController]
2026-03-07 13:23:59.445 [http-nio-8087-exec-1] [cb3b6a24-5bbf-40ba-8194-7d80a1ba4320] DEBUG o.s.s.a.h.RoleHierarchyImpl - getReachableGrantedAuthorities() - From the roles [ROLE_POLICYHOLDER] one can reach [ROLE_POLICYHOLDER] in zero or more steps.
2026-03-07 13:23:59.449 [http-nio-8087-exec-1] [cb3b6a24-5bbf-40ba-8194-7d80a1ba4320] DEBUG o.s.s.a.m.AuthorizationManagerBeforeMethodInterceptor - Authorized method invocation ReflectiveMethodInvocation: public org.springframework.http.ResponseEntity com.claimswift.reportingservice.controller.ReportingController.reportClaimEvent(java.util.Map); target is of class [com.claimswift.reportingservice.controller.ReportingController]
2026-03-07 13:23:59.500 [http-nio-8087-exec-1] [cb3b6a24-5bbf-40ba-8194-7d80a1ba4320] INFO  c.c.r.controller.ReportingController - Claim event received: {claimId=3, eventType=CLAIM_SUBMITTED, claimNumber=CLM-9F735034, timestamp=2026-03-07T13:23:59.0665413}
2026-03-07 13:27:01.127 [AsyncResolver-bootstrap-executor-0] [] INFO  c.n.d.s.r.aws.ConfigClusterResolver - Resolving eureka endpoints via configuration
2026-03-07 13:32:01.143 [AsyncResolver-bootstrap-executor-0] [] INFO  c.n.d.s.r.aws.ConfigClusterResolver - Resolving eureka endpoints via configuration
2026-03-07 13:37:01.154 [AsyncResolver-bootstrap-executor-0] [] INFO  c.n.d.s.r.aws.ConfigClusterResolver - Resolving eureka endpoints via configuration
2026-03-07 13:37:12.356 [SpringApplicationShutdownHook] [] INFO  o.s.c.n.e.s.EurekaServiceRegistry - Unregistering application REPORTING-SERVICE with eureka with status DOWN
2026-03-07 13:37:12.357 [SpringApplicationShutdownHook] [] INFO  c.netflix.discovery.DiscoveryClient - Saw local status change event StatusChangeEvent [timestamp=1772870832357, current=DOWN, previous=UP]
2026-03-07 13:37:12.358 [DiscoveryClient-InstanceInfoReplicator-0] [] INFO  c.netflix.discovery.DiscoveryClient - Saw local status change event StatusChangeEvent [timestamp=1772870832358, current=UP, previous=DOWN]
2026-03-07 13:37:12.359 [DiscoveryClient-InstanceInfoReplicator-0] [] INFO  c.netflix.discovery.DiscoveryClient - DiscoveryClient_REPORTING-SERVICE/shashank:reporting-service:8087: registering service...
2026-03-07 13:37:12.374 [SpringApplicationShutdownHook] [] INFO  o.s.o.j.LocalContainerEntityManagerFactoryBean - Closing JPA EntityManagerFactory for persistence unit 'default'
2026-03-07 13:37:12.379 [SpringApplicationShutdownHook] [] INFO  com.zaxxer.hikari.HikariDataSource - HikariPool-1 - Shutdown initiated...
2026-03-07 13:37:12.382 [SpringApplicationShutdownHook] [] INFO  com.zaxxer.hikari.HikariDataSource - HikariPool-1 - Shutdown completed.
2026-03-07 13:37:12.384 [SpringApplicationShutdownHook] [] INFO  c.netflix.discovery.DiscoveryClient - Shutting down DiscoveryClient ...
2026-03-07 13:37:12.428 [DiscoveryClient-InstanceInfoReplicator-0] [] INFO  c.netflix.discovery.DiscoveryClient - DiscoveryClient_REPORTING-SERVICE/shashank:reporting-service:8087 - registration status: 204
2026-03-07 13:37:12.429 [SpringApplicationShutdownHook] [] INFO  c.netflix.discovery.DiscoveryClient - Unregistering ...
2026-03-07 13:37:12.499 [SpringApplicationShutdownHook] [] INFO  c.netflix.discovery.DiscoveryClient - DiscoveryClient_REPORTING-SERVICE/shashank:reporting-service:8087 - deregister  status: 200
2026-03-07 13:37:12.502 [SpringApplicationShutdownHook] [] INFO  c.netflix.discovery.DiscoveryClient - Completed shut down of DiscoveryClient
2026-03-07 13:38:33.685 [main] [] INFO  o.s.c.c.c.ConfigServicePropertySourceLocator - Fetching config from server at : http://localhost:8888
2026-03-07 13:38:33.703 [main] [] WARN  o.s.c.c.c.ConfigServicePropertySourceLocator - Could not locate PropertySource: 401 : [no body]
2026-03-07 13:38:33.706 [main] [] INFO  c.c.r.ReportingServiceApplication - No active profile set, falling back to 1 default profile: "default"
2026-03-07 13:38:33.718 [main] [] INFO  o.s.c.c.c.ConfigServerConfigDataLoader - Fetching config from server at : http://localhost:8888
2026-03-07 13:38:33.719 [main] [] INFO  o.s.c.c.c.ConfigServerConfigDataLoader - Located environment: name=reporting-service, profiles=[default], label=null, version=null, state=null
2026-03-07 13:38:34.404 [main] [] INFO  o.s.d.r.c.RepositoryConfigurationDelegate - Bootstrapping Spring Data JPA repositories in DEFAULT mode.
2026-03-07 13:38:34.419 [main] [] INFO  o.s.d.r.c.RepositoryConfigurationDelegate - Finished Spring Data repository scanning in 8 ms. Found 0 JPA repository interfaces.
2026-03-07 13:38:34.640 [main] [] INFO  o.s.cloud.context.scope.GenericScope - BeanFactory id=432ffbc4-1e90-37ad-8ac3-10ec07fa0eb2
2026-03-07 13:38:35.011 [main] [] WARN  o.s.c.s.PostProcessorRegistrationDelegate$BeanPostProcessorChecker - Bean 'org.springframework.cloud.client.loadbalancer.LoadBalancerAutoConfiguration$RetryInterceptorAutoConfiguration' of type [org.springframework.cloud.client.loadbalancer.LoadBalancerAutoConfiguration$RetryInterceptorAutoConfiguration] is not eligible for getting processed by all BeanPostProcessors (for example: not eligible for auto-proxying). The currently created BeanPostProcessor [lbRestClientPostProcessor] is declared through a non-static factory method on that class; consider declaring it as static instead.
2026-03-07 13:38:35.015 [main] [] WARN  o.s.c.s.PostProcessorRegistrationDelegate$BeanPostProcessorChecker - Bean 'org.springframework.cloud.loadbalancer.config.BlockingLoadBalancerClientAutoConfiguration' of type [org.springframework.cloud.loadbalancer.config.BlockingLoadBalancerClientAutoConfiguration] is not eligible for getting processed by all BeanPostProcessors (for example: not eligible for auto-proxying). Is this bean getting eagerly injected into a currently created BeanPostProcessor [lbRestClientPostProcessor]? Check the corresponding BeanPostProcessor declaration and its dependencies.
2026-03-07 13:38:35.018 [main] [] WARN  o.s.c.s.PostProcessorRegistrationDelegate$BeanPostProcessorChecker - Bean 'org.springframework.cloud.loadbalancer.config.LoadBalancerAutoConfiguration' of type [org.springframework.cloud.loadbalancer.config.LoadBalancerAutoConfiguration] is not eligible for getting processed by all BeanPostProcessors (for example: not eligible for auto-proxying). Is this bean getting eagerly injected into a currently created BeanPostProcessor [lbRestClientPostProcessor]? Check the corresponding BeanPostProcessor declaration and its dependencies.
2026-03-07 13:38:35.028 [main] [] WARN  o.s.c.s.PostProcessorRegistrationDelegate$BeanPostProcessorChecker - Bean 'org.springframework.cloud.commons.config.CommonsConfigAutoConfiguration' of type [org.springframework.cloud.commons.config.CommonsConfigAutoConfiguration] is not eligible for getting processed by all BeanPostProcessors (for example: not eligible for auto-proxying). Is this bean getting eagerly injected into a currently created BeanPostProcessor [lbRestClientPostProcessor]? Check the corresponding BeanPostProcessor declaration and its dependencies.
2026-03-07 13:38:35.031 [main] [] WARN  o.s.c.s.PostProcessorRegistrationDelegate$BeanPostProcessorChecker - Bean 'org.springframework.cloud.client.loadbalancer.LoadBalancerDefaultMappingsProviderAutoConfiguration' of type [org.springframework.cloud.client.loadbalancer.LoadBalancerDefaultMappingsProviderAutoConfiguration] is not eligible for getting processed by all BeanPostProcessors (for example: not eligible for auto-proxying). Is this bean getting eagerly injected into a currently created BeanPostProcessor [lbRestClientPostProcessor]? Check the corresponding BeanPostProcessor declaration and its dependencies.
2026-03-07 13:38:35.033 [main] [] WARN  o.s.c.s.PostProcessorRegistrationDelegate$BeanPostProcessorChecker - Bean 'loadBalancerClientsDefaultsMappingsProvider' of type [org.springframework.cloud.client.loadbalancer.LoadBalancerDefaultMappingsProviderAutoConfiguration$$Lambda/0x0000023b2557d470] is not eligible for getting processed by all BeanPostProcessors (for example: not eligible for auto-proxying). Is this bean getting eagerly injected into a currently created BeanPostProcessor [lbRestClientPostProcessor]? Check the corresponding BeanPostProcessor declaration and its dependencies.
2026-03-07 13:38:35.036 [main] [] WARN  o.s.c.s.PostProcessorRegistrationDelegate$BeanPostProcessorChecker - Bean 'defaultsBindHandlerAdvisor' of type [org.springframework.cloud.commons.config.DefaultsBindHandlerAdvisor] is not eligible for getting processed by all BeanPostProcessors (for example: not eligible for auto-proxying). Is this bean getting eagerly injected into a currently created BeanPostProcessor [lbRestClientPostProcessor]? Check the corresponding BeanPostProcessor declaration and its dependencies.
2026-03-07 13:38:35.042 [main] [] WARN  o.s.c.s.PostProcessorRegistrationDelegate$BeanPostProcessorChecker - Bean 'spring.cloud.loadbalancer-org.springframework.cloud.client.loadbalancer.LoadBalancerClientsProperties' of type [org.springframework.cloud.client.loadbalancer.LoadBalancerClientsProperties] is not eligible for getting processed by all BeanPostProcessors (for example: not eligible for auto-proxying). Is this bean getting eagerly injected into a currently created BeanPostProcessor [lbRestClientPostProcessor]? Check the corresponding BeanPostProcessor declaration and its dependencies.
2026-03-07 13:38:35.049 [main] [] WARN  o.s.c.s.PostProcessorRegistrationDelegate$BeanPostProcessorChecker - Bean 'default.org.springframework.cloud.loadbalancer.config.LoadBalancerAutoConfiguration.LoadBalancerClientSpecification' of type [org.springframework.cloud.loadbalancer.annotation.LoadBalancerClientSpecification] is not eligible for getting processed by all BeanPostProcessors (for example: not eligible for auto-proxying). Is this bean getting eagerly injected into a currently created BeanPostProcessor [lbRestClientPostProcessor]? Check the corresponding BeanPostProcessor declaration and its dependencies.
2026-03-07 13:38:35.051 [main] [] WARN  o.s.c.s.PostProcessorRegistrationDelegate$BeanPostProcessorChecker - Bean 'default.org.springframework.cloud.loadbalancer.config.BlockingLoadBalancerClientAutoConfiguration.LoadBalancerClientSpecification' of type [org.springframework.cloud.loadbalancer.annotation.LoadBalancerClientSpecification] is not eligible for getting processed by all BeanPostProcessors (for example: not eligible for auto-proxying). Is this bean getting eagerly injected into a currently created BeanPostProcessor [lbRestClientPostProcessor]? Check the corresponding BeanPostProcessor declaration and its dependencies.
2026-03-07 13:38:35.052 [main] [] WARN  o.s.c.s.PostProcessorRegistrationDelegate$BeanPostProcessorChecker - Bean 'default.org.springframework.cloud.netflix.eureka.loadbalancer.LoadBalancerEurekaAutoConfiguration.LoadBalancerClientSpecification' of type [org.springframework.cloud.loadbalancer.annotation.LoadBalancerClientSpecification] is not eligible for getting processed by all BeanPostProcessors (for example: not eligible for auto-proxying). Is this bean getting eagerly injected into a currently created BeanPostProcessor [lbRestClientPostProcessor]? Check the corresponding BeanPostProcessor declaration and its dependencies.
2026-03-07 13:38:35.053 [main] [] WARN  o.s.c.s.PostProcessorRegistrationDelegate$BeanPostProcessorChecker - Bean 'loadBalancerClientFactory' of type [org.springframework.cloud.loadbalancer.support.LoadBalancerClientFactory] is not eligible for getting processed by all BeanPostProcessors (for example: not eligible for auto-proxying). Is this bean getting eagerly injected into a currently created BeanPostProcessor [lbRestClientPostProcessor]? Check the corresponding BeanPostProcessor declaration and its dependencies.
2026-03-07 13:38:35.059 [main] [] WARN  o.s.c.s.PostProcessorRegistrationDelegate$BeanPostProcessorChecker - Bean 'blockingLoadBalancerClient' of type [org.springframework.cloud.loadbalancer.blocking.client.BlockingLoadBalancerClient] is not eligible for getting processed by all BeanPostProcessors (for example: not eligible for auto-proxying). Is this bean getting eagerly injected into a currently created BeanPostProcessor [lbRestClientPostProcessor]? Check the corresponding BeanPostProcessor declaration and its dependencies.
2026-03-07 13:38:35.066 [main] [] WARN  o.s.c.s.PostProcessorRegistrationDelegate$BeanPostProcessorChecker - Bean 'loadBalancerServiceInstanceCookieTransformer' of type [org.springframework.cloud.loadbalancer.core.LoadBalancerServiceInstanceCookieTransformer] is not eligible for getting processed by all BeanPostProcessors (for example: not eligible for auto-proxying). Is this bean getting eagerly injected into a currently created BeanPostProcessor [lbRestClientPostProcessor]? Check the corresponding BeanPostProcessor declaration and its dependencies.
2026-03-07 13:38:35.069 [main] [] WARN  o.s.c.s.PostProcessorRegistrationDelegate$BeanPostProcessorChecker - Bean 'xForwarderHeadersTransformer' of type [org.springframework.cloud.loadbalancer.blocking.XForwardedHeadersTransformer] is not eligible for getting processed by all BeanPostProcessors (for example: not eligible for auto-proxying). Is this bean getting eagerly injected into a currently created BeanPostProcessor [lbRestClientPostProcessor]? Check the corresponding BeanPostProcessor declaration and its dependencies.
2026-03-07 13:38:35.071 [main] [] WARN  o.s.c.s.PostProcessorRegistrationDelegate$BeanPostProcessorChecker - Bean 'org.springframework.cloud.client.loadbalancer.LoadBalancerAutoConfiguration' of type [org.springframework.cloud.client.loadbalancer.LoadBalancerAutoConfiguration] is not eligible for getting processed by all BeanPostProcessors (for example: not eligible for auto-proxying). Is this bean getting eagerly injected into a currently created BeanPostProcessor [lbRestClientPostProcessor]? Check the corresponding BeanPostProcessor declaration and its dependencies.
2026-03-07 13:38:35.075 [main] [] WARN  o.s.c.s.PostProcessorRegistrationDelegate$BeanPostProcessorChecker - Bean 'loadBalancerRequestFactory' of type [org.springframework.cloud.client.loadbalancer.LoadBalancerRequestFactory] is not eligible for getting processed by all BeanPostProcessors (for example: not eligible for auto-proxying). Is this bean getting eagerly injected into a currently created BeanPostProcessor [lbRestClientPostProcessor]? Check the corresponding BeanPostProcessor declaration and its dependencies.
2026-03-07 13:38:35.078 [main] [] WARN  o.s.c.s.PostProcessorRegistrationDelegate$BeanPostProcessorChecker - Bean 'org.springframework.cloud.loadbalancer.config.BlockingLoadBalancerClientAutoConfiguration$BlockingLoadBalancerRetryConfig' of type [org.springframework.cloud.loadbalancer.config.BlockingLoadBalancerClientAutoConfiguration$BlockingLoadBalancerRetryConfig$$SpringCGLIB$$0] is not eligible for getting processed by all BeanPostProcessors (for example: not eligible for auto-proxying). Is this bean getting eagerly injected into a currently created BeanPostProcessor [lbRestClientPostProcessor]? Check the corresponding BeanPostProcessor declaration and its dependencies.
2026-03-07 13:38:35.092 [main] [] WARN  o.s.c.s.PostProcessorRegistrationDelegate$BeanPostProcessorChecker - Bean 'loadBalancedRetryFactory' of type [org.springframework.cloud.loadbalancer.blocking.retry.BlockingLoadBalancedRetryFactory] is not eligible for getting processed by all BeanPostProcessors (for example: not eligible for auto-proxying). Is this bean getting eagerly injected into a currently created BeanPostProcessor [lbRestClientPostProcessor]? Check the corresponding BeanPostProcessor declaration and its dependencies.
2026-03-07 13:38:35.118 [main] [] WARN  o.s.c.s.PostProcessorRegistrationDelegate$BeanPostProcessorChecker - Bean 'loadBalancerInterceptor' of type [org.springframework.cloud.client.loadbalancer.RetryLoadBalancerInterceptor] is not eligible for getting processed by all BeanPostProcessors (for example: not eligible for auto-proxying). Is this bean getting eagerly injected into a currently created BeanPostProcessor [lbRestClientPostProcessor]? Check the corresponding BeanPostProcessor declaration and its dependencies.
2026-03-07 13:38:35.362 [main] [] INFO  o.s.b.w.e.tomcat.TomcatWebServer - Tomcat initialized with port 8087 (http)
2026-03-07 13:38:35.370 [main] [] INFO  o.a.catalina.core.StandardService - Starting service [Tomcat]
2026-03-07 13:38:35.370 [main] [] INFO  o.a.catalina.core.StandardEngine - Starting Servlet engine: [Apache Tomcat/10.1.16]
2026-03-07 13:38:35.428 [main] [] INFO  o.a.c.c.C.[Tomcat].[localhost].[/] - Initializing Spring embedded WebApplicationContext
2026-03-07 13:38:35.429 [main] [] INFO  o.s.b.w.s.c.ServletWebServerApplicationContext - Root WebApplicationContext: initialization completed in 1709 ms
2026-03-07 13:38:35.623 [main] [] DEBUG c.c.r.s.JwtAuthenticationFilter - Filter 'jwtAuthenticationFilter' configured for use
2026-03-07 13:38:35.623 [main] [] DEBUG c.c.r.filter.CorrelationIdFilter - Filter 'correlationIdFilter' configured for use
2026-03-07 13:38:35.727 [main] [] INFO  o.h.jpa.internal.util.LogHelper - HHH000204: Processing PersistenceUnitInfo [name: default]
2026-03-07 13:38:35.764 [main] [] INFO  org.hibernate.Version - HHH000412: Hibernate ORM core version 6.3.1.Final
2026-03-07 13:38:35.786 [main] [] INFO  o.h.c.i.RegionFactoryInitiator - HHH000026: Second-level cache disabled
2026-03-07 13:38:35.955 [main] [] INFO  o.s.o.j.p.SpringPersistenceUnitInfo - No LoadTimeWeaver setup: ignoring JPA class transformer
2026-03-07 13:38:35.973 [main] [] INFO  com.zaxxer.hikari.HikariDataSource - HikariPool-1 - Starting...
2026-03-07 13:38:36.078 [main] [] INFO  com.zaxxer.hikari.pool.HikariPool - HikariPool-1 - Added connection com.mysql.cj.jdbc.ConnectionImpl@6ae6a77b
2026-03-07 13:38:36.079 [main] [] INFO  com.zaxxer.hikari.HikariDataSource - HikariPool-1 - Start completed.
2026-03-07 13:38:36.112 [main] [] WARN  org.hibernate.orm.deprecation - HHH90000025: MySQLDialect does not need to be specified explicitly using 'hibernate.dialect' (remove the property setting and it will be selected by default)
2026-03-07 13:38:36.339 [main] [] INFO  o.h.e.t.j.p.i.JtaPlatformInitiator - HHH000489: No JTA platform available (set 'hibernate.transaction.jta.platform' to enable JTA platform integration)
2026-03-07 13:38:36.343 [main] [] INFO  o.s.o.j.LocalContainerEntityManagerFactoryBean - Initialized JPA EntityManagerFactory for persistence unit 'default'
2026-03-07 13:38:36.436 [main] [] WARN  o.s.b.a.o.j.JpaBaseConfiguration$JpaWebConfiguration - spring.jpa.open-in-view is enabled by default. Therefore, database queries may be performed during view rendering. Explicitly configure spring.jpa.open-in-view to disable this warning
2026-03-07 13:38:36.509 [main] [] INFO  o.s.c.o.FeignClientFactoryBean - For 'claim-service' URL not provided. Will try picking an instance via load-balancing.
2026-03-07 13:38:36.548 [main] [] INFO  o.s.c.o.FeignClientFactoryBean - For 'payment-service' URL not provided. Will try picking an instance via load-balancing.
2026-03-07 13:38:36.608 [main] [] WARN  o.s.b.a.s.s.UserDetailsServiceAutoConfiguration - 

Using generated security password: ff1ed078-3d03-42fc-b3b4-60dbc112eb28

This generated password is for development use only. Your security configuration must be updated before running your application in production.

2026-03-07 13:38:36.668 [main] [] DEBUG o.s.s.a.h.RoleHierarchyImpl - setHierarchy() - The following role hierarchy was set: ROLE_ADMIN > ROLE_MANAGER
ROLE_MANAGER > ROLE_ADJUSTER
ROLE_ADJUSTER > ROLE_POLICYHOLDER

2026-03-07 13:38:36.669 [main] [] DEBUG o.s.s.a.h.RoleHierarchyImpl - buildRolesReachableInOneStepMap() - From role ROLE_ADMIN one can reach role ROLE_MANAGER in one step.
2026-03-07 13:38:36.669 [main] [] DEBUG o.s.s.a.h.RoleHierarchyImpl - buildRolesReachableInOneStepMap() - From role ROLE_MANAGER one can reach role ROLE_ADJUSTER in one step.
2026-03-07 13:38:36.669 [main] [] DEBUG o.s.s.a.h.RoleHierarchyImpl - buildRolesReachableInOneStepMap() - From role ROLE_ADJUSTER one can reach role ROLE_POLICYHOLDER in one step.
2026-03-07 13:38:36.669 [main] [] DEBUG o.s.s.a.h.RoleHierarchyImpl - buildRolesReachableInOneOrMoreStepsMap() - From role ROLE_MANAGER one can reach [ROLE_POLICYHOLDER, ROLE_ADJUSTER] in one or more steps.
2026-03-07 13:38:36.669 [main] [] DEBUG o.s.s.a.h.RoleHierarchyImpl - buildRolesReachableInOneOrMoreStepsMap() - From role ROLE_ADMIN one can reach [ROLE_POLICYHOLDER, ROLE_MANAGER, ROLE_ADJUSTER] in one or more steps.
2026-03-07 13:38:36.669 [main] [] DEBUG o.s.s.a.h.RoleHierarchyImpl - buildRolesReachableInOneOrMoreStepsMap() - From role ROLE_ADJUSTER one can reach [ROLE_POLICYHOLDER] in one or more steps.
2026-03-07 13:38:37.048 [main] [] INFO  o.s.b.a.e.web.EndpointLinksResolver - Exposing 4 endpoint(s) beneath base path '/actuator'
2026-03-07 13:38:37.103 [main] [] INFO  o.s.s.web.DefaultSecurityFilterChain - Will secure any request with [org.springframework.security.web.session.DisableEncodeUrlFilter@22858c21, org.springframework.security.web.context.request.async.WebAsyncManagerIntegrationFilter@39a8c08f, org.springframework.security.web.context.SecurityContextHolderFilter@37351baa, org.springframework.security.web.header.HeaderWriterFilter@1efa258e, org.springframework.web.filter.CorsFilter@5c0d876c, org.springframework.security.web.authentication.logout.LogoutFilter@2d85a4c7, com.claimswift.reportingservice.security.JwtAuthenticationFilter@54737322, org.springframework.security.web.savedrequest.RequestCacheAwareFilter@12128849, org.springframework.security.web.servletapi.SecurityContextHolderAwareRequestFilter@6a16ee0d, org.springframework.security.web.authentication.AnonymousAuthenticationFilter@794b139b, org.springframework.security.web.session.SessionManagementFilter@5a503cf0, org.springframework.security.web.access.ExceptionTranslationFilter@70c6c6a7, org.springframework.security.web.access.intercept.AuthorizationFilter@6223dbed]
2026-03-07 13:38:37.500 [main] [] INFO  o.s.c.n.e.c.DiscoveryClientOptionalArgsConfiguration - Eureka HTTP Client uses RestTemplate.
2026-03-07 13:38:37.539 [main] [] WARN  o.s.c.l.c.LoadBalancerCacheAutoConfiguration$LoadBalancerCaffeineWarnLogger - Spring Cloud LoadBalancer is currently working with the default cache. While this cache implementation is useful for development and tests, it's recommended to use Caffeine cache in production.You can switch to using Caffeine cache, by adding it and org.springframework.cache.caffeine.CaffeineCacheManager to the classpath.
2026-03-07 13:38:37.614 [main] [] INFO  o.s.c.n.eureka.InstanceInfoFactory - Setting initial instance status as: STARTING
2026-03-07 13:38:37.674 [main] [] INFO  c.netflix.discovery.DiscoveryClient - Initializing Eureka in region us-east-1
2026-03-07 13:38:37.677 [main] [] INFO  c.n.d.s.r.aws.ConfigClusterResolver - Resolving eureka endpoints via configuration
2026-03-07 13:38:37.691 [main] [] INFO  c.netflix.discovery.DiscoveryClient - Disable delta property : false
2026-03-07 13:38:37.691 [main] [] INFO  c.netflix.discovery.DiscoveryClient - Single vip registry refresh property : null
2026-03-07 13:38:37.691 [main] [] INFO  c.netflix.discovery.DiscoveryClient - Force full registry fetch : false
2026-03-07 13:38:37.691 [main] [] INFO  c.netflix.discovery.DiscoveryClient - Application is null : false
2026-03-07 13:38:37.692 [main] [] INFO  c.netflix.discovery.DiscoveryClient - Registered Applications size is zero : true
2026-03-07 13:38:37.692 [main] [] INFO  c.netflix.discovery.DiscoveryClient - Application version is -1: true
2026-03-07 13:38:37.692 [main] [] INFO  c.netflix.discovery.DiscoveryClient - Getting all instance registry info from the eureka server
2026-03-07 13:38:37.905 [main] [] INFO  c.netflix.discovery.DiscoveryClient - The response status is 200
2026-03-07 13:38:37.907 [main] [] INFO  c.netflix.discovery.DiscoveryClient - Starting heartbeat executor: renew interval is: 30
2026-03-07 13:38:37.909 [main] [] INFO  c.n.discovery.InstanceInfoReplicator - InstanceInfoReplicator onDemand update allowed rate per min is 4
2026-03-07 13:38:37.912 [main] [] INFO  c.netflix.discovery.DiscoveryClient - Discovery Client initialized at timestamp 1772870917911 with initial instances count: 2
2026-03-07 13:38:37.918 [main] [] INFO  o.s.c.n.e.s.EurekaServiceRegistry - Registering application REPORTING-SERVICE with eureka with status UP
2026-03-07 13:38:37.919 [main] [] INFO  c.netflix.discovery.DiscoveryClient - Saw local status change event StatusChangeEvent [timestamp=1772870917919, current=UP, previous=STARTING]
2026-03-07 13:38:37.919 [DiscoveryClient-InstanceInfoReplicator-0] [] INFO  c.netflix.discovery.DiscoveryClient - DiscoveryClient_REPORTING-SERVICE/shashank:reporting-service:8087: registering service...
2026-03-07 13:38:37.919 [main] [] WARN  c.n.discovery.InstanceInfoReplicator - Ignoring onDemand update due to rate limiter
2026-03-07 13:38:37.934 [main] [] INFO  o.s.b.w.e.tomcat.TomcatWebServer - Tomcat started on port 8087 (http) with context path ''
2026-03-07 13:38:37.935 [main] [] INFO  o.s.c.n.e.s.EurekaAutoServiceRegistration - Updating port to 8087
2026-03-07 13:38:37.948 [main] [] INFO  c.c.r.ReportingServiceApplication - Started ReportingServiceApplication in 5.567 seconds (process running for 6.014)
2026-03-07 13:38:38.011 [DiscoveryClient-InstanceInfoReplicator-0] [] INFO  c.netflix.discovery.DiscoveryClient - DiscoveryClient_REPORTING-SERVICE/shashank:reporting-service:8087 - registration status: 204
2026-03-07 13:39:51.294 [http-nio-8087-exec-1] [] INFO  o.a.c.c.C.[Tomcat].[localhost].[/] - Initializing Spring DispatcherServlet 'dispatcherServlet'
2026-03-07 13:39:51.294 [http-nio-8087-exec-1] [] INFO  o.s.web.servlet.DispatcherServlet - Initializing Servlet 'dispatcherServlet'
2026-03-07 13:39:51.296 [http-nio-8087-exec-1] [] INFO  o.s.web.servlet.DispatcherServlet - Completed initialization in 1 ms
2026-03-07 13:39:51.310 [http-nio-8087-exec-1] [0a9c3905-1cc6-4e6b-bd22-aa95e60866bf] DEBUG o.s.security.web.FilterChainProxy - Securing POST /api/reports/claim-event
2026-03-07 13:39:51.317 [http-nio-8087-exec-1] [0a9c3905-1cc6-4e6b-bd22-aa95e60866bf] WARN  o.s.w.s.h.HandlerMappingIntrospector - Cache miss for REQUEST dispatch to '/api/reports/claim-event' (previous null). Performing CorsConfiguration lookup. This is logged once only at WARN level, and every time at TRACE.
2026-03-07 13:39:51.389 [http-nio-8087-exec-1] [0a9c3905-1cc6-4e6b-bd22-aa95e60866bf] DEBUG c.c.r.s.JwtAuthenticationFilter - Authenticated user: shlok123 for URI: /api/reports/claim-event
2026-03-07 13:39:51.393 [http-nio-8087-exec-1] [0a9c3905-1cc6-4e6b-bd22-aa95e60866bf] WARN  o.s.w.s.h.HandlerMappingIntrospector - Cache miss for REQUEST dispatch to '/api/reports/claim-event' (previous null). Performing MatchableHandlerMapping lookup. This is logged once only at WARN level, and every time at TRACE.
2026-03-07 13:39:51.397 [http-nio-8087-exec-1] [0a9c3905-1cc6-4e6b-bd22-aa95e60866bf] DEBUG o.s.security.web.FilterChainProxy - Secured POST /api/reports/claim-event
2026-03-07 13:39:51.474 [http-nio-8087-exec-1] [0a9c3905-1cc6-4e6b-bd22-aa95e60866bf] DEBUG o.s.s.a.m.AuthorizationManagerBeforeMethodInterceptor - Authorizing method invocation ReflectiveMethodInvocation: public org.springframework.http.ResponseEntity com.claimswift.reportingservice.controller.ReportingController.reportClaimEvent(java.util.Map); target is of class [com.claimswift.reportingservice.controller.ReportingController]
2026-03-07 13:39:51.496 [http-nio-8087-exec-1] [0a9c3905-1cc6-4e6b-bd22-aa95e60866bf] DEBUG o.s.s.a.h.RoleHierarchyImpl - getReachableGrantedAuthorities() - From the roles [ROLE_POLICYHOLDER] one can reach [ROLE_POLICYHOLDER] in zero or more steps.
2026-03-07 13:39:51.500 [http-nio-8087-exec-1] [0a9c3905-1cc6-4e6b-bd22-aa95e60866bf] DEBUG o.s.s.a.m.AuthorizationManagerBeforeMethodInterceptor - Authorized method invocation ReflectiveMethodInvocation: public org.springframework.http.ResponseEntity com.claimswift.reportingservice.controller.ReportingController.reportClaimEvent(java.util.Map); target is of class [com.claimswift.reportingservice.controller.ReportingController]
2026-03-07 13:39:51.550 [http-nio-8087-exec-1] [0a9c3905-1cc6-4e6b-bd22-aa95e60866bf] INFO  c.c.r.controller.ReportingController - Claim event received: {claimId=4, eventType=CLAIM_SUBMITTED, claimNumber=CLM-21653451, timestamp=2026-03-07T13:39:51.2254472}
2026-03-07 13:43:37.701 [AsyncResolver-bootstrap-executor-0] [] INFO  c.n.d.s.r.aws.ConfigClusterResolver - Resolving eureka endpoints via configuration
2026-03-07 13:48:37.714 [AsyncResolver-bootstrap-executor-0] [] INFO  c.n.d.s.r.aws.ConfigClusterResolver - Resolving eureka endpoints via configuration
2026-03-07 13:53:37.724 [AsyncResolver-bootstrap-executor-0] [] INFO  c.n.d.s.r.aws.ConfigClusterResolver - Resolving eureka endpoints via configuration
2026-03-07 13:58:37.735 [AsyncResolver-bootstrap-executor-0] [] INFO  c.n.d.s.r.aws.ConfigClusterResolver - Resolving eureka endpoints via configuration
2026-03-07 14:03:37.750 [AsyncResolver-bootstrap-executor-0] [] INFO  c.n.d.s.r.aws.ConfigClusterResolver - Resolving eureka endpoints via configuration
2026-03-07 14:08:37.759 [AsyncResolver-bootstrap-executor-0] [] INFO  c.n.d.s.r.aws.ConfigClusterResolver - Resolving eureka endpoints via configuration
2026-03-07 14:13:37.770 [AsyncResolver-bootstrap-executor-0] [] INFO  c.n.d.s.r.aws.ConfigClusterResolver - Resolving eureka endpoints via configuration
2026-03-07 14:18:37.777 [AsyncResolver-bootstrap-executor-0] [] INFO  c.n.d.s.r.aws.ConfigClusterResolver - Resolving eureka endpoints via configuration
2026-03-07 14:23:37.782 [AsyncResolver-bootstrap-executor-0] [] INFO  c.n.d.s.r.aws.ConfigClusterResolver - Resolving eureka endpoints via configuration
2026-03-07 14:28:37.791 [AsyncResolver-bootstrap-executor-0] [] INFO  c.n.d.s.r.aws.ConfigClusterResolver - Resolving eureka endpoints via configuration
2026-03-07 14:33:37.794 [AsyncResolver-bootstrap-executor-0] [] INFO  c.n.d.s.r.aws.ConfigClusterResolver - Resolving eureka endpoints via configuration
2026-03-07 14:38:37.802 [AsyncResolver-bootstrap-executor-0] [] INFO  c.n.d.s.r.aws.ConfigClusterResolver - Resolving eureka endpoints via configuration
2026-03-07 14:43:37.817 [AsyncResolver-bootstrap-executor-0] [] INFO  c.n.d.s.r.aws.ConfigClusterResolver - Resolving eureka endpoints via configuration
2026-03-07 14:48:37.825 [AsyncResolver-bootstrap-executor-0] [] INFO  c.n.d.s.r.aws.ConfigClusterResolver - Resolving eureka endpoints via configuration
2026-03-07 14:53:37.836 [AsyncResolver-bootstrap-executor-0] [] INFO  c.n.d.s.r.aws.ConfigClusterResolver - Resolving eureka endpoints via configuration
2026-03-07 14:58:37.841 [AsyncResolver-bootstrap-executor-0] [] INFO  c.n.d.s.r.aws.ConfigClusterResolver - Resolving eureka endpoints via configuration
2026-03-07 15:03:37.843 [AsyncResolver-bootstrap-executor-0] [] INFO  c.n.d.s.r.aws.ConfigClusterResolver - Resolving eureka endpoints via configuration
2026-03-07 15:08:37.857 [AsyncResolver-bootstrap-executor-0] [] INFO  c.n.d.s.r.aws.ConfigClusterResolver - Resolving eureka endpoints via configuration
2026-03-07 15:13:37.859 [AsyncResolver-bootstrap-executor-0] [] INFO  c.n.d.s.r.aws.ConfigClusterResolver - Resolving eureka endpoints via configuration
2026-03-07 15:18:37.880 [AsyncResolver-bootstrap-executor-0] [] INFO  c.n.d.s.r.aws.ConfigClusterResolver - Resolving eureka endpoints via configuration
2026-03-07 15:23:37.891 [AsyncResolver-bootstrap-executor-0] [] INFO  c.n.d.s.r.aws.ConfigClusterResolver - Resolving eureka endpoints via configuration
2026-03-07 15:28:37.905 [AsyncResolver-bootstrap-executor-0] [] INFO  c.n.d.s.r.aws.ConfigClusterResolver - Resolving eureka endpoints via configuration
2026-03-07 15:33:37.917 [AsyncResolver-bootstrap-executor-0] [] INFO  c.n.d.s.r.aws.ConfigClusterResolver - Resolving eureka endpoints via configuration
2026-03-07 15:38:28.153 [http-nio-8087-exec-2] [e7ab3bac-5566-4da2-a256-039f87790d92] DEBUG o.s.security.web.FilterChainProxy - Securing GET /api/reports/claims/summary
2026-03-07 15:38:28.159 [http-nio-8087-exec-2] [e7ab3bac-5566-4da2-a256-039f87790d92] DEBUG c.c.r.s.JwtAuthenticationFilter - Authenticated user: navya123 for URI: /api/reports/claims/summary
2026-03-07 15:38:28.164 [http-nio-8087-exec-2] [e7ab3bac-5566-4da2-a256-039f87790d92] DEBUG o.s.security.web.FilterChainProxy - Secured GET /api/reports/claims/summary
2026-03-07 15:38:28.169 [http-nio-8087-exec-2] [e7ab3bac-5566-4da2-a256-039f87790d92] DEBUG o.s.s.a.m.AuthorizationManagerBeforeMethodInterceptor - Authorizing method invocation ReflectiveMethodInvocation: public org.springframework.http.ResponseEntity com.claimswift.reportingservice.controller.ReportingController.getClaimSummaryReport(java.time.LocalDate,java.time.LocalDate); target is of class [com.claimswift.reportingservice.controller.ReportingController]
2026-03-07 15:38:28.171 [http-nio-8087-exec-2] [e7ab3bac-5566-4da2-a256-039f87790d92] DEBUG o.s.s.a.h.RoleHierarchyImpl - getReachableGrantedAuthorities() - From the roles [ROLE_MANAGER] one can reach [ROLE_POLICYHOLDER, ROLE_MANAGER, ROLE_ADJUSTER] in zero or more steps.
2026-03-07 15:38:28.172 [http-nio-8087-exec-2] [e7ab3bac-5566-4da2-a256-039f87790d92] DEBUG o.s.s.a.m.AuthorizationManagerBeforeMethodInterceptor - Authorized method invocation ReflectiveMethodInvocation: public org.springframework.http.ResponseEntity com.claimswift.reportingservice.controller.ReportingController.getClaimSummaryReport(java.time.LocalDate,java.time.LocalDate); target is of class [com.claimswift.reportingservice.controller.ReportingController]
2026-03-07 15:38:28.172 [http-nio-8087-exec-2] [e7ab3bac-5566-4da2-a256-039f87790d92] INFO  c.c.r.controller.ReportingController - Generating claim summary report for period: null to null
2026-03-07 15:38:28.176 [http-nio-8087-exec-2] [e7ab3bac-5566-4da2-a256-039f87790d92] DEBUG c.c.r.client.ClaimServiceClient - [ClaimServiceClient#getAllClaims] ---> GET http://claim-service/api/claims/internal/all HTTP/1.1
2026-03-07 15:38:28.322 [http-nio-8087-exec-2] [e7ab3bac-5566-4da2-a256-039f87790d92] DEBUG c.c.r.client.ClaimServiceClient - [ClaimServiceClient#getAllClaims] <--- HTTP/1.1 200 (144ms)
2026-03-07 15:38:28.358 [http-nio-8087-exec-3] [ad5a9de0-856d-4c65-8cd8-c64285e38b47] DEBUG o.s.security.web.FilterChainProxy - Securing GET /api/reports/payments
2026-03-07 15:38:28.361 [http-nio-8087-exec-3] [ad5a9de0-856d-4c65-8cd8-c64285e38b47] DEBUG c.c.r.s.JwtAuthenticationFilter - Authenticated user: navya123 for URI: /api/reports/payments
2026-03-07 15:38:28.364 [http-nio-8087-exec-3] [ad5a9de0-856d-4c65-8cd8-c64285e38b47] DEBUG o.s.security.web.FilterChainProxy - Secured GET /api/reports/payments
2026-03-07 15:38:28.366 [http-nio-8087-exec-3] [ad5a9de0-856d-4c65-8cd8-c64285e38b47] DEBUG o.s.s.a.m.AuthorizationManagerBeforeMethodInterceptor - Authorizing method invocation ReflectiveMethodInvocation: public org.springframework.http.ResponseEntity com.claimswift.reportingservice.controller.ReportingController.getPaymentReport(java.time.LocalDate,java.time.LocalDate); target is of class [com.claimswift.reportingservice.controller.ReportingController]
2026-03-07 15:38:28.367 [http-nio-8087-exec-3] [ad5a9de0-856d-4c65-8cd8-c64285e38b47] DEBUG o.s.s.a.h.RoleHierarchyImpl - getReachableGrantedAuthorities() - From the roles [ROLE_MANAGER] one can reach [ROLE_POLICYHOLDER, ROLE_MANAGER, ROLE_ADJUSTER] in zero or more steps.
2026-03-07 15:38:28.367 [http-nio-8087-exec-3] [ad5a9de0-856d-4c65-8cd8-c64285e38b47] DEBUG o.s.s.a.m.AuthorizationManagerBeforeMethodInterceptor - Authorized method invocation ReflectiveMethodInvocation: public org.springframework.http.ResponseEntity com.claimswift.reportingservice.controller.ReportingController.getPaymentReport(java.time.LocalDate,java.time.LocalDate); target is of class [com.claimswift.reportingservice.controller.ReportingController]
2026-03-07 15:38:28.367 [http-nio-8087-exec-3] [ad5a9de0-856d-4c65-8cd8-c64285e38b47] INFO  c.c.r.controller.ReportingController - Generating payment report for period: null to null
2026-03-07 15:38:28.368 [http-nio-8087-exec-3] [ad5a9de0-856d-4c65-8cd8-c64285e38b47] DEBUG c.c.r.client.PaymentServiceClient - [PaymentServiceClient#getAllPayments] ---> GET http://payment-service/api/payments/internal/all HTTP/1.1
2026-03-07 15:38:29.027 [http-nio-8087-exec-3] [ad5a9de0-856d-4c65-8cd8-c64285e38b47] DEBUG c.c.r.client.PaymentServiceClient - [PaymentServiceClient#getAllPayments] <--- HTTP/1.1 200 (658ms)
2026-03-07 15:38:29.067 [http-nio-8087-exec-4] [281a6d24-4773-4171-9c08-4fb1e5e13ade] DEBUG o.s.security.web.FilterChainProxy - Securing GET /api/reports/adjusters/performance
2026-03-07 15:38:29.072 [http-nio-8087-exec-4] [281a6d24-4773-4171-9c08-4fb1e5e13ade] DEBUG c.c.r.s.JwtAuthenticationFilter - Authenticated user: navya123 for URI: /api/reports/adjusters/performance
2026-03-07 15:38:29.074 [http-nio-8087-exec-4] [281a6d24-4773-4171-9c08-4fb1e5e13ade] DEBUG o.s.security.web.FilterChainProxy - Secured GET /api/reports/adjusters/performance
2026-03-07 15:38:29.076 [http-nio-8087-exec-4] [281a6d24-4773-4171-9c08-4fb1e5e13ade] DEBUG o.s.s.a.m.AuthorizationManagerBeforeMethodInterceptor - Authorizing method invocation ReflectiveMethodInvocation: public org.springframework.http.ResponseEntity com.claimswift.reportingservice.controller.ReportingController.getAdjusterPerformanceReport(java.time.LocalDate,java.time.LocalDate); target is of class [com.claimswift.reportingservice.controller.ReportingController]
2026-03-07 15:38:29.077 [http-nio-8087-exec-4] [281a6d24-4773-4171-9c08-4fb1e5e13ade] DEBUG o.s.s.a.h.RoleHierarchyImpl - getReachableGrantedAuthorities() - From the roles [ROLE_MANAGER] one can reach [ROLE_POLICYHOLDER, ROLE_MANAGER, ROLE_ADJUSTER] in zero or more steps.
2026-03-07 15:38:29.078 [http-nio-8087-exec-4] [281a6d24-4773-4171-9c08-4fb1e5e13ade] DEBUG o.s.s.a.m.AuthorizationManagerBeforeMethodInterceptor - Authorized method invocation ReflectiveMethodInvocation: public org.springframework.http.ResponseEntity com.claimswift.reportingservice.controller.ReportingController.getAdjusterPerformanceReport(java.time.LocalDate,java.time.LocalDate); target is of class [com.claimswift.reportingservice.controller.ReportingController]
2026-03-07 15:38:29.079 [http-nio-8087-exec-4] [281a6d24-4773-4171-9c08-4fb1e5e13ade] INFO  c.c.r.controller.ReportingController - Generating adjuster performance report for period: null to null
2026-03-07 15:38:29.079 [http-nio-8087-exec-4] [281a6d24-4773-4171-9c08-4fb1e5e13ade] DEBUG c.c.r.client.ClaimServiceClient - [ClaimServiceClient#getAllClaims] ---> GET http://claim-service/api/claims/internal/all HTTP/1.1
2026-03-07 15:38:29.093 [http-nio-8087-exec-4] [281a6d24-4773-4171-9c08-4fb1e5e13ade] DEBUG c.c.r.client.ClaimServiceClient - [ClaimServiceClient#getAllClaims] <--- HTTP/1.1 200 (13ms)
2026-03-07 15:38:37.926 [AsyncResolver-bootstrap-executor-0] [] INFO  c.n.d.s.r.aws.ConfigClusterResolver - Resolving eureka endpoints via configuration
2026-03-07 15:43:37.927 [AsyncResolver-bootstrap-executor-0] [] INFO  c.n.d.s.r.aws.ConfigClusterResolver - Resolving eureka endpoints via configuration
2026-03-07 15:48:37.929 [AsyncResolver-bootstrap-executor-0] [] INFO  c.n.d.s.r.aws.ConfigClusterResolver - Resolving eureka endpoints via configuration
2026-03-07 15:53:37.941 [AsyncResolver-bootstrap-executor-0] [] INFO  c.n.d.s.r.aws.ConfigClusterResolver - Resolving eureka endpoints via configuration
2026-03-07 15:58:37.942 [AsyncResolver-bootstrap-executor-0] [] INFO  c.n.d.s.r.aws.ConfigClusterResolver - Resolving eureka endpoints via configuration
2026-03-07 16:03:37.955 [AsyncResolver-bootstrap-executor-0] [] INFO  c.n.d.s.r.aws.ConfigClusterResolver - Resolving eureka endpoints via configuration
2026-03-07 16:08:37.957 [AsyncResolver-bootstrap-executor-0] [] INFO  c.n.d.s.r.aws.ConfigClusterResolver - Resolving eureka endpoints via configuration
2026-03-07 16:13:37.969 [AsyncResolver-bootstrap-executor-0] [] INFO  c.n.d.s.r.aws.ConfigClusterResolver - Resolving eureka endpoints via configuration
2026-03-07 16:18:37.982 [AsyncResolver-bootstrap-executor-0] [] INFO  c.n.d.s.r.aws.ConfigClusterResolver - Resolving eureka endpoints via configuration
2026-03-07 16:23:38.021 [AsyncResolver-bootstrap-executor-0] [] INFO  c.n.d.s.r.aws.ConfigClusterResolver - Resolving eureka endpoints via configuration
2026-03-07 16:28:38.024 [AsyncResolver-bootstrap-executor-0] [] INFO  c.n.d.s.r.aws.ConfigClusterResolver - Resolving eureka endpoints via configuration
2026-03-07 16:33:38.035 [AsyncResolver-bootstrap-executor-0] [] INFO  c.n.d.s.r.aws.ConfigClusterResolver - Resolving eureka endpoints via configuration
2026-03-07 16:38:38.050 [AsyncResolver-bootstrap-executor-0] [] INFO  c.n.d.s.r.aws.ConfigClusterResolver - Resolving eureka endpoints via configuration
2026-03-07 16:55:34.473 [HikariPool-1 housekeeper] [] WARN  com.zaxxer.hikari.pool.HikariPool - HikariPool-1 - Thread starvation or clock leap detected (housekeeper delta=15m25s101ms563µs500ns).
2026-03-07 20:10:14.604 [HikariPool-1 housekeeper] [] WARN  com.zaxxer.hikari.pool.HikariPool - HikariPool-1 - Thread starvation or clock leap detected (housekeeper delta=3h14m46s935ms633µs800ns).
2026-03-07 20:12:43.103 [AsyncResolver-bootstrap-executor-0] [] INFO  c.n.d.s.r.aws.ConfigClusterResolver - Resolving eureka endpoints via configuration
2026-03-07 20:17:43.108 [AsyncResolver-bootstrap-executor-0] [] INFO  c.n.d.s.r.aws.ConfigClusterResolver - Resolving eureka endpoints via configuration
2026-03-07 20:22:43.109 [AsyncResolver-bootstrap-executor-0] [] INFO  c.n.d.s.r.aws.ConfigClusterResolver - Resolving eureka endpoints via configuration
2026-03-07 20:27:43.117 [AsyncResolver-bootstrap-executor-0] [] INFO  c.n.d.s.r.aws.ConfigClusterResolver - Resolving eureka endpoints via configuration
2026-03-07 20:32:43.124 [AsyncResolver-bootstrap-executor-0] [] INFO  c.n.d.s.r.aws.ConfigClusterResolver - Resolving eureka endpoints via configuration
2026-03-07 20:37:43.132 [AsyncResolver-bootstrap-executor-0] [] INFO  c.n.d.s.r.aws.ConfigClusterResolver - Resolving eureka endpoints via configuration
2026-03-07 20:42:43.170 [AsyncResolver-bootstrap-executor-0] [] INFO  c.n.d.s.r.aws.ConfigClusterResolver - Resolving eureka endpoints via configuration
2026-03-07 20:47:43.206 [AsyncResolver-bootstrap-executor-0] [] INFO  c.n.d.s.r.aws.ConfigClusterResolver - Resolving eureka endpoints via configuration
2026-03-07 20:52:43.361 [AsyncResolver-bootstrap-executor-0] [] INFO  c.n.d.s.r.aws.ConfigClusterResolver - Resolving eureka endpoints via configuration
2026-03-07 20:57:43.363 [AsyncResolver-bootstrap-executor-0] [] INFO  c.n.d.s.r.aws.ConfigClusterResolver - Resolving eureka endpoints via configuration
2026-03-07 21:02:43.368 [AsyncResolver-bootstrap-executor-0] [] INFO  c.n.d.s.r.aws.ConfigClusterResolver - Resolving eureka endpoints via configuration
2026-03-07 21:07:43.381 [AsyncResolver-bootstrap-executor-0] [] INFO  c.n.d.s.r.aws.ConfigClusterResolver - Resolving eureka endpoints via configuration
2026-03-07 21:12:43.395 [AsyncResolver-bootstrap-executor-0] [] INFO  c.n.d.s.r.aws.ConfigClusterResolver - Resolving eureka endpoints via configuration
2026-03-07 21:17:43.397 [AsyncResolver-bootstrap-executor-0] [] INFO  c.n.d.s.r.aws.ConfigClusterResolver - Resolving eureka endpoints via configuration
2026-03-07 21:22:43.411 [AsyncResolver-bootstrap-executor-0] [] INFO  c.n.d.s.r.aws.ConfigClusterResolver - Resolving eureka endpoints via configuration
2026-03-07 21:27:43.423 [AsyncResolver-bootstrap-executor-0] [] INFO  c.n.d.s.r.aws.ConfigClusterResolver - Resolving eureka endpoints via configuration
2026-03-07 21:32:43.430 [AsyncResolver-bootstrap-executor-0] [] INFO  c.n.d.s.r.aws.ConfigClusterResolver - Resolving eureka endpoints via configuration
2026-03-07 21:37:43.443 [AsyncResolver-bootstrap-executor-0] [] INFO  c.n.d.s.r.aws.ConfigClusterResolver - Resolving eureka endpoints via configuration
2026-03-07 21:42:43.445 [AsyncResolver-bootstrap-executor-0] [] INFO  c.n.d.s.r.aws.ConfigClusterResolver - Resolving eureka endpoints via configuration
2026-03-07 21:47:43.457 [AsyncResolver-bootstrap-executor-0] [] INFO  c.n.d.s.r.aws.ConfigClusterResolver - Resolving eureka endpoints via configuration
2026-03-07 21:52:43.459 [AsyncResolver-bootstrap-executor-0] [] INFO  c.n.d.s.r.aws.ConfigClusterResolver - Resolving eureka endpoints via configuration
2026-03-07 21:57:43.471 [AsyncResolver-bootstrap-executor-0] [] INFO  c.n.d.s.r.aws.ConfigClusterResolver - Resolving eureka endpoints via configuration
2026-03-07 22:02:43.486 [AsyncResolver-bootstrap-executor-0] [] INFO  c.n.d.s.r.aws.ConfigClusterResolver - Resolving eureka endpoints via configuration
2026-03-07 22:07:43.500 [AsyncResolver-bootstrap-executor-0] [] INFO  c.n.d.s.r.aws.ConfigClusterResolver - Resolving eureka endpoints via configuration
2026-03-07 22:12:43.513 [AsyncResolver-bootstrap-executor-0] [] INFO  c.n.d.s.r.aws.ConfigClusterResolver - Resolving eureka endpoints via configuration
2026-03-07 22:17:43.529 [AsyncResolver-bootstrap-executor-0] [] INFO  c.n.d.s.r.aws.ConfigClusterResolver - Resolving eureka endpoints via configuration
2026-03-07 22:22:43.534 [AsyncResolver-bootstrap-executor-0] [] INFO  c.n.d.s.r.aws.ConfigClusterResolver - Resolving eureka endpoints via configuration
2026-03-07 22:27:43.542 [AsyncResolver-bootstrap-executor-0] [] INFO  c.n.d.s.r.aws.ConfigClusterResolver - Resolving eureka endpoints via configuration
2026-03-07 22:32:43.555 [AsyncResolver-bootstrap-executor-0] [] INFO  c.n.d.s.r.aws.ConfigClusterResolver - Resolving eureka endpoints via configuration
2026-03-07 22:37:43.569 [AsyncResolver-bootstrap-executor-0] [] INFO  c.n.d.s.r.aws.ConfigClusterResolver - Resolving eureka endpoints via configuration
2026-03-07 22:42:43.579 [AsyncResolver-bootstrap-executor-0] [] INFO  c.n.d.s.r.aws.ConfigClusterResolver - Resolving eureka endpoints via configuration
2026-03-07 22:47:43.593 [AsyncResolver-bootstrap-executor-0] [] INFO  c.n.d.s.r.aws.ConfigClusterResolver - Resolving eureka endpoints via configuration
2026-03-07 22:52:43.599 [AsyncResolver-bootstrap-executor-0] [] INFO  c.n.d.s.r.aws.ConfigClusterResolver - Resolving eureka endpoints via configuration
2026-03-07 22:57:43.601 [AsyncResolver-bootstrap-executor-0] [] INFO  c.n.d.s.r.aws.ConfigClusterResolver - Resolving eureka endpoints via configuration
2026-03-07 23:02:43.612 [AsyncResolver-bootstrap-executor-0] [] INFO  c.n.d.s.r.aws.ConfigClusterResolver - Resolving eureka endpoints via configuration
2026-03-07 23:03:07.341 [SpringApplicationShutdownHook] [] INFO  o.s.c.n.e.s.EurekaServiceRegistry - Unregistering application REPORTING-SERVICE with eureka with status DOWN
2026-03-07 23:03:07.342 [SpringApplicationShutdownHook] [] INFO  c.netflix.discovery.DiscoveryClient - Saw local status change event StatusChangeEvent [timestamp=1772904787342, current=DOWN, previous=UP]
2026-03-07 23:03:07.345 [DiscoveryClient-InstanceInfoReplicator-0] [] INFO  c.netflix.discovery.DiscoveryClient - Saw local status change event StatusChangeEvent [timestamp=1772904787345, current=UP, previous=DOWN]
2026-03-07 23:03:07.345 [DiscoveryClient-InstanceInfoReplicator-0] [] INFO  c.netflix.discovery.DiscoveryClient - DiscoveryClient_REPORTING-SERVICE/shashank:reporting-service:8087: registering service...
2026-03-07 23:03:07.436 [DiscoveryClient-InstanceInfoReplicator-0] [] INFO  c.netflix.discovery.DiscoveryClient - DiscoveryClient_REPORTING-SERVICE/shashank:reporting-service:8087 - registration status: 204
2026-03-07 23:03:07.481 [SpringApplicationShutdownHook] [] INFO  o.s.o.j.LocalContainerEntityManagerFactoryBean - Closing JPA EntityManagerFactory for persistence unit 'default'
2026-03-07 23:03:07.507 [SpringApplicationShutdownHook] [] INFO  com.zaxxer.hikari.HikariDataSource - HikariPool-1 - Shutdown initiated...
2026-03-07 23:03:07.515 [SpringApplicationShutdownHook] [] INFO  com.zaxxer.hikari.HikariDataSource - HikariPool-1 - Shutdown completed.
2026-03-07 23:03:07.520 [SpringApplicationShutdownHook] [] INFO  c.netflix.discovery.DiscoveryClient - Shutting down DiscoveryClient ...
2026-03-07 23:03:10.537 [SpringApplicationShutdownHook] [] INFO  c.netflix.discovery.DiscoveryClient - Unregistering ...
2026-03-07 23:03:10.614 [SpringApplicationShutdownHook] [] INFO  c.netflix.discovery.DiscoveryClient - DiscoveryClient_REPORTING-SERVICE/shashank:reporting-service:8087 - deregister  status: 200
2026-03-07 23:03:10.620 [SpringApplicationShutdownHook] [] INFO  c.netflix.discovery.DiscoveryClient - Completed shut down of DiscoveryClient
2026-03-07 23:34:51.130 [main] [] INFO  o.s.c.c.c.ConfigServicePropertySourceLocator - Fetching config from server at : http://localhost:8888
2026-03-07 23:34:51.145 [main] [] WARN  o.s.c.c.c.ConfigServicePropertySourceLocator - Could not locate PropertySource: 401 : [no body]
2026-03-07 23:34:51.148 [main] [] INFO  c.c.r.ReportingServiceApplication - No active profile set, falling back to 1 default profile: "default"
2026-03-07 23:34:51.158 [main] [] INFO  o.s.c.c.c.ConfigServerConfigDataLoader - Fetching config from server at : http://localhost:8888
2026-03-07 23:34:51.158 [main] [] INFO  o.s.c.c.c.ConfigServerConfigDataLoader - Located environment: name=reporting-service, profiles=[default], label=null, version=null, state=null
2026-03-07 23:34:51.735 [main] [] INFO  o.s.d.r.c.RepositoryConfigurationDelegate - Bootstrapping Spring Data JPA repositories in DEFAULT mode.
2026-03-07 23:34:51.823 [main] [] INFO  o.s.d.r.c.RepositoryConfigurationDelegate - Finished Spring Data repository scanning in 82 ms. Found 1 JPA repository interface.
2026-03-07 23:34:52.051 [main] [] INFO  o.s.cloud.context.scope.GenericScope - BeanFactory id=d69be68c-48a6-383c-bc1e-4bf079793a37
2026-03-07 23:34:52.331 [main] [] WARN  o.s.c.s.PostProcessorRegistrationDelegate$BeanPostProcessorChecker - Bean 'org.springframework.cloud.client.loadbalancer.LoadBalancerAutoConfiguration$RetryInterceptorAutoConfiguration' of type [org.springframework.cloud.client.loadbalancer.LoadBalancerAutoConfiguration$RetryInterceptorAutoConfiguration] is not eligible for getting processed by all BeanPostProcessors (for example: not eligible for auto-proxying). The currently created BeanPostProcessor [lbRestClientPostProcessor] is declared through a non-static factory method on that class; consider declaring it as static instead.
2026-03-07 23:34:52.343 [main] [] WARN  o.s.c.s.PostProcessorRegistrationDelegate$BeanPostProcessorChecker - Bean 'org.springframework.cloud.loadbalancer.config.BlockingLoadBalancerClientAutoConfiguration' of type [org.springframework.cloud.loadbalancer.config.BlockingLoadBalancerClientAutoConfiguration] is not eligible for getting processed by all BeanPostProcessors (for example: not eligible for auto-proxying). Is this bean getting eagerly injected into a currently created BeanPostProcessor [lbRestClientPostProcessor]? Check the corresponding BeanPostProcessor declaration and its dependencies.
2026-03-07 23:34:52.349 [main] [] WARN  o.s.c.s.PostProcessorRegistrationDelegate$BeanPostProcessorChecker - Bean 'org.springframework.cloud.loadbalancer.config.LoadBalancerAutoConfiguration' of type [org.springframework.cloud.loadbalancer.config.LoadBalancerAutoConfiguration] is not eligible for getting processed by all BeanPostProcessors (for example: not eligible for auto-proxying). Is this bean getting eagerly injected into a currently created BeanPostProcessor [lbRestClientPostProcessor]? Check the corresponding BeanPostProcessor declaration and its dependencies.
2026-03-07 23:34:52.363 [main] [] WARN  o.s.c.s.PostProcessorRegistrationDelegate$BeanPostProcessorChecker - Bean 'org.springframework.cloud.commons.config.CommonsConfigAutoConfiguration' of type [org.springframework.cloud.commons.config.CommonsConfigAutoConfiguration] is not eligible for getting processed by all BeanPostProcessors (for example: not eligible for auto-proxying). Is this bean getting eagerly injected into a currently created BeanPostProcessor [lbRestClientPostProcessor]? Check the corresponding BeanPostProcessor declaration and its dependencies.
2026-03-07 23:34:52.367 [main] [] WARN  o.s.c.s.PostProcessorRegistrationDelegate$BeanPostProcessorChecker - Bean 'org.springframework.cloud.client.loadbalancer.LoadBalancerDefaultMappingsProviderAutoConfiguration' of type [org.springframework.cloud.client.loadbalancer.LoadBalancerDefaultMappingsProviderAutoConfiguration] is not eligible for getting processed by all BeanPostProcessors (for example: not eligible for auto-proxying). Is this bean getting eagerly injected into a currently created BeanPostProcessor [lbRestClientPostProcessor]? Check the corresponding BeanPostProcessor declaration and its dependencies.
2026-03-07 23:34:52.370 [main] [] WARN  o.s.c.s.PostProcessorRegistrationDelegate$BeanPostProcessorChecker - Bean 'loadBalancerClientsDefaultsMappingsProvider' of type [org.springframework.cloud.client.loadbalancer.LoadBalancerDefaultMappingsProviderAutoConfiguration$$Lambda/0x000001c44258fca0] is not eligible for getting processed by all BeanPostProcessors (for example: not eligible for auto-proxying). Is this bean getting eagerly injected into a currently created BeanPostProcessor [lbRestClientPostProcessor]? Check the corresponding BeanPostProcessor declaration and its dependencies.
2026-03-07 23:34:52.373 [main] [] WARN  o.s.c.s.PostProcessorRegistrationDelegate$BeanPostProcessorChecker - Bean 'defaultsBindHandlerAdvisor' of type [org.springframework.cloud.commons.config.DefaultsBindHandlerAdvisor] is not eligible for getting processed by all BeanPostProcessors (for example: not eligible for auto-proxying). Is this bean getting eagerly injected into a currently created BeanPostProcessor [lbRestClientPostProcessor]? Check the corresponding BeanPostProcessor declaration and its dependencies.
2026-03-07 23:34:52.379 [main] [] WARN  o.s.c.s.PostProcessorRegistrationDelegate$BeanPostProcessorChecker - Bean 'spring.cloud.loadbalancer-org.springframework.cloud.client.loadbalancer.LoadBalancerClientsProperties' of type [org.springframework.cloud.client.loadbalancer.LoadBalancerClientsProperties] is not eligible for getting processed by all BeanPostProcessors (for example: not eligible for auto-proxying). Is this bean getting eagerly injected into a currently created BeanPostProcessor [lbRestClientPostProcessor]? Check the corresponding BeanPostProcessor declaration and its dependencies.
2026-03-07 23:34:52.387 [main] [] WARN  o.s.c.s.PostProcessorRegistrationDelegate$BeanPostProcessorChecker - Bean 'default.org.springframework.cloud.loadbalancer.config.LoadBalancerAutoConfiguration.LoadBalancerClientSpecification' of type [org.springframework.cloud.loadbalancer.annotation.LoadBalancerClientSpecification] is not eligible for getting processed by all BeanPostProcessors (for example: not eligible for auto-proxying). Is this bean getting eagerly injected into a currently created BeanPostProcessor [lbRestClientPostProcessor]? Check the corresponding BeanPostProcessor declaration and its dependencies.
2026-03-07 23:34:52.390 [main] [] WARN  o.s.c.s.PostProcessorRegistrationDelegate$BeanPostProcessorChecker - Bean 'default.org.springframework.cloud.loadbalancer.config.BlockingLoadBalancerClientAutoConfiguration.LoadBalancerClientSpecification' of type [org.springframework.cloud.loadbalancer.annotation.LoadBalancerClientSpecification] is not eligible for getting processed by all BeanPostProcessors (for example: not eligible for auto-proxying). Is this bean getting eagerly injected into a currently created BeanPostProcessor [lbRestClientPostProcessor]? Check the corresponding BeanPostProcessor declaration and its dependencies.
2026-03-07 23:34:52.391 [main] [] WARN  o.s.c.s.PostProcessorRegistrationDelegate$BeanPostProcessorChecker - Bean 'default.org.springframework.cloud.netflix.eureka.loadbalancer.LoadBalancerEurekaAutoConfiguration.LoadBalancerClientSpecification' of type [org.springframework.cloud.loadbalancer.annotation.LoadBalancerClientSpecification] is not eligible for getting processed by all BeanPostProcessors (for example: not eligible for auto-proxying). Is this bean getting eagerly injected into a currently created BeanPostProcessor [lbRestClientPostProcessor]? Check the corresponding BeanPostProcessor declaration and its dependencies.
2026-03-07 23:34:52.392 [main] [] WARN  o.s.c.s.PostProcessorRegistrationDelegate$BeanPostProcessorChecker - Bean 'loadBalancerClientFactory' of type [org.springframework.cloud.loadbalancer.support.LoadBalancerClientFactory] is not eligible for getting processed by all BeanPostProcessors (for example: not eligible for auto-proxying). Is this bean getting eagerly injected into a currently created BeanPostProcessor [lbRestClientPostProcessor]? Check the corresponding BeanPostProcessor declaration and its dependencies.
2026-03-07 23:34:52.398 [main] [] WARN  o.s.c.s.PostProcessorRegistrationDelegate$BeanPostProcessorChecker - Bean 'blockingLoadBalancerClient' of type [org.springframework.cloud.loadbalancer.blocking.client.BlockingLoadBalancerClient] is not eligible for getting processed by all BeanPostProcessors (for example: not eligible for auto-proxying). Is this bean getting eagerly injected into a currently created BeanPostProcessor [lbRestClientPostProcessor]? Check the corresponding BeanPostProcessor declaration and its dependencies.
2026-03-07 23:34:52.406 [main] [] WARN  o.s.c.s.PostProcessorRegistrationDelegate$BeanPostProcessorChecker - Bean 'loadBalancerServiceInstanceCookieTransformer' of type [org.springframework.cloud.loadbalancer.core.LoadBalancerServiceInstanceCookieTransformer] is not eligible for getting processed by all BeanPostProcessors (for example: not eligible for auto-proxying). Is this bean getting eagerly injected into a currently created BeanPostProcessor [lbRestClientPostProcessor]? Check the corresponding BeanPostProcessor declaration and its dependencies.
2026-03-07 23:34:52.409 [main] [] WARN  o.s.c.s.PostProcessorRegistrationDelegate$BeanPostProcessorChecker - Bean 'xForwarderHeadersTransformer' of type [org.springframework.cloud.loadbalancer.blocking.XForwardedHeadersTransformer] is not eligible for getting processed by all BeanPostProcessors (for example: not eligible for auto-proxying). Is this bean getting eagerly injected into a currently created BeanPostProcessor [lbRestClientPostProcessor]? Check the corresponding BeanPostProcessor declaration and its dependencies.
2026-03-07 23:34:52.411 [main] [] WARN  o.s.c.s.PostProcessorRegistrationDelegate$BeanPostProcessorChecker - Bean 'org.springframework.cloud.client.loadbalancer.LoadBalancerAutoConfiguration' of type [org.springframework.cloud.client.loadbalancer.LoadBalancerAutoConfiguration] is not eligible for getting processed by all BeanPostProcessors (for example: not eligible for auto-proxying). Is this bean getting eagerly injected into a currently created BeanPostProcessor [lbRestClientPostProcessor]? Check the corresponding BeanPostProcessor declaration and its dependencies.
2026-03-07 23:34:52.413 [main] [] WARN  o.s.c.s.PostProcessorRegistrationDelegate$BeanPostProcessorChecker - Bean 'loadBalancerRequestFactory' of type [org.springframework.cloud.client.loadbalancer.LoadBalancerRequestFactory] is not eligible for getting processed by all BeanPostProcessors (for example: not eligible for auto-proxying). Is this bean getting eagerly injected into a currently created BeanPostProcessor [lbRestClientPostProcessor]? Check the corresponding BeanPostProcessor declaration and its dependencies.
2026-03-07 23:34:52.416 [main] [] WARN  o.s.c.s.PostProcessorRegistrationDelegate$BeanPostProcessorChecker - Bean 'org.springframework.cloud.loadbalancer.config.BlockingLoadBalancerClientAutoConfiguration$BlockingLoadBalancerRetryConfig' of type [org.springframework.cloud.loadbalancer.config.BlockingLoadBalancerClientAutoConfiguration$BlockingLoadBalancerRetryConfig$$SpringCGLIB$$0] is not eligible for getting processed by all BeanPostProcessors (for example: not eligible for auto-proxying). Is this bean getting eagerly injected into a currently created BeanPostProcessor [lbRestClientPostProcessor]? Check the corresponding BeanPostProcessor declaration and its dependencies.
2026-03-07 23:34:52.420 [main] [] WARN  o.s.c.s.PostProcessorRegistrationDelegate$BeanPostProcessorChecker - Bean 'loadBalancedRetryFactory' of type [org.springframework.cloud.loadbalancer.blocking.retry.BlockingLoadBalancedRetryFactory] is not eligible for getting processed by all BeanPostProcessors (for example: not eligible for auto-proxying). Is this bean getting eagerly injected into a currently created BeanPostProcessor [lbRestClientPostProcessor]? Check the corresponding BeanPostProcessor declaration and its dependencies.
2026-03-07 23:34:52.430 [main] [] WARN  o.s.c.s.PostProcessorRegistrationDelegate$BeanPostProcessorChecker - Bean 'loadBalancerInterceptor' of type [org.springframework.cloud.client.loadbalancer.RetryLoadBalancerInterceptor] is not eligible for getting processed by all BeanPostProcessors (for example: not eligible for auto-proxying). Is this bean getting eagerly injected into a currently created BeanPostProcessor [lbRestClientPostProcessor]? Check the corresponding BeanPostProcessor declaration and its dependencies.
2026-03-07 23:34:52.803 [main] [] INFO  o.s.b.w.e.tomcat.TomcatWebServer - Tomcat initialized with port 8087 (http)
2026-03-07 23:34:52.812 [main] [] INFO  o.a.catalina.core.StandardService - Starting service [Tomcat]
2026-03-07 23:34:52.812 [main] [] INFO  o.a.catalina.core.StandardEngine - Starting Servlet engine: [Apache Tomcat/10.1.16]
2026-03-07 23:34:52.918 [main] [] INFO  o.a.c.c.C.[Tomcat].[localhost].[/] - Initializing Spring embedded WebApplicationContext
2026-03-07 23:34:52.919 [main] [] INFO  o.s.b.w.s.c.ServletWebServerApplicationContext - Root WebApplicationContext: initialization completed in 1760 ms
2026-03-07 23:34:53.230 [main] [] DEBUG c.c.r.s.JwtAuthenticationFilter - Filter 'jwtAuthenticationFilter' configured for use
2026-03-07 23:34:53.231 [main] [] DEBUG c.c.r.filter.CorrelationIdFilter - Filter 'correlationIdFilter' configured for use
2026-03-07 23:34:53.403 [main] [] INFO  o.h.jpa.internal.util.LogHelper - HHH000204: Processing PersistenceUnitInfo [name: default]
2026-03-07 23:34:53.456 [main] [] INFO  org.hibernate.Version - HHH000412: Hibernate ORM core version 6.3.1.Final
2026-03-07 23:34:53.499 [main] [] INFO  o.h.c.i.RegionFactoryInitiator - HHH000026: Second-level cache disabled
2026-03-07 23:34:53.735 [main] [] INFO  o.s.o.j.p.SpringPersistenceUnitInfo - No LoadTimeWeaver setup: ignoring JPA class transformer
2026-03-07 23:34:53.758 [main] [] INFO  com.zaxxer.hikari.HikariDataSource - HikariPool-1 - Starting...
2026-03-07 23:34:53.924 [main] [] INFO  com.zaxxer.hikari.pool.HikariPool - HikariPool-1 - Added connection com.mysql.cj.jdbc.ConnectionImpl@c7a1db6
2026-03-07 23:34:53.925 [main] [] INFO  com.zaxxer.hikari.HikariDataSource - HikariPool-1 - Start completed.
2026-03-07 23:34:53.985 [main] [] WARN  org.hibernate.orm.deprecation - HHH90000025: MySQLDialect does not need to be specified explicitly using 'hibernate.dialect' (remove the property setting and it will be selected by default)
2026-03-07 23:34:54.802 [main] [] INFO  o.h.e.t.j.p.i.JtaPlatformInitiator - HHH000489: No JTA platform available (set 'hibernate.transaction.jta.platform' to enable JTA platform integration)
2026-03-07 23:34:54.893 [main] [] INFO  o.s.o.j.LocalContainerEntityManagerFactoryBean - Initialized JPA EntityManagerFactory for persistence unit 'default'
2026-03-07 23:34:55.070 [main] [] WARN  o.s.b.a.o.j.JpaBaseConfiguration$JpaWebConfiguration - spring.jpa.open-in-view is enabled by default. Therefore, database queries may be performed during view rendering. Explicitly configure spring.jpa.open-in-view to disable this warning
2026-03-07 23:34:55.202 [main] [] INFO  o.s.c.o.FeignClientFactoryBean - For 'claim-service' URL not provided. Will try picking an instance via load-balancing.
2026-03-07 23:34:55.279 [main] [] INFO  o.s.c.o.FeignClientFactoryBean - For 'payment-service' URL not provided. Will try picking an instance via load-balancing.
2026-03-07 23:34:55.722 [main] [] WARN  o.s.b.a.s.s.UserDetailsServiceAutoConfiguration - 

Using generated security password: 4b0483df-c51e-4f8c-9e91-b75b8046e8cb

This generated password is for development use only. Your security configuration must be updated before running your application in production.

2026-03-07 23:34:55.820 [main] [] DEBUG o.s.s.a.h.RoleHierarchyImpl - setHierarchy() - The following role hierarchy was set: ROLE_ADMIN > ROLE_MANAGER
ROLE_MANAGER > ROLE_ADJUSTER
ROLE_ADJUSTER > ROLE_POLICYHOLDER

2026-03-07 23:34:55.822 [main] [] DEBUG o.s.s.a.h.RoleHierarchyImpl - buildRolesReachableInOneStepMap() - From role ROLE_ADMIN one can reach role ROLE_MANAGER in one step.
2026-03-07 23:34:55.822 [main] [] DEBUG o.s.s.a.h.RoleHierarchyImpl - buildRolesReachableInOneStepMap() - From role ROLE_MANAGER one can reach role ROLE_ADJUSTER in one step.
2026-03-07 23:34:55.822 [main] [] DEBUG o.s.s.a.h.RoleHierarchyImpl - buildRolesReachableInOneStepMap() - From role ROLE_ADJUSTER one can reach role ROLE_POLICYHOLDER in one step.
2026-03-07 23:34:55.822 [main] [] DEBUG o.s.s.a.h.RoleHierarchyImpl - buildRolesReachableInOneOrMoreStepsMap() - From role ROLE_MANAGER one can reach [ROLE_POLICYHOLDER, ROLE_ADJUSTER] in one or more steps.
2026-03-07 23:34:55.822 [main] [] DEBUG o.s.s.a.h.RoleHierarchyImpl - buildRolesReachableInOneOrMoreStepsMap() - From role ROLE_ADMIN one can reach [ROLE_POLICYHOLDER, ROLE_MANAGER, ROLE_ADJUSTER] in one or more steps.
2026-03-07 23:34:55.822 [main] [] DEBUG o.s.s.a.h.RoleHierarchyImpl - buildRolesReachableInOneOrMoreStepsMap() - From role ROLE_ADJUSTER one can reach [ROLE_POLICYHOLDER] in one or more steps.
2026-03-07 23:34:56.351 [main] [] INFO  o.s.b.a.e.web.EndpointLinksResolver - Exposing 4 endpoint(s) beneath base path '/actuator'
2026-03-07 23:34:56.475 [main] [] INFO  o.s.s.web.DefaultSecurityFilterChain - Will secure any request with [org.springframework.security.web.session.DisableEncodeUrlFilter@5b52ce28, org.springframework.security.web.context.request.async.WebAsyncManagerIntegrationFilter@5ec10ab1, org.springframework.security.web.context.SecurityContextHolderFilter@492c1b1b, org.springframework.security.web.header.HeaderWriterFilter@6f96d39f, org.springframework.web.filter.CorsFilter@6701fbf3, org.springframework.security.web.authentication.logout.LogoutFilter@5f97d43e, com.claimswift.reportingservice.security.JwtAuthenticationFilter@43ee1cf7, org.springframework.security.web.savedrequest.RequestCacheAwareFilter@36dab184, org.springframework.security.web.servletapi.SecurityContextHolderAwareRequestFilter@5fc3b20b, org.springframework.security.web.authentication.AnonymousAuthenticationFilter@63f88d35, org.springframework.security.web.session.SessionManagementFilter@362d91ef, org.springframework.security.web.access.ExceptionTranslationFilter@4528a8bf, org.springframework.security.web.access.intercept.AuthorizationFilter@193e65d5]
2026-03-07 23:34:57.044 [main] [] INFO  o.s.c.n.e.c.DiscoveryClientOptionalArgsConfiguration - Eureka HTTP Client uses RestTemplate.
2026-03-07 23:34:57.116 [main] [] WARN  o.s.c.l.c.LoadBalancerCacheAutoConfiguration$LoadBalancerCaffeineWarnLogger - Spring Cloud LoadBalancer is currently working with the default cache. While this cache implementation is useful for development and tests, it's recommended to use Caffeine cache in production.You can switch to using Caffeine cache, by adding it and org.springframework.cache.caffeine.CaffeineCacheManager to the classpath.
2026-03-07 23:34:57.193 [main] [] INFO  o.s.c.n.eureka.InstanceInfoFactory - Setting initial instance status as: STARTING
2026-03-07 23:34:57.288 [main] [] INFO  c.netflix.discovery.DiscoveryClient - Initializing Eureka in region us-east-1
2026-03-07 23:34:57.293 [main] [] INFO  c.n.d.s.r.aws.ConfigClusterResolver - Resolving eureka endpoints via configuration
2026-03-07 23:34:57.312 [main] [] INFO  c.netflix.discovery.DiscoveryClient - Disable delta property : false
2026-03-07 23:34:57.313 [main] [] INFO  c.netflix.discovery.DiscoveryClient - Single vip registry refresh property : null
2026-03-07 23:34:57.313 [main] [] INFO  c.netflix.discovery.DiscoveryClient - Force full registry fetch : false
2026-03-07 23:34:57.314 [main] [] INFO  c.netflix.discovery.DiscoveryClient - Application is null : false
2026-03-07 23:34:57.314 [main] [] INFO  c.netflix.discovery.DiscoveryClient - Registered Applications size is zero : true
2026-03-07 23:34:57.314 [main] [] INFO  c.netflix.discovery.DiscoveryClient - Application version is -1: true
2026-03-07 23:34:57.314 [main] [] INFO  c.netflix.discovery.DiscoveryClient - Getting all instance registry info from the eureka server
2026-03-07 23:34:57.650 [main] [] INFO  c.netflix.discovery.DiscoveryClient - The response status is 200
2026-03-07 23:34:57.654 [main] [] INFO  c.netflix.discovery.DiscoveryClient - Starting heartbeat executor: renew interval is: 30
2026-03-07 23:34:57.657 [main] [] INFO  c.n.discovery.InstanceInfoReplicator - InstanceInfoReplicator onDemand update allowed rate per min is 4
2026-03-07 23:34:57.663 [main] [] INFO  c.netflix.discovery.DiscoveryClient - Discovery Client initialized at timestamp 1772906697663 with initial instances count: 1
2026-03-07 23:34:57.677 [main] [] INFO  o.s.c.n.e.s.EurekaServiceRegistry - Registering application REPORTING-SERVICE with eureka with status UP
2026-03-07 23:34:57.684 [DiscoveryClient-InstanceInfoReplicator-0] [] INFO  c.netflix.discovery.DiscoveryClient - Saw local status change event StatusChangeEvent [timestamp=1772906697684, current=UP, previous=STARTING]
2026-03-07 23:34:57.684 [DiscoveryClient-InstanceInfoReplicator-0] [] INFO  c.netflix.discovery.DiscoveryClient - DiscoveryClient_REPORTING-SERVICE/shashank:reporting-service:8087: registering service...
2026-03-07 23:34:57.685 [main] [] WARN  c.n.discovery.InstanceInfoReplicator - Ignoring onDemand update due to rate limiter
2026-03-07 23:34:57.714 [main] [] INFO  o.s.b.w.e.tomcat.TomcatWebServer - Tomcat started on port 8087 (http) with context path ''
2026-03-07 23:34:57.715 [main] [] INFO  o.s.c.n.e.s.EurekaAutoServiceRegistration - Updating port to 8087
2026-03-07 23:34:57.736 [main] [] INFO  c.c.r.ReportingServiceApplication - Started ReportingServiceApplication in 7.769 seconds (process running for 8.193)
2026-03-07 23:34:57.825 [DiscoveryClient-InstanceInfoReplicator-0] [] INFO  c.netflix.discovery.DiscoveryClient - DiscoveryClient_REPORTING-SERVICE/shashank:reporting-service:8087 - registration status: 204
2026-03-07 23:37:47.676 [SpringApplicationShutdownHook] [] INFO  o.s.c.n.e.s.EurekaServiceRegistry - Unregistering application REPORTING-SERVICE with eureka with status DOWN
2026-03-07 23:37:47.677 [SpringApplicationShutdownHook] [] INFO  c.netflix.discovery.DiscoveryClient - Saw local status change event StatusChangeEvent [timestamp=1772906867677, current=DOWN, previous=UP]
2026-03-07 23:37:47.679 [DiscoveryClient-InstanceInfoReplicator-0] [] INFO  c.netflix.discovery.DiscoveryClient - Saw local status change event StatusChangeEvent [timestamp=1772906867679, current=UP, previous=DOWN]
2026-03-07 23:37:47.679 [DiscoveryClient-InstanceInfoReplicator-0] [] INFO  c.netflix.discovery.DiscoveryClient - DiscoveryClient_REPORTING-SERVICE/shashank:reporting-service:8087: registering service...
2026-03-07 23:37:47.686 [SpringApplicationShutdownHook] [] INFO  o.s.o.j.LocalContainerEntityManagerFactoryBean - Closing JPA EntityManagerFactory for persistence unit 'default'
2026-03-07 23:37:47.688 [SpringApplicationShutdownHook] [] INFO  com.zaxxer.hikari.HikariDataSource - HikariPool-1 - Shutdown initiated...
2026-03-07 23:37:47.694 [SpringApplicationShutdownHook] [] INFO  com.zaxxer.hikari.HikariDataSource - HikariPool-1 - Shutdown completed.
2026-03-07 23:37:47.696 [SpringApplicationShutdownHook] [] INFO  c.netflix.discovery.DiscoveryClient - Shutting down DiscoveryClient ...
2026-03-07 23:37:47.761 [DiscoveryClient-InstanceInfoReplicator-0] [] INFO  c.netflix.discovery.DiscoveryClient - DiscoveryClient_REPORTING-SERVICE/shashank:reporting-service:8087 - registration status: 204
2026-03-07 23:37:47.761 [SpringApplicationShutdownHook] [] INFO  c.netflix.discovery.DiscoveryClient - Unregistering ...
2026-03-07 23:37:47.827 [SpringApplicationShutdownHook] [] INFO  c.netflix.discovery.DiscoveryClient - DiscoveryClient_REPORTING-SERVICE/shashank:reporting-service:8087 - deregister  status: 200
2026-03-07 23:37:47.830 [SpringApplicationShutdownHook] [] INFO  c.netflix.discovery.DiscoveryClient - Completed shut down of DiscoveryClient
