2026-03-08 00:06:59.367 [main] [] INFO  o.s.c.c.c.ConfigServicePropertySourceLocator - Fetching config from server at : http://localhost:8888
2026-03-08 00:06:59.394 [main] [] WARN  o.s.c.c.c.ConfigServicePropertySourceLocator - Could not locate PropertySource: 401 : [no body]
2026-03-08 00:06:59.398 [main] [] INFO  c.c.r.ReportingServiceApplication - No active profile set, falling back to 1 default profile: "default"
2026-03-08 00:06:59.411 [main] [] INFO  o.s.c.c.c.ConfigServerConfigDataLoader - Fetching config from server at : http://localhost:8888
2026-03-08 00:06:59.412 [main] [] INFO  o.s.c.c.c.ConfigServerConfigDataLoader - Located environment: name=reporting-service, profiles=[default], label=null, version=null, state=null
2026-03-08 00:07:00.084 [main] [] INFO  o.s.d.r.c.RepositoryConfigurationDelegate - Bootstrapping Spring Data JPA repositories in DEFAULT mode.
2026-03-08 00:07:00.173 [main] [] INFO  o.s.d.r.c.RepositoryConfigurationDelegate - Finished Spring Data repository scanning in 84 ms. Found 1 JPA repository interface.
2026-03-08 00:07:00.471 [main] [] INFO  o.s.cloud.context.scope.GenericScope - BeanFactory id=d69be68c-48a6-383c-bc1e-4bf079793a37
2026-03-08 00:07:00.904 [main] [] WARN  o.s.c.s.PostProcessorRegistrationDelegate$BeanPostProcessorChecker - Bean 'org.springframework.cloud.client.loadbalancer.LoadBalancerAutoConfiguration$RetryInterceptorAutoConfiguration' of type [org.springframework.cloud.client.loadbalancer.LoadBalancerAutoConfiguration$RetryInterceptorAutoConfiguration] is not eligible for getting processed by all BeanPostProcessors (for example: not eligible for auto-proxying). The currently created BeanPostProcessor [lbRestClientPostProcessor] is declared through a non-static factory method on that class; consider declaring it as static instead.
2026-03-08 00:07:00.912 [main] [] WARN  o.s.c.s.PostProcessorRegistrationDelegate$BeanPostProcessorChecker - Bean 'org.springframework.cloud.loadbalancer.config.BlockingLoadBalancerClientAutoConfiguration' of type [org.springframework.cloud.loadbalancer.config.BlockingLoadBalancerClientAutoConfiguration] is not eligible for getting processed by all BeanPostProcessors (for example: not eligible for auto-proxying). Is this bean getting eagerly injected into a currently created BeanPostProcessor [lbRestClientPostProcessor]? Check the corresponding BeanPostProcessor declaration and its dependencies.
2026-03-08 00:07:00.916 [main] [] WARN  o.s.c.s.PostProcessorRegistrationDelegate$BeanPostProcessorChecker - Bean 'org.springframework.cloud.loadbalancer.config.LoadBalancerAutoConfiguration' of type [org.springframework.cloud.loadbalancer.config.LoadBalancerAutoConfiguration] is not eligible for getting processed by all BeanPostProcessors (for example: not eligible for auto-proxying). Is this bean getting eagerly injected into a currently created BeanPostProcessor [lbRestClientPostProcessor]? Check the corresponding BeanPostProcessor declaration and its dependencies.
2026-03-08 00:07:00.928 [main] [] WARN  o.s.c.s.PostProcessorRegistrationDelegate$BeanPostProcessorChecker - Bean 'org.springframework.cloud.commons.config.CommonsConfigAutoConfiguration' of type [org.springframework.cloud.commons.config.CommonsConfigAutoConfiguration] is not eligible for getting processed by all BeanPostProcessors (for example: not eligible for auto-proxying). Is this bean getting eagerly injected into a currently created BeanPostProcessor [lbRestClientPostProcessor]? Check the corresponding BeanPostProcessor declaration and its dependencies.
2026-03-08 00:07:00.933 [main] [] WARN  o.s.c.s.PostProcessorRegistrationDelegate$BeanPostProcessorChecker - Bean 'org.springframework.cloud.client.loadbalancer.LoadBalancerDefaultMappingsProviderAutoConfiguration' of type [org.springframework.cloud.client.loadbalancer.LoadBalancerDefaultMappingsProviderAutoConfiguration] is not eligible for getting processed by all BeanPostProcessors (for example: not eligible for auto-proxying). Is this bean getting eagerly injected into a currently created BeanPostProcessor [lbRestClientPostProcessor]? Check the corresponding BeanPostProcessor declaration and its dependencies.
2026-03-08 00:07:00.937 [main] [] WARN  o.s.c.s.PostProcessorRegistrationDelegate$BeanPostProcessorChecker - Bean 'loadBalancerClientsDefaultsMappingsProvider' of type [org.springframework.cloud.client.loadbalancer.LoadBalancerDefaultMappingsProviderAutoConfiguration$$Lambda/0x000001f98158fca0] is not eligible for getting processed by all BeanPostProcessors (for example: not eligible for auto-proxying). Is this bean getting eagerly injected into a currently created BeanPostProcessor [lbRestClientPostProcessor]? Check the corresponding BeanPostProcessor declaration and its dependencies.
2026-03-08 00:07:00.942 [main] [] WARN  o.s.c.s.PostProcessorRegistrationDelegate$BeanPostProcessorChecker - Bean 'defaultsBindHandlerAdvisor' of type [org.springframework.cloud.commons.config.DefaultsBindHandlerAdvisor] is not eligible for getting processed by all BeanPostProcessors (for example: not eligible for auto-proxying). Is this bean getting eagerly injected into a currently created BeanPostProcessor [lbRestClientPostProcessor]? Check the corresponding BeanPostProcessor declaration and its dependencies.
2026-03-08 00:07:00.949 [main] [] WARN  o.s.c.s.PostProcessorRegistrationDelegate$BeanPostProcessorChecker - Bean 'spring.cloud.loadbalancer-org.springframework.cloud.client.loadbalancer.LoadBalancerClientsProperties' of type [org.springframework.cloud.client.loadbalancer.LoadBalancerClientsProperties] is not eligible for getting processed by all BeanPostProcessors (for example: not eligible for auto-proxying). Is this bean getting eagerly injected into a currently created BeanPostProcessor [lbRestClientPostProcessor]? Check the corresponding BeanPostProcessor declaration and its dependencies.
2026-03-08 00:07:00.960 [main] [] WARN  o.s.c.s.PostProcessorRegistrationDelegate$BeanPostProcessorChecker - Bean 'default.org.springframework.cloud.loadbalancer.config.LoadBalancerAutoConfiguration.LoadBalancerClientSpecification' of type [org.springframework.cloud.loadbalancer.annotation.LoadBalancerClientSpecification] is not eligible for getting processed by all BeanPostProcessors (for example: not eligible for auto-proxying). Is this bean getting eagerly injected into a currently created BeanPostProcessor [lbRestClientPostProcessor]? Check the corresponding BeanPostProcessor declaration and its dependencies.
2026-03-08 00:07:00.964 [main] [] WARN  o.s.c.s.PostProcessorRegistrationDelegate$BeanPostProcessorChecker - Bean 'default.org.springframework.cloud.loadbalancer.config.BlockingLoadBalancerClientAutoConfiguration.LoadBalancerClientSpecification' of type [org.springframework.cloud.loadbalancer.annotation.LoadBalancerClientSpecification] is not eligible for getting processed by all BeanPostProcessors (for example: not eligible for auto-proxying). Is this bean getting eagerly injected into a currently created BeanPostProcessor [lbRestClientPostProcessor]? Check the corresponding BeanPostProcessor declaration and its dependencies.
2026-03-08 00:07:00.965 [main] [] WARN  o.s.c.s.PostProcessorRegistrationDelegate$BeanPostProcessorChecker - Bean 'default.org.springframework.cloud.netflix.eureka.loadbalancer.LoadBalancerEurekaAutoConfiguration.LoadBalancerClientSpecification' of type [org.springframework.cloud.loadbalancer.annotation.LoadBalancerClientSpecification] is not eligible for getting processed by all BeanPostProcessors (for example: not eligible for auto-proxying). Is this bean getting eagerly injected into a currently created BeanPostProcessor [lbRestClientPostProcessor]? Check the corresponding BeanPostProcessor declaration and its dependencies.
2026-03-08 00:07:00.967 [main] [] WARN  o.s.c.s.PostProcessorRegistrationDelegate$BeanPostProcessorChecker - Bean 'loadBalancerClientFactory' of type [org.springframework.cloud.loadbalancer.support.LoadBalancerClientFactory] is not eligible for getting processed by all BeanPostProcessors (for example: not eligible for auto-proxying). Is this bean getting eagerly injected into a currently created BeanPostProcessor [lbRestClientPostProcessor]? Check the corresponding BeanPostProcessor declaration and its dependencies.
2026-03-08 00:07:00.977 [main] [] WARN  o.s.c.s.PostProcessorRegistrationDelegate$BeanPostProcessorChecker - Bean 'blockingLoadBalancerClient' of type [org.springframework.cloud.loadbalancer.blocking.client.BlockingLoadBalancerClient] is not eligible for getting processed by all BeanPostProcessors (for example: not eligible for auto-proxying). Is this bean getting eagerly injected into a currently created BeanPostProcessor [lbRestClientPostProcessor]? Check the corresponding BeanPostProcessor declaration and its dependencies.
2026-03-08 00:07:00.990 [main] [] WARN  o.s.c.s.PostProcessorRegistrationDelegate$BeanPostProcessorChecker - Bean 'loadBalancerServiceInstanceCookieTransformer' of type [org.springframework.cloud.loadbalancer.core.LoadBalancerServiceInstanceCookieTransformer] is not eligible for getting processed by all BeanPostProcessors (for example: not eligible for auto-proxying). Is this bean getting eagerly injected into a currently created BeanPostProcessor [lbRestClientPostProcessor]? Check the corresponding BeanPostProcessor declaration and its dependencies.
2026-03-08 00:07:00.994 [main] [] WARN  o.s.c.s.PostProcessorRegistrationDelegate$BeanPostProcessorChecker - Bean 'xForwarderHeadersTransformer' of type [org.springframework.cloud.loadbalancer.blocking.XForwardedHeadersTransformer] is not eligible for getting processed by all BeanPostProcessors (for example: not eligible for auto-proxying). Is this bean getting eagerly injected into a currently created BeanPostProcessor [lbRestClientPostProcessor]? Check the corresponding BeanPostProcessor declaration and its dependencies.
2026-03-08 00:07:00.997 [main] [] WARN  o.s.c.s.PostProcessorRegistrationDelegate$BeanPostProcessorChecker - Bean 'org.springframework.cloud.client.loadbalancer.LoadBalancerAutoConfiguration' of type [org.springframework.cloud.client.loadbalancer.LoadBalancerAutoConfiguration] is not eligible for getting processed by all BeanPostProcessors (for example: not eligible for auto-proxying). Is this bean getting eagerly injected into a currently created BeanPostProcessor [lbRestClientPostProcessor]? Check the corresponding BeanPostProcessor declaration and its dependencies.
2026-03-08 00:07:01.002 [main] [] WARN  o.s.c.s.PostProcessorRegistrationDelegate$BeanPostProcessorChecker - Bean 'loadBalancerRequestFactory' of type [org.springframework.cloud.client.loadbalancer.LoadBalancerRequestFactory] is not eligible for getting processed by all BeanPostProcessors (for example: not eligible for auto-proxying). Is this bean getting eagerly injected into a currently created BeanPostProcessor [lbRestClientPostProcessor]? Check the corresponding BeanPostProcessor declaration and its dependencies.
2026-03-08 00:07:01.005 [main] [] WARN  o.s.c.s.PostProcessorRegistrationDelegate$BeanPostProcessorChecker - Bean 'org.springframework.cloud.loadbalancer.config.BlockingLoadBalancerClientAutoConfiguration$BlockingLoadBalancerRetryConfig' of type [org.springframework.cloud.loadbalancer.config.BlockingLoadBalancerClientAutoConfiguration$BlockingLoadBalancerRetryConfig$$SpringCGLIB$$0] is not eligible for getting processed by all BeanPostProcessors (for example: not eligible for auto-proxying). Is this bean getting eagerly injected into a currently created BeanPostProcessor [lbRestClientPostProcessor]? Check the corresponding BeanPostProcessor declaration and its dependencies.
2026-03-08 00:07:01.011 [main] [] WARN  o.s.c.s.PostProcessorRegistrationDelegate$BeanPostProcessorChecker - Bean 'loadBalancedRetryFactory' of type [org.springframework.cloud.loadbalancer.blocking.retry.BlockingLoadBalancedRetryFactory] is not eligible for getting processed by all BeanPostProcessors (for example: not eligible for auto-proxying). Is this bean getting eagerly injected into a currently created BeanPostProcessor [lbRestClientPostProcessor]? Check the corresponding BeanPostProcessor declaration and its dependencies.
2026-03-08 00:07:01.016 [main] [] WARN  o.s.c.s.PostProcessorRegistrationDelegate$BeanPostProcessorChecker - Bean 'loadBalancerInterceptor' of type [org.springframework.cloud.client.loadbalancer.RetryLoadBalancerInterceptor] is not eligible for getting processed by all BeanPostProcessors (for example: not eligible for auto-proxying). Is this bean getting eagerly injected into a currently created BeanPostProcessor [lbRestClientPostProcessor]? Check the corresponding BeanPostProcessor declaration and its dependencies.
2026-03-08 00:07:01.353 [main] [] INFO  o.s.b.w.e.tomcat.TomcatWebServer - Tomcat initialized with port 8087 (http)
2026-03-08 00:07:01.362 [main] [] INFO  o.a.catalina.core.StandardService - Starting service [Tomcat]
2026-03-08 00:07:01.363 [main] [] INFO  o.a.catalina.core.StandardEngine - Starting Servlet engine: [Apache Tomcat/10.1.16]
2026-03-08 00:07:01.475 [main] [] INFO  o.a.c.c.C.[Tomcat].[localhost].[/] - Initializing Spring embedded WebApplicationContext
2026-03-08 00:07:01.476 [main] [] INFO  o.s.b.w.s.c.ServletWebServerApplicationContext - Root WebApplicationContext: initialization completed in 2064 ms
2026-03-08 00:07:01.819 [main] [] DEBUG c.c.r.s.JwtAuthenticationFilter - Filter 'jwtAuthenticationFilter' configured for use
2026-03-08 00:07:01.819 [main] [] DEBUG c.c.r.filter.CorrelationIdFilter - Filter 'correlationIdFilter' configured for use
2026-03-08 00:07:01.988 [main] [] INFO  o.h.jpa.internal.util.LogHelper - HHH000204: Processing PersistenceUnitInfo [name: default]
2026-03-08 00:07:02.044 [main] [] INFO  org.hibernate.Version - HHH000412: Hibernate ORM core version 6.3.1.Final
2026-03-08 00:07:02.080 [main] [] INFO  o.h.c.i.RegionFactoryInitiator - HHH000026: Second-level cache disabled
2026-03-08 00:07:02.318 [main] [] INFO  o.s.o.j.p.SpringPersistenceUnitInfo - No LoadTimeWeaver setup: ignoring JPA class transformer
2026-03-08 00:07:02.348 [main] [] INFO  com.zaxxer.hikari.HikariDataSource - HikariPool-1 - Starting...
2026-03-08 00:07:02.505 [main] [] INFO  com.zaxxer.hikari.pool.HikariPool - HikariPool-1 - Added connection com.mysql.cj.jdbc.ConnectionImpl@6ec77cab
2026-03-08 00:07:02.508 [main] [] INFO  com.zaxxer.hikari.HikariDataSource - HikariPool-1 - Start completed.
2026-03-08 00:07:02.564 [main] [] WARN  org.hibernate.orm.deprecation - HHH90000025: MySQLDialect does not need to be specified explicitly using 'hibernate.dialect' (remove the property setting and it will be selected by default)
2026-03-08 00:07:03.391 [main] [] INFO  o.h.e.t.j.p.i.JtaPlatformInitiator - HHH000489: No JTA platform available (set 'hibernate.transaction.jta.platform' to enable JTA platform integration)
2026-03-08 00:07:03.439 [main] [] INFO  o.s.o.j.LocalContainerEntityManagerFactoryBean - Initialized JPA EntityManagerFactory for persistence unit 'default'
2026-03-08 00:07:03.613 [main] [] WARN  o.s.b.a.o.j.JpaBaseConfiguration$JpaWebConfiguration - spring.jpa.open-in-view is enabled by default. Therefore, database queries may be performed during view rendering. Explicitly configure spring.jpa.open-in-view to disable this warning
2026-03-08 00:07:03.734 [main] [] INFO  o.s.c.o.FeignClientFactoryBean - For 'claim-service' URL not provided. Will try picking an instance via load-balancing.
2026-03-08 00:07:03.801 [main] [] INFO  o.s.c.o.FeignClientFactoryBean - For 'payment-service' URL not provided. Will try picking an instance via load-balancing.
2026-03-08 00:07:04.272 [main] [] WARN  o.s.b.a.s.s.UserDetailsServiceAutoConfiguration - 

Using generated security password: dca9b50b-d2c6-42b1-9af3-c8ab230ed157

This generated password is for development use only. Your security configuration must be updated before running your application in production.

2026-03-08 00:07:04.369 [main] [] DEBUG o.s.s.a.h.RoleHierarchyImpl - setHierarchy() - The following role hierarchy was set: ROLE_ADMIN > ROLE_MANAGER
ROLE_MANAGER > ROLE_ADJUSTER
ROLE_ADJUSTER > ROLE_POLICYHOLDER

2026-03-08 00:07:04.370 [main] [] DEBUG o.s.s.a.h.RoleHierarchyImpl - buildRolesReachableInOneStepMap() - From role ROLE_ADMIN one can reach role ROLE_MANAGER in one step.
2026-03-08 00:07:04.370 [main] [] DEBUG o.s.s.a.h.RoleHierarchyImpl - buildRolesReachableInOneStepMap() - From role ROLE_MANAGER one can reach role ROLE_ADJUSTER in one step.
2026-03-08 00:07:04.371 [main] [] DEBUG o.s.s.a.h.RoleHierarchyImpl - buildRolesReachableInOneStepMap() - From role ROLE_ADJUSTER one can reach role ROLE_POLICYHOLDER in one step.
2026-03-08 00:07:04.371 [main] [] DEBUG o.s.s.a.h.RoleHierarchyImpl - buildRolesReachableInOneOrMoreStepsMap() - From role ROLE_MANAGER one can reach [ROLE_POLICYHOLDER, ROLE_ADJUSTER] in one or more steps.
2026-03-08 00:07:04.371 [main] [] DEBUG o.s.s.a.h.RoleHierarchyImpl - buildRolesReachableInOneOrMoreStepsMap() - From role ROLE_ADMIN one can reach [ROLE_POLICYHOLDER, ROLE_MANAGER, ROLE_ADJUSTER] in one or more steps.
2026-03-08 00:07:04.371 [main] [] DEBUG o.s.s.a.h.RoleHierarchyImpl - buildRolesReachableInOneOrMoreStepsMap() - From role ROLE_ADJUSTER one can reach [ROLE_POLICYHOLDER] in one or more steps.
2026-03-08 00:07:04.813 [main] [] INFO  o.s.b.a.e.web.EndpointLinksResolver - Exposing 4 endpoint(s) beneath base path '/actuator'
2026-03-08 00:07:04.893 [main] [] INFO  o.s.s.web.DefaultSecurityFilterChain - Will secure any request with [org.springframework.security.web.session.DisableEncodeUrlFilter@808fa1, org.springframework.security.web.context.request.async.WebAsyncManagerIntegrationFilter@5b52ce28, org.springframework.security.web.context.SecurityContextHolderFilter@189f5ed8, org.springframework.security.web.header.HeaderWriterFilter@1a0b51e7, org.springframework.web.filter.CorsFilter@5ec10ab1, org.springframework.security.web.authentication.logout.LogoutFilter@511f21f9, com.claimswift.reportingservice.security.JwtAuthenticationFilter@4a29fe2e, org.springframework.security.web.savedrequest.RequestCacheAwareFilter@4c475547, org.springframework.security.web.servletapi.SecurityContextHolderAwareRequestFilter@63c78e5e, org.springframework.security.web.authentication.AnonymousAuthenticationFilter@6701fbf3, org.springframework.security.web.session.SessionManagementFilter@53a20aab, org.springframework.security.web.access.ExceptionTranslationFilter@4471f216, org.springframework.security.web.access.intercept.AuthorizationFilter@7de4bd8f]
2026-03-08 00:07:05.386 [main] [] INFO  o.s.c.n.e.c.DiscoveryClientOptionalArgsConfiguration - Eureka HTTP Client uses RestTemplate.
2026-03-08 00:07:05.445 [main] [] WARN  o.s.c.l.c.LoadBalancerCacheAutoConfiguration$LoadBalancerCaffeineWarnLogger - Spring Cloud LoadBalancer is currently working with the default cache. While this cache implementation is useful for development and tests, it's recommended to use Caffeine cache in production.You can switch to using Caffeine cache, by adding it and org.springframework.cache.caffeine.CaffeineCacheManager to the classpath.
2026-03-08 00:07:05.521 [main] [] INFO  o.s.c.n.eureka.InstanceInfoFactory - Setting initial instance status as: STARTING
2026-03-08 00:07:05.612 [main] [] INFO  c.netflix.discovery.DiscoveryClient - Initializing Eureka in region us-east-1
2026-03-08 00:07:05.616 [main] [] INFO  c.n.d.s.r.aws.ConfigClusterResolver - Resolving eureka endpoints via configuration
2026-03-08 00:07:05.635 [main] [] INFO  c.netflix.discovery.DiscoveryClient - Disable delta property : false
2026-03-08 00:07:05.635 [main] [] INFO  c.netflix.discovery.DiscoveryClient - Single vip registry refresh property : null
2026-03-08 00:07:05.636 [main] [] INFO  c.netflix.discovery.DiscoveryClient - Force full registry fetch : false
2026-03-08 00:07:05.636 [main] [] INFO  c.netflix.discovery.DiscoveryClient - Application is null : false
2026-03-08 00:07:05.636 [main] [] INFO  c.netflix.discovery.DiscoveryClient - Registered Applications size is zero : true
2026-03-08 00:07:05.636 [main] [] INFO  c.netflix.discovery.DiscoveryClient - Application version is -1: true
2026-03-08 00:07:05.636 [main] [] INFO  c.netflix.discovery.DiscoveryClient - Getting all instance registry info from the eureka server
2026-03-08 00:07:05.948 [main] [] INFO  c.netflix.discovery.DiscoveryClient - The response status is 200
2026-03-08 00:07:05.950 [main] [] INFO  c.netflix.discovery.DiscoveryClient - Starting heartbeat executor: renew interval is: 30
2026-03-08 00:07:05.953 [main] [] INFO  c.n.discovery.InstanceInfoReplicator - InstanceInfoReplicator onDemand update allowed rate per min is 4
2026-03-08 00:07:05.959 [main] [] INFO  c.netflix.discovery.DiscoveryClient - Discovery Client initialized at timestamp 1772908625959 with initial instances count: 6
2026-03-08 00:07:05.975 [main] [] INFO  o.s.c.n.e.s.EurekaServiceRegistry - Registering application REPORTING-SERVICE with eureka with status UP
2026-03-08 00:07:05.975 [DiscoveryClient-InstanceInfoReplicator-0] [] INFO  c.netflix.discovery.DiscoveryClient - Saw local status change event StatusChangeEvent [timestamp=1772908625975, current=UP, previous=STARTING]
2026-03-08 00:07:05.975 [DiscoveryClient-InstanceInfoReplicator-0] [] INFO  c.netflix.discovery.DiscoveryClient - DiscoveryClient_REPORTING-SERVICE/shashank:reporting-service:8087: registering service...
2026-03-08 00:07:05.975 [main] [] WARN  c.n.discovery.InstanceInfoReplicator - Ignoring onDemand update due to rate limiter
2026-03-08 00:07:05.998 [main] [] INFO  o.s.b.w.e.tomcat.TomcatWebServer - Tomcat started on port 8087 (http) with context path ''
2026-03-08 00:07:05.999 [main] [] INFO  o.s.c.n.e.s.EurekaAutoServiceRegistration - Updating port to 8087
2026-03-08 00:07:06.018 [main] [] INFO  c.c.r.ReportingServiceApplication - Started ReportingServiceApplication in 8.164 seconds (process running for 8.729)
2026-03-08 00:07:06.091 [DiscoveryClient-InstanceInfoReplicator-0] [] INFO  c.netflix.discovery.DiscoveryClient - DiscoveryClient_REPORTING-SERVICE/shashank:reporting-service:8087 - registration status: 204
2026-03-08 00:12:05.644 [AsyncResolver-bootstrap-executor-0] [] INFO  c.n.d.s.r.aws.ConfigClusterResolver - Resolving eureka endpoints via configuration
2026-03-08 00:17:05.670 [AsyncResolver-bootstrap-executor-0] [] INFO  c.n.d.s.r.aws.ConfigClusterResolver - Resolving eureka endpoints via configuration
2026-03-08 00:22:05.673 [AsyncResolver-bootstrap-executor-0] [] INFO  c.n.d.s.r.aws.ConfigClusterResolver - Resolving eureka endpoints via configuration
2026-03-08 00:27:05.685 [AsyncResolver-bootstrap-executor-0] [] INFO  c.n.d.s.r.aws.ConfigClusterResolver - Resolving eureka endpoints via configuration
2026-03-08 00:30:20.079 [main] [] INFO  o.s.c.c.c.ConfigServicePropertySourceLocator - Fetching config from server at : http://localhost:8888
2026-03-08 00:30:20.096 [main] [] WARN  o.s.c.c.c.ConfigServicePropertySourceLocator - Could not locate PropertySource: 401 : [no body]
2026-03-08 00:30:20.100 [main] [] INFO  c.c.r.ReportingServiceApplication - No active profile set, falling back to 1 default profile: "default"
2026-03-08 00:30:20.112 [main] [] INFO  o.s.c.c.c.ConfigServerConfigDataLoader - Fetching config from server at : http://localhost:8888
2026-03-08 00:30:20.112 [main] [] INFO  o.s.c.c.c.ConfigServerConfigDataLoader - Located environment: name=reporting-service, profiles=[default], label=null, version=null, state=null
2026-03-08 00:30:20.868 [main] [] INFO  o.s.d.r.c.RepositoryConfigurationDelegate - Bootstrapping Spring Data JPA repositories in DEFAULT mode.
2026-03-08 00:30:20.968 [main] [] INFO  o.s.d.r.c.RepositoryConfigurationDelegate - Finished Spring Data repository scanning in 93 ms. Found 1 JPA repository interface.
2026-03-08 00:30:21.233 [main] [] INFO  o.s.cloud.context.scope.GenericScope - BeanFactory id=d69be68c-48a6-383c-bc1e-4bf079793a37
2026-03-08 00:30:21.640 [main] [] WARN  o.s.c.s.PostProcessorRegistrationDelegate$BeanPostProcessorChecker - Bean 'org.springframework.cloud.client.loadbalancer.LoadBalancerAutoConfiguration$RetryInterceptorAutoConfiguration' of type [org.springframework.cloud.client.loadbalancer.LoadBalancerAutoConfiguration$RetryInterceptorAutoConfiguration] is not eligible for getting processed by all BeanPostProcessors (for example: not eligible for auto-proxying). The currently created BeanPostProcessor [lbRestClientPostProcessor] is declared through a non-static factory method on that class; consider declaring it as static instead.
2026-03-08 00:30:21.647 [main] [] WARN  o.s.c.s.PostProcessorRegistrationDelegate$BeanPostProcessorChecker - Bean 'org.springframework.cloud.loadbalancer.config.BlockingLoadBalancerClientAutoConfiguration' of type [org.springframework.cloud.loadbalancer.config.BlockingLoadBalancerClientAutoConfiguration] is not eligible for getting processed by all BeanPostProcessors (for example: not eligible for auto-proxying). Is this bean getting eagerly injected into a currently created BeanPostProcessor [lbRestClientPostProcessor]? Check the corresponding BeanPostProcessor declaration and its dependencies.
2026-03-08 00:30:21.651 [main] [] WARN  o.s.c.s.PostProcessorRegistrationDelegate$BeanPostProcessorChecker - Bean 'org.springframework.cloud.loadbalancer.config.LoadBalancerAutoConfiguration' of type [org.springframework.cloud.loadbalancer.config.LoadBalancerAutoConfiguration] is not eligible for getting processed by all BeanPostProcessors (for example: not eligible for auto-proxying). Is this bean getting eagerly injected into a currently created BeanPostProcessor [lbRestClientPostProcessor]? Check the corresponding BeanPostProcessor declaration and its dependencies.
2026-03-08 00:30:21.661 [main] [] WARN  o.s.c.s.PostProcessorRegistrationDelegate$BeanPostProcessorChecker - Bean 'org.springframework.cloud.commons.config.CommonsConfigAutoConfiguration' of type [org.springframework.cloud.commons.config.CommonsConfigAutoConfiguration] is not eligible for getting processed by all BeanPostProcessors (for example: not eligible for auto-proxying). Is this bean getting eagerly injected into a currently created BeanPostProcessor [lbRestClientPostProcessor]? Check the corresponding BeanPostProcessor declaration and its dependencies.
2026-03-08 00:30:21.666 [main] [] WARN  o.s.c.s.PostProcessorRegistrationDelegate$BeanPostProcessorChecker - Bean 'org.springframework.cloud.client.loadbalancer.LoadBalancerDefaultMappingsProviderAutoConfiguration' of type [org.springframework.cloud.client.loadbalancer.LoadBalancerDefaultMappingsProviderAutoConfiguration] is not eligible for getting processed by all BeanPostProcessors (for example: not eligible for auto-proxying). Is this bean getting eagerly injected into a currently created BeanPostProcessor [lbRestClientPostProcessor]? Check the corresponding BeanPostProcessor declaration and its dependencies.
2026-03-08 00:30:21.669 [main] [] WARN  o.s.c.s.PostProcessorRegistrationDelegate$BeanPostProcessorChecker - Bean 'loadBalancerClientsDefaultsMappingsProvider' of type [org.springframework.cloud.client.loadbalancer.LoadBalancerDefaultMappingsProviderAutoConfiguration$$Lambda/0x000002368158f8c0] is not eligible for getting processed by all BeanPostProcessors (for example: not eligible for auto-proxying). Is this bean getting eagerly injected into a currently created BeanPostProcessor [lbRestClientPostProcessor]? Check the corresponding BeanPostProcessor declaration and its dependencies.
2026-03-08 00:30:21.673 [main] [] WARN  o.s.c.s.PostProcessorRegistrationDelegate$BeanPostProcessorChecker - Bean 'defaultsBindHandlerAdvisor' of type [org.springframework.cloud.commons.config.DefaultsBindHandlerAdvisor] is not eligible for getting processed by all BeanPostProcessors (for example: not eligible for auto-proxying). Is this bean getting eagerly injected into a currently created BeanPostProcessor [lbRestClientPostProcessor]? Check the corresponding BeanPostProcessor declaration and its dependencies.
2026-03-08 00:30:21.683 [main] [] WARN  o.s.c.s.PostProcessorRegistrationDelegate$BeanPostProcessorChecker - Bean 'spring.cloud.loadbalancer-org.springframework.cloud.client.loadbalancer.LoadBalancerClientsProperties' of type [org.springframework.cloud.client.loadbalancer.LoadBalancerClientsProperties] is not eligible for getting processed by all BeanPostProcessors (for example: not eligible for auto-proxying). Is this bean getting eagerly injected into a currently created BeanPostProcessor [lbRestClientPostProcessor]? Check the corresponding BeanPostProcessor declaration and its dependencies.
2026-03-08 00:30:21.696 [main] [] WARN  o.s.c.s.PostProcessorRegistrationDelegate$BeanPostProcessorChecker - Bean 'default.org.springframework.cloud.loadbalancer.config.LoadBalancerAutoConfiguration.LoadBalancerClientSpecification' of type [org.springframework.cloud.loadbalancer.annotation.LoadBalancerClientSpecification] is not eligible for getting processed by all BeanPostProcessors (for example: not eligible for auto-proxying). Is this bean getting eagerly injected into a currently created BeanPostProcessor [lbRestClientPostProcessor]? Check the corresponding BeanPostProcessor declaration and its dependencies.
2026-03-08 00:30:21.699 [main] [] WARN  o.s.c.s.PostProcessorRegistrationDelegate$BeanPostProcessorChecker - Bean 'default.org.springframework.cloud.loadbalancer.config.BlockingLoadBalancerClientAutoConfiguration.LoadBalancerClientSpecification' of type [org.springframework.cloud.loadbalancer.annotation.LoadBalancerClientSpecification] is not eligible for getting processed by all BeanPostProcessors (for example: not eligible for auto-proxying). Is this bean getting eagerly injected into a currently created BeanPostProcessor [lbRestClientPostProcessor]? Check the corresponding BeanPostProcessor declaration and its dependencies.
2026-03-08 00:30:21.701 [main] [] WARN  o.s.c.s.PostProcessorRegistrationDelegate$BeanPostProcessorChecker - Bean 'default.org.springframework.cloud.netflix.eureka.loadbalancer.LoadBalancerEurekaAutoConfiguration.LoadBalancerClientSpecification' of type [org.springframework.cloud.loadbalancer.annotation.LoadBalancerClientSpecification] is not eligible for getting processed by all BeanPostProcessors (for example: not eligible for auto-proxying). Is this bean getting eagerly injected into a currently created BeanPostProcessor [lbRestClientPostProcessor]? Check the corresponding BeanPostProcessor declaration and its dependencies.
2026-03-08 00:30:21.703 [main] [] WARN  o.s.c.s.PostProcessorRegistrationDelegate$BeanPostProcessorChecker - Bean 'loadBalancerClientFactory' of type [org.springframework.cloud.loadbalancer.support.LoadBalancerClientFactory] is not eligible for getting processed by all BeanPostProcessors (for example: not eligible for auto-proxying). Is this bean getting eagerly injected into a currently created BeanPostProcessor [lbRestClientPostProcessor]? Check the corresponding BeanPostProcessor declaration and its dependencies.
2026-03-08 00:30:21.712 [main] [] WARN  o.s.c.s.PostProcessorRegistrationDelegate$BeanPostProcessorChecker - Bean 'blockingLoadBalancerClient' of type [org.springframework.cloud.loadbalancer.blocking.client.BlockingLoadBalancerClient] is not eligible for getting processed by all BeanPostProcessors (for example: not eligible for auto-proxying). Is this bean getting eagerly injected into a currently created BeanPostProcessor [lbRestClientPostProcessor]? Check the corresponding BeanPostProcessor declaration and its dependencies.
2026-03-08 00:30:21.724 [main] [] WARN  o.s.c.s.PostProcessorRegistrationDelegate$BeanPostProcessorChecker - Bean 'loadBalancerServiceInstanceCookieTransformer' of type [org.springframework.cloud.loadbalancer.core.LoadBalancerServiceInstanceCookieTransformer] is not eligible for getting processed by all BeanPostProcessors (for example: not eligible for auto-proxying). Is this bean getting eagerly injected into a currently created BeanPostProcessor [lbRestClientPostProcessor]? Check the corresponding BeanPostProcessor declaration and its dependencies.
2026-03-08 00:30:21.727 [main] [] WARN  o.s.c.s.PostProcessorRegistrationDelegate$BeanPostProcessorChecker - Bean 'xForwarderHeadersTransformer' of type [org.springframework.cloud.loadbalancer.blocking.XForwardedHeadersTransformer] is not eligible for getting processed by all BeanPostProcessors (for example: not eligible for auto-proxying). Is this bean getting eagerly injected into a currently created BeanPostProcessor [lbRestClientPostProcessor]? Check the corresponding BeanPostProcessor declaration and its dependencies.
2026-03-08 00:30:21.730 [main] [] WARN  o.s.c.s.PostProcessorRegistrationDelegate$BeanPostProcessorChecker - Bean 'org.springframework.cloud.client.loadbalancer.LoadBalancerAutoConfiguration' of type [org.springframework.cloud.client.loadbalancer.LoadBalancerAutoConfiguration] is not eligible for getting processed by all BeanPostProcessors (for example: not eligible for auto-proxying). Is this bean getting eagerly injected into a currently created BeanPostProcessor [lbRestClientPostProcessor]? Check the corresponding BeanPostProcessor declaration and its dependencies.
2026-03-08 00:30:21.735 [main] [] WARN  o.s.c.s.PostProcessorRegistrationDelegate$BeanPostProcessorChecker - Bean 'loadBalancerRequestFactory' of type [org.springframework.cloud.client.loadbalancer.LoadBalancerRequestFactory] is not eligible for getting processed by all BeanPostProcessors (for example: not eligible for auto-proxying). Is this bean getting eagerly injected into a currently created BeanPostProcessor [lbRestClientPostProcessor]? Check the corresponding BeanPostProcessor declaration and its dependencies.
2026-03-08 00:30:21.739 [main] [] WARN  o.s.c.s.PostProcessorRegistrationDelegate$BeanPostProcessorChecker - Bean 'org.springframework.cloud.loadbalancer.config.BlockingLoadBalancerClientAutoConfiguration$BlockingLoadBalancerRetryConfig' of type [org.springframework.cloud.loadbalancer.config.BlockingLoadBalancerClientAutoConfiguration$BlockingLoadBalancerRetryConfig$$SpringCGLIB$$0] is not eligible for getting processed by all BeanPostProcessors (for example: not eligible for auto-proxying). Is this bean getting eagerly injected into a currently created BeanPostProcessor [lbRestClientPostProcessor]? Check the corresponding BeanPostProcessor declaration and its dependencies.
2026-03-08 00:30:21.745 [main] [] WARN  o.s.c.s.PostProcessorRegistrationDelegate$BeanPostProcessorChecker - Bean 'loadBalancedRetryFactory' of type [org.springframework.cloud.loadbalancer.blocking.retry.BlockingLoadBalancedRetryFactory] is not eligible for getting processed by all BeanPostProcessors (for example: not eligible for auto-proxying). Is this bean getting eagerly injected into a currently created BeanPostProcessor [lbRestClientPostProcessor]? Check the corresponding BeanPostProcessor declaration and its dependencies.
2026-03-08 00:30:21.754 [main] [] WARN  o.s.c.s.PostProcessorRegistrationDelegate$BeanPostProcessorChecker - Bean 'loadBalancerInterceptor' of type [org.springframework.cloud.client.loadbalancer.RetryLoadBalancerInterceptor] is not eligible for getting processed by all BeanPostProcessors (for example: not eligible for auto-proxying). Is this bean getting eagerly injected into a currently created BeanPostProcessor [lbRestClientPostProcessor]? Check the corresponding BeanPostProcessor declaration and its dependencies.
2026-03-08 00:30:22.070 [main] [] INFO  o.s.b.w.e.tomcat.TomcatWebServer - Tomcat initialized with port 8087 (http)
2026-03-08 00:30:22.084 [main] [] INFO  o.a.catalina.core.StandardService - Starting service [Tomcat]
2026-03-08 00:30:22.085 [main] [] INFO  o.a.catalina.core.StandardEngine - Starting Servlet engine: [Apache Tomcat/10.1.16]
2026-03-08 00:30:22.203 [main] [] INFO  o.a.c.c.C.[Tomcat].[localhost].[/] - Initializing Spring embedded WebApplicationContext
2026-03-08 00:30:22.203 [main] [] INFO  o.s.b.w.s.c.ServletWebServerApplicationContext - Root WebApplicationContext: initialization completed in 2090 ms
2026-03-08 00:30:22.506 [main] [] DEBUG c.c.r.s.JwtAuthenticationFilter - Filter 'jwtAuthenticationFilter' configured for use
2026-03-08 00:30:22.507 [main] [] DEBUG c.c.r.filter.CorrelationIdFilter - Filter 'correlationIdFilter' configured for use
2026-03-08 00:30:22.665 [main] [] INFO  o.h.jpa.internal.util.LogHelper - HHH000204: Processing PersistenceUnitInfo [name: default]
2026-03-08 00:30:22.722 [main] [] INFO  org.hibernate.Version - HHH000412: Hibernate ORM core version 6.3.1.Final
2026-03-08 00:30:22.754 [main] [] INFO  o.h.c.i.RegionFactoryInitiator - HHH000026: Second-level cache disabled
2026-03-08 00:30:22.968 [main] [] INFO  o.s.o.j.p.SpringPersistenceUnitInfo - No LoadTimeWeaver setup: ignoring JPA class transformer
2026-03-08 00:30:22.996 [main] [] INFO  com.zaxxer.hikari.HikariDataSource - HikariPool-1 - Starting...
2026-03-08 00:30:23.151 [main] [] INFO  com.zaxxer.hikari.pool.HikariPool - HikariPool-1 - Added connection com.mysql.cj.jdbc.ConnectionImpl@37816ea6
2026-03-08 00:30:23.153 [main] [] INFO  com.zaxxer.hikari.HikariDataSource - HikariPool-1 - Start completed.
2026-03-08 00:30:23.205 [main] [] WARN  org.hibernate.orm.deprecation - HHH90000025: MySQLDialect does not need to be specified explicitly using 'hibernate.dialect' (remove the property setting and it will be selected by default)
2026-03-08 00:30:24.114 [main] [] INFO  o.h.e.t.j.p.i.JtaPlatformInitiator - HHH000489: No JTA platform available (set 'hibernate.transaction.jta.platform' to enable JTA platform integration)
2026-03-08 00:30:24.164 [main] [] INFO  o.s.o.j.LocalContainerEntityManagerFactoryBean - Initialized JPA EntityManagerFactory for persistence unit 'default'
2026-03-08 00:30:24.311 [main] [] WARN  o.s.b.a.o.j.JpaBaseConfiguration$JpaWebConfiguration - spring.jpa.open-in-view is enabled by default. Therefore, database queries may be performed during view rendering. Explicitly configure spring.jpa.open-in-view to disable this warning
2026-03-08 00:30:24.416 [main] [] INFO  o.s.c.o.FeignClientFactoryBean - For 'claim-service' URL not provided. Will try picking an instance via load-balancing.
2026-03-08 00:30:24.488 [main] [] INFO  o.s.c.o.FeignClientFactoryBean - For 'payment-service' URL not provided. Will try picking an instance via load-balancing.
2026-03-08 00:30:24.962 [main] [] WARN  o.s.b.a.s.s.UserDetailsServiceAutoConfiguration - 

Using generated security password: c9428f45-618e-4620-9322-0cdfd9347fed

This generated password is for development use only. Your security configuration must be updated before running your application in production.

2026-03-08 00:30:25.041 [main] [] DEBUG o.s.s.a.h.RoleHierarchyImpl - setHierarchy() - The following role hierarchy was set: ROLE_ADMIN > ROLE_MANAGER
ROLE_MANAGER > ROLE_ADJUSTER
ROLE_ADJUSTER > ROLE_POLICYHOLDER

2026-03-08 00:30:25.041 [main] [] DEBUG o.s.s.a.h.RoleHierarchyImpl - buildRolesReachableInOneStepMap() - From role ROLE_ADMIN one can reach role ROLE_MANAGER in one step.
2026-03-08 00:30:25.042 [main] [] DEBUG o.s.s.a.h.RoleHierarchyImpl - buildRolesReachableInOneStepMap() - From role ROLE_MANAGER one can reach role ROLE_ADJUSTER in one step.
2026-03-08 00:30:25.042 [main] [] DEBUG o.s.s.a.h.RoleHierarchyImpl - buildRolesReachableInOneStepMap() - From role ROLE_ADJUSTER one can reach role ROLE_POLICYHOLDER in one step.
2026-03-08 00:30:25.042 [main] [] DEBUG o.s.s.a.h.RoleHierarchyImpl - buildRolesReachableInOneOrMoreStepsMap() - From role ROLE_MANAGER one can reach [ROLE_POLICYHOLDER, ROLE_ADJUSTER] in one or more steps.
2026-03-08 00:30:25.043 [main] [] DEBUG o.s.s.a.h.RoleHierarchyImpl - buildRolesReachableInOneOrMoreStepsMap() - From role ROLE_ADMIN one can reach [ROLE_POLICYHOLDER, ROLE_MANAGER, ROLE_ADJUSTER] in one or more steps.
2026-03-08 00:30:25.043 [main] [] DEBUG o.s.s.a.h.RoleHierarchyImpl - buildRolesReachableInOneOrMoreStepsMap() - From role ROLE_ADJUSTER one can reach [ROLE_POLICYHOLDER] in one or more steps.
2026-03-08 00:30:25.523 [main] [] INFO  o.s.b.a.e.web.EndpointLinksResolver - Exposing 4 endpoint(s) beneath base path '/actuator'
2026-03-08 00:30:25.607 [main] [] INFO  o.s.s.web.DefaultSecurityFilterChain - Will secure any request with [org.springframework.security.web.session.DisableEncodeUrlFilter@46b376bb, org.springframework.security.web.context.request.async.WebAsyncManagerIntegrationFilter@64a9719a, org.springframework.security.web.context.SecurityContextHolderFilter@7e8e111d, org.springframework.security.web.header.HeaderWriterFilter@541c32de, org.springframework.web.filter.CorsFilter@bc70176, org.springframework.security.web.authentication.logout.LogoutFilter@10e28d97, com.claimswift.reportingservice.security.JwtAuthenticationFilter@572b4072, org.springframework.security.web.savedrequest.RequestCacheAwareFilter@142422a4, org.springframework.security.web.servletapi.SecurityContextHolderAwareRequestFilter@22d82fe8, org.springframework.security.web.authentication.AnonymousAuthenticationFilter@eba64a9, org.springframework.security.web.session.SessionManagementFilter@4be8c1bb, org.springframework.security.web.access.ExceptionTranslationFilter@7bd0e2e9, org.springframework.security.web.access.intercept.AuthorizationFilter@173039b5]
2026-03-08 00:30:26.086 [main] [] INFO  o.s.c.n.e.c.DiscoveryClientOptionalArgsConfiguration - Eureka HTTP Client uses RestTemplate.
2026-03-08 00:30:26.127 [main] [] WARN  o.s.c.l.c.LoadBalancerCacheAutoConfiguration$LoadBalancerCaffeineWarnLogger - Spring Cloud LoadBalancer is currently working with the default cache. While this cache implementation is useful for development and tests, it's recommended to use Caffeine cache in production.You can switch to using Caffeine cache, by adding it and org.springframework.cache.caffeine.CaffeineCacheManager to the classpath.
2026-03-08 00:30:26.206 [main] [] INFO  o.s.c.n.eureka.InstanceInfoFactory - Setting initial instance status as: STARTING
2026-03-08 00:30:26.299 [main] [] INFO  c.netflix.discovery.DiscoveryClient - Initializing Eureka in region us-east-1
2026-03-08 00:30:26.309 [main] [] INFO  c.n.d.s.r.aws.ConfigClusterResolver - Resolving eureka endpoints via configuration
2026-03-08 00:30:26.328 [main] [] INFO  c.netflix.discovery.DiscoveryClient - Disable delta property : false
2026-03-08 00:30:26.328 [main] [] INFO  c.netflix.discovery.DiscoveryClient - Single vip registry refresh property : null
2026-03-08 00:30:26.328 [main] [] INFO  c.netflix.discovery.DiscoveryClient - Force full registry fetch : false
2026-03-08 00:30:26.329 [main] [] INFO  c.netflix.discovery.DiscoveryClient - Application is null : false
2026-03-08 00:30:26.329 [main] [] INFO  c.netflix.discovery.DiscoveryClient - Registered Applications size is zero : true
2026-03-08 00:30:26.329 [main] [] INFO  c.netflix.discovery.DiscoveryClient - Application version is -1: true
2026-03-08 00:30:26.329 [main] [] INFO  c.netflix.discovery.DiscoveryClient - Getting all instance registry info from the eureka server
2026-03-08 00:30:26.645 [main] [] INFO  c.netflix.discovery.DiscoveryClient - The response status is 200
2026-03-08 00:30:26.647 [main] [] INFO  c.netflix.discovery.DiscoveryClient - Starting heartbeat executor: renew interval is: 30
2026-03-08 00:30:26.650 [main] [] INFO  c.n.discovery.InstanceInfoReplicator - InstanceInfoReplicator onDemand update allowed rate per min is 4
2026-03-08 00:30:26.654 [main] [] INFO  c.netflix.discovery.DiscoveryClient - Discovery Client initialized at timestamp 1772910026653 with initial instances count: 4
2026-03-08 00:30:26.663 [DiscoveryClient-InstanceInfoReplicator-0] [] INFO  c.netflix.discovery.DiscoveryClient - Saw local status change event StatusChangeEvent [timestamp=1772910026663, current=UP, previous=STARTING]
2026-03-08 00:30:26.664 [DiscoveryClient-InstanceInfoReplicator-0] [] INFO  c.netflix.discovery.DiscoveryClient - DiscoveryClient_REPORTING-SERVICE/shashank:reporting-service:8087: registering service...
2026-03-08 00:30:26.665 [main] [] INFO  o.s.c.n.e.s.EurekaServiceRegistry - Registering application REPORTING-SERVICE with eureka with status UP
2026-03-08 00:30:26.667 [main] [] WARN  c.n.discovery.InstanceInfoReplicator - Ignoring onDemand update due to rate limiter
2026-03-08 00:30:26.689 [main] [] INFO  o.s.b.w.e.tomcat.TomcatWebServer - Tomcat started on port 8087 (http) with context path ''
2026-03-08 00:30:26.690 [main] [] INFO  o.s.c.n.e.s.EurekaAutoServiceRegistration - Updating port to 8087
2026-03-08 00:30:26.707 [main] [] INFO  c.c.r.ReportingServiceApplication - Started ReportingServiceApplication in 8.059 seconds (process running for 8.461)
2026-03-08 00:30:26.788 [DiscoveryClient-InstanceInfoReplicator-0] [] INFO  c.netflix.discovery.DiscoveryClient - DiscoveryClient_REPORTING-SERVICE/shashank:reporting-service:8087 - registration status: 204
2026-03-08 00:35:26.341 [AsyncResolver-bootstrap-executor-0] [] INFO  c.n.d.s.r.aws.ConfigClusterResolver - Resolving eureka endpoints via configuration
2026-03-08 00:48:39.072 [main] [] INFO  o.s.c.c.c.ConfigServicePropertySourceLocator - Fetching config from server at : http://localhost:8888
2026-03-08 00:48:39.093 [main] [] WARN  o.s.c.c.c.ConfigServicePropertySourceLocator - Could not locate PropertySource: 401 : [no body]
2026-03-08 00:48:39.096 [main] [] INFO  c.c.r.ReportingServiceApplication - No active profile set, falling back to 1 default profile: "default"
2026-03-08 00:48:39.109 [main] [] INFO  o.s.c.c.c.ConfigServerConfigDataLoader - Fetching config from server at : http://localhost:8888
2026-03-08 00:48:39.110 [main] [] INFO  o.s.c.c.c.ConfigServerConfigDataLoader - Located environment: name=reporting-service, profiles=[default], label=null, version=null, state=null
2026-03-08 00:48:39.727 [main] [] INFO  o.s.d.r.c.RepositoryConfigurationDelegate - Bootstrapping Spring Data JPA repositories in DEFAULT mode.
2026-03-08 00:48:39.812 [main] [] INFO  o.s.d.r.c.RepositoryConfigurationDelegate - Finished Spring Data repository scanning in 77 ms. Found 1 JPA repository interface.
2026-03-08 00:48:40.010 [main] [] INFO  o.s.cloud.context.scope.GenericScope - BeanFactory id=d69be68c-48a6-383c-bc1e-4bf079793a37
2026-03-08 00:48:40.277 [main] [] WARN  o.s.c.s.PostProcessorRegistrationDelegate$BeanPostProcessorChecker - Bean 'org.springframework.cloud.client.loadbalancer.LoadBalancerAutoConfiguration$RetryInterceptorAutoConfiguration' of type [org.springframework.cloud.client.loadbalancer.LoadBalancerAutoConfiguration$RetryInterceptorAutoConfiguration] is not eligible for getting processed by all BeanPostProcessors (for example: not eligible for auto-proxying). The currently created BeanPostProcessor [lbRestClientPostProcessor] is declared through a non-static factory method on that class; consider declaring it as static instead.
2026-03-08 00:48:40.283 [main] [] WARN  o.s.c.s.PostProcessorRegistrationDelegate$BeanPostProcessorChecker - Bean 'org.springframework.cloud.loadbalancer.config.BlockingLoadBalancerClientAutoConfiguration' of type [org.springframework.cloud.loadbalancer.config.BlockingLoadBalancerClientAutoConfiguration] is not eligible for getting processed by all BeanPostProcessors (for example: not eligible for auto-proxying). Is this bean getting eagerly injected into a currently created BeanPostProcessor [lbRestClientPostProcessor]? Check the corresponding BeanPostProcessor declaration and its dependencies.
2026-03-08 00:48:40.287 [main] [] WARN  o.s.c.s.PostProcessorRegistrationDelegate$BeanPostProcessorChecker - Bean 'org.springframework.cloud.loadbalancer.config.LoadBalancerAutoConfiguration' of type [org.springframework.cloud.loadbalancer.config.LoadBalancerAutoConfiguration] is not eligible for getting processed by all BeanPostProcessors (for example: not eligible for auto-proxying). Is this bean getting eagerly injected into a currently created BeanPostProcessor [lbRestClientPostProcessor]? Check the corresponding BeanPostProcessor declaration and its dependencies.
2026-03-08 00:48:40.296 [main] [] WARN  o.s.c.s.PostProcessorRegistrationDelegate$BeanPostProcessorChecker - Bean 'org.springframework.cloud.commons.config.CommonsConfigAutoConfiguration' of type [org.springframework.cloud.commons.config.CommonsConfigAutoConfiguration] is not eligible for getting processed by all BeanPostProcessors (for example: not eligible for auto-proxying). Is this bean getting eagerly injected into a currently created BeanPostProcessor [lbRestClientPostProcessor]? Check the corresponding BeanPostProcessor declaration and its dependencies.
2026-03-08 00:48:40.299 [main] [] WARN  o.s.c.s.PostProcessorRegistrationDelegate$BeanPostProcessorChecker - Bean 'org.springframework.cloud.client.loadbalancer.LoadBalancerDefaultMappingsProviderAutoConfiguration' of type [org.springframework.cloud.client.loadbalancer.LoadBalancerDefaultMappingsProviderAutoConfiguration] is not eligible for getting processed by all BeanPostProcessors (for example: not eligible for auto-proxying). Is this bean getting eagerly injected into a currently created BeanPostProcessor [lbRestClientPostProcessor]? Check the corresponding BeanPostProcessor declaration and its dependencies.
2026-03-08 00:48:40.305 [main] [] WARN  o.s.c.s.PostProcessorRegistrationDelegate$BeanPostProcessorChecker - Bean 'loadBalancerClientsDefaultsMappingsProvider' of type [org.springframework.cloud.client.loadbalancer.LoadBalancerDefaultMappingsProviderAutoConfiguration$$Lambda/0x00000267a458d248] is not eligible for getting processed by all BeanPostProcessors (for example: not eligible for auto-proxying). Is this bean getting eagerly injected into a currently created BeanPostProcessor [lbRestClientPostProcessor]? Check the corresponding BeanPostProcessor declaration and its dependencies.
2026-03-08 00:48:40.309 [main] [] WARN  o.s.c.s.PostProcessorRegistrationDelegate$BeanPostProcessorChecker - Bean 'defaultsBindHandlerAdvisor' of type [org.springframework.cloud.commons.config.DefaultsBindHandlerAdvisor] is not eligible for getting processed by all BeanPostProcessors (for example: not eligible for auto-proxying). Is this bean getting eagerly injected into a currently created BeanPostProcessor [lbRestClientPostProcessor]? Check the corresponding BeanPostProcessor declaration and its dependencies.
2026-03-08 00:48:40.314 [main] [] WARN  o.s.c.s.PostProcessorRegistrationDelegate$BeanPostProcessorChecker - Bean 'spring.cloud.loadbalancer-org.springframework.cloud.client.loadbalancer.LoadBalancerClientsProperties' of type [org.springframework.cloud.client.loadbalancer.LoadBalancerClientsProperties] is not eligible for getting processed by all BeanPostProcessors (for example: not eligible for auto-proxying). Is this bean getting eagerly injected into a currently created BeanPostProcessor [lbRestClientPostProcessor]? Check the corresponding BeanPostProcessor declaration and its dependencies.
2026-03-08 00:48:40.322 [main] [] WARN  o.s.c.s.PostProcessorRegistrationDelegate$BeanPostProcessorChecker - Bean 'default.org.springframework.cloud.loadbalancer.config.LoadBalancerAutoConfiguration.LoadBalancerClientSpecification' of type [org.springframework.cloud.loadbalancer.annotation.LoadBalancerClientSpecification] is not eligible for getting processed by all BeanPostProcessors (for example: not eligible for auto-proxying). Is this bean getting eagerly injected into a currently created BeanPostProcessor [lbRestClientPostProcessor]? Check the corresponding BeanPostProcessor declaration and its dependencies.
2026-03-08 00:48:40.324 [main] [] WARN  o.s.c.s.PostProcessorRegistrationDelegate$BeanPostProcessorChecker - Bean 'default.org.springframework.cloud.loadbalancer.config.BlockingLoadBalancerClientAutoConfiguration.LoadBalancerClientSpecification' of type [org.springframework.cloud.loadbalancer.annotation.LoadBalancerClientSpecification] is not eligible for getting processed by all BeanPostProcessors (for example: not eligible for auto-proxying). Is this bean getting eagerly injected into a currently created BeanPostProcessor [lbRestClientPostProcessor]? Check the corresponding BeanPostProcessor declaration and its dependencies.
2026-03-08 00:48:40.325 [main] [] WARN  o.s.c.s.PostProcessorRegistrationDelegate$BeanPostProcessorChecker - Bean 'default.org.springframework.cloud.netflix.eureka.loadbalancer.LoadBalancerEurekaAutoConfiguration.LoadBalancerClientSpecification' of type [org.springframework.cloud.loadbalancer.annotation.LoadBalancerClientSpecification] is not eligible for getting processed by all BeanPostProcessors (for example: not eligible for auto-proxying). Is this bean getting eagerly injected into a currently created BeanPostProcessor [lbRestClientPostProcessor]? Check the corresponding BeanPostProcessor declaration and its dependencies.
2026-03-08 00:48:40.326 [main] [] WARN  o.s.c.s.PostProcessorRegistrationDelegate$BeanPostProcessorChecker - Bean 'loadBalancerClientFactory' of type [org.springframework.cloud.loadbalancer.support.LoadBalancerClientFactory] is not eligible for getting processed by all BeanPostProcessors (for example: not eligible for auto-proxying). Is this bean getting eagerly injected into a currently created BeanPostProcessor [lbRestClientPostProcessor]? Check the corresponding BeanPostProcessor declaration and its dependencies.
2026-03-08 00:48:40.332 [main] [] WARN  o.s.c.s.PostProcessorRegistrationDelegate$BeanPostProcessorChecker - Bean 'blockingLoadBalancerClient' of type [org.springframework.cloud.loadbalancer.blocking.client.BlockingLoadBalancerClient] is not eligible for getting processed by all BeanPostProcessors (for example: not eligible for auto-proxying). Is this bean getting eagerly injected into a currently created BeanPostProcessor [lbRestClientPostProcessor]? Check the corresponding BeanPostProcessor declaration and its dependencies.
2026-03-08 00:48:40.341 [main] [] WARN  o.s.c.s.PostProcessorRegistrationDelegate$BeanPostProcessorChecker - Bean 'loadBalancerServiceInstanceCookieTransformer' of type [org.springframework.cloud.loadbalancer.core.LoadBalancerServiceInstanceCookieTransformer] is not eligible for getting processed by all BeanPostProcessors (for example: not eligible for auto-proxying). Is this bean getting eagerly injected into a currently created BeanPostProcessor [lbRestClientPostProcessor]? Check the corresponding BeanPostProcessor declaration and its dependencies.
2026-03-08 00:48:40.343 [main] [] WARN  o.s.c.s.PostProcessorRegistrationDelegate$BeanPostProcessorChecker - Bean 'xForwarderHeadersTransformer' of type [org.springframework.cloud.loadbalancer.blocking.XForwardedHeadersTransformer] is not eligible for getting processed by all BeanPostProcessors (for example: not eligible for auto-proxying). Is this bean getting eagerly injected into a currently created BeanPostProcessor [lbRestClientPostProcessor]? Check the corresponding BeanPostProcessor declaration and its dependencies.
2026-03-08 00:48:40.345 [main] [] WARN  o.s.c.s.PostProcessorRegistrationDelegate$BeanPostProcessorChecker - Bean 'org.springframework.cloud.client.loadbalancer.LoadBalancerAutoConfiguration' of type [org.springframework.cloud.client.loadbalancer.LoadBalancerAutoConfiguration] is not eligible for getting processed by all BeanPostProcessors (for example: not eligible for auto-proxying). Is this bean getting eagerly injected into a currently created BeanPostProcessor [lbRestClientPostProcessor]? Check the corresponding BeanPostProcessor declaration and its dependencies.
2026-03-08 00:48:40.348 [main] [] WARN  o.s.c.s.PostProcessorRegistrationDelegate$BeanPostProcessorChecker - Bean 'loadBalancerRequestFactory' of type [org.springframework.cloud.client.loadbalancer.LoadBalancerRequestFactory] is not eligible for getting processed by all BeanPostProcessors (for example: not eligible for auto-proxying). Is this bean getting eagerly injected into a currently created BeanPostProcessor [lbRestClientPostProcessor]? Check the corresponding BeanPostProcessor declaration and its dependencies.
2026-03-08 00:48:40.351 [main] [] WARN  o.s.c.s.PostProcessorRegistrationDelegate$BeanPostProcessorChecker - Bean 'org.springframework.cloud.loadbalancer.config.BlockingLoadBalancerClientAutoConfiguration$BlockingLoadBalancerRetryConfig' of type [org.springframework.cloud.loadbalancer.config.BlockingLoadBalancerClientAutoConfiguration$BlockingLoadBalancerRetryConfig$$SpringCGLIB$$0] is not eligible for getting processed by all BeanPostProcessors (for example: not eligible for auto-proxying). Is this bean getting eagerly injected into a currently created BeanPostProcessor [lbRestClientPostProcessor]? Check the corresponding BeanPostProcessor declaration and its dependencies.
2026-03-08 00:48:40.355 [main] [] WARN  o.s.c.s.PostProcessorRegistrationDelegate$BeanPostProcessorChecker - Bean 'loadBalancedRetryFactory' of type [org.springframework.cloud.loadbalancer.blocking.retry.BlockingLoadBalancedRetryFactory] is not eligible for getting processed by all BeanPostProcessors (for example: not eligible for auto-proxying). Is this bean getting eagerly injected into a currently created BeanPostProcessor [lbRestClientPostProcessor]? Check the corresponding BeanPostProcessor declaration and its dependencies.
2026-03-08 00:48:40.360 [main] [] WARN  o.s.c.s.PostProcessorRegistrationDelegate$BeanPostProcessorChecker - Bean 'loadBalancerInterceptor' of type [org.springframework.cloud.client.loadbalancer.RetryLoadBalancerInterceptor] is not eligible for getting processed by all BeanPostProcessors (for example: not eligible for auto-proxying). Is this bean getting eagerly injected into a currently created BeanPostProcessor [lbRestClientPostProcessor]? Check the corresponding BeanPostProcessor declaration and its dependencies.
2026-03-08 00:48:40.672 [main] [] INFO  o.s.b.w.e.tomcat.TomcatWebServer - Tomcat initialized with port 8087 (http)
2026-03-08 00:48:40.683 [main] [] INFO  o.a.catalina.core.StandardService - Starting service [Tomcat]
2026-03-08 00:48:40.683 [main] [] INFO  o.a.catalina.core.StandardEngine - Starting Servlet engine: [Apache Tomcat/10.1.16]
2026-03-08 00:48:40.777 [main] [] INFO  o.a.c.c.C.[Tomcat].[localhost].[/] - Initializing Spring embedded WebApplicationContext
2026-03-08 00:48:40.778 [main] [] INFO  o.s.b.w.s.c.ServletWebServerApplicationContext - Root WebApplicationContext: initialization completed in 1668 ms
2026-03-08 00:48:41.087 [main] [] DEBUG c.c.r.s.JwtAuthenticationFilter - Filter 'jwtAuthenticationFilter' configured for use
2026-03-08 00:48:41.088 [main] [] DEBUG c.c.r.filter.CorrelationIdFilter - Filter 'correlationIdFilter' configured for use
2026-03-08 00:48:41.264 [main] [] INFO  o.h.jpa.internal.util.LogHelper - HHH000204: Processing PersistenceUnitInfo [name: default]
2026-03-08 00:48:41.327 [main] [] INFO  org.hibernate.Version - HHH000412: Hibernate ORM core version 6.3.1.Final
2026-03-08 00:48:41.371 [main] [] INFO  o.h.c.i.RegionFactoryInitiator - HHH000026: Second-level cache disabled
2026-03-08 00:48:41.613 [main] [] INFO  o.s.o.j.p.SpringPersistenceUnitInfo - No LoadTimeWeaver setup: ignoring JPA class transformer
2026-03-08 00:48:41.649 [main] [] INFO  com.zaxxer.hikari.HikariDataSource - HikariPool-1 - Starting...
2026-03-08 00:48:41.801 [main] [] INFO  com.zaxxer.hikari.pool.HikariPool - HikariPool-1 - Added connection com.mysql.cj.jdbc.ConnectionImpl@37816ea6
2026-03-08 00:48:41.802 [main] [] INFO  com.zaxxer.hikari.HikariDataSource - HikariPool-1 - Start completed.
2026-03-08 00:48:41.847 [main] [] WARN  org.hibernate.orm.deprecation - HHH90000025: MySQLDialect does not need to be specified explicitly using 'hibernate.dialect' (remove the property setting and it will be selected by default)
2026-03-08 00:48:42.674 [main] [] INFO  o.h.e.t.j.p.i.JtaPlatformInitiator - HHH000489: No JTA platform available (set 'hibernate.transaction.jta.platform' to enable JTA platform integration)
2026-03-08 00:48:42.721 [main] [] INFO  o.s.o.j.LocalContainerEntityManagerFactoryBean - Initialized JPA EntityManagerFactory for persistence unit 'default'
2026-03-08 00:48:42.883 [main] [] WARN  o.s.b.a.o.j.JpaBaseConfiguration$JpaWebConfiguration - spring.jpa.open-in-view is enabled by default. Therefore, database queries may be performed during view rendering. Explicitly configure spring.jpa.open-in-view to disable this warning
2026-03-08 00:48:42.993 [main] [] INFO  o.s.c.o.FeignClientFactoryBean - For 'claim-service' URL not provided. Will try picking an instance via load-balancing.
2026-03-08 00:48:43.063 [main] [] INFO  o.s.c.o.FeignClientFactoryBean - For 'payment-service' URL not provided. Will try picking an instance via load-balancing.
2026-03-08 00:48:43.616 [main] [] WARN  o.s.b.a.s.s.UserDetailsServiceAutoConfiguration - 

Using generated security password: 59d9c2dd-90cd-40aa-82f5-9a26acdcdf44

This generated password is for development use only. Your security configuration must be updated before running your application in production.

2026-03-08 00:48:43.720 [main] [] DEBUG o.s.s.a.h.RoleHierarchyImpl - setHierarchy() - The following role hierarchy was set: ROLE_ADMIN > ROLE_MANAGER
ROLE_MANAGER > ROLE_ADJUSTER
ROLE_ADJUSTER > ROLE_POLICYHOLDER

2026-03-08 00:48:43.720 [main] [] DEBUG o.s.s.a.h.RoleHierarchyImpl - buildRolesReachableInOneStepMap() - From role ROLE_ADMIN one can reach role ROLE_MANAGER in one step.
2026-03-08 00:48:43.721 [main] [] DEBUG o.s.s.a.h.RoleHierarchyImpl - buildRolesReachableInOneStepMap() - From role ROLE_MANAGER one can reach role ROLE_ADJUSTER in one step.
2026-03-08 00:48:43.721 [main] [] DEBUG o.s.s.a.h.RoleHierarchyImpl - buildRolesReachableInOneStepMap() - From role ROLE_ADJUSTER one can reach role ROLE_POLICYHOLDER in one step.
2026-03-08 00:48:43.721 [main] [] DEBUG o.s.s.a.h.RoleHierarchyImpl - buildRolesReachableInOneOrMoreStepsMap() - From role ROLE_MANAGER one can reach [ROLE_POLICYHOLDER, ROLE_ADJUSTER] in one or more steps.
2026-03-08 00:48:43.722 [main] [] DEBUG o.s.s.a.h.RoleHierarchyImpl - buildRolesReachableInOneOrMoreStepsMap() - From role ROLE_ADMIN one can reach [ROLE_POLICYHOLDER, ROLE_MANAGER, ROLE_ADJUSTER] in one or more steps.
2026-03-08 00:48:43.722 [main] [] DEBUG o.s.s.a.h.RoleHierarchyImpl - buildRolesReachableInOneOrMoreStepsMap() - From role ROLE_ADJUSTER one can reach [ROLE_POLICYHOLDER] in one or more steps.
2026-03-08 00:48:44.255 [main] [] INFO  o.s.b.a.e.web.EndpointLinksResolver - Exposing 4 endpoint(s) beneath base path '/actuator'
2026-03-08 00:48:44.362 [main] [] INFO  o.s.s.web.DefaultSecurityFilterChain - Will secure any request with [org.springframework.security.web.session.DisableEncodeUrlFilter@69554e5a, org.springframework.security.web.context.request.async.WebAsyncManagerIntegrationFilter@7244d87, org.springframework.security.web.context.SecurityContextHolderFilter@4dd31687, org.springframework.security.web.header.HeaderWriterFilter@7479b19a, org.springframework.web.filter.CorsFilter@210c4071, org.springframework.security.web.authentication.logout.LogoutFilter@74fbee59, com.claimswift.reportingservice.security.JwtAuthenticationFilter@572b4072, org.springframework.security.web.savedrequest.RequestCacheAwareFilter@56f1db5f, org.springframework.security.web.servletapi.SecurityContextHolderAwareRequestFilter@25874884, org.springframework.security.web.authentication.AnonymousAuthenticationFilter@627b5e5b, org.springframework.security.web.session.SessionManagementFilter@2cb3bc0e, org.springframework.security.web.access.ExceptionTranslationFilter@59aa646e, org.springframework.security.web.access.intercept.AuthorizationFilter@eba64a9]
2026-03-08 00:48:44.968 [main] [] INFO  o.s.c.n.e.c.DiscoveryClientOptionalArgsConfiguration - Eureka HTTP Client uses RestTemplate.
2026-03-08 00:48:45.043 [main] [] WARN  o.s.c.l.c.LoadBalancerCacheAutoConfiguration$LoadBalancerCaffeineWarnLogger - Spring Cloud LoadBalancer is currently working with the default cache. While this cache implementation is useful for development and tests, it's recommended to use Caffeine cache in production.You can switch to using Caffeine cache, by adding it and org.springframework.cache.caffeine.CaffeineCacheManager to the classpath.
2026-03-08 00:48:45.139 [main] [] INFO  o.s.c.n.eureka.InstanceInfoFactory - Setting initial instance status as: STARTING
2026-03-08 00:48:45.234 [main] [] INFO  c.netflix.discovery.DiscoveryClient - Initializing Eureka in region us-east-1
2026-03-08 00:48:45.237 [main] [] INFO  c.n.d.s.r.aws.ConfigClusterResolver - Resolving eureka endpoints via configuration
2026-03-08 00:48:45.263 [main] [] INFO  c.netflix.discovery.DiscoveryClient - Disable delta property : false
2026-03-08 00:48:45.264 [main] [] INFO  c.netflix.discovery.DiscoveryClient - Single vip registry refresh property : null
2026-03-08 00:48:45.265 [main] [] INFO  c.netflix.discovery.DiscoveryClient - Force full registry fetch : false
2026-03-08 00:48:45.265 [main] [] INFO  c.netflix.discovery.DiscoveryClient - Application is null : false
2026-03-08 00:48:45.265 [main] [] INFO  c.netflix.discovery.DiscoveryClient - Registered Applications size is zero : true
2026-03-08 00:48:45.265 [main] [] INFO  c.netflix.discovery.DiscoveryClient - Application version is -1: true
2026-03-08 00:48:45.265 [main] [] INFO  c.netflix.discovery.DiscoveryClient - Getting all instance registry info from the eureka server
2026-03-08 00:48:45.589 [main] [] INFO  c.netflix.discovery.DiscoveryClient - The response status is 200
2026-03-08 00:48:45.592 [main] [] INFO  c.netflix.discovery.DiscoveryClient - Starting heartbeat executor: renew interval is: 30
2026-03-08 00:48:45.596 [main] [] INFO  c.n.discovery.InstanceInfoReplicator - InstanceInfoReplicator onDemand update allowed rate per min is 4
2026-03-08 00:48:45.600 [main] [] INFO  c.netflix.discovery.DiscoveryClient - Discovery Client initialized at timestamp 1772911125600 with initial instances count: 5
2026-03-08 00:48:45.609 [main] [] INFO  o.s.c.n.e.s.EurekaServiceRegistry - Registering application REPORTING-SERVICE with eureka with status UP
2026-03-08 00:48:45.609 [main] [] INFO  c.netflix.discovery.DiscoveryClient - Saw local status change event StatusChangeEvent [timestamp=1772911125609, current=UP, previous=STARTING]
2026-03-08 00:48:45.610 [main] [] WARN  c.n.discovery.InstanceInfoReplicator - Ignoring onDemand update due to rate limiter
2026-03-08 00:48:45.612 [DiscoveryClient-InstanceInfoReplicator-0] [] INFO  c.netflix.discovery.DiscoveryClient - DiscoveryClient_REPORTING-SERVICE/shashank:reporting-service:8087: registering service...
2026-03-08 00:48:45.633 [main] [] INFO  o.s.b.w.e.tomcat.TomcatWebServer - Tomcat started on port 8087 (http) with context path ''
2026-03-08 00:48:45.634 [main] [] INFO  o.s.c.n.e.s.EurekaAutoServiceRegistration - Updating port to 8087
2026-03-08 00:48:45.650 [main] [] INFO  c.c.r.ReportingServiceApplication - Started ReportingServiceApplication in 7.848 seconds (process running for 8.209)
2026-03-08 00:48:45.751 [DiscoveryClient-InstanceInfoReplicator-0] [] INFO  c.netflix.discovery.DiscoveryClient - DiscoveryClient_REPORTING-SERVICE/shashank:reporting-service:8087 - registration status: 204
2026-03-08 00:53:45.269 [AsyncResolver-bootstrap-executor-0] [] INFO  c.n.d.s.r.aws.ConfigClusterResolver - Resolving eureka endpoints via configuration
2026-03-08 00:58:45.287 [AsyncResolver-bootstrap-executor-0] [] INFO  c.n.d.s.r.aws.ConfigClusterResolver - Resolving eureka endpoints via configuration
2026-03-08 01:03:45.299 [AsyncResolver-bootstrap-executor-0] [] INFO  c.n.d.s.r.aws.ConfigClusterResolver - Resolving eureka endpoints via configuration
2026-03-08 01:08:45.305 [AsyncResolver-bootstrap-executor-0] [] INFO  c.n.d.s.r.aws.ConfigClusterResolver - Resolving eureka endpoints via configuration
2026-03-08 01:13:45.306 [AsyncResolver-bootstrap-executor-0] [] INFO  c.n.d.s.r.aws.ConfigClusterResolver - Resolving eureka endpoints via configuration
2026-03-08 01:18:45.318 [AsyncResolver-bootstrap-executor-0] [] INFO  c.n.d.s.r.aws.ConfigClusterResolver - Resolving eureka endpoints via configuration
2026-03-08 01:23:45.331 [AsyncResolver-bootstrap-executor-0] [] INFO  c.n.d.s.r.aws.ConfigClusterResolver - Resolving eureka endpoints via configuration
2026-03-08 01:28:45.337 [AsyncResolver-bootstrap-executor-0] [] INFO  c.n.d.s.r.aws.ConfigClusterResolver - Resolving eureka endpoints via configuration
2026-03-08 01:33:45.345 [AsyncResolver-bootstrap-executor-0] [] INFO  c.n.d.s.r.aws.ConfigClusterResolver - Resolving eureka endpoints via configuration
2026-03-08 01:38:45.347 [AsyncResolver-bootstrap-executor-0] [] INFO  c.n.d.s.r.aws.ConfigClusterResolver - Resolving eureka endpoints via configuration
2026-03-08 01:43:45.358 [AsyncResolver-bootstrap-executor-0] [] INFO  c.n.d.s.r.aws.ConfigClusterResolver - Resolving eureka endpoints via configuration
2026-03-08 01:46:40.160 [http-nio-8087-exec-1] [] INFO  o.a.c.c.C.[Tomcat].[localhost].[/] - Initializing Spring DispatcherServlet 'dispatcherServlet'
2026-03-08 01:46:40.160 [http-nio-8087-exec-1] [] INFO  o.s.web.servlet.DispatcherServlet - Initializing Servlet 'dispatcherServlet'
2026-03-08 01:46:40.173 [http-nio-8087-exec-1] [] INFO  o.s.web.servlet.DispatcherServlet - Completed initialization in 13 ms
2026-03-08 01:46:40.200 [http-nio-8087-exec-1] [4321036d-a8c6-485a-ad79-14a7b9cb6c7c] DEBUG o.s.security.web.FilterChainProxy - Securing POST /api/reports/claim-event
2026-03-08 01:46:40.212 [http-nio-8087-exec-1] [4321036d-a8c6-485a-ad79-14a7b9cb6c7c] WARN  o.s.w.s.h.HandlerMappingIntrospector - Cache miss for REQUEST dispatch to '/api/reports/claim-event' (previous null). Performing CorsConfiguration lookup. This is logged once only at WARN level, and every time at TRACE.
2026-03-08 01:46:40.344 [http-nio-8087-exec-1] [4321036d-a8c6-485a-ad79-14a7b9cb6c7c] DEBUG c.c.r.s.JwtAuthenticationFilter - Authenticated user: leo123 for URI: /api/reports/claim-event
2026-03-08 01:46:40.347 [http-nio-8087-exec-1] [4321036d-a8c6-485a-ad79-14a7b9cb6c7c] WARN  o.s.w.s.h.HandlerMappingIntrospector - Cache miss for REQUEST dispatch to '/api/reports/claim-event' (previous null). Performing MatchableHandlerMapping lookup. This is logged once only at WARN level, and every time at TRACE.
2026-03-08 01:46:40.354 [http-nio-8087-exec-1] [4321036d-a8c6-485a-ad79-14a7b9cb6c7c] DEBUG o.s.security.web.FilterChainProxy - Secured POST /api/reports/claim-event
2026-03-08 01:46:40.407 [http-nio-8087-exec-1] [4321036d-a8c6-485a-ad79-14a7b9cb6c7c] DEBUG o.s.s.a.m.AuthorizationManagerBeforeMethodInterceptor - Authorizing method invocation ReflectiveMethodInvocation: public org.springframework.http.ResponseEntity com.claimswift.reportingservice.controller.ReportingController.reportClaimEvent(java.util.Map); target is of class [com.claimswift.reportingservice.controller.ReportingController]
2026-03-08 01:46:40.440 [http-nio-8087-exec-1] [4321036d-a8c6-485a-ad79-14a7b9cb6c7c] DEBUG o.s.s.a.m.AuthorizationManagerBeforeMethodInterceptor - Authorized method invocation ReflectiveMethodInvocation: public org.springframework.http.ResponseEntity com.claimswift.reportingservice.controller.ReportingController.reportClaimEvent(java.util.Map); target is of class [com.claimswift.reportingservice.controller.ReportingController]
2026-03-08 01:46:40.657 [http-nio-8087-exec-1] [4321036d-a8c6-485a-ad79-14a7b9cb6c7c] INFO  c.c.r.controller.ReportingController - Claim event received: {claimId=5, eventType=CLAIM_SUBMITTED, claimNumber=CLM-346D44E4, timestamp=2026-03-08T01:46:40.0072273}
2026-03-08 01:48:45.370 [AsyncResolver-bootstrap-executor-0] [] INFO  c.n.d.s.r.aws.ConfigClusterResolver - Resolving eureka endpoints via configuration
2026-03-08 01:53:45.385 [AsyncResolver-bootstrap-executor-0] [] INFO  c.n.d.s.r.aws.ConfigClusterResolver - Resolving eureka endpoints via configuration
2026-03-08 01:58:45.394 [AsyncResolver-bootstrap-executor-0] [] INFO  c.n.d.s.r.aws.ConfigClusterResolver - Resolving eureka endpoints via configuration
2026-03-08 02:02:47.176 [http-nio-8087-exec-2] [826f4447-0a38-449f-8560-224458cbdf5c] DEBUG o.s.security.web.FilterChainProxy - Securing GET /api/reports/payments
2026-03-08 02:02:47.176 [http-nio-8087-exec-3] [3fbd2799-c32f-4e83-9bcc-83bc6ae8f922] DEBUG o.s.security.web.FilterChainProxy - Securing GET /api/reports/adjusters/performance
2026-03-08 02:02:47.176 [http-nio-8087-exec-4] [a27cb06e-c6be-429c-9485-bf071e282c9a] DEBUG o.s.security.web.FilterChainProxy - Securing GET /api/reports/claims/summary
2026-03-08 02:02:47.183 [http-nio-8087-exec-2] [826f4447-0a38-449f-8560-224458cbdf5c] DEBUG c.c.r.s.JwtAuthenticationFilter - Authenticated user: navya123 for URI: /api/reports/payments
2026-03-08 02:02:47.183 [http-nio-8087-exec-3] [3fbd2799-c32f-4e83-9bcc-83bc6ae8f922] DEBUG c.c.r.s.JwtAuthenticationFilter - Authenticated user: navya123 for URI: /api/reports/adjusters/performance
2026-03-08 02:02:47.184 [http-nio-8087-exec-4] [a27cb06e-c6be-429c-9485-bf071e282c9a] DEBUG c.c.r.s.JwtAuthenticationFilter - Authenticated user: navya123 for URI: /api/reports/claims/summary
2026-03-08 02:02:47.227 [http-nio-8087-exec-4] [a27cb06e-c6be-429c-9485-bf071e282c9a] DEBUG o.s.security.web.FilterChainProxy - Secured GET /api/reports/claims/summary
2026-03-08 02:02:47.227 [http-nio-8087-exec-2] [826f4447-0a38-449f-8560-224458cbdf5c] DEBUG o.s.security.web.FilterChainProxy - Secured GET /api/reports/payments
2026-03-08 02:02:47.227 [http-nio-8087-exec-3] [3fbd2799-c32f-4e83-9bcc-83bc6ae8f922] DEBUG o.s.security.web.FilterChainProxy - Secured GET /api/reports/adjusters/performance
2026-03-08 02:02:47.234 [http-nio-8087-exec-3] [3fbd2799-c32f-4e83-9bcc-83bc6ae8f922] DEBUG o.s.s.a.m.AuthorizationManagerBeforeMethodInterceptor - Authorizing method invocation ReflectiveMethodInvocation: public org.springframework.http.ResponseEntity com.claimswift.reportingservice.controller.ReportingController.getAdjusterPerformanceReport(java.time.LocalDate,java.time.LocalDate); target is of class [com.claimswift.reportingservice.controller.ReportingController]
2026-03-08 02:02:47.234 [http-nio-8087-exec-2] [826f4447-0a38-449f-8560-224458cbdf5c] DEBUG o.s.s.a.m.AuthorizationManagerBeforeMethodInterceptor - Authorizing method invocation ReflectiveMethodInvocation: public org.springframework.http.ResponseEntity com.claimswift.reportingservice.controller.ReportingController.getPaymentReport(java.time.LocalDate,java.time.LocalDate); target is of class [com.claimswift.reportingservice.controller.ReportingController]
2026-03-08 02:02:47.234 [http-nio-8087-exec-4] [a27cb06e-c6be-429c-9485-bf071e282c9a] DEBUG o.s.s.a.m.AuthorizationManagerBeforeMethodInterceptor - Authorizing method invocation ReflectiveMethodInvocation: public org.springframework.http.ResponseEntity com.claimswift.reportingservice.controller.ReportingController.getClaimSummaryReport(java.time.LocalDate,java.time.LocalDate); target is of class [com.claimswift.reportingservice.controller.ReportingController]
2026-03-08 02:02:47.241 [http-nio-8087-exec-4] [a27cb06e-c6be-429c-9485-bf071e282c9a] DEBUG o.s.s.a.h.RoleHierarchyImpl - getReachableGrantedAuthorities() - From the roles [ROLE_MANAGER] one can reach [ROLE_POLICYHOLDER, ROLE_MANAGER, ROLE_ADJUSTER] in zero or more steps.
2026-03-08 02:02:47.241 [http-nio-8087-exec-2] [826f4447-0a38-449f-8560-224458cbdf5c] DEBUG o.s.s.a.h.RoleHierarchyImpl - getReachableGrantedAuthorities() - From the roles [ROLE_MANAGER] one can reach [ROLE_POLICYHOLDER, ROLE_MANAGER, ROLE_ADJUSTER] in zero or more steps.
2026-03-08 02:02:47.241 [http-nio-8087-exec-3] [3fbd2799-c32f-4e83-9bcc-83bc6ae8f922] DEBUG o.s.s.a.h.RoleHierarchyImpl - getReachableGrantedAuthorities() - From the roles [ROLE_MANAGER] one can reach [ROLE_POLICYHOLDER, ROLE_MANAGER, ROLE_ADJUSTER] in zero or more steps.
2026-03-08 02:02:47.241 [http-nio-8087-exec-3] [3fbd2799-c32f-4e83-9bcc-83bc6ae8f922] DEBUG o.s.s.a.m.AuthorizationManagerBeforeMethodInterceptor - Authorized method invocation ReflectiveMethodInvocation: public org.springframework.http.ResponseEntity com.claimswift.reportingservice.controller.ReportingController.getAdjusterPerformanceReport(java.time.LocalDate,java.time.LocalDate); target is of class [com.claimswift.reportingservice.controller.ReportingController]
2026-03-08 02:02:47.241 [http-nio-8087-exec-4] [a27cb06e-c6be-429c-9485-bf071e282c9a] DEBUG o.s.s.a.m.AuthorizationManagerBeforeMethodInterceptor - Authorized method invocation ReflectiveMethodInvocation: public org.springframework.http.ResponseEntity com.claimswift.reportingservice.controller.ReportingController.getClaimSummaryReport(java.time.LocalDate,java.time.LocalDate); target is of class [com.claimswift.reportingservice.controller.ReportingController]
2026-03-08 02:02:47.241 [http-nio-8087-exec-2] [826f4447-0a38-449f-8560-224458cbdf5c] DEBUG o.s.s.a.m.AuthorizationManagerBeforeMethodInterceptor - Authorized method invocation ReflectiveMethodInvocation: public org.springframework.http.ResponseEntity com.claimswift.reportingservice.controller.ReportingController.getPaymentReport(java.time.LocalDate,java.time.LocalDate); target is of class [com.claimswift.reportingservice.controller.ReportingController]
2026-03-08 02:02:47.243 [http-nio-8087-exec-2] [826f4447-0a38-449f-8560-224458cbdf5c] INFO  c.c.r.controller.ReportingController - Generating payment report for period: null to null
2026-03-08 02:02:47.243 [http-nio-8087-exec-4] [a27cb06e-c6be-429c-9485-bf071e282c9a] INFO  c.c.r.controller.ReportingController - Generating claim summary report for period: null to null
2026-03-08 02:02:47.243 [http-nio-8087-exec-3] [3fbd2799-c32f-4e83-9bcc-83bc6ae8f922] INFO  c.c.r.controller.ReportingController - Generating adjuster performance report for period: null to null
2026-03-08 02:02:47.251 [http-nio-8087-exec-3] [3fbd2799-c32f-4e83-9bcc-83bc6ae8f922] DEBUG c.c.r.client.ClaimServiceClient - [ClaimServiceClient#getAllClaims] ---> GET http://claim-service/api/claims/internal/all HTTP/1.1
2026-03-08 02:02:47.251 [http-nio-8087-exec-4] [a27cb06e-c6be-429c-9485-bf071e282c9a] DEBUG c.c.r.client.ClaimServiceClient - [ClaimServiceClient#getAllClaims] ---> GET http://claim-service/api/claims/internal/all HTTP/1.1
2026-03-08 02:02:47.251 [http-nio-8087-exec-2] [826f4447-0a38-449f-8560-224458cbdf5c] DEBUG c.c.r.client.PaymentServiceClient - [PaymentServiceClient#getAllPayments] ---> GET http://payment-service/api/payments/internal/all HTTP/1.1
2026-03-08 02:02:47.490 [http-nio-8087-exec-4] [a27cb06e-c6be-429c-9485-bf071e282c9a] DEBUG c.c.r.client.ClaimServiceClient - [ClaimServiceClient#getAllClaims] <--- HTTP/1.1 200 (239ms)
2026-03-08 02:02:47.490 [http-nio-8087-exec-3] [3fbd2799-c32f-4e83-9bcc-83bc6ae8f922] DEBUG c.c.r.client.ClaimServiceClient - [ClaimServiceClient#getAllClaims] <--- HTTP/1.1 200 (238ms)
2026-03-08 02:02:48.674 [http-nio-8087-exec-2] [826f4447-0a38-449f-8560-224458cbdf5c] DEBUG c.c.r.client.PaymentServiceClient - [PaymentServiceClient#getAllPayments] <--- HTTP/1.1 200 (1423ms)
2026-03-08 02:03:45.402 [AsyncResolver-bootstrap-executor-0] [] INFO  c.n.d.s.r.aws.ConfigClusterResolver - Resolving eureka endpoints via configuration
2026-03-08 02:08:45.407 [AsyncResolver-bootstrap-executor-0] [] INFO  c.n.d.s.r.aws.ConfigClusterResolver - Resolving eureka endpoints via configuration
2026-03-08 02:13:45.416 [AsyncResolver-bootstrap-executor-0] [] INFO  c.n.d.s.r.aws.ConfigClusterResolver - Resolving eureka endpoints via configuration
2026-03-08 02:18:45.428 [AsyncResolver-bootstrap-executor-0] [] INFO  c.n.d.s.r.aws.ConfigClusterResolver - Resolving eureka endpoints via configuration
2026-03-08 02:23:45.433 [AsyncResolver-bootstrap-executor-0] [] INFO  c.n.d.s.r.aws.ConfigClusterResolver - Resolving eureka endpoints via configuration
2026-03-08 02:28:45.440 [AsyncResolver-bootstrap-executor-0] [] INFO  c.n.d.s.r.aws.ConfigClusterResolver - Resolving eureka endpoints via configuration
2026-03-08 02:33:45.453 [AsyncResolver-bootstrap-executor-0] [] INFO  c.n.d.s.r.aws.ConfigClusterResolver - Resolving eureka endpoints via configuration
2026-03-08 02:38:45.459 [AsyncResolver-bootstrap-executor-0] [] INFO  c.n.d.s.r.aws.ConfigClusterResolver - Resolving eureka endpoints via configuration
2026-03-08 02:43:45.472 [AsyncResolver-bootstrap-executor-0] [] INFO  c.n.d.s.r.aws.ConfigClusterResolver - Resolving eureka endpoints via configuration
2026-03-08 02:47:15.312 [http-nio-8087-exec-7] [91a7ba1a-ba59-4c7f-afaf-22e96c791a85] DEBUG o.s.security.web.FilterChainProxy - Securing POST /api/reports/status-change
2026-03-08 02:47:15.323 [http-nio-8087-exec-7] [91a7ba1a-ba59-4c7f-afaf-22e96c791a85] DEBUG c.c.r.s.JwtAuthenticationFilter - Authenticated user: vikas123 for URI: /api/reports/status-change
2026-03-08 02:47:15.327 [http-nio-8087-exec-7] [91a7ba1a-ba59-4c7f-afaf-22e96c791a85] DEBUG o.s.security.web.FilterChainProxy - Secured POST /api/reports/status-change
2026-03-08 02:47:15.343 [http-nio-8087-exec-7] [91a7ba1a-ba59-4c7f-afaf-22e96c791a85] DEBUG o.s.s.a.m.AuthorizationManagerBeforeMethodInterceptor - Authorizing method invocation ReflectiveMethodInvocation: public org.springframework.http.ResponseEntity com.claimswift.reportingservice.controller.ReportingController.reportStatusChange(java.util.Map); target is of class [com.claimswift.reportingservice.controller.ReportingController]
2026-03-08 02:47:15.347 [http-nio-8087-exec-7] [91a7ba1a-ba59-4c7f-afaf-22e96c791a85] DEBUG o.s.s.a.m.AuthorizationManagerBeforeMethodInterceptor - Authorized method invocation ReflectiveMethodInvocation: public org.springframework.http.ResponseEntity com.claimswift.reportingservice.controller.ReportingController.reportStatusChange(java.util.Map); target is of class [com.claimswift.reportingservice.controller.ReportingController]
2026-03-08 02:47:15.387 [http-nio-8087-exec-7] [91a7ba1a-ba59-4c7f-afaf-22e96c791a85] INFO  c.c.r.controller.ReportingController - Claim status change received: {newStatus=ADJUSTED, oldStatus=UNDER_REVIEW, claimId=5, claimNumber=CLM-346D44E4, timestamp=2026-03-08T02:47:15.2882734}
2026-03-08 02:48:45.485 [AsyncResolver-bootstrap-executor-0] [] INFO  c.n.d.s.r.aws.ConfigClusterResolver - Resolving eureka endpoints via configuration
2026-03-08 02:48:55.130 [http-nio-8087-exec-9] [932f64ad-848d-41ca-b3bd-5104c49d413f] DEBUG o.s.security.web.FilterChainProxy - Securing GET /api/reports/claims/summary
2026-03-08 02:48:55.130 [http-nio-8087-exec-8] [adc7aa5f-4022-4859-88fa-a8a89be4337e] DEBUG o.s.security.web.FilterChainProxy - Securing GET /api/reports/adjusters/performance
2026-03-08 02:48:55.130 [http-nio-8087-exec-10] [d6f595bd-3463-4b1f-b186-f52eb8e16941] DEBUG o.s.security.web.FilterChainProxy - Securing GET /api/reports/payments
2026-03-08 02:48:55.133 [http-nio-8087-exec-8] [adc7aa5f-4022-4859-88fa-a8a89be4337e] DEBUG c.c.r.s.JwtAuthenticationFilter - Authenticated user: navya123 for URI: /api/reports/adjusters/performance
2026-03-08 02:48:55.134 [http-nio-8087-exec-10] [d6f595bd-3463-4b1f-b186-f52eb8e16941] DEBUG c.c.r.s.JwtAuthenticationFilter - Authenticated user: navya123 for URI: /api/reports/payments
2026-03-08 02:48:55.134 [http-nio-8087-exec-9] [932f64ad-848d-41ca-b3bd-5104c49d413f] DEBUG c.c.r.s.JwtAuthenticationFilter - Authenticated user: navya123 for URI: /api/reports/claims/summary
2026-03-08 02:48:55.136 [http-nio-8087-exec-9] [932f64ad-848d-41ca-b3bd-5104c49d413f] DEBUG o.s.security.web.FilterChainProxy - Secured GET /api/reports/claims/summary
2026-03-08 02:48:55.136 [http-nio-8087-exec-8] [adc7aa5f-4022-4859-88fa-a8a89be4337e] DEBUG o.s.security.web.FilterChainProxy - Secured GET /api/reports/adjusters/performance
2026-03-08 02:48:55.136 [http-nio-8087-exec-10] [d6f595bd-3463-4b1f-b186-f52eb8e16941] DEBUG o.s.security.web.FilterChainProxy - Secured GET /api/reports/payments
2026-03-08 02:48:55.138 [http-nio-8087-exec-10] [d6f595bd-3463-4b1f-b186-f52eb8e16941] DEBUG o.s.s.a.m.AuthorizationManagerBeforeMethodInterceptor - Authorizing method invocation ReflectiveMethodInvocation: public org.springframework.http.ResponseEntity com.claimswift.reportingservice.controller.ReportingController.getPaymentReport(java.time.LocalDate,java.time.LocalDate); target is of class [com.claimswift.reportingservice.controller.ReportingController]
2026-03-08 02:48:55.138 [http-nio-8087-exec-9] [932f64ad-848d-41ca-b3bd-5104c49d413f] DEBUG o.s.s.a.m.AuthorizationManagerBeforeMethodInterceptor - Authorizing method invocation ReflectiveMethodInvocation: public org.springframework.http.ResponseEntity com.claimswift.reportingservice.controller.ReportingController.getClaimSummaryReport(java.time.LocalDate,java.time.LocalDate); target is of class [com.claimswift.reportingservice.controller.ReportingController]
2026-03-08 02:48:55.138 [http-nio-8087-exec-8] [adc7aa5f-4022-4859-88fa-a8a89be4337e] DEBUG o.s.s.a.m.AuthorizationManagerBeforeMethodInterceptor - Authorizing method invocation ReflectiveMethodInvocation: public org.springframework.http.ResponseEntity com.claimswift.reportingservice.controller.ReportingController.getAdjusterPerformanceReport(java.time.LocalDate,java.time.LocalDate); target is of class [com.claimswift.reportingservice.controller.ReportingController]
2026-03-08 02:48:55.138 [http-nio-8087-exec-10] [d6f595bd-3463-4b1f-b186-f52eb8e16941] DEBUG o.s.s.a.h.RoleHierarchyImpl - getReachableGrantedAuthorities() - From the roles [ROLE_MANAGER] one can reach [ROLE_POLICYHOLDER, ROLE_MANAGER, ROLE_ADJUSTER] in zero or more steps.
2026-03-08 02:48:55.138 [http-nio-8087-exec-8] [adc7aa5f-4022-4859-88fa-a8a89be4337e] DEBUG o.s.s.a.h.RoleHierarchyImpl - getReachableGrantedAuthorities() - From the roles [ROLE_MANAGER] one can reach [ROLE_POLICYHOLDER, ROLE_MANAGER, ROLE_ADJUSTER] in zero or more steps.
2026-03-08 02:48:55.138 [http-nio-8087-exec-9] [932f64ad-848d-41ca-b3bd-5104c49d413f] DEBUG o.s.s.a.h.RoleHierarchyImpl - getReachableGrantedAuthorities() - From the roles [ROLE_MANAGER] one can reach [ROLE_POLICYHOLDER, ROLE_MANAGER, ROLE_ADJUSTER] in zero or more steps.
2026-03-08 02:48:55.139 [http-nio-8087-exec-8] [adc7aa5f-4022-4859-88fa-a8a89be4337e] DEBUG o.s.s.a.m.AuthorizationManagerBeforeMethodInterceptor - Authorized method invocation ReflectiveMethodInvocation: public org.springframework.http.ResponseEntity com.claimswift.reportingservice.controller.ReportingController.getAdjusterPerformanceReport(java.time.LocalDate,java.time.LocalDate); target is of class [com.claimswift.reportingservice.controller.ReportingController]
2026-03-08 02:48:55.139 [http-nio-8087-exec-10] [d6f595bd-3463-4b1f-b186-f52eb8e16941] DEBUG o.s.s.a.m.AuthorizationManagerBeforeMethodInterceptor - Authorized method invocation ReflectiveMethodInvocation: public org.springframework.http.ResponseEntity com.claimswift.reportingservice.controller.ReportingController.getPaymentReport(java.time.LocalDate,java.time.LocalDate); target is of class [com.claimswift.reportingservice.controller.ReportingController]
2026-03-08 02:48:55.139 [http-nio-8087-exec-9] [932f64ad-848d-41ca-b3bd-5104c49d413f] DEBUG o.s.s.a.m.AuthorizationManagerBeforeMethodInterceptor - Authorized method invocation ReflectiveMethodInvocation: public org.springframework.http.ResponseEntity com.claimswift.reportingservice.controller.ReportingController.getClaimSummaryReport(java.time.LocalDate,java.time.LocalDate); target is of class [com.claimswift.reportingservice.controller.ReportingController]
2026-03-08 02:48:55.140 [http-nio-8087-exec-10] [d6f595bd-3463-4b1f-b186-f52eb8e16941] INFO  c.c.r.controller.ReportingController - Generating payment report for period: null to null
2026-03-08 02:48:55.140 [http-nio-8087-exec-9] [932f64ad-848d-41ca-b3bd-5104c49d413f] INFO  c.c.r.controller.ReportingController - Generating claim summary report for period: null to null
2026-03-08 02:48:55.140 [http-nio-8087-exec-8] [adc7aa5f-4022-4859-88fa-a8a89be4337e] INFO  c.c.r.controller.ReportingController - Generating adjuster performance report for period: null to null
2026-03-08 02:48:55.140 [http-nio-8087-exec-8] [adc7aa5f-4022-4859-88fa-a8a89be4337e] DEBUG c.c.r.client.ClaimServiceClient - [ClaimServiceClient#getAllClaims] ---> GET http://claim-service/api/claims/internal/all HTTP/1.1
2026-03-08 02:48:55.140 [http-nio-8087-exec-10] [d6f595bd-3463-4b1f-b186-f52eb8e16941] DEBUG c.c.r.client.PaymentServiceClient - [PaymentServiceClient#getAllPayments] ---> GET http://payment-service/api/payments/internal/all HTTP/1.1
2026-03-08 02:48:55.140 [http-nio-8087-exec-9] [932f64ad-848d-41ca-b3bd-5104c49d413f] DEBUG c.c.r.client.ClaimServiceClient - [ClaimServiceClient#getAllClaims] ---> GET http://claim-service/api/claims/internal/all HTTP/1.1
2026-03-08 02:48:55.155 [http-nio-8087-exec-8] [adc7aa5f-4022-4859-88fa-a8a89be4337e] DEBUG c.c.r.client.ClaimServiceClient - [ClaimServiceClient#getAllClaims] <--- HTTP/1.1 200 (14ms)
2026-03-08 02:48:55.155 [http-nio-8087-exec-9] [932f64ad-848d-41ca-b3bd-5104c49d413f] DEBUG c.c.r.client.ClaimServiceClient - [ClaimServiceClient#getAllClaims] <--- HTTP/1.1 200 (14ms)
2026-03-08 02:48:55.209 [http-nio-8087-exec-10] [d6f595bd-3463-4b1f-b186-f52eb8e16941] DEBUG c.c.r.client.PaymentServiceClient - [PaymentServiceClient#getAllPayments] <--- HTTP/1.1 200 (68ms)
2026-03-08 02:51:15.043 [http-nio-8087-exec-2] [b59c50bd-6a8e-4d74-88be-20bc6db5fb6f] DEBUG o.s.security.web.FilterChainProxy - Securing POST /api/reports/claim-event
2026-03-08 02:51:15.046 [http-nio-8087-exec-2] [b59c50bd-6a8e-4d74-88be-20bc6db5fb6f] DEBUG c.c.r.s.JwtAuthenticationFilter - Authenticated user: leo123 for URI: /api/reports/claim-event
2026-03-08 02:51:15.048 [http-nio-8087-exec-2] [b59c50bd-6a8e-4d74-88be-20bc6db5fb6f] DEBUG o.s.security.web.FilterChainProxy - Secured POST /api/reports/claim-event
2026-03-08 02:51:15.049 [http-nio-8087-exec-2] [b59c50bd-6a8e-4d74-88be-20bc6db5fb6f] DEBUG o.s.s.a.m.AuthorizationManagerBeforeMethodInterceptor - Authorizing method invocation ReflectiveMethodInvocation: public org.springframework.http.ResponseEntity com.claimswift.reportingservice.controller.ReportingController.reportClaimEvent(java.util.Map); target is of class [com.claimswift.reportingservice.controller.ReportingController]
2026-03-08 02:51:15.050 [http-nio-8087-exec-2] [b59c50bd-6a8e-4d74-88be-20bc6db5fb6f] DEBUG o.s.s.a.m.AuthorizationManagerBeforeMethodInterceptor - Authorized method invocation ReflectiveMethodInvocation: public org.springframework.http.ResponseEntity com.claimswift.reportingservice.controller.ReportingController.reportClaimEvent(java.util.Map); target is of class [com.claimswift.reportingservice.controller.ReportingController]
2026-03-08 02:51:15.057 [http-nio-8087-exec-2] [b59c50bd-6a8e-4d74-88be-20bc6db5fb6f] INFO  c.c.r.controller.ReportingController - Claim event received: {claimId=6, eventType=CLAIM_SUBMITTED, claimNumber=CLM-F8367263, timestamp=2026-03-08T02:51:15.0376002}
2026-03-08 02:52:52.671 [http-nio-8087-exec-5] [3296082a-cd20-4f3e-9832-3803c7a0205a] DEBUG o.s.security.web.FilterChainProxy - Securing POST /api/reports/status-change
2026-03-08 02:52:52.673 [http-nio-8087-exec-5] [3296082a-cd20-4f3e-9832-3803c7a0205a] DEBUG c.c.r.s.JwtAuthenticationFilter - Authenticated user: vikas123 for URI: /api/reports/status-change
2026-03-08 02:52:52.675 [http-nio-8087-exec-5] [3296082a-cd20-4f3e-9832-3803c7a0205a] DEBUG o.s.security.web.FilterChainProxy - Secured POST /api/reports/status-change
2026-03-08 02:52:52.677 [http-nio-8087-exec-5] [3296082a-cd20-4f3e-9832-3803c7a0205a] DEBUG o.s.s.a.m.AuthorizationManagerBeforeMethodInterceptor - Authorizing method invocation ReflectiveMethodInvocation: public org.springframework.http.ResponseEntity com.claimswift.reportingservice.controller.ReportingController.reportStatusChange(java.util.Map); target is of class [com.claimswift.reportingservice.controller.ReportingController]
2026-03-08 02:52:52.677 [http-nio-8087-exec-5] [3296082a-cd20-4f3e-9832-3803c7a0205a] DEBUG o.s.s.a.m.AuthorizationManagerBeforeMethodInterceptor - Authorized method invocation ReflectiveMethodInvocation: public org.springframework.http.ResponseEntity com.claimswift.reportingservice.controller.ReportingController.reportStatusChange(java.util.Map); target is of class [com.claimswift.reportingservice.controller.ReportingController]
2026-03-08 02:52:52.685 [http-nio-8087-exec-5] [3296082a-cd20-4f3e-9832-3803c7a0205a] INFO  c.c.r.controller.ReportingController - Claim status change received: {newStatus=ADJUSTED, oldStatus=UNDER_REVIEW, claimId=6, claimNumber=CLM-F8367263, timestamp=2026-03-08T02:52:52.6648747}
2026-03-08 02:53:36.360 [http-nio-8087-exec-6] [29dfa4a3-f1d5-4a50-9121-b0e89aa8a72e] DEBUG o.s.security.web.FilterChainProxy - Securing POST /api/reports/status-change
2026-03-08 02:53:36.363 [http-nio-8087-exec-6] [29dfa4a3-f1d5-4a50-9121-b0e89aa8a72e] DEBUG c.c.r.s.JwtAuthenticationFilter - Authenticated user: vikas123 for URI: /api/reports/status-change
2026-03-08 02:53:36.365 [http-nio-8087-exec-6] [29dfa4a3-f1d5-4a50-9121-b0e89aa8a72e] DEBUG o.s.security.web.FilterChainProxy - Secured POST /api/reports/status-change
2026-03-08 02:53:36.366 [http-nio-8087-exec-6] [29dfa4a3-f1d5-4a50-9121-b0e89aa8a72e] DEBUG o.s.s.a.m.AuthorizationManagerBeforeMethodInterceptor - Authorizing method invocation ReflectiveMethodInvocation: public org.springframework.http.ResponseEntity com.claimswift.reportingservice.controller.ReportingController.reportStatusChange(java.util.Map); target is of class [com.claimswift.reportingservice.controller.ReportingController]
2026-03-08 02:53:36.367 [http-nio-8087-exec-6] [29dfa4a3-f1d5-4a50-9121-b0e89aa8a72e] DEBUG o.s.s.a.m.AuthorizationManagerBeforeMethodInterceptor - Authorized method invocation ReflectiveMethodInvocation: public org.springframework.http.ResponseEntity com.claimswift.reportingservice.controller.ReportingController.reportStatusChange(java.util.Map); target is of class [com.claimswift.reportingservice.controller.ReportingController]
2026-03-08 02:53:36.377 [http-nio-8087-exec-6] [29dfa4a3-f1d5-4a50-9121-b0e89aa8a72e] INFO  c.c.r.controller.ReportingController - Claim status change received: {newStatus=APPROVED, oldStatus=ADJUSTED, claimId=6, claimNumber=CLM-F8367263, timestamp=2026-03-08T02:53:36.3533737}
2026-03-08 02:53:45.494 [AsyncResolver-bootstrap-executor-0] [] INFO  c.n.d.s.r.aws.ConfigClusterResolver - Resolving eureka endpoints via configuration
2026-03-08 02:55:53.044 [http-nio-8087-exec-7] [eaf5b03e-c803-4371-af77-4f157bb78ab7] DEBUG o.s.security.web.FilterChainProxy - Securing POST /api/reports/status-change
2026-03-08 02:55:53.046 [http-nio-8087-exec-7] [eaf5b03e-c803-4371-af77-4f157bb78ab7] DEBUG c.c.r.s.JwtAuthenticationFilter - Authenticated user: navya123 for URI: /api/reports/status-change
2026-03-08 02:55:53.048 [http-nio-8087-exec-7] [eaf5b03e-c803-4371-af77-4f157bb78ab7] DEBUG o.s.security.web.FilterChainProxy - Secured POST /api/reports/status-change
2026-03-08 02:55:53.049 [http-nio-8087-exec-7] [eaf5b03e-c803-4371-af77-4f157bb78ab7] DEBUG o.s.s.a.m.AuthorizationManagerBeforeMethodInterceptor - Authorizing method invocation ReflectiveMethodInvocation: public org.springframework.http.ResponseEntity com.claimswift.reportingservice.controller.ReportingController.reportStatusChange(java.util.Map); target is of class [com.claimswift.reportingservice.controller.ReportingController]
2026-03-08 02:55:53.050 [http-nio-8087-exec-7] [eaf5b03e-c803-4371-af77-4f157bb78ab7] DEBUG o.s.s.a.m.AuthorizationManagerBeforeMethodInterceptor - Authorized method invocation ReflectiveMethodInvocation: public org.springframework.http.ResponseEntity com.claimswift.reportingservice.controller.ReportingController.reportStatusChange(java.util.Map); target is of class [com.claimswift.reportingservice.controller.ReportingController]
2026-03-08 02:55:53.056 [http-nio-8087-exec-7] [eaf5b03e-c803-4371-af77-4f157bb78ab7] INFO  c.c.r.controller.ReportingController - Claim status change received: {newStatus=PAID, oldStatus=APPROVED, claimId=6, claimNumber=CLM-F8367263, timestamp=2026-03-08T02:55:53.038464}
2026-03-08 02:58:45.510 [AsyncResolver-bootstrap-executor-0] [] INFO  c.n.d.s.r.aws.ConfigClusterResolver - Resolving eureka endpoints via configuration
2026-03-08 03:01:51.876 [http-nio-8087-exec-9] [cf8dbc9e-4bb1-4fdb-885f-b62f2cf2a916] DEBUG o.s.security.web.FilterChainProxy - Securing GET /api/reports/claims/summary
2026-03-08 03:01:51.876 [http-nio-8087-exec-8] [c1bff755-d34a-4a51-9c07-d19cf784b7b9] DEBUG o.s.security.web.FilterChainProxy - Securing GET /api/reports/payments
2026-03-08 03:01:51.880 [http-nio-8087-exec-10] [9fd6c06f-cc92-4904-89d5-298fdd71f41f] DEBUG o.s.security.web.FilterChainProxy - Securing GET /api/reports/adjusters/performance
2026-03-08 03:01:51.880 [http-nio-8087-exec-8] [c1bff755-d34a-4a51-9c07-d19cf784b7b9] DEBUG c.c.r.s.JwtAuthenticationFilter - Authenticated user: navya123 for URI: /api/reports/payments
2026-03-08 03:01:51.881 [http-nio-8087-exec-9] [cf8dbc9e-4bb1-4fdb-885f-b62f2cf2a916] DEBUG c.c.r.s.JwtAuthenticationFilter - Authenticated user: navya123 for URI: /api/reports/claims/summary
2026-03-08 03:01:51.882 [http-nio-8087-exec-10] [9fd6c06f-cc92-4904-89d5-298fdd71f41f] DEBUG c.c.r.s.JwtAuthenticationFilter - Authenticated user: navya123 for URI: /api/reports/adjusters/performance
2026-03-08 03:01:51.882 [http-nio-8087-exec-9] [cf8dbc9e-4bb1-4fdb-885f-b62f2cf2a916] DEBUG o.s.security.web.FilterChainProxy - Secured GET /api/reports/claims/summary
2026-03-08 03:01:51.882 [http-nio-8087-exec-8] [c1bff755-d34a-4a51-9c07-d19cf784b7b9] DEBUG o.s.security.web.FilterChainProxy - Secured GET /api/reports/payments
2026-03-08 03:01:51.883 [http-nio-8087-exec-9] [cf8dbc9e-4bb1-4fdb-885f-b62f2cf2a916] DEBUG o.s.s.a.m.AuthorizationManagerBeforeMethodInterceptor - Authorizing method invocation ReflectiveMethodInvocation: public org.springframework.http.ResponseEntity com.claimswift.reportingservice.controller.ReportingController.getClaimSummaryReport(java.time.LocalDate,java.time.LocalDate); target is of class [com.claimswift.reportingservice.controller.ReportingController]
2026-03-08 03:01:51.883 [http-nio-8087-exec-8] [c1bff755-d34a-4a51-9c07-d19cf784b7b9] DEBUG o.s.s.a.m.AuthorizationManagerBeforeMethodInterceptor - Authorizing method invocation ReflectiveMethodInvocation: public org.springframework.http.ResponseEntity com.claimswift.reportingservice.controller.ReportingController.getPaymentReport(java.time.LocalDate,java.time.LocalDate); target is of class [com.claimswift.reportingservice.controller.ReportingController]
2026-03-08 03:01:51.884 [http-nio-8087-exec-10] [9fd6c06f-cc92-4904-89d5-298fdd71f41f] DEBUG o.s.security.web.FilterChainProxy - Secured GET /api/reports/adjusters/performance
2026-03-08 03:01:51.884 [http-nio-8087-exec-9] [cf8dbc9e-4bb1-4fdb-885f-b62f2cf2a916] DEBUG o.s.s.a.h.RoleHierarchyImpl - getReachableGrantedAuthorities() - From the roles [ROLE_MANAGER] one can reach [ROLE_POLICYHOLDER, ROLE_MANAGER, ROLE_ADJUSTER] in zero or more steps.
2026-03-08 03:01:51.885 [http-nio-8087-exec-8] [c1bff755-d34a-4a51-9c07-d19cf784b7b9] DEBUG o.s.s.a.h.RoleHierarchyImpl - getReachableGrantedAuthorities() - From the roles [ROLE_MANAGER] one can reach [ROLE_POLICYHOLDER, ROLE_MANAGER, ROLE_ADJUSTER] in zero or more steps.
2026-03-08 03:01:51.885 [http-nio-8087-exec-9] [cf8dbc9e-4bb1-4fdb-885f-b62f2cf2a916] DEBUG o.s.s.a.m.AuthorizationManagerBeforeMethodInterceptor - Authorized method invocation ReflectiveMethodInvocation: public org.springframework.http.ResponseEntity com.claimswift.reportingservice.controller.ReportingController.getClaimSummaryReport(java.time.LocalDate,java.time.LocalDate); target is of class [com.claimswift.reportingservice.controller.ReportingController]
2026-03-08 03:01:51.885 [http-nio-8087-exec-8] [c1bff755-d34a-4a51-9c07-d19cf784b7b9] DEBUG o.s.s.a.m.AuthorizationManagerBeforeMethodInterceptor - Authorized method invocation ReflectiveMethodInvocation: public org.springframework.http.ResponseEntity com.claimswift.reportingservice.controller.ReportingController.getPaymentReport(java.time.LocalDate,java.time.LocalDate); target is of class [com.claimswift.reportingservice.controller.ReportingController]
2026-03-08 03:01:51.886 [http-nio-8087-exec-10] [9fd6c06f-cc92-4904-89d5-298fdd71f41f] DEBUG o.s.s.a.m.AuthorizationManagerBeforeMethodInterceptor - Authorizing method invocation ReflectiveMethodInvocation: public org.springframework.http.ResponseEntity com.claimswift.reportingservice.controller.ReportingController.getAdjusterPerformanceReport(java.time.LocalDate,java.time.LocalDate); target is of class [com.claimswift.reportingservice.controller.ReportingController]
2026-03-08 03:01:51.886 [http-nio-8087-exec-9] [cf8dbc9e-4bb1-4fdb-885f-b62f2cf2a916] INFO  c.c.r.controller.ReportingController - Generating claim summary report for period: null to null
2026-03-08 03:01:51.886 [http-nio-8087-exec-8] [c1bff755-d34a-4a51-9c07-d19cf784b7b9] INFO  c.c.r.controller.ReportingController - Generating payment report for period: null to null
2026-03-08 03:01:51.886 [http-nio-8087-exec-10] [9fd6c06f-cc92-4904-89d5-298fdd71f41f] DEBUG o.s.s.a.h.RoleHierarchyImpl - getReachableGrantedAuthorities() - From the roles [ROLE_MANAGER] one can reach [ROLE_POLICYHOLDER, ROLE_MANAGER, ROLE_ADJUSTER] in zero or more steps.
2026-03-08 03:01:51.886 [http-nio-8087-exec-8] [c1bff755-d34a-4a51-9c07-d19cf784b7b9] DEBUG c.c.r.client.PaymentServiceClient - [PaymentServiceClient#getAllPayments] ---> GET http://payment-service/api/payments/internal/all HTTP/1.1
2026-03-08 03:01:51.886 [http-nio-8087-exec-9] [cf8dbc9e-4bb1-4fdb-885f-b62f2cf2a916] DEBUG c.c.r.client.ClaimServiceClient - [ClaimServiceClient#getAllClaims] ---> GET http://claim-service/api/claims/internal/all HTTP/1.1
2026-03-08 03:01:51.886 [http-nio-8087-exec-10] [9fd6c06f-cc92-4904-89d5-298fdd71f41f] DEBUG o.s.s.a.m.AuthorizationManagerBeforeMethodInterceptor - Authorized method invocation ReflectiveMethodInvocation: public org.springframework.http.ResponseEntity com.claimswift.reportingservice.controller.ReportingController.getAdjusterPerformanceReport(java.time.LocalDate,java.time.LocalDate); target is of class [com.claimswift.reportingservice.controller.ReportingController]
2026-03-08 03:01:51.887 [http-nio-8087-exec-10] [9fd6c06f-cc92-4904-89d5-298fdd71f41f] INFO  c.c.r.controller.ReportingController - Generating adjuster performance report for period: null to null
2026-03-08 03:01:51.887 [http-nio-8087-exec-10] [9fd6c06f-cc92-4904-89d5-298fdd71f41f] DEBUG c.c.r.client.ClaimServiceClient - [ClaimServiceClient#getAllClaims] ---> GET http://claim-service/api/claims/internal/all HTTP/1.1
2026-03-08 03:01:51.896 [http-nio-8087-exec-9] [cf8dbc9e-4bb1-4fdb-885f-b62f2cf2a916] DEBUG c.c.r.client.ClaimServiceClient - [ClaimServiceClient#getAllClaims] <--- HTTP/1.1 200 (9ms)
2026-03-08 03:01:51.906 [http-nio-8087-exec-10] [9fd6c06f-cc92-4904-89d5-298fdd71f41f] DEBUG c.c.r.client.ClaimServiceClient - [ClaimServiceClient#getAllClaims] <--- HTTP/1.1 200 (17ms)
2026-03-08 03:01:51.906 [http-nio-8087-exec-8] [c1bff755-d34a-4a51-9c07-d19cf784b7b9] DEBUG c.c.r.client.PaymentServiceClient - [PaymentServiceClient#getAllPayments] <--- HTTP/1.1 200 (19ms)
2026-03-08 03:03:45.512 [AsyncResolver-bootstrap-executor-0] [] INFO  c.n.d.s.r.aws.ConfigClusterResolver - Resolving eureka endpoints via configuration
2026-03-08 03:08:45.524 [AsyncResolver-bootstrap-executor-0] [] INFO  c.n.d.s.r.aws.ConfigClusterResolver - Resolving eureka endpoints via configuration
2026-03-08 03:11:26.782 [http-nio-8087-exec-2] [bc9142f3-bca9-4208-80dd-0eca97bf636f] DEBUG o.s.security.web.FilterChainProxy - Securing POST /api/reports/status-change
2026-03-08 03:11:26.784 [http-nio-8087-exec-2] [bc9142f3-bca9-4208-80dd-0eca97bf636f] DEBUG c.c.r.s.JwtAuthenticationFilter - Authenticated user: navya123 for URI: /api/reports/status-change
2026-03-08 03:11:26.787 [http-nio-8087-exec-2] [bc9142f3-bca9-4208-80dd-0eca97bf636f] DEBUG o.s.security.web.FilterChainProxy - Secured POST /api/reports/status-change
2026-03-08 03:11:26.788 [http-nio-8087-exec-2] [bc9142f3-bca9-4208-80dd-0eca97bf636f] DEBUG o.s.s.a.m.AuthorizationManagerBeforeMethodInterceptor - Authorizing method invocation ReflectiveMethodInvocation: public org.springframework.http.ResponseEntity com.claimswift.reportingservice.controller.ReportingController.reportStatusChange(java.util.Map); target is of class [com.claimswift.reportingservice.controller.ReportingController]
2026-03-08 03:11:26.789 [http-nio-8087-exec-2] [bc9142f3-bca9-4208-80dd-0eca97bf636f] DEBUG o.s.s.a.m.AuthorizationManagerBeforeMethodInterceptor - Authorized method invocation ReflectiveMethodInvocation: public org.springframework.http.ResponseEntity com.claimswift.reportingservice.controller.ReportingController.reportStatusChange(java.util.Map); target is of class [com.claimswift.reportingservice.controller.ReportingController]
2026-03-08 03:11:26.798 [http-nio-8087-exec-2] [bc9142f3-bca9-4208-80dd-0eca97bf636f] INFO  c.c.r.controller.ReportingController - Claim status change received: {newStatus=APPROVED, oldStatus=ADJUSTED, claimId=5, claimNumber=CLM-346D44E4, timestamp=2026-03-08T03:11:26.7731063}
2026-03-08 03:11:54.578 [http-nio-8087-exec-5] [80ab0799-b40b-463a-a421-226001f31fa8] DEBUG o.s.security.web.FilterChainProxy - Securing POST /api/reports/status-change
2026-03-08 03:11:54.581 [http-nio-8087-exec-5] [80ab0799-b40b-463a-a421-226001f31fa8] DEBUG c.c.r.s.JwtAuthenticationFilter - Authenticated user: navya123 for URI: /api/reports/status-change
2026-03-08 03:11:54.585 [http-nio-8087-exec-5] [80ab0799-b40b-463a-a421-226001f31fa8] DEBUG o.s.security.web.FilterChainProxy - Secured POST /api/reports/status-change
2026-03-08 03:11:54.586 [http-nio-8087-exec-5] [80ab0799-b40b-463a-a421-226001f31fa8] DEBUG o.s.s.a.m.AuthorizationManagerBeforeMethodInterceptor - Authorizing method invocation ReflectiveMethodInvocation: public org.springframework.http.ResponseEntity com.claimswift.reportingservice.controller.ReportingController.reportStatusChange(java.util.Map); target is of class [com.claimswift.reportingservice.controller.ReportingController]
2026-03-08 03:11:54.587 [http-nio-8087-exec-5] [80ab0799-b40b-463a-a421-226001f31fa8] DEBUG o.s.s.a.m.AuthorizationManagerBeforeMethodInterceptor - Authorized method invocation ReflectiveMethodInvocation: public org.springframework.http.ResponseEntity com.claimswift.reportingservice.controller.ReportingController.reportStatusChange(java.util.Map); target is of class [com.claimswift.reportingservice.controller.ReportingController]
2026-03-08 03:11:54.596 [http-nio-8087-exec-5] [80ab0799-b40b-463a-a421-226001f31fa8] INFO  c.c.r.controller.ReportingController - Claim status change received: {newStatus=PAYMENT_FAILED, oldStatus=APPROVED, claimId=5, claimNumber=CLM-346D44E4, timestamp=2026-03-08T03:11:54.5709601}
2026-03-08 03:12:04.772 [http-nio-8087-exec-6] [00cadaca-4c68-433c-adc5-0ab40d4982d8] DEBUG o.s.security.web.FilterChainProxy - Securing POST /api/reports/status-change
2026-03-08 03:12:04.774 [http-nio-8087-exec-6] [00cadaca-4c68-433c-adc5-0ab40d4982d8] DEBUG c.c.r.s.JwtAuthenticationFilter - Authenticated user: navya123 for URI: /api/reports/status-change
2026-03-08 03:12:04.775 [http-nio-8087-exec-6] [00cadaca-4c68-433c-adc5-0ab40d4982d8] DEBUG o.s.security.web.FilterChainProxy - Secured POST /api/reports/status-change
2026-03-08 03:12:04.776 [http-nio-8087-exec-6] [00cadaca-4c68-433c-adc5-0ab40d4982d8] DEBUG o.s.s.a.m.AuthorizationManagerBeforeMethodInterceptor - Authorizing method invocation ReflectiveMethodInvocation: public org.springframework.http.ResponseEntity com.claimswift.reportingservice.controller.ReportingController.reportStatusChange(java.util.Map); target is of class [com.claimswift.reportingservice.controller.ReportingController]
2026-03-08 03:12:04.777 [http-nio-8087-exec-6] [00cadaca-4c68-433c-adc5-0ab40d4982d8] DEBUG o.s.s.a.m.AuthorizationManagerBeforeMethodInterceptor - Authorized method invocation ReflectiveMethodInvocation: public org.springframework.http.ResponseEntity com.claimswift.reportingservice.controller.ReportingController.reportStatusChange(java.util.Map); target is of class [com.claimswift.reportingservice.controller.ReportingController]
2026-03-08 03:12:04.785 [http-nio-8087-exec-6] [00cadaca-4c68-433c-adc5-0ab40d4982d8] INFO  c.c.r.controller.ReportingController - Claim status change received: {newStatus=CANCELLED, oldStatus=PAYMENT_FAILED, claimId=5, claimNumber=CLM-346D44E4, timestamp=2026-03-08T03:12:04.764845}
2026-03-08 03:13:45.536 [AsyncResolver-bootstrap-executor-0] [] INFO  c.n.d.s.r.aws.ConfigClusterResolver - Resolving eureka endpoints via configuration
2026-03-08 03:15:48.539 [http-nio-8087-exec-7] [f4739218-f374-48ac-bfd0-a61954ddebde] DEBUG o.s.security.web.FilterChainProxy - Securing GET /api/reports/claims/summary
2026-03-08 03:15:48.539 [http-nio-8087-exec-9] [64876a3d-6432-4ea7-b4fa-694749d82bbb] DEBUG o.s.security.web.FilterChainProxy - Securing GET /api/reports/payments
2026-03-08 03:15:48.541 [http-nio-8087-exec-9] [64876a3d-6432-4ea7-b4fa-694749d82bbb] DEBUG c.c.r.s.JwtAuthenticationFilter - Authenticated user: vikas123 for URI: /api/reports/payments
2026-03-08 03:15:48.543 [http-nio-8087-exec-7] [f4739218-f374-48ac-bfd0-a61954ddebde] DEBUG c.c.r.s.JwtAuthenticationFilter - Authenticated user: vikas123 for URI: /api/reports/claims/summary
2026-03-08 03:15:48.543 [http-nio-8087-exec-9] [64876a3d-6432-4ea7-b4fa-694749d82bbb] DEBUG o.s.security.web.FilterChainProxy - Secured GET /api/reports/payments
2026-03-08 03:15:48.544 [http-nio-8087-exec-9] [64876a3d-6432-4ea7-b4fa-694749d82bbb] DEBUG o.s.s.a.m.AuthorizationManagerBeforeMethodInterceptor - Authorizing method invocation ReflectiveMethodInvocation: public org.springframework.http.ResponseEntity com.claimswift.reportingservice.controller.ReportingController.getPaymentReport(java.time.LocalDate,java.time.LocalDate); target is of class [com.claimswift.reportingservice.controller.ReportingController]
2026-03-08 03:15:48.545 [http-nio-8087-exec-7] [f4739218-f374-48ac-bfd0-a61954ddebde] DEBUG o.s.security.web.FilterChainProxy - Secured GET /api/reports/claims/summary
2026-03-08 03:15:48.545 [http-nio-8087-exec-9] [64876a3d-6432-4ea7-b4fa-694749d82bbb] DEBUG o.s.s.a.h.RoleHierarchyImpl - getReachableGrantedAuthorities() - From the roles [ROLE_ADJUSTER] one can reach [ROLE_POLICYHOLDER, ROLE_ADJUSTER] in zero or more steps.
2026-03-08 03:15:48.546 [http-nio-8087-exec-9] [64876a3d-6432-4ea7-b4fa-694749d82bbb] DEBUG o.s.s.a.m.AuthorizationManagerBeforeMethodInterceptor - Authorized method invocation ReflectiveMethodInvocation: public org.springframework.http.ResponseEntity com.claimswift.reportingservice.controller.ReportingController.getPaymentReport(java.time.LocalDate,java.time.LocalDate); target is of class [com.claimswift.reportingservice.controller.ReportingController]
2026-03-08 03:15:48.546 [http-nio-8087-exec-7] [f4739218-f374-48ac-bfd0-a61954ddebde] DEBUG o.s.s.a.m.AuthorizationManagerBeforeMethodInterceptor - Authorizing method invocation ReflectiveMethodInvocation: public org.springframework.http.ResponseEntity com.claimswift.reportingservice.controller.ReportingController.getClaimSummaryReport(java.time.LocalDate,java.time.LocalDate); target is of class [com.claimswift.reportingservice.controller.ReportingController]
2026-03-08 03:15:48.547 [http-nio-8087-exec-9] [64876a3d-6432-4ea7-b4fa-694749d82bbb] INFO  c.c.r.controller.ReportingController - Generating payment report for period: null to null
2026-03-08 03:15:48.547 [http-nio-8087-exec-7] [f4739218-f374-48ac-bfd0-a61954ddebde] DEBUG o.s.s.a.h.RoleHierarchyImpl - getReachableGrantedAuthorities() - From the roles [ROLE_ADJUSTER] one can reach [ROLE_POLICYHOLDER, ROLE_ADJUSTER] in zero or more steps.
2026-03-08 03:15:48.548 [http-nio-8087-exec-9] [64876a3d-6432-4ea7-b4fa-694749d82bbb] DEBUG c.c.r.client.PaymentServiceClient - [PaymentServiceClient#getAllPayments] ---> GET http://payment-service/api/payments/internal/all HTTP/1.1
2026-03-08 03:15:48.548 [http-nio-8087-exec-7] [f4739218-f374-48ac-bfd0-a61954ddebde] DEBUG o.s.s.a.m.AuthorizationManagerBeforeMethodInterceptor - Authorized method invocation ReflectiveMethodInvocation: public org.springframework.http.ResponseEntity com.claimswift.reportingservice.controller.ReportingController.getClaimSummaryReport(java.time.LocalDate,java.time.LocalDate); target is of class [com.claimswift.reportingservice.controller.ReportingController]
2026-03-08 03:15:48.548 [http-nio-8087-exec-7] [f4739218-f374-48ac-bfd0-a61954ddebde] INFO  c.c.r.controller.ReportingController - Generating claim summary report for period: null to null
2026-03-08 03:15:48.549 [http-nio-8087-exec-7] [f4739218-f374-48ac-bfd0-a61954ddebde] DEBUG c.c.r.client.ClaimServiceClient - [ClaimServiceClient#getAllClaims] ---> GET http://claim-service/api/claims/internal/all HTTP/1.1
2026-03-08 03:15:48.556 [http-nio-8087-exec-7] [f4739218-f374-48ac-bfd0-a61954ddebde] DEBUG c.c.r.client.ClaimServiceClient - [ClaimServiceClient#getAllClaims] <--- HTTP/1.1 200 (8ms)
2026-03-08 03:15:48.567 [http-nio-8087-exec-9] [64876a3d-6432-4ea7-b4fa-694749d82bbb] DEBUG c.c.r.client.PaymentServiceClient - [PaymentServiceClient#getAllPayments] <--- HTTP/1.1 200 (19ms)
2026-03-08 03:18:45.544 [AsyncResolver-bootstrap-executor-0] [] INFO  c.n.d.s.r.aws.ConfigClusterResolver - Resolving eureka endpoints via configuration
2026-03-08 03:21:27.157 [http-nio-8087-exec-4] [bb9a77e5-84b9-45ed-83dd-b9d3e102c10f] DEBUG o.s.security.web.FilterChainProxy - Securing POST /api/reports/claim-event
2026-03-08 03:21:27.161 [http-nio-8087-exec-4] [bb9a77e5-84b9-45ed-83dd-b9d3e102c10f] DEBUG c.c.r.s.JwtAuthenticationFilter - Authenticated user: leo123 for URI: /api/reports/claim-event
2026-03-08 03:21:27.162 [http-nio-8087-exec-4] [bb9a77e5-84b9-45ed-83dd-b9d3e102c10f] DEBUG o.s.security.web.FilterChainProxy - Secured POST /api/reports/claim-event
2026-03-08 03:21:27.165 [http-nio-8087-exec-4] [bb9a77e5-84b9-45ed-83dd-b9d3e102c10f] DEBUG o.s.s.a.m.AuthorizationManagerBeforeMethodInterceptor - Authorizing method invocation ReflectiveMethodInvocation: public org.springframework.http.ResponseEntity com.claimswift.reportingservice.controller.ReportingController.reportClaimEvent(java.util.Map); target is of class [com.claimswift.reportingservice.controller.ReportingController]
2026-03-08 03:21:27.166 [http-nio-8087-exec-4] [bb9a77e5-84b9-45ed-83dd-b9d3e102c10f] DEBUG o.s.s.a.m.AuthorizationManagerBeforeMethodInterceptor - Authorized method invocation ReflectiveMethodInvocation: public org.springframework.http.ResponseEntity com.claimswift.reportingservice.controller.ReportingController.reportClaimEvent(java.util.Map); target is of class [com.claimswift.reportingservice.controller.ReportingController]
2026-03-08 03:21:27.186 [http-nio-8087-exec-4] [bb9a77e5-84b9-45ed-83dd-b9d3e102c10f] INFO  c.c.r.controller.ReportingController - Claim event received: {claimId=7, eventType=CLAIM_SUBMITTED, claimNumber=CLM-6D2F71F7, timestamp=2026-03-08T03:21:27.1514429}
2026-03-08 03:22:35.435 [http-nio-8087-exec-1] [fc00a120-dda6-4c27-8055-e78654de6e01] DEBUG o.s.security.web.FilterChainProxy - Securing POST /api/reports/status-change
2026-03-08 03:22:35.457 [http-nio-8087-exec-1] [fc00a120-dda6-4c27-8055-e78654de6e01] DEBUG c.c.r.s.JwtAuthenticationFilter - Authenticated user: vikas123 for URI: /api/reports/status-change
2026-03-08 03:22:35.459 [http-nio-8087-exec-1] [fc00a120-dda6-4c27-8055-e78654de6e01] DEBUG o.s.security.web.FilterChainProxy - Secured POST /api/reports/status-change
2026-03-08 03:22:35.461 [http-nio-8087-exec-1] [fc00a120-dda6-4c27-8055-e78654de6e01] DEBUG o.s.s.a.m.AuthorizationManagerBeforeMethodInterceptor - Authorizing method invocation ReflectiveMethodInvocation: public org.springframework.http.ResponseEntity com.claimswift.reportingservice.controller.ReportingController.reportStatusChange(java.util.Map); target is of class [com.claimswift.reportingservice.controller.ReportingController]
2026-03-08 03:22:35.462 [http-nio-8087-exec-1] [fc00a120-dda6-4c27-8055-e78654de6e01] DEBUG o.s.s.a.m.AuthorizationManagerBeforeMethodInterceptor - Authorized method invocation ReflectiveMethodInvocation: public org.springframework.http.ResponseEntity com.claimswift.reportingservice.controller.ReportingController.reportStatusChange(java.util.Map); target is of class [com.claimswift.reportingservice.controller.ReportingController]
2026-03-08 03:22:35.475 [http-nio-8087-exec-1] [fc00a120-dda6-4c27-8055-e78654de6e01] INFO  c.c.r.controller.ReportingController - Claim status change received: {newStatus=APPROVED, oldStatus=UNDER_REVIEW, claimId=7, claimNumber=CLM-6D2F71F7, timestamp=2026-03-08T03:22:35.4249474}
2026-03-08 03:23:45.551 [AsyncResolver-bootstrap-executor-0] [] INFO  c.n.d.s.r.aws.ConfigClusterResolver - Resolving eureka endpoints via configuration
2026-03-08 03:28:45.559 [AsyncResolver-bootstrap-executor-0] [] INFO  c.n.d.s.r.aws.ConfigClusterResolver - Resolving eureka endpoints via configuration
2026-03-08 03:29:26.494 [http-nio-8087-exec-2] [4b4ea435-d4ac-412c-a8ab-74a985919957] DEBUG o.s.security.web.FilterChainProxy - Securing POST /api/reports/status-change
2026-03-08 03:29:26.497 [http-nio-8087-exec-2] [4b4ea435-d4ac-412c-a8ab-74a985919957] DEBUG c.c.r.s.JwtAuthenticationFilter - Authenticated user: navya123 for URI: /api/reports/status-change
2026-03-08 03:29:26.499 [http-nio-8087-exec-2] [4b4ea435-d4ac-412c-a8ab-74a985919957] DEBUG o.s.security.web.FilterChainProxy - Secured POST /api/reports/status-change
2026-03-08 03:29:26.501 [http-nio-8087-exec-2] [4b4ea435-d4ac-412c-a8ab-74a985919957] DEBUG o.s.s.a.m.AuthorizationManagerBeforeMethodInterceptor - Authorizing method invocation ReflectiveMethodInvocation: public org.springframework.http.ResponseEntity com.claimswift.reportingservice.controller.ReportingController.reportStatusChange(java.util.Map); target is of class [com.claimswift.reportingservice.controller.ReportingController]
2026-03-08 03:29:26.502 [http-nio-8087-exec-2] [4b4ea435-d4ac-412c-a8ab-74a985919957] DEBUG o.s.s.a.m.AuthorizationManagerBeforeMethodInterceptor - Authorized method invocation ReflectiveMethodInvocation: public org.springframework.http.ResponseEntity com.claimswift.reportingservice.controller.ReportingController.reportStatusChange(java.util.Map); target is of class [com.claimswift.reportingservice.controller.ReportingController]
2026-03-08 03:29:26.509 [http-nio-8087-exec-2] [4b4ea435-d4ac-412c-a8ab-74a985919957] INFO  c.c.r.controller.ReportingController - Claim status change received: {newStatus=PAID, oldStatus=APPROVED, claimId=7, claimNumber=CLM-6D2F71F7, timestamp=2026-03-08T03:29:26.3948219}
2026-03-08 03:29:43.715 [http-nio-8087-exec-5] [5ec95f2f-d2a7-4c51-9b5e-74dbd9300879] DEBUG o.s.security.web.FilterChainProxy - Securing GET /api/reports/claims/summary
2026-03-08 03:29:43.715 [http-nio-8087-exec-7] [bbd2e76a-64d3-4e55-98e0-a275c671f263] DEBUG o.s.security.web.FilterChainProxy - Securing GET /api/reports/payments
2026-03-08 03:29:43.716 [http-nio-8087-exec-6] [6cea2b0e-f0fe-48d1-99e3-eda201b71a66] DEBUG o.s.security.web.FilterChainProxy - Securing GET /api/reports/adjusters/performance
2026-03-08 03:29:43.718 [http-nio-8087-exec-5] [5ec95f2f-d2a7-4c51-9b5e-74dbd9300879] DEBUG c.c.r.s.JwtAuthenticationFilter - Authenticated user: navya123 for URI: /api/reports/claims/summary
2026-03-08 03:29:43.719 [http-nio-8087-exec-7] [bbd2e76a-64d3-4e55-98e0-a275c671f263] DEBUG c.c.r.s.JwtAuthenticationFilter - Authenticated user: navya123 for URI: /api/reports/payments
2026-03-08 03:29:43.720 [http-nio-8087-exec-6] [6cea2b0e-f0fe-48d1-99e3-eda201b71a66] DEBUG c.c.r.s.JwtAuthenticationFilter - Authenticated user: navya123 for URI: /api/reports/adjusters/performance
2026-03-08 03:29:43.721 [http-nio-8087-exec-5] [5ec95f2f-d2a7-4c51-9b5e-74dbd9300879] DEBUG o.s.security.web.FilterChainProxy - Secured GET /api/reports/claims/summary
2026-03-08 03:29:43.722 [http-nio-8087-exec-6] [6cea2b0e-f0fe-48d1-99e3-eda201b71a66] DEBUG o.s.security.web.FilterChainProxy - Secured GET /api/reports/adjusters/performance
2026-03-08 03:29:43.722 [http-nio-8087-exec-7] [bbd2e76a-64d3-4e55-98e0-a275c671f263] DEBUG o.s.security.web.FilterChainProxy - Secured GET /api/reports/payments
2026-03-08 03:29:43.723 [http-nio-8087-exec-5] [5ec95f2f-d2a7-4c51-9b5e-74dbd9300879] DEBUG o.s.s.a.m.AuthorizationManagerBeforeMethodInterceptor - Authorizing method invocation ReflectiveMethodInvocation: public org.springframework.http.ResponseEntity com.claimswift.reportingservice.controller.ReportingController.getClaimSummaryReport(java.time.LocalDate,java.time.LocalDate); target is of class [com.claimswift.reportingservice.controller.ReportingController]
2026-03-08 03:29:43.723 [http-nio-8087-exec-7] [bbd2e76a-64d3-4e55-98e0-a275c671f263] DEBUG o.s.s.a.m.AuthorizationManagerBeforeMethodInterceptor - Authorizing method invocation ReflectiveMethodInvocation: public org.springframework.http.ResponseEntity com.claimswift.reportingservice.controller.ReportingController.getPaymentReport(java.time.LocalDate,java.time.LocalDate); target is of class [com.claimswift.reportingservice.controller.ReportingController]
2026-03-08 03:29:43.723 [http-nio-8087-exec-6] [6cea2b0e-f0fe-48d1-99e3-eda201b71a66] DEBUG o.s.s.a.m.AuthorizationManagerBeforeMethodInterceptor - Authorizing method invocation ReflectiveMethodInvocation: public org.springframework.http.ResponseEntity com.claimswift.reportingservice.controller.ReportingController.getAdjusterPerformanceReport(java.time.LocalDate,java.time.LocalDate); target is of class [com.claimswift.reportingservice.controller.ReportingController]
2026-03-08 03:29:43.723 [http-nio-8087-exec-5] [5ec95f2f-d2a7-4c51-9b5e-74dbd9300879] DEBUG o.s.s.a.h.RoleHierarchyImpl - getReachableGrantedAuthorities() - From the roles [ROLE_MANAGER] one can reach [ROLE_POLICYHOLDER, ROLE_MANAGER, ROLE_ADJUSTER] in zero or more steps.
2026-03-08 03:29:43.723 [http-nio-8087-exec-7] [bbd2e76a-64d3-4e55-98e0-a275c671f263] DEBUG o.s.s.a.h.RoleHierarchyImpl - getReachableGrantedAuthorities() - From the roles [ROLE_MANAGER] one can reach [ROLE_POLICYHOLDER, ROLE_MANAGER, ROLE_ADJUSTER] in zero or more steps.
2026-03-08 03:29:43.723 [http-nio-8087-exec-6] [6cea2b0e-f0fe-48d1-99e3-eda201b71a66] DEBUG o.s.s.a.h.RoleHierarchyImpl - getReachableGrantedAuthorities() - From the roles [ROLE_MANAGER] one can reach [ROLE_POLICYHOLDER, ROLE_MANAGER, ROLE_ADJUSTER] in zero or more steps.
2026-03-08 03:29:43.723 [http-nio-8087-exec-5] [5ec95f2f-d2a7-4c51-9b5e-74dbd9300879] DEBUG o.s.s.a.m.AuthorizationManagerBeforeMethodInterceptor - Authorized method invocation ReflectiveMethodInvocation: public org.springframework.http.ResponseEntity com.claimswift.reportingservice.controller.ReportingController.getClaimSummaryReport(java.time.LocalDate,java.time.LocalDate); target is of class [com.claimswift.reportingservice.controller.ReportingController]
2026-03-08 03:29:43.724 [http-nio-8087-exec-7] [bbd2e76a-64d3-4e55-98e0-a275c671f263] DEBUG o.s.s.a.m.AuthorizationManagerBeforeMethodInterceptor - Authorized method invocation ReflectiveMethodInvocation: public org.springframework.http.ResponseEntity com.claimswift.reportingservice.controller.ReportingController.getPaymentReport(java.time.LocalDate,java.time.LocalDate); target is of class [com.claimswift.reportingservice.controller.ReportingController]
2026-03-08 03:29:43.724 [http-nio-8087-exec-6] [6cea2b0e-f0fe-48d1-99e3-eda201b71a66] DEBUG o.s.s.a.m.AuthorizationManagerBeforeMethodInterceptor - Authorized method invocation ReflectiveMethodInvocation: public org.springframework.http.ResponseEntity com.claimswift.reportingservice.controller.ReportingController.getAdjusterPerformanceReport(java.time.LocalDate,java.time.LocalDate); target is of class [com.claimswift.reportingservice.controller.ReportingController]
2026-03-08 03:29:43.724 [http-nio-8087-exec-5] [5ec95f2f-d2a7-4c51-9b5e-74dbd9300879] INFO  c.c.r.controller.ReportingController - Generating claim summary report for period: null to null
2026-03-08 03:29:43.724 [http-nio-8087-exec-7] [bbd2e76a-64d3-4e55-98e0-a275c671f263] INFO  c.c.r.controller.ReportingController - Generating payment report for period: null to null
2026-03-08 03:29:43.724 [http-nio-8087-exec-6] [6cea2b0e-f0fe-48d1-99e3-eda201b71a66] INFO  c.c.r.controller.ReportingController - Generating adjuster performance report for period: null to null
2026-03-08 03:29:43.724 [http-nio-8087-exec-7] [bbd2e76a-64d3-4e55-98e0-a275c671f263] DEBUG c.c.r.client.PaymentServiceClient - [PaymentServiceClient#getAllPayments] ---> GET http://payment-service/api/payments/internal/all HTTP/1.1
2026-03-08 03:29:43.724 [http-nio-8087-exec-5] [5ec95f2f-d2a7-4c51-9b5e-74dbd9300879] DEBUG c.c.r.client.ClaimServiceClient - [ClaimServiceClient#getAllClaims] ---> GET http://claim-service/api/claims/internal/all HTTP/1.1
2026-03-08 03:29:43.725 [http-nio-8087-exec-6] [6cea2b0e-f0fe-48d1-99e3-eda201b71a66] DEBUG c.c.r.client.ClaimServiceClient - [ClaimServiceClient#getAllClaims] ---> GET http://claim-service/api/claims/internal/all HTTP/1.1
2026-03-08 03:29:43.740 [http-nio-8087-exec-5] [5ec95f2f-d2a7-4c51-9b5e-74dbd9300879] DEBUG c.c.r.client.ClaimServiceClient - [ClaimServiceClient#getAllClaims] <--- HTTP/1.1 200 (15ms)
2026-03-08 03:29:43.740 [http-nio-8087-exec-6] [6cea2b0e-f0fe-48d1-99e3-eda201b71a66] DEBUG c.c.r.client.ClaimServiceClient - [ClaimServiceClient#getAllClaims] <--- HTTP/1.1 200 (15ms)
2026-03-08 03:29:43.743 [http-nio-8087-exec-7] [bbd2e76a-64d3-4e55-98e0-a275c671f263] DEBUG c.c.r.client.PaymentServiceClient - [PaymentServiceClient#getAllPayments] <--- HTTP/1.1 200 (18ms)
2026-03-08 03:29:53.058 [http-nio-8087-exec-9] [daed2971-42f5-4e5c-93da-af5b3739161a] DEBUG o.s.security.web.FilterChainProxy - Securing GET /api/reports/claims/summary
2026-03-08 03:29:53.061 [http-nio-8087-exec-9] [daed2971-42f5-4e5c-93da-af5b3739161a] DEBUG c.c.r.s.JwtAuthenticationFilter - Authenticated user: vikas123 for URI: /api/reports/claims/summary
2026-03-08 03:29:53.064 [http-nio-8087-exec-9] [daed2971-42f5-4e5c-93da-af5b3739161a] DEBUG o.s.security.web.FilterChainProxy - Secured GET /api/reports/claims/summary
2026-03-08 03:29:53.065 [http-nio-8087-exec-9] [daed2971-42f5-4e5c-93da-af5b3739161a] DEBUG o.s.s.a.m.AuthorizationManagerBeforeMethodInterceptor - Authorizing method invocation ReflectiveMethodInvocation: public org.springframework.http.ResponseEntity com.claimswift.reportingservice.controller.ReportingController.getClaimSummaryReport(java.time.LocalDate,java.time.LocalDate); target is of class [com.claimswift.reportingservice.controller.ReportingController]
2026-03-08 03:29:53.065 [http-nio-8087-exec-9] [daed2971-42f5-4e5c-93da-af5b3739161a] DEBUG o.s.s.a.h.RoleHierarchyImpl - getReachableGrantedAuthorities() - From the roles [ROLE_ADJUSTER] one can reach [ROLE_POLICYHOLDER, ROLE_ADJUSTER] in zero or more steps.
2026-03-08 03:29:53.066 [http-nio-8087-exec-9] [daed2971-42f5-4e5c-93da-af5b3739161a] DEBUG o.s.s.a.m.AuthorizationManagerBeforeMethodInterceptor - Authorized method invocation ReflectiveMethodInvocation: public org.springframework.http.ResponseEntity com.claimswift.reportingservice.controller.ReportingController.getClaimSummaryReport(java.time.LocalDate,java.time.LocalDate); target is of class [com.claimswift.reportingservice.controller.ReportingController]
2026-03-08 03:29:53.066 [http-nio-8087-exec-9] [daed2971-42f5-4e5c-93da-af5b3739161a] INFO  c.c.r.controller.ReportingController - Generating claim summary report for period: null to null
2026-03-08 03:29:53.066 [http-nio-8087-exec-9] [daed2971-42f5-4e5c-93da-af5b3739161a] DEBUG c.c.r.client.ClaimServiceClient - [ClaimServiceClient#getAllClaims] ---> GET http://claim-service/api/claims/internal/all HTTP/1.1
2026-03-08 03:29:53.078 [http-nio-8087-exec-9] [daed2971-42f5-4e5c-93da-af5b3739161a] DEBUG c.c.r.client.ClaimServiceClient - [ClaimServiceClient#getAllClaims] <--- HTTP/1.1 200 (11ms)
2026-03-08 03:30:05.274 [http-nio-8087-exec-8] [3a6f7d3f-9292-4ed1-88d9-75bed450bbd8] DEBUG o.s.security.web.FilterChainProxy - Securing GET /api/reports/claims/summary
2026-03-08 03:30:05.276 [http-nio-8087-exec-8] [3a6f7d3f-9292-4ed1-88d9-75bed450bbd8] DEBUG c.c.r.s.JwtAuthenticationFilter - Authenticated user: vikas123 for URI: /api/reports/claims/summary
2026-03-08 03:30:05.278 [http-nio-8087-exec-8] [3a6f7d3f-9292-4ed1-88d9-75bed450bbd8] DEBUG o.s.security.web.FilterChainProxy - Secured GET /api/reports/claims/summary
2026-03-08 03:30:05.279 [http-nio-8087-exec-8] [3a6f7d3f-9292-4ed1-88d9-75bed450bbd8] DEBUG o.s.s.a.m.AuthorizationManagerBeforeMethodInterceptor - Authorizing method invocation ReflectiveMethodInvocation: public org.springframework.http.ResponseEntity com.claimswift.reportingservice.controller.ReportingController.getClaimSummaryReport(java.time.LocalDate,java.time.LocalDate); target is of class [com.claimswift.reportingservice.controller.ReportingController]
2026-03-08 03:30:05.280 [http-nio-8087-exec-8] [3a6f7d3f-9292-4ed1-88d9-75bed450bbd8] DEBUG o.s.s.a.h.RoleHierarchyImpl - getReachableGrantedAuthorities() - From the roles [ROLE_ADJUSTER] one can reach [ROLE_POLICYHOLDER, ROLE_ADJUSTER] in zero or more steps.
2026-03-08 03:30:05.280 [http-nio-8087-exec-8] [3a6f7d3f-9292-4ed1-88d9-75bed450bbd8] DEBUG o.s.s.a.m.AuthorizationManagerBeforeMethodInterceptor - Authorized method invocation ReflectiveMethodInvocation: public org.springframework.http.ResponseEntity com.claimswift.reportingservice.controller.ReportingController.getClaimSummaryReport(java.time.LocalDate,java.time.LocalDate); target is of class [com.claimswift.reportingservice.controller.ReportingController]
2026-03-08 03:30:05.281 [http-nio-8087-exec-8] [3a6f7d3f-9292-4ed1-88d9-75bed450bbd8] INFO  c.c.r.controller.ReportingController - Generating claim summary report for period: null to null
2026-03-08 03:30:05.281 [http-nio-8087-exec-8] [3a6f7d3f-9292-4ed1-88d9-75bed450bbd8] DEBUG c.c.r.client.ClaimServiceClient - [ClaimServiceClient#getAllClaims] ---> GET http://claim-service/api/claims/internal/all HTTP/1.1
2026-03-08 03:30:05.301 [http-nio-8087-exec-8] [3a6f7d3f-9292-4ed1-88d9-75bed450bbd8] DEBUG c.c.r.client.ClaimServiceClient - [ClaimServiceClient#getAllClaims] <--- HTTP/1.1 200 (18ms)
2026-03-08 03:33:45.567 [AsyncResolver-bootstrap-executor-0] [] INFO  c.n.d.s.r.aws.ConfigClusterResolver - Resolving eureka endpoints via configuration
2026-03-08 03:38:45.585 [AsyncResolver-bootstrap-executor-0] [] INFO  c.n.d.s.r.aws.ConfigClusterResolver - Resolving eureka endpoints via configuration
2026-03-08 03:43:45.592 [AsyncResolver-bootstrap-executor-0] [] INFO  c.n.d.s.r.aws.ConfigClusterResolver - Resolving eureka endpoints via configuration
2026-03-08 03:48:45.596 [AsyncResolver-bootstrap-executor-0] [] INFO  c.n.d.s.r.aws.ConfigClusterResolver - Resolving eureka endpoints via configuration
2026-03-08 03:53:45.600 [AsyncResolver-bootstrap-executor-0] [] INFO  c.n.d.s.r.aws.ConfigClusterResolver - Resolving eureka endpoints via configuration
2026-03-08 03:58:45.600 [AsyncResolver-bootstrap-executor-0] [] INFO  c.n.d.s.r.aws.ConfigClusterResolver - Resolving eureka endpoints via configuration
2026-03-08 04:03:45.602 [AsyncResolver-bootstrap-executor-0] [] INFO  c.n.d.s.r.aws.ConfigClusterResolver - Resolving eureka endpoints via configuration
2026-03-08 04:08:45.612 [AsyncResolver-bootstrap-executor-0] [] INFO  c.n.d.s.r.aws.ConfigClusterResolver - Resolving eureka endpoints via configuration
2026-03-08 04:13:45.628 [AsyncResolver-bootstrap-executor-0] [] INFO  c.n.d.s.r.aws.ConfigClusterResolver - Resolving eureka endpoints via configuration
2026-03-08 04:18:45.630 [AsyncResolver-bootstrap-executor-0] [] INFO  c.n.d.s.r.aws.ConfigClusterResolver - Resolving eureka endpoints via configuration
