2026-03-05T11:52:10.538+05:30 DEBUG 13544 --- [           main] o.s.boot.SpringApplication               : Loading source class org.springframework.cloud.bootstrap.BootstrapImportSelectorConfiguration
2026-03-05T11:52:11.677+05:30 DEBUG 13544 --- [           main] .s.b.a.l.ConditionEvaluationReportLogger : 


============================
CONDITIONS EVALUATION REPORT
============================


Positive matches:
-----------------

   ConfigServiceBootstrapConfiguration#configClientProperties matched:
      - @ConditionalOnMissingBean (types: org.springframework.cloud.config.client.ConfigClientProperties; SearchStrategy: all) did not find any beans (OnBeanCondition)

   ConfigServiceBootstrapConfiguration#configServicePropertySource matched:
      - @ConditionalOnProperty (spring.cloud.config.enabled) matched (OnPropertyCondition)
      - @ConditionalOnMissingBean (types: org.springframework.cloud.config.client.ConfigServicePropertySourceLocator; SearchStrategy: all) did not find any beans (OnBeanCondition)

   ConfigurationPropertiesRebinderAutoConfiguration matched:
      - @ConditionalOnBean (types: org.springframework.boot.context.properties.ConfigurationPropertiesBindingPostProcessor; SearchStrategy: all) found bean 'org.springframework.boot.context.properties.ConfigurationPropertiesBindingPostProcessor' (OnBeanCondition)

   ConfigurationPropertiesRebinderAutoConfiguration#configurationPropertiesBeans matched:
      - @ConditionalOnMissingBean (types: org.springframework.cloud.context.properties.ConfigurationPropertiesBeans; SearchStrategy: current) did not find any beans (OnBeanCondition)

   ConfigurationPropertiesRebinderAutoConfiguration#configurationPropertiesRebinder matched:
      - @ConditionalOnMissingBean (types: org.springframework.cloud.context.properties.ConfigurationPropertiesRebinder; SearchStrategy: current) did not find any beans (OnBeanCondition)

   EncryptionBootstrapConfiguration matched:
      - @ConditionalOnClass found required class 'org.springframework.security.crypto.encrypt.TextEncryptor' (OnClassCondition)

   EncryptionBootstrapConfiguration#keyProperties matched:
      - @ConditionalOnMissingBean (types: org.springframework.cloud.bootstrap.encrypt.KeyProperties; SearchStrategy: all) did not find any beans (OnBeanCondition)

   PropertyPlaceholderAutoConfiguration#propertySourcesPlaceholderConfigurer matched:
      - @ConditionalOnMissingBean (types: org.springframework.context.support.PropertySourcesPlaceholderConfigurer; SearchStrategy: current) did not find any beans (OnBeanCondition)


Negative matches:
-----------------

   ConfigServiceBootstrapConfiguration.RetryConfiguration:
      Did not match:
         - @ConditionalOnClass did not find required class 'org.springframework.retry.annotation.Retryable' (OnClassCondition)

   DiscoveryClientConfigServiceBootstrapConfiguration:
      Did not match:
         - @ConditionalOnProperty (spring.cloud.config.discovery.enabled) did not find property 'spring.cloud.config.discovery.enabled' (OnPropertyCondition)

   EncryptionBootstrapConfiguration.RsaEncryptionConfiguration:
      Did not match:
         - Keystore nor key found in Environment (EncryptionBootstrapConfiguration.KeyCondition)
      Matched:
         - @ConditionalOnClass found required class 'org.springframework.security.rsa.crypto.RsaSecretEncryptor' (OnClassCondition)

   EncryptionBootstrapConfiguration.VanillaEncryptionConfiguration:
      Did not match:
         - @ConditionalOnMissingClass found unwanted class 'org.springframework.security.rsa.crypto.RsaSecretEncryptor' (OnClassCondition)

   EurekaConfigServerBootstrapConfiguration:
      Did not match:
         - AllNestedConditions 1 matched 1 did not; NestedCondition on EurekaConfigServerBootstrapConfiguration.EurekaConfigServerBootstrapCondition.OnEurekaClient @ConditionalOnProperty (eureka.client.enabled) matched; NestedCondition on EurekaConfigServerBootstrapConfiguration.EurekaConfigServerBootstrapCondition.OnCloudConfigProperty @ConditionalOnProperty (spring.cloud.config.discovery.enabled) did not find property 'spring.cloud.config.discovery.enabled' (EurekaConfigServerBootstrapConfiguration.EurekaConfigServerBootstrapCondition)
      Matched:
         - @ConditionalOnClass found required class 'org.springframework.cloud.config.client.ConfigServicePropertySourceLocator' (OnClassCondition)

   EurekaConfigServerBootstrapConfiguration.WebClientConfiguration:
      Did not match:
         - @ConditionalOnClass did not find required class 'org.springframework.web.reactive.function.client.WebClient' (OnClassCondition)
         - Ancestor org.springframework.cloud.netflix.eureka.config.EurekaConfigServerBootstrapConfiguration did not match (ConditionEvaluationReport.AncestorsMatchedCondition)


Exclusions:
-----------

    None


Unconditional classes:
----------------------

    None



2026-03-05T11:52:11.776+05:30 DEBUG 13544 --- [           main] .s.b.w.s.c.ApplicationServletEnvironment : Activating profiles []

  .   ____          _            __ _ _
 /\\ / ___'_ __ _ _(_)_ __  __ _ \ \ \ \
( ( )\___ | '_ | '_| | '_ \/ _` | \ \ \ \
 \\/  ___)| |_)| | | | | || (_| |  ) ) ) )
  '  |____| .__|_| |_|_| |_\__, | / / / /
 =========|_|==============|___/=/_/_/_/
 :: Spring Boot ::                (v3.2.0)

2026-03-05 11:52:12.661 [claim-service] [main] [corr:na] INFO  o.s.c.c.c.ConfigServicePropertySourceLocator - Fetching config from server at : http://localhost:8888
2026-03-05 11:52:12.700 [claim-service] [main] [corr:na] WARN  o.s.c.c.c.ConfigServicePropertySourceLocator - Could not locate PropertySource: 401 : [no body]
2026-03-05 11:52:12.707 [claim-service] [main] [corr:na] INFO  c.c.c.ClaimServiceApplication - No active profile set, falling back to 1 default profile: "default"
2026-03-05 11:52:12.707 [claim-service] [main] [corr:na] DEBUG o.s.boot.SpringApplication - Loading source class com.claimswift.claimservice.ClaimServiceApplication,class org.springframework.cloud.bootstrap.BootstrapApplicationListener$BootstrapMarkerConfiguration
2026-03-05 11:52:12.734 [claim-service] [main] [corr:na] INFO  o.s.c.c.c.ConfigServerConfigDataLoader - Fetching config from server at : http://localhost:8888
2026-03-05 11:52:12.735 [claim-service] [main] [corr:na] INFO  o.s.c.c.c.ConfigServerConfigDataLoader - Located environment: name=claim-service, profiles=[default], label=null, version=null, state=null
2026-03-05 11:52:12.736 [claim-service] [main] [corr:na] DEBUG o.s.b.w.s.c.AnnotationConfigServletWebServerApplicationContext - Refreshing org.springframework.boot.web.servlet.context.AnnotationConfigServletWebServerApplicationContext@173373b4
2026-03-05 11:52:14.391 [claim-service] [main] [corr:na] INFO  o.s.d.r.c.RepositoryConfigurationDelegate - Bootstrapping Spring Data JPA repositories in DEFAULT mode.
2026-03-05 11:52:14.418 [claim-service] [main] [corr:na] DEBUG o.s.b.a.AutoConfigurationPackages - @EnableAutoConfiguration was declared on a class in the package 'com.claimswift.claimservice'. Automatic @Repository and @Entity scanning is enabled.
2026-03-05 11:52:14.627 [claim-service] [main] [corr:na] INFO  o.s.d.r.c.RepositoryConfigurationDelegate - Finished Spring Data repository scanning in 216 ms. Found 1 JPA repository interface.
2026-03-05 11:52:15.247 [claim-service] [main] [corr:na] INFO  o.s.cloud.context.scope.GenericScope - BeanFactory id=24335950-6752-3599-aba7-03b74758bd73
2026-03-05 11:52:15.967 [claim-service] [main] [corr:na] WARN  o.s.c.s.PostProcessorRegistrationDelegate$BeanPostProcessorChecker - Bean 'org.springframework.cloud.client.loadbalancer.LoadBalancerAutoConfiguration$LoadBalancerInterceptorConfig' of type [org.springframework.cloud.client.loadbalancer.LoadBalancerAutoConfiguration$LoadBalancerInterceptorConfig] is not eligible for getting processed by all BeanPostProcessors (for example: not eligible for auto-proxying). The currently created BeanPostProcessor [lbRestClientPostProcessor] is declared through a non-static factory method on that class; consider declaring it as static instead.
2026-03-05 11:52:15.978 [claim-service] [main] [corr:na] WARN  o.s.c.s.PostProcessorRegistrationDelegate$BeanPostProcessorChecker - Bean 'org.springframework.cloud.loadbalancer.config.BlockingLoadBalancerClientAutoConfiguration' of type [org.springframework.cloud.loadbalancer.config.BlockingLoadBalancerClientAutoConfiguration] is not eligible for getting processed by all BeanPostProcessors (for example: not eligible for auto-proxying). Is this bean getting eagerly injected into a currently created BeanPostProcessor [lbRestClientPostProcessor]? Check the corresponding BeanPostProcessor declaration and its dependencies.
2026-03-05 11:52:15.984 [claim-service] [main] [corr:na] WARN  o.s.c.s.PostProcessorRegistrationDelegate$BeanPostProcessorChecker - Bean 'org.springframework.cloud.loadbalancer.config.LoadBalancerAutoConfiguration' of type [org.springframework.cloud.loadbalancer.config.LoadBalancerAutoConfiguration] is not eligible for getting processed by all BeanPostProcessors (for example: not eligible for auto-proxying). Is this bean getting eagerly injected into a currently created BeanPostProcessor [lbRestClientPostProcessor]? Check the corresponding BeanPostProcessor declaration and its dependencies.
2026-03-05 11:52:15.999 [claim-service] [main] [corr:na] WARN  o.s.c.s.PostProcessorRegistrationDelegate$BeanPostProcessorChecker - Bean 'org.springframework.cloud.commons.config.CommonsConfigAutoConfiguration' of type [org.springframework.cloud.commons.config.CommonsConfigAutoConfiguration] is not eligible for getting processed by all BeanPostProcessors (for example: not eligible for auto-proxying). Is this bean getting eagerly injected into a currently created BeanPostProcessor [lbRestClientPostProcessor]? Check the corresponding BeanPostProcessor declaration and its dependencies.
2026-03-05 11:52:16.005 [claim-service] [main] [corr:na] WARN  o.s.c.s.PostProcessorRegistrationDelegate$BeanPostProcessorChecker - Bean 'org.springframework.cloud.client.loadbalancer.LoadBalancerDefaultMappingsProviderAutoConfiguration' of type [org.springframework.cloud.client.loadbalancer.LoadBalancerDefaultMappingsProviderAutoConfiguration] is not eligible for getting processed by all BeanPostProcessors (for example: not eligible for auto-proxying). Is this bean getting eagerly injected into a currently created BeanPostProcessor [lbRestClientPostProcessor]? Check the corresponding BeanPostProcessor declaration and its dependencies.
2026-03-05 11:52:16.008 [claim-service] [main] [corr:na] WARN  o.s.c.s.PostProcessorRegistrationDelegate$BeanPostProcessorChecker - Bean 'loadBalancerClientsDefaultsMappingsProvider' of type [org.springframework.cloud.client.loadbalancer.LoadBalancerDefaultMappingsProviderAutoConfiguration$$Lambda/0x00000254ad5564a0] is not eligible for getting processed by all BeanPostProcessors (for example: not eligible for auto-proxying). Is this bean getting eagerly injected into a currently created BeanPostProcessor [lbRestClientPostProcessor]? Check the corresponding BeanPostProcessor declaration and its dependencies.
2026-03-05 11:52:16.017 [claim-service] [main] [corr:na] WARN  o.s.c.s.PostProcessorRegistrationDelegate$BeanPostProcessorChecker - Bean 'defaultsBindHandlerAdvisor' of type [org.springframework.cloud.commons.config.DefaultsBindHandlerAdvisor] is not eligible for getting processed by all BeanPostProcessors (for example: not eligible for auto-proxying). Is this bean getting eagerly injected into a currently created BeanPostProcessor [lbRestClientPostProcessor]? Check the corresponding BeanPostProcessor declaration and its dependencies.
2026-03-05 11:52:16.028 [claim-service] [main] [corr:na] WARN  o.s.c.s.PostProcessorRegistrationDelegate$BeanPostProcessorChecker - Bean 'spring.cloud.loadbalancer-org.springframework.cloud.client.loadbalancer.LoadBalancerClientsProperties' of type [org.springframework.cloud.client.loadbalancer.LoadBalancerClientsProperties] is not eligible for getting processed by all BeanPostProcessors (for example: not eligible for auto-proxying). Is this bean getting eagerly injected into a currently created BeanPostProcessor [lbRestClientPostProcessor]? Check the corresponding BeanPostProcessor declaration and its dependencies.
2026-03-05 11:52:16.060 [claim-service] [main] [corr:na] WARN  o.s.c.s.PostProcessorRegistrationDelegate$BeanPostProcessorChecker - Bean 'default.org.springframework.cloud.loadbalancer.config.LoadBalancerAutoConfiguration.LoadBalancerClientSpecification' of type [org.springframework.cloud.loadbalancer.annotation.LoadBalancerClientSpecification] is not eligible for getting processed by all BeanPostProcessors (for example: not eligible for auto-proxying). Is this bean getting eagerly injected into a currently created BeanPostProcessor [lbRestClientPostProcessor]? Check the corresponding BeanPostProcessor declaration and its dependencies.
2026-03-05 11:52:16.066 [claim-service] [main] [corr:na] WARN  o.s.c.s.PostProcessorRegistrationDelegate$BeanPostProcessorChecker - Bean 'default.org.springframework.cloud.loadbalancer.config.BlockingLoadBalancerClientAutoConfiguration.LoadBalancerClientSpecification' of type [org.springframework.cloud.loadbalancer.annotation.LoadBalancerClientSpecification] is not eligible for getting processed by all BeanPostProcessors (for example: not eligible for auto-proxying). Is this bean getting eagerly injected into a currently created BeanPostProcessor [lbRestClientPostProcessor]? Check the corresponding BeanPostProcessor declaration and its dependencies.
2026-03-05 11:52:16.068 [claim-service] [main] [corr:na] WARN  o.s.c.s.PostProcessorRegistrationDelegate$BeanPostProcessorChecker - Bean 'default.org.springframework.cloud.netflix.eureka.loadbalancer.LoadBalancerEurekaAutoConfiguration.LoadBalancerClientSpecification' of type [org.springframework.cloud.loadbalancer.annotation.LoadBalancerClientSpecification] is not eligible for getting processed by all BeanPostProcessors (for example: not eligible for auto-proxying). Is this bean getting eagerly injected into a currently created BeanPostProcessor [lbRestClientPostProcessor]? Check the corresponding BeanPostProcessor declaration and its dependencies.
2026-03-05 11:52:16.071 [claim-service] [main] [corr:na] WARN  o.s.c.s.PostProcessorRegistrationDelegate$BeanPostProcessorChecker - Bean 'loadBalancerClientFactory' of type [org.springframework.cloud.loadbalancer.support.LoadBalancerClientFactory] is not eligible for getting processed by all BeanPostProcessors (for example: not eligible for auto-proxying). Is this bean getting eagerly injected into a currently created BeanPostProcessor [lbRestClientPostProcessor]? Check the corresponding BeanPostProcessor declaration and its dependencies.
2026-03-05 11:52:16.086 [claim-service] [main] [corr:na] WARN  o.s.c.s.PostProcessorRegistrationDelegate$BeanPostProcessorChecker - Bean 'blockingLoadBalancerClient' of type [org.springframework.cloud.loadbalancer.blocking.client.BlockingLoadBalancerClient] is not eligible for getting processed by all BeanPostProcessors (for example: not eligible for auto-proxying). Is this bean getting eagerly injected into a currently created BeanPostProcessor [lbRestClientPostProcessor]? Check the corresponding BeanPostProcessor declaration and its dependencies.
2026-03-05 11:52:16.103 [claim-service] [main] [corr:na] WARN  o.s.c.s.PostProcessorRegistrationDelegate$BeanPostProcessorChecker - Bean 'loadBalancerServiceInstanceCookieTransformer' of type [org.springframework.cloud.loadbalancer.core.LoadBalancerServiceInstanceCookieTransformer] is not eligible for getting processed by all BeanPostProcessors (for example: not eligible for auto-proxying). Is this bean getting eagerly injected into a currently created BeanPostProcessor [lbRestClientPostProcessor]? Check the corresponding BeanPostProcessor declaration and its dependencies.
2026-03-05 11:52:16.109 [claim-service] [main] [corr:na] WARN  o.s.c.s.PostProcessorRegistrationDelegate$BeanPostProcessorChecker - Bean 'xForwarderHeadersTransformer' of type [org.springframework.cloud.loadbalancer.blocking.XForwardedHeadersTransformer] is not eligible for getting processed by all BeanPostProcessors (for example: not eligible for auto-proxying). Is this bean getting eagerly injected into a currently created BeanPostProcessor [lbRestClientPostProcessor]? Check the corresponding BeanPostProcessor declaration and its dependencies.
2026-03-05 11:52:16.112 [claim-service] [main] [corr:na] WARN  o.s.c.s.PostProcessorRegistrationDelegate$BeanPostProcessorChecker - Bean 'org.springframework.cloud.client.loadbalancer.LoadBalancerAutoConfiguration' of type [org.springframework.cloud.client.loadbalancer.LoadBalancerAutoConfiguration] is not eligible for getting processed by all BeanPostProcessors (for example: not eligible for auto-proxying). Is this bean getting eagerly injected into a currently created BeanPostProcessor [lbRestClientPostProcessor]? Check the corresponding BeanPostProcessor declaration and its dependencies.
2026-03-05 11:52:16.117 [claim-service] [main] [corr:na] WARN  o.s.c.s.PostProcessorRegistrationDelegate$BeanPostProcessorChecker - Bean 'loadBalancerRequestFactory' of type [org.springframework.cloud.client.loadbalancer.LoadBalancerRequestFactory] is not eligible for getting processed by all BeanPostProcessors (for example: not eligible for auto-proxying). Is this bean getting eagerly injected into a currently created BeanPostProcessor [lbRestClientPostProcessor]? Check the corresponding BeanPostProcessor declaration and its dependencies.
2026-03-05 11:52:16.120 [claim-service] [main] [corr:na] WARN  o.s.c.s.PostProcessorRegistrationDelegate$BeanPostProcessorChecker - Bean 'loadBalancerInterceptor' of type [org.springframework.cloud.client.loadbalancer.LoadBalancerInterceptor] is not eligible for getting processed by all BeanPostProcessors (for example: not eligible for auto-proxying). Is this bean getting eagerly injected into a currently created BeanPostProcessor [lbRestClientPostProcessor]? Check the corresponding BeanPostProcessor declaration and its dependencies.
2026-03-05 11:52:16.757 [claim-service] [main] [corr:na] DEBUG o.s.b.w.e.t.TomcatServletWebServerFactory - Code archive: C:\Users\shashank.nath\Desktop\Claimswift\claim-service\target\claim-service-1.0.0.jar
2026-03-05 11:52:16.759 [claim-service] [main] [corr:na] DEBUG o.s.b.w.e.t.TomcatServletWebServerFactory - Code archive: C:\Users\shashank.nath\Desktop\Claimswift\claim-service\target\claim-service-1.0.0.jar
2026-03-05 11:52:16.761 [claim-service] [main] [corr:na] DEBUG o.s.b.w.e.t.TomcatServletWebServerFactory - None of the document roots [src/main/webapp, public, static] point to a directory and will be ignored.
2026-03-05 11:52:16.795 [claim-service] [main] [corr:na] INFO  o.s.b.w.e.tomcat.TomcatWebServer - Tomcat initialized with port 8082 (http)
2026-03-05 11:52:16.809 [claim-service] [main] [corr:na] INFO  o.a.catalina.core.StandardService - Starting service [Tomcat]
2026-03-05 11:52:16.810 [claim-service] [main] [corr:na] INFO  o.a.catalina.core.StandardEngine - Starting Servlet engine: [Apache Tomcat/10.1.16]
2026-03-05 11:52:16.925 [claim-service] [main] [corr:na] INFO  o.a.c.c.C.[Tomcat].[localhost].[/] - Initializing Spring embedded WebApplicationContext
2026-03-05 11:52:16.926 [claim-service] [main] [corr:na] DEBUG o.s.b.w.s.c.ServletWebServerApplicationContext - Published root WebApplicationContext as ServletContext attribute with name [org.springframework.web.context.WebApplicationContext.ROOT]
2026-03-05 11:52:16.928 [claim-service] [main] [corr:na] INFO  o.s.b.w.s.c.ServletWebServerApplicationContext - Root WebApplicationContext: initialization completed in 4192 ms
2026-03-05 11:52:17.463 [claim-service] [main] [corr:na] DEBUG o.s.b.w.s.ServletContextInitializerBeans - Mapping filters: webMvcObservationFilter urls=[/*] order=-2147483647, springSecurityFilterChain urls=[/*] order=-100, correlationIdFilter urls=[/*] order=-2147483648, characterEncodingFilter urls=[/*] order=-2147483648, formContentFilter urls=[/*] order=-9900, requestContextFilter urls=[/*] order=-105, jwtAuthenticationFilter urls=[/*] order=2147483647
2026-03-05 11:52:17.465 [claim-service] [main] [corr:na] DEBUG o.s.b.w.s.ServletContextInitializerBeans - Mapping servlets: dispatcherServlet urls=[/]
2026-03-05 11:52:17.515 [claim-service] [main] [corr:na] DEBUG o.s.b.w.s.f.OrderedRequestContextFilter - Filter 'requestContextFilter' configured for use
2026-03-05 11:52:17.519 [claim-service] [main] [corr:na] DEBUG c.c.c.s.JwtAuthenticationFilter - Filter 'jwtAuthenticationFilter' configured for use
2026-03-05 11:52:17.520 [claim-service] [main] [corr:na] DEBUG c.c.c.filter.CorrelationIdFilter - Filter 'correlationIdFilter' configured for use
2026-03-05 11:52:17.525 [claim-service] [main] [corr:na] DEBUG o.s.b.w.s.f.OrderedCharacterEncodingFilter - Filter 'characterEncodingFilter' configured for use
2026-03-05 11:52:17.526 [claim-service] [main] [corr:na] DEBUG o.s.b.w.s.DelegatingFilterProxyRegistrationBean$1 - Filter 'springSecurityFilterChain' configured for use
2026-03-05 11:52:17.527 [claim-service] [main] [corr:na] DEBUG o.s.b.w.s.f.OrderedFormContentFilter - Filter 'formContentFilter' configured for use
2026-03-05 11:52:17.799 [claim-service] [main] [corr:na] INFO  o.h.jpa.internal.util.LogHelper - HHH000204: Processing PersistenceUnitInfo [name: default]
2026-03-05 11:52:17.964 [claim-service] [main] [corr:na] INFO  org.hibernate.Version - HHH000412: Hibernate ORM core version 6.3.1.Final
2026-03-05 11:52:18.060 [claim-service] [main] [corr:na] INFO  o.h.c.i.RegionFactoryInitiator - HHH000026: Second-level cache disabled
2026-03-05 11:52:18.659 [claim-service] [main] [corr:na] INFO  o.s.o.j.p.SpringPersistenceUnitInfo - No LoadTimeWeaver setup: ignoring JPA class transformer
2026-03-05 11:52:18.714 [claim-service] [main] [corr:na] INFO  com.zaxxer.hikari.HikariDataSource - HikariPool-1 - Starting...
2026-03-05 11:52:19.111 [claim-service] [main] [corr:na] INFO  com.zaxxer.hikari.pool.HikariPool - HikariPool-1 - Added connection com.mysql.cj.jdbc.ConnectionImpl@7dbd70fd
2026-03-05 11:52:19.117 [claim-service] [main] [corr:na] INFO  com.zaxxer.hikari.HikariDataSource - HikariPool-1 - Start completed.
2026-03-05 11:52:19.190 [claim-service] [main] [corr:na] WARN  org.hibernate.orm.deprecation - HHH90000025: MySQLDialect does not need to be specified explicitly using 'hibernate.dialect' (remove the property setting and it will be selected by default)
2026-03-05 11:52:20.195 [claim-service] [main] [corr:na] INFO  o.h.e.t.j.p.i.JtaPlatformInitiator - HHH000489: No JTA platform available (set 'hibernate.transaction.jta.platform' to enable JTA platform integration)
2026-03-05 11:52:20.245 [claim-service] [main] [corr:na] INFO  o.s.o.j.LocalContainerEntityManagerFactoryBean - Initialized JPA EntityManagerFactory for persistence unit 'default'
2026-03-05 11:52:20.985 [claim-service] [main] [corr:na] INFO  o.s.d.j.r.query.QueryEnhancerFactory - Hibernate is in classpath; If applicable, HQL parser will be used.
2026-03-05 11:52:22.412 [claim-service] [main] [corr:na] WARN  o.s.b.a.o.j.JpaBaseConfiguration$JpaWebConfiguration - spring.jpa.open-in-view is enabled by default. Therefore, database queries may be performed during view rendering. Explicitly configure spring.jpa.open-in-view to disable this warning
2026-03-05 11:52:22.568 [claim-service] [main] [corr:na] INFO  o.s.c.o.FeignClientFactoryBean - For 'assessment-service' URL not provided. Will try picking an instance via load-balancing.
2026-03-05 11:52:22.686 [claim-service] [main] [corr:na] INFO  o.s.c.o.FeignClientFactoryBean - For 'reporting-service' URL not provided. Will try picking an instance via load-balancing.
2026-03-05 11:52:22.721 [claim-service] [main] [corr:na] INFO  o.s.c.o.FeignClientFactoryBean - For 'notification-service' URL not provided. Will try picking an instance via load-balancing.
2026-03-05 11:52:22.936 [claim-service] [main] [corr:na] WARN  o.s.b.a.s.s.UserDetailsServiceAutoConfiguration - 

Using generated security password: 2c778451-b6c9-40a3-8d54-f6c179795036

This generated password is for development use only. Your security configuration must be updated before running your application in production.

2026-03-05 11:52:24.200 [claim-service] [main] [corr:na] INFO  o.s.b.a.e.web.EndpointLinksResolver - Exposing 4 endpoint(s) beneath base path '/actuator'
2026-03-05 11:52:24.249 [claim-service] [main] [corr:na] INFO  o.s.s.web.DefaultSecurityFilterChain - Will secure any request with [org.springframework.security.web.session.DisableEncodeUrlFilter@50f572e8, org.springframework.security.web.context.request.async.WebAsyncManagerIntegrationFilter@41d101d4, org.springframework.security.web.context.SecurityContextHolderFilter@5de80d43, org.springframework.security.web.header.HeaderWriterFilter@72b7eb06, org.springframework.web.filter.CorsFilter@12cd1fe6, org.springframework.security.web.authentication.logout.LogoutFilter@3aa8ebf9, com.claimswift.claimservice.security.JwtAuthenticationFilter@2cacb445, org.springframework.security.web.savedrequest.RequestCacheAwareFilter@ac64dd0, org.springframework.security.web.servletapi.SecurityContextHolderAwareRequestFilter@73000a80, org.springframework.security.web.authentication.AnonymousAuthenticationFilter@5f86796e, org.springframework.security.web.session.SessionManagementFilter@55446d00, org.springframework.security.web.access.ExceptionTranslationFilter@5a14682d, org.springframework.security.web.access.intercept.AuthorizationFilter@68e1f0a1]
2026-03-05 11:52:25.068 [claim-service] [main] [corr:na] INFO  o.s.c.n.e.c.DiscoveryClientOptionalArgsConfiguration - Eureka HTTP Client uses RestTemplate.
2026-03-05 11:52:25.186 [claim-service] [main] [corr:na] WARN  o.s.c.l.c.LoadBalancerCacheAutoConfiguration$LoadBalancerCaffeineWarnLogger - Spring Cloud LoadBalancer is currently working with the default cache. While this cache implementation is useful for development and tests, it's recommended to use Caffeine cache in production.You can switch to using Caffeine cache, by adding it and org.springframework.cache.caffeine.CaffeineCacheManager to the classpath.
2026-03-05 11:52:25.340 [claim-service] [main] [corr:na] INFO  o.s.c.n.eureka.InstanceInfoFactory - Setting initial instance status as: STARTING
2026-03-05 11:52:25.500 [claim-service] [main] [corr:na] INFO  c.netflix.discovery.DiscoveryClient - Initializing Eureka in region us-east-1
2026-03-05 11:52:25.511 [claim-service] [main] [corr:na] INFO  c.n.d.s.r.aws.ConfigClusterResolver - Resolving eureka endpoints via configuration
2026-03-05 11:52:25.562 [claim-service] [main] [corr:na] INFO  c.netflix.discovery.DiscoveryClient - Disable delta property : false
2026-03-05 11:52:25.563 [claim-service] [main] [corr:na] INFO  c.netflix.discovery.DiscoveryClient - Single vip registry refresh property : null
2026-03-05 11:52:25.563 [claim-service] [main] [corr:na] INFO  c.netflix.discovery.DiscoveryClient - Force full registry fetch : false
2026-03-05 11:52:25.563 [claim-service] [main] [corr:na] INFO  c.netflix.discovery.DiscoveryClient - Application is null : false
2026-03-05 11:52:25.565 [claim-service] [main] [corr:na] INFO  c.netflix.discovery.DiscoveryClient - Registered Applications size is zero : true
2026-03-05 11:52:25.565 [claim-service] [main] [corr:na] INFO  c.netflix.discovery.DiscoveryClient - Application version is -1: true
2026-03-05 11:52:25.566 [claim-service] [main] [corr:na] INFO  c.netflix.discovery.DiscoveryClient - Getting all instance registry info from the eureka server
2026-03-05 11:52:26.050 [claim-service] [main] [corr:na] INFO  c.netflix.discovery.DiscoveryClient - The response status is 200
2026-03-05 11:52:26.055 [claim-service] [main] [corr:na] INFO  c.netflix.discovery.DiscoveryClient - Starting heartbeat executor: renew interval is: 30
2026-03-05 11:52:26.058 [claim-service] [main] [corr:na] INFO  c.n.discovery.InstanceInfoReplicator - InstanceInfoReplicator onDemand update allowed rate per min is 4
2026-03-05 11:52:26.065 [claim-service] [main] [corr:na] INFO  c.netflix.discovery.DiscoveryClient - Discovery Client initialized at timestamp 1772691746065 with initial instances count: 2
2026-03-05 11:52:26.074 [claim-service] [main] [corr:na] INFO  o.s.c.n.e.s.EurekaServiceRegistry - Registering application CLAIM-SERVICE with eureka with status UP
2026-03-05 11:52:26.075 [claim-service] [main] [corr:na] INFO  c.netflix.discovery.DiscoveryClient - Saw local status change event StatusChangeEvent [timestamp=1772691746075, current=UP, previous=STARTING]
2026-03-05 11:52:26.077 [claim-service] [main] [corr:na] WARN  c.n.discovery.InstanceInfoReplicator - Ignoring onDemand update due to rate limiter
2026-03-05 11:52:26.084 [claim-service] [DiscoveryClient-InstanceInfoReplicator-0] [corr:na] INFO  c.netflix.discovery.DiscoveryClient - DiscoveryClient_CLAIM-SERVICE/10.83.0.144:claim-service:8082: registering service...
2026-03-05 11:52:26.172 [claim-service] [main] [corr:na] INFO  o.s.b.w.e.tomcat.TomcatWebServer - Tomcat started on port 8082 (http) with context path ''
2026-03-05 11:52:26.174 [claim-service] [main] [corr:na] INFO  o.s.c.n.e.s.EurekaAutoServiceRegistration - Updating port to 8082
2026-03-05 11:52:26.200 [claim-service] [main] [corr:na] DEBUG o.s.b.a.l.ConditionEvaluationReportLogger - 


============================
CONDITIONS EVALUATION REPORT
============================


Positive matches:
-----------------

   AopAutoConfiguration matched:
      - @ConditionalOnProperty (spring.aop.auto=true) matched (OnPropertyCondition)

   AopAutoConfiguration.AspectJAutoProxyingConfiguration matched:
      - @ConditionalOnClass found required class 'org.aspectj.weaver.Advice' (OnClassCondition)

   AopAutoConfiguration.AspectJAutoProxyingConfiguration.CglibAutoProxyConfiguration matched:
      - @ConditionalOnProperty (spring.aop.proxy-target-class=true) matched (OnPropertyCondition)

   ApplicationAvailabilityAutoConfiguration#applicationAvailability matched:
      - @ConditionalOnMissingBean (types: org.springframework.boot.availability.ApplicationAvailability; SearchStrategy: all) did not find any beans (OnBeanCondition)

   AutoServiceRegistrationAutoConfiguration matched:
      - @ConditionalOnProperty (spring.cloud.service-registry.auto-registration.enabled) matched (OnPropertyCondition)

   AutoServiceRegistrationConfiguration matched:
      - @ConditionalOnProperty (spring.cloud.service-registry.auto-registration.enabled) matched (OnPropertyCondition)

   BlockingLoadBalancerClientAutoConfiguration matched:
      - @ConditionalOnProperty (spring.cloud.loadbalancer.enabled=true) matched (OnPropertyCondition)
      - AnyNestedCondition 2 matched 0 did not; NestedCondition on BlockingRestClassesPresentCondition.RestClientPresent @ConditionalOnClass found required class 'org.springframework.web.client.RestClient'; NestedCondition on BlockingRestClassesPresentCondition.RestTemplatePresent @ConditionalOnClass found required class 'org.springframework.web.client.RestTemplate' (BlockingRestClassesPresentCondition)

   BlockingLoadBalancerClientAutoConfiguration#blockingLoadBalancerClient matched:
      - @ConditionalOnBean (types: org.springframework.cloud.loadbalancer.support.LoadBalancerClientFactory; SearchStrategy: all) found bean 'loadBalancerClientFactory'; @ConditionalOnMissingBean (types: org.springframework.cloud.client.loadbalancer.LoadBalancerClient; SearchStrategy: all) did not find any beans (OnBeanCondition)

   BlockingLoadBalancerClientAutoConfiguration#loadBalancerServiceInstanceCookieTransformer matched:
      - @ConditionalOnBean (types: org.springframework.cloud.loadbalancer.support.LoadBalancerClientFactory; SearchStrategy: all) found bean 'loadBalancerClientFactory'; @ConditionalOnMissingBean (types: org.springframework.cloud.loadbalancer.core.LoadBalancerServiceInstanceCookieTransformer; SearchStrategy: all) did not find any beans (OnBeanCondition)

   BlockingLoadBalancerClientAutoConfiguration#xForwarderHeadersTransformer matched:
      - @ConditionalOnBean (types: org.springframework.cloud.loadbalancer.support.LoadBalancerClientFactory; SearchStrategy: all) found bean 'loadBalancerClientFactory'; @ConditionalOnMissingBean (types: org.springframework.cloud.loadbalancer.blocking.XForwardedHeadersTransformer; SearchStrategy: all) did not find any beans (OnBeanCondition)

   CacheMeterBinderProvidersConfiguration matched:
      - @ConditionalOnClass found required class 'io.micrometer.core.instrument.binder.MeterBinder' (OnClassCondition)

   CommonsClientAutoConfiguration.ActuatorConfiguration matched:
      - @ConditionalOnClass found required class 'org.springframework.boot.actuate.endpoint.annotation.Endpoint' (OnClassCondition)
      - @ConditionalOnProperty (spring.cloud.features.enabled) matched (OnPropertyCondition)

   CommonsClientAutoConfiguration.DiscoveryLoadBalancerConfiguration matched:
      - @ConditionalOnClass found required class 'org.springframework.boot.actuate.health.HealthIndicator' (OnClassCondition)
      - @ConditionalOnProperty (spring.cloud.discovery.enabled) matched; @ConditionalOnProperty (spring.cloud.discovery.blocking.enabled) matched (OnPropertyCondition)
      - @ConditionalOnBean (types: org.springframework.cloud.client.discovery.DiscoveryClient; SearchStrategy: all) found beans 'discoveryClient', 'simpleDiscoveryClient', 'compositeDiscoveryClient' (OnBeanCondition)

   CommonsClientAutoConfiguration.DiscoveryLoadBalancerConfiguration#discoveryClientHealthIndicator matched:
      - @ConditionalOnProperty (spring.cloud.discovery.client.health-indicator.enabled) matched (OnPropertyCondition)

   CommonsClientAutoConfiguration.DiscoveryLoadBalancerConfiguration#discoveryCompositeHealthContributor matched:
      - @ConditionalOnProperty (spring.cloud.discovery.client.composite-indicator.enabled) matched (OnPropertyCondition)
      - @ConditionalOnBean (types: org.springframework.cloud.client.discovery.health.DiscoveryHealthIndicator; SearchStrategy: all) found beans 'eurekaHealthIndicator', 'discoveryClientHealthIndicator' (OnBeanCondition)

   CompatibilityVerifierAutoConfiguration matched:
      - @ConditionalOnProperty (spring.cloud.compatibility-verifier.enabled) matched (OnPropertyCondition)

   CompositeMeterRegistryAutoConfiguration matched:
      - @ConditionalOnClass found required class 'io.micrometer.core.instrument.composite.CompositeMeterRegistry' (OnClassCondition)

   ConfigClientAutoConfiguration.ConfigServerHealthIndicatorConfiguration matched:
      - @ConditionalOnClass found required class 'org.springframework.boot.actuate.health.HealthIndicator' (OnClassCondition)
      - @ConditionalOnEnabledHealthIndicator management.health.defaults.enabled is considered true (OnEnabledHealthIndicatorCondition)

   ConfigurationPropertiesRebinderAutoConfiguration matched:
      - @ConditionalOnBean (types: org.springframework.boot.context.properties.ConfigurationPropertiesBindingPostProcessor; SearchStrategy: all) found bean 'org.springframework.boot.context.properties.ConfigurationPropertiesBindingPostProcessor' (OnBeanCondition)

   ConfigurationPropertiesRebinderAutoConfiguration#configurationPropertiesBeans matched:
      - @ConditionalOnMissingBean (types: org.springframework.cloud.context.properties.ConfigurationPropertiesBeans; SearchStrategy: current) did not find any beans (OnBeanCondition)

   ConfigurationPropertiesRebinderAutoConfiguration#configurationPropertiesRebinder matched:
      - @ConditionalOnMissingBean (types: org.springframework.cloud.context.properties.ConfigurationPropertiesRebinder; SearchStrategy: current) did not find any beans (OnBeanCondition)

   DataSourceAutoConfiguration matched:
      - @ConditionalOnClass found required classes 'javax.sql.DataSource', 'org.springframework.jdbc.datasource.embedded.EmbeddedDatabaseType' (OnClassCondition)
      - @ConditionalOnMissingBean (types: io.r2dbc.spi.ConnectionFactory; SearchStrategy: all) did not find any beans (OnBeanCondition)

   DataSourceAutoConfiguration.PooledDataSourceConfiguration matched:
      - AnyNestedCondition 1 matched 1 did not; NestedCondition on DataSourceAutoConfiguration.PooledDataSourceCondition.PooledDataSourceAvailable PooledDataSource found supported DataSource; NestedCondition on DataSourceAutoConfiguration.PooledDataSourceCondition.ExplicitType @ConditionalOnProperty (spring.datasource.type) did not find property 'type' (DataSourceAutoConfiguration.PooledDataSourceCondition)
      - @ConditionalOnMissingBean (types: javax.sql.DataSource,javax.sql.XADataSource; SearchStrategy: all) did not find any beans (OnBeanCondition)

   DataSourceAutoConfiguration.PooledDataSourceConfiguration#jdbcConnectionDetails matched:
      - @ConditionalOnMissingBean (types: org.springframework.boot.autoconfigure.jdbc.JdbcConnectionDetails; SearchStrategy: all) did not find any beans (OnBeanCondition)

   DataSourceConfiguration.Hikari matched:
      - @ConditionalOnClass found required class 'com.zaxxer.hikari.HikariDataSource' (OnClassCondition)
      - @ConditionalOnProperty (spring.datasource.type=com.zaxxer.hikari.HikariDataSource) matched (OnPropertyCondition)
      - @ConditionalOnMissingBean (types: javax.sql.DataSource; SearchStrategy: all) did not find any beans (OnBeanCondition)

   DataSourceHealthContributorAutoConfiguration matched:
      - @ConditionalOnClass found required classes 'org.springframework.jdbc.core.JdbcTemplate', 'org.springframework.jdbc.datasource.lookup.AbstractRoutingDataSource' (OnClassCondition)
      - @ConditionalOnEnabledHealthIndicator management.health.defaults.enabled is considered true (OnEnabledHealthIndicatorCondition)
      - @ConditionalOnBean (types: javax.sql.DataSource; SearchStrategy: all) found bean 'dataSource' (OnBeanCondition)

   DataSourceHealthContributorAutoConfiguration#dbHealthContributor matched:
      - @ConditionalOnMissingBean (names: dbHealthIndicator,dbHealthContributor; SearchStrategy: all) did not find any beans (OnBeanCondition)

   DataSourceInitializationConfiguration matched:
      - @ConditionalOnClass found required class 'org.springframework.jdbc.datasource.init.DatabasePopulator' (OnClassCondition)
      - @ConditionalOnSingleCandidate (types: javax.sql.DataSource; SearchStrategy: all) found a single bean 'dataSource'; @ConditionalOnMissingBean (types: org.springframework.boot.autoconfigure.sql.init.SqlDataSourceScriptDatabaseInitializer,org.springframework.boot.autoconfigure.sql.init.SqlR2dbcScriptDatabaseInitializer; SearchStrategy: all) did not find any beans (OnBeanCondition)

   DataSourceJmxConfiguration matched:
      - @ConditionalOnProperty (spring.jmx.enabled=true) matched (OnPropertyCondition)

   DataSourceJmxConfiguration.Hikari matched:
      - @ConditionalOnClass found required class 'com.zaxxer.hikari.HikariDataSource' (OnClassCondition)
      - @ConditionalOnSingleCandidate (types: javax.sql.DataSource; SearchStrategy: all) found a single bean 'dataSource' (OnBeanCondition)

   DataSourcePoolMetadataProvidersConfiguration.HikariPoolDataSourceMetadataProviderConfiguration matched:
      - @ConditionalOnClass found required class 'com.zaxxer.hikari.HikariDataSource' (OnClassCondition)

   DataSourcePoolMetricsAutoConfiguration matched:
      - @ConditionalOnClass found required classes 'javax.sql.DataSource', 'io.micrometer.core.instrument.MeterRegistry' (OnClassCondition)
      - @ConditionalOnBean (types: javax.sql.DataSource,io.micrometer.core.instrument.MeterRegistry; SearchStrategy: all) found beans 'prometheusMeterRegistry', 'dataSource' (OnBeanCondition)

   DataSourcePoolMetricsAutoConfiguration.DataSourcePoolMetadataMetricsConfiguration matched:
      - @ConditionalOnBean (types: org.springframework.boot.jdbc.metadata.DataSourcePoolMetadataProvider; SearchStrategy: all) found bean 'hikariPoolDataSourceMetadataProvider' (OnBeanCondition)

   DataSourcePoolMetricsAutoConfiguration.HikariDataSourceMetricsConfiguration matched:
      - @ConditionalOnClass found required class 'com.zaxxer.hikari.HikariDataSource' (OnClassCondition)

   DataSourceTransactionManagerAutoConfiguration matched:
      - @ConditionalOnClass found required classes 'org.springframework.jdbc.core.JdbcTemplate', 'org.springframework.transaction.TransactionManager' (OnClassCondition)

   DataSourceTransactionManagerAutoConfiguration.JdbcTransactionManagerConfiguration matched:
      - @ConditionalOnSingleCandidate (types: javax.sql.DataSource; SearchStrategy: all) found a single bean 'dataSource' (OnBeanCondition)

   DefaultFeignLoadBalancerConfiguration#feignClient matched:
      - AnyNestedCondition 2 matched 1 did not; NestedCondition on OnRetryNotEnabledCondition.OnLoadBalancerRetryEnabledCondition @ConditionalOnProperty (spring.cloud.loadbalancer.retry.enabled=false) did not find property 'spring.cloud.loadbalancer.retry.enabled'; NestedCondition on OnRetryNotEnabledCondition.OnRetryFactoryCondition @ConditionalOnMissingBean (types: org.springframework.cloud.client.loadbalancer.LoadBalancedRetryFactory; SearchStrategy: all) did not find any beans; NestedCondition on OnRetryNotEnabledCondition.OnNoRetryTemplateCondition @ConditionalOnMissingClass did not find unwanted class 'org.springframework.retry.support.RetryTemplate' (OnRetryNotEnabledCondition)
      - @ConditionalOnMissingBean (types: feign.Client; SearchStrategy: all) did not find any beans (OnBeanCondition)

   DiscoveryClientOptionalArgsConfiguration#defaultEurekaClientHttpRequestFactorySupplier matched:
      - @ConditionalOnClass found required class 'org.springframework.web.client.RestTemplate' (OnClassCondition)
      - @ConditionalOnMissingBean (types: org.springframework.cloud.netflix.eureka.http.EurekaClientHttpRequestFactorySupplier; SearchStrategy: all) did not find any beans (OnBeanCondition)

   DiscoveryClientOptionalArgsConfiguration#restTemplateDiscoveryClientOptionalArgs matched:
      - @ConditionalOnClass found required class 'org.springframework.web.client.RestTemplate'; @ConditionalOnMissingClass did not find unwanted class 'org.glassfish.jersey.client.JerseyClient' (OnClassCondition)
      - @ConditionalOnProperty (eureka.client.webclient.enabled=false) matched (OnPropertyCondition)
      - @ConditionalOnMissingBean (types: com.netflix.discovery.AbstractDiscoveryClientOptionalArgs; SearchStrategy: current) did not find any beans (OnBeanCondition)

   DiscoveryClientOptionalArgsConfiguration#restTemplateTransportClientFactories matched:
      - @ConditionalOnClass found required class 'org.springframework.web.client.RestTemplate'; @ConditionalOnMissingClass did not find unwanted class 'org.glassfish.jersey.client.JerseyClient' (OnClassCondition)
      - @ConditionalOnProperty (eureka.client.webclient.enabled=false) matched (OnPropertyCondition)
      - @ConditionalOnMissingBean (types: com.netflix.discovery.shared.transport.jersey.TransportClientFactories; SearchStrategy: current) did not find any beans (OnBeanCondition)

   DiskSpaceHealthContributorAutoConfiguration matched:
      - @ConditionalOnEnabledHealthIndicator management.health.defaults.enabled is considered true (OnEnabledHealthIndicatorCondition)

   DiskSpaceHealthContributorAutoConfiguration#diskSpaceHealthIndicator matched:
      - @ConditionalOnMissingBean (names: diskSpaceHealthIndicator; SearchStrategy: all) did not find any beans (OnBeanCondition)

   DispatcherServletAutoConfiguration matched:
      - @ConditionalOnClass found required class 'org.springframework.web.servlet.DispatcherServlet' (OnClassCondition)
      - found 'session' scope (OnWebApplicationCondition)

   DispatcherServletAutoConfiguration.DispatcherServletConfiguration matched:
      - @ConditionalOnClass found required class 'jakarta.servlet.ServletRegistration' (OnClassCondition)
      - Default DispatcherServlet did not find dispatcher servlet beans (DispatcherServletAutoConfiguration.DefaultDispatcherServletCondition)

   DispatcherServletAutoConfiguration.DispatcherServletRegistrationConfiguration matched:
      - @ConditionalOnClass found required class 'jakarta.servlet.ServletRegistration' (OnClassCondition)
      - DispatcherServlet Registration did not find servlet registration bean (DispatcherServletAutoConfiguration.DispatcherServletRegistrationCondition)

   DispatcherServletAutoConfiguration.DispatcherServletRegistrationConfiguration#dispatcherServletRegistration matched:
      - @ConditionalOnBean (names: dispatcherServlet types: org.springframework.web.servlet.DispatcherServlet; SearchStrategy: all) found bean 'dispatcherServlet' (OnBeanCondition)

   EmbeddedWebServerFactoryCustomizerAutoConfiguration matched:
      - @ConditionalOnWebApplication (required) found 'session' scope (OnWebApplicationCondition)
      - @ConditionalOnWarDeployment the application is not deployed as a WAR file. (OnWarDeploymentCondition)

   EmbeddedWebServerFactoryCustomizerAutoConfiguration.TomcatWebServerFactoryCustomizerConfiguration matched:
      - @ConditionalOnClass found required classes 'org.apache.catalina.startup.Tomcat', 'org.apache.coyote.UpgradeProtocol' (OnClassCondition)

   EndpointAutoConfiguration#endpointCachingOperationInvokerAdvisor matched:
      - @ConditionalOnMissingBean (types: org.springframework.boot.actuate.endpoint.invoker.cache.CachingOperationInvokerAdvisor; SearchStrategy: all) did not find any beans (OnBeanCondition)

   EndpointAutoConfiguration#endpointOperationParameterMapper matched:
      - @ConditionalOnMissingBean (types: org.springframework.boot.actuate.endpoint.invoke.ParameterValueMapper; SearchStrategy: all) did not find any beans (OnBeanCondition)

   ErrorMvcAutoConfiguration matched:
      - @ConditionalOnClass found required classes 'jakarta.servlet.Servlet', 'org.springframework.web.servlet.DispatcherServlet' (OnClassCondition)
      - found 'session' scope (OnWebApplicationCondition)

   ErrorMvcAutoConfiguration#basicErrorController matched:
      - @ConditionalOnMissingBean (types: org.springframework.boot.web.servlet.error.ErrorController; SearchStrategy: current) did not find any beans (OnBeanCondition)

   ErrorMvcAutoConfiguration#errorAttributes matched:
      - @ConditionalOnMissingBean (types: org.springframework.boot.web.servlet.error.ErrorAttributes; SearchStrategy: current) did not find any beans (OnBeanCondition)

   ErrorMvcAutoConfiguration.DefaultErrorViewResolverConfiguration#conventionErrorViewResolver matched:
      - @ConditionalOnBean (types: org.springframework.web.servlet.DispatcherServlet; SearchStrategy: all) found bean 'dispatcherServlet'; @ConditionalOnMissingBean (types: org.springframework.boot.autoconfigure.web.servlet.error.ErrorViewResolver; SearchStrategy: all) did not find any beans (OnBeanCondition)

   EurekaClientAutoConfiguration matched:
      - @ConditionalOnClass found required class 'com.netflix.discovery.EurekaClientConfig' (OnClassCondition)
      - @ConditionalOnProperty (eureka.client.enabled) matched; @ConditionalOnProperty (spring.cloud.discovery.enabled) matched (OnPropertyCondition)

   EurekaClientAutoConfiguration#eurekaAutoServiceRegistration matched:
      - @ConditionalOnProperty (spring.cloud.service-registry.auto-registration.enabled) matched (OnPropertyCondition)
      - @ConditionalOnBean (types: org.springframework.cloud.client.serviceregistry.AutoServiceRegistrationProperties; SearchStrategy: all) found bean 'spring.cloud.service-registry.auto-registration-org.springframework.cloud.client.serviceregistry.AutoServiceRegistrationProperties' (OnBeanCondition)

   EurekaClientAutoConfiguration#eurekaClientConfigBean matched:
      - @ConditionalOnMissingBean (types: com.netflix.discovery.EurekaClientConfig; SearchStrategy: current) did not find any beans (OnBeanCondition)

   EurekaClientAutoConfiguration#eurekaInstanceConfigBean matched:
      - @ConditionalOnMissingBean (types: com.netflix.appinfo.EurekaInstanceConfig; SearchStrategy: current) did not find any beans (OnBeanCondition)

   EurekaClientAutoConfiguration#serviceManagementMetadataProvider matched:
      - @ConditionalOnMissingBean (types: org.springframework.cloud.netflix.eureka.metadata.ManagementMetadataProvider; SearchStrategy: all) did not find any beans (OnBeanCondition)

   EurekaClientAutoConfiguration.EurekaHealthIndicatorConfiguration matched:
      - @ConditionalOnClass found required class 'org.springframework.boot.actuate.health.Health' (OnClassCondition)

   EurekaClientAutoConfiguration.EurekaHealthIndicatorConfiguration#eurekaHealthIndicator matched:
      - @ConditionalOnMissingBean (types: org.springframework.cloud.netflix.eureka.EurekaHealthIndicator; SearchStrategy: all) did not find any beans (OnBeanCondition)
      - @ConditionalOnEnabledHealthIndicator management.health.defaults.enabled is considered true (OnEnabledHealthIndicatorCondition)

   EurekaClientAutoConfiguration.RefreshableEurekaClientConfiguration matched:
      - @ConditionalOnClass found required class 'org.springframework.cloud.context.scope.refresh.RefreshScope' (OnClassCondition)
      - @ConditionalOnProperty (eureka.client.refresh.enable=true) matched (OnPropertyCondition)
      - @ConditionalOnBean (types: org.springframework.cloud.autoconfigure.RefreshAutoConfiguration; SearchStrategy: all) found bean 'org.springframework.cloud.autoconfigure.RefreshAutoConfiguration' (OnBeanCondition)

   EurekaClientAutoConfiguration.RefreshableEurekaClientConfiguration#eurekaApplicationInfoManager matched:
      - @ConditionalOnMissingBean (types: com.netflix.appinfo.ApplicationInfoManager; SearchStrategy: current) did not find any beans (OnBeanCondition)

   EurekaClientAutoConfiguration.RefreshableEurekaClientConfiguration#eurekaClient matched:
      - @ConditionalOnMissingBean (types: com.netflix.discovery.EurekaClient; SearchStrategy: current) did not find any beans (OnBeanCondition)

   EurekaClientAutoConfiguration.RefreshableEurekaClientConfiguration#eurekaRegistration matched:
      - @ConditionalOnProperty (spring.cloud.service-registry.auto-registration.enabled) matched (OnPropertyCondition)
      - @ConditionalOnBean (types: org.springframework.cloud.client.serviceregistry.AutoServiceRegistrationProperties; SearchStrategy: all) found bean 'spring.cloud.service-registry.auto-registration-org.springframework.cloud.client.serviceregistry.AutoServiceRegistrationProperties' (OnBeanCondition)

   EurekaDiscoveryClientConfiguration matched:
      - @ConditionalOnClass found required class 'com.netflix.discovery.EurekaClientConfig' (OnClassCondition)
      - @ConditionalOnProperty (eureka.client.enabled) matched; @ConditionalOnProperty (spring.cloud.discovery.enabled) matched; @ConditionalOnProperty (spring.cloud.discovery.blocking.enabled) matched (OnPropertyCondition)

   EurekaDiscoveryClientConfiguration#discoveryClient matched:
      - @ConditionalOnMissingBean (types: org.springframework.cloud.netflix.eureka.EurekaDiscoveryClient; SearchStrategy: all) did not find any beans (OnBeanCondition)

   EurekaDiscoveryClientConfiguration.EurekaClientConfigurationRefresher matched:
      - @ConditionalOnClass found required class 'org.springframework.cloud.context.scope.refresh.RefreshScopeRefreshedEvent' (OnClassCondition)

   EurekaDiscoveryClientConfiguration.EurekaHealthCheckHandlerConfiguration matched:
      - @ConditionalOnProperty (eureka.client.healthcheck.enabled) matched (OnPropertyCondition)

   EurekaDiscoveryClientConfiguration.EurekaHealthCheckHandlerConfiguration#eurekaHealthCheckHandler matched:
      - @ConditionalOnMissingBean (types: com.netflix.appinfo.HealthCheckHandler; SearchStrategy: all) did not find any beans (OnBeanCondition)

   FeignAutoConfiguration matched:
      - @ConditionalOnClass found required class 'feign.Feign' (OnClassCondition)

   FeignAutoConfiguration.DefaultFeignTargeterConfiguration matched:
      - AnyNestedCondition 1 matched 1 did not; NestedCondition on FeignCircuitBreakerDisabledConditions.CircuitBreakerDisabled @ConditionalOnProperty (spring.cloud.openfeign.circuitbreaker.enabled=false) matched; NestedCondition on FeignCircuitBreakerDisabledConditions.CircuitBreakerClassMissing @ConditionalOnMissingClass found unwanted class 'org.springframework.cloud.client.circuitbreaker.CircuitBreaker' (FeignCircuitBreakerDisabledConditions)

   FeignAutoConfiguration.DefaultFeignTargeterConfiguration#feignTargeter matched:
      - @ConditionalOnMissingBean (types: org.springframework.cloud.openfeign.Targeter; SearchStrategy: all) did not find any beans (OnBeanCondition)

   FeignAutoConfiguration.FeignJacksonConfiguration matched:
      - @ConditionalOnClass found required classes 'com.fasterxml.jackson.databind.Module', 'org.springframework.data.domain.Page', 'org.springframework.data.domain.Sort' (OnClassCondition)
      - @ConditionalOnProperty (spring.cloud.openfeign.autoconfiguration.jackson.enabled=true) matched (OnPropertyCondition)

   FeignAutoConfiguration.FeignJacksonConfiguration#pageJacksonModule matched:
      - @ConditionalOnMissingBean (types: org.springframework.cloud.openfeign.support.PageJacksonModule; SearchStrategy: all) did not find any beans (OnBeanCondition)

   FeignAutoConfiguration.FeignJacksonConfiguration#sortModule matched:
      - @ConditionalOnMissingBean (types: org.springframework.cloud.openfeign.support.SortJacksonModule; SearchStrategy: all) did not find any beans (OnBeanCondition)

   FeignLoadBalancerAutoConfiguration matched:
      - @ConditionalOnClass found required class 'feign.Feign' (OnClassCondition)
      - @ConditionalOnBean (types: org.springframework.cloud.client.loadbalancer.LoadBalancerClient,org.springframework.cloud.loadbalancer.support.LoadBalancerClientFactory; SearchStrategy: all) found beans 'blockingLoadBalancerClient', 'loadBalancerClientFactory' (OnBeanCondition)

   FeignLoadBalancerAutoConfiguration#xForwarderHeadersFeignTransformer matched:
      - @ConditionalOnBean (types: org.springframework.cloud.loadbalancer.support.LoadBalancerClientFactory; SearchStrategy: all) found bean 'loadBalancerClientFactory'; @ConditionalOnMissingBean (types: org.springframework.cloud.openfeign.loadbalancer.XForwardedHeadersTransformer; SearchStrategy: all) did not find any beans (OnBeanCondition)

   GenericCacheConfiguration matched:
      - Cache org.springframework.boot.autoconfigure.cache.GenericCacheConfiguration automatic cache type (CacheCondition)

   GsonAutoConfiguration matched:
      - @ConditionalOnClass found required class 'com.google.gson.Gson' (OnClassCondition)

   GsonAutoConfiguration#gson matched:
      - @ConditionalOnMissingBean (types: com.google.gson.Gson; SearchStrategy: all) did not find any beans (OnBeanCondition)

   GsonAutoConfiguration#gsonBuilder matched:
      - @ConditionalOnMissingBean (types: com.google.gson.GsonBuilder; SearchStrategy: all) did not find any beans (OnBeanCondition)

   GsonHttpMessageConvertersConfiguration matched:
      - @ConditionalOnClass found required class 'com.google.gson.Gson' (OnClassCondition)

   HealthContributorAutoConfiguration#pingHealthContributor matched:
      - @ConditionalOnEnabledHealthIndicator management.health.defaults.enabled is considered true (OnEnabledHealthIndicatorCondition)

   HealthEndpointAutoConfiguration matched:
      - @ConditionalOnAvailableEndpoint marked as exposed by a 'management.endpoints.web.exposure' property (OnAvailableEndpointCondition)

   HealthEndpointConfiguration#healthContributorRegistry matched:
      - @ConditionalOnMissingBean (types: org.springframework.boot.actuate.health.HealthContributorRegistry; SearchStrategy: all) did not find any beans (OnBeanCondition)

   HealthEndpointConfiguration#healthEndpoint matched:
      - @ConditionalOnMissingBean (types: org.springframework.boot.actuate.health.HealthEndpoint; SearchStrategy: all) did not find any beans (OnBeanCondition)

   HealthEndpointConfiguration#healthEndpointGroupMembershipValidator matched:
      - @ConditionalOnProperty (management.endpoint.health.validate-group-membership=true) matched (OnPropertyCondition)

   HealthEndpointConfiguration#healthEndpointGroups matched:
      - @ConditionalOnMissingBean (types: org.springframework.boot.actuate.health.HealthEndpointGroups; SearchStrategy: all) did not find any beans (OnBeanCondition)

   HealthEndpointConfiguration#healthHttpCodeStatusMapper matched:
      - @ConditionalOnMissingBean (types: org.springframework.boot.actuate.health.HttpCodeStatusMapper; SearchStrategy: all) did not find any beans (OnBeanCondition)

   HealthEndpointConfiguration#healthStatusAggregator matched:
      - @ConditionalOnMissingBean (types: org.springframework.boot.actuate.health.StatusAggregator; SearchStrategy: all) did not find any beans (OnBeanCondition)

   HealthEndpointWebExtensionConfiguration matched:
      - found 'session' scope (OnWebApplicationCondition)
      - @ConditionalOnAvailableEndpoint marked as exposed by a 'management.endpoints.web.exposure' property (OnAvailableEndpointCondition)
      - @ConditionalOnBean (types: org.springframework.boot.actuate.health.HealthEndpoint; SearchStrategy: all) found bean 'healthEndpoint' (OnBeanCondition)

   HealthEndpointWebExtensionConfiguration#healthEndpointWebExtension matched:
      - @ConditionalOnMissingBean (types: org.springframework.boot.actuate.health.HealthEndpointWebExtension; SearchStrategy: all) did not find any beans (OnBeanCondition)

   HealthEndpointWebExtensionConfiguration.MvcAdditionalHealthEndpointPathsConfiguration matched:
      - @ConditionalOnAvailableEndpoint marked as exposed by a 'management.endpoints.web.exposure' property (OnAvailableEndpointCondition)
      - @ConditionalOnBean (types: org.springframework.web.servlet.DispatcherServlet; SearchStrategy: all) found bean 'dispatcherServlet' (OnBeanCondition)

   HibernateJpaAutoConfiguration matched:
      - @ConditionalOnClass found required classes 'org.springframework.orm.jpa.LocalContainerEntityManagerFactoryBean', 'jakarta.persistence.EntityManager', 'org.hibernate.engine.spi.SessionImplementor' (OnClassCondition)

   HibernateJpaConfiguration matched:
      - @ConditionalOnSingleCandidate (types: javax.sql.DataSource; SearchStrategy: all) found a single bean 'dataSource' (OnBeanCondition)

   HttpClientObservationsAutoConfiguration matched:
      - @ConditionalOnClass found required class 'io.micrometer.observation.Observation' (OnClassCondition)
      - @ConditionalOnBean (types: io.micrometer.observation.ObservationRegistry; SearchStrategy: all) found bean 'observationRegistry' (OnBeanCondition)

   HttpClientObservationsAutoConfiguration.MeterFilterConfiguration matched:
      - @ConditionalOnClass found required class 'io.micrometer.core.instrument.MeterRegistry' (OnClassCondition)
      - @ConditionalOnBean (types: io.micrometer.core.instrument.MeterRegistry; SearchStrategy: all) found bean 'prometheusMeterRegistry' (OnBeanCondition)

   HttpEncodingAutoConfiguration matched:
      - @ConditionalOnClass found required class 'org.springframework.web.filter.CharacterEncodingFilter' (OnClassCondition)
      - found 'session' scope (OnWebApplicationCondition)
      - @ConditionalOnProperty (server.servlet.encoding.enabled) matched (OnPropertyCondition)

   HttpEncodingAutoConfiguration#characterEncodingFilter matched:
      - @ConditionalOnMissingBean (types: org.springframework.web.filter.CharacterEncodingFilter; SearchStrategy: all) did not find any beans (OnBeanCondition)

   HttpMessageConvertersAutoConfiguration matched:
      - @ConditionalOnClass found required class 'org.springframework.http.converter.HttpMessageConverter' (OnClassCondition)
      - NoneNestedConditions 0 matched 1 did not; NestedCondition on HttpMessageConvertersAutoConfiguration.NotReactiveWebApplicationCondition.ReactiveWebApplication did not find reactive web application classes (HttpMessageConvertersAutoConfiguration.NotReactiveWebApplicationCondition)

   HttpMessageConvertersAutoConfiguration#messageConverters matched:
      - @ConditionalOnMissingBean (types: org.springframework.boot.autoconfigure.http.HttpMessageConverters; SearchStrategy: all) did not find any beans (OnBeanCondition)

   HttpMessageConvertersAutoConfiguration.StringHttpMessageConverterConfiguration matched:
      - @ConditionalOnClass found required class 'org.springframework.http.converter.StringHttpMessageConverter' (OnClassCondition)

   HttpMessageConvertersAutoConfiguration.StringHttpMessageConverterConfiguration#stringHttpMessageConverter matched:
      - @ConditionalOnMissingBean (types: org.springframework.http.converter.StringHttpMessageConverter; SearchStrategy: all) did not find any beans (OnBeanCondition)

   InfoContributorAutoConfiguration#envInfoContributor matched:
      - @ConditionalOnEnabledInfoContributor management.info.env.enabled is true (OnEnabledInfoContributorCondition)

   InfoContributorAutoConfiguration#javaInfoContributor matched:
      - @ConditionalOnEnabledInfoContributor management.info.java.enabled is true (OnEnabledInfoContributorCondition)

   InfoEndpointAutoConfiguration matched:
      - @ConditionalOnAvailableEndpoint marked as exposed by a 'management.endpoints.web.exposure' property (OnAvailableEndpointCondition)

   InfoEndpointAutoConfiguration#infoEndpoint matched:
      - @ConditionalOnMissingBean (types: org.springframework.boot.actuate.info.InfoEndpoint; SearchStrategy: all) did not find any beans (OnBeanCondition)

   JacksonAutoConfiguration matched:
      - @ConditionalOnClass found required class 'com.fasterxml.jackson.databind.ObjectMapper' (OnClassCondition)

   JacksonAutoConfiguration.Jackson2ObjectMapperBuilderCustomizerConfiguration matched:
      - @ConditionalOnClass found required class 'org.springframework.http.converter.json.Jackson2ObjectMapperBuilder' (OnClassCondition)

   JacksonAutoConfiguration.JacksonObjectMapperBuilderConfiguration matched:
      - @ConditionalOnClass found required class 'org.springframework.http.converter.json.Jackson2ObjectMapperBuilder' (OnClassCondition)

   JacksonAutoConfiguration.JacksonObjectMapperBuilderConfiguration#jacksonObjectMapperBuilder matched:
      - @ConditionalOnMissingBean (types: org.springframework.http.converter.json.Jackson2ObjectMapperBuilder; SearchStrategy: all) did not find any beans (OnBeanCondition)

   JacksonAutoConfiguration.JacksonObjectMapperConfiguration matched:
      - @ConditionalOnClass found required class 'org.springframework.http.converter.json.Jackson2ObjectMapperBuilder' (OnClassCondition)

   JacksonAutoConfiguration.JacksonObjectMapperConfiguration#jacksonObjectMapper matched:
      - @ConditionalOnMissingBean (types: com.fasterxml.jackson.databind.ObjectMapper; SearchStrategy: all) did not find any beans (OnBeanCondition)

   JacksonAutoConfiguration.ParameterNamesModuleConfiguration matched:
      - @ConditionalOnClass found required class 'com.fasterxml.jackson.module.paramnames.ParameterNamesModule' (OnClassCondition)

   JacksonAutoConfiguration.ParameterNamesModuleConfiguration#parameterNamesModule matched:
      - @ConditionalOnMissingBean (types: com.fasterxml.jackson.module.paramnames.ParameterNamesModule; SearchStrategy: all) did not find any beans (OnBeanCondition)

   JacksonEndpointAutoConfiguration#endpointObjectMapper matched:
      - @ConditionalOnClass found required classes 'com.fasterxml.jackson.databind.ObjectMapper', 'org.springframework.http.converter.json.Jackson2ObjectMapperBuilder' (OnClassCondition)
      - @ConditionalOnProperty (management.endpoints.jackson.isolated-object-mapper) matched (OnPropertyCondition)

   JacksonHttpMessageConvertersConfiguration.MappingJackson2HttpMessageConverterConfiguration matched:
      - @ConditionalOnClass found required class 'com.fasterxml.jackson.databind.ObjectMapper' (OnClassCondition)
      - @ConditionalOnProperty (spring.mvc.converters.preferred-json-mapper=jackson) matched (OnPropertyCondition)
      - @ConditionalOnBean (types: com.fasterxml.jackson.databind.ObjectMapper; SearchStrategy: all) found bean 'jacksonObjectMapper' (OnBeanCondition)

   JacksonHttpMessageConvertersConfiguration.MappingJackson2HttpMessageConverterConfiguration#mappingJackson2HttpMessageConverter matched:
      - @ConditionalOnMissingBean (types: org.springframework.http.converter.json.MappingJackson2HttpMessageConverter ignored: org.springframework.hateoas.server.mvc.TypeConstrainedMappingJackson2HttpMessageConverter,org.springframework.data.rest.webmvc.alps.AlpsJsonHttpMessageConverter; SearchStrategy: all) did not find any beans (OnBeanCondition)

   JdbcClientAutoConfiguration matched:
      - @ConditionalOnSingleCandidate (types: org.springframework.jdbc.core.namedparam.NamedParameterJdbcTemplate; SearchStrategy: all) found a single bean 'namedParameterJdbcTemplate'; @ConditionalOnMissingBean (types: org.springframework.jdbc.core.simple.JdbcClient; SearchStrategy: all) did not find any beans (OnBeanCondition)

   JdbcTemplateAutoConfiguration matched:
      - @ConditionalOnClass found required classes 'javax.sql.DataSource', 'org.springframework.jdbc.core.JdbcTemplate' (OnClassCondition)
      - @ConditionalOnSingleCandidate (types: javax.sql.DataSource; SearchStrategy: all) found a single bean 'dataSource' (OnBeanCondition)

   JdbcTemplateConfiguration matched:
      - @ConditionalOnMissingBean (types: org.springframework.jdbc.core.JdbcOperations; SearchStrategy: all) did not find any beans (OnBeanCondition)

   JpaBaseConfiguration#entityManagerFactory matched:
      - @ConditionalOnMissingBean (types: org.springframework.orm.jpa.LocalContainerEntityManagerFactoryBean,jakarta.persistence.EntityManagerFactory; SearchStrategy: all) did not find any beans (OnBeanCondition)

   JpaBaseConfiguration#entityManagerFactoryBuilder matched:
      - @ConditionalOnMissingBean (types: org.springframework.boot.orm.jpa.EntityManagerFactoryBuilder; SearchStrategy: all) did not find any beans (OnBeanCondition)

   JpaBaseConfiguration#jpaVendorAdapter matched:
      - @ConditionalOnMissingBean (types: org.springframework.orm.jpa.JpaVendorAdapter; SearchStrategy: all) did not find any beans (OnBeanCondition)

   JpaBaseConfiguration#transactionManager matched:
      - @ConditionalOnMissingBean (types: org.springframework.transaction.TransactionManager; SearchStrategy: all) did not find any beans (OnBeanCondition)

   JpaBaseConfiguration.JpaWebConfiguration matched:
      - @ConditionalOnClass found required class 'org.springframework.web.servlet.config.annotation.WebMvcConfigurer' (OnClassCondition)
      - found 'session' scope (OnWebApplicationCondition)
      - @ConditionalOnProperty (spring.jpa.open-in-view=true) matched (OnPropertyCondition)
      - @ConditionalOnMissingBean (types: org.springframework.orm.jpa.support.OpenEntityManagerInViewInterceptor,org.springframework.orm.jpa.support.OpenEntityManagerInViewFilter; SearchStrategy: all) did not find any beans (OnBeanCondition)

   JpaBaseConfiguration.PersistenceManagedTypesConfiguration matched:
      - @ConditionalOnMissingBean (types: org.springframework.orm.jpa.LocalContainerEntityManagerFactoryBean,jakarta.persistence.EntityManagerFactory; SearchStrategy: all) did not find any beans (OnBeanCondition)

   JpaBaseConfiguration.PersistenceManagedTypesConfiguration#persistenceManagedTypes matched:
      - @ConditionalOnMissingBean (types: org.springframework.orm.jpa.persistenceunit.PersistenceManagedTypes; SearchStrategy: all) did not find any beans (OnBeanCondition)

   JpaRepositoriesAutoConfiguration matched:
      - @ConditionalOnClass found required class 'org.springframework.data.jpa.repository.JpaRepository' (OnClassCondition)
      - @ConditionalOnProperty (spring.data.jpa.repositories.enabled=true) matched (OnPropertyCondition)
      - @ConditionalOnBean (types: javax.sql.DataSource; SearchStrategy: all) found bean 'dataSource'; @ConditionalOnMissingBean (types: org.springframework.data.jpa.repository.support.JpaRepositoryFactoryBean,org.springframework.data.jpa.repository.config.JpaRepositoryConfigExtension; SearchStrategy: all) did not find any beans (OnBeanCondition)

   JtaAutoConfiguration matched:
      - @ConditionalOnClass found required class 'jakarta.transaction.Transaction' (OnClassCondition)
      - @ConditionalOnProperty (spring.jta.enabled) matched (OnPropertyCondition)

   JvmMetricsAutoConfiguration matched:
      - @ConditionalOnClass found required class 'io.micrometer.core.instrument.MeterRegistry' (OnClassCondition)
      - @ConditionalOnBean (types: io.micrometer.core.instrument.MeterRegistry; SearchStrategy: all) found bean 'prometheusMeterRegistry' (OnBeanCondition)

   JvmMetricsAutoConfiguration#classLoaderMetrics matched:
      - @ConditionalOnMissingBean (types: io.micrometer.core.instrument.binder.jvm.ClassLoaderMetrics; SearchStrategy: all) did not find any beans (OnBeanCondition)

   JvmMetricsAutoConfiguration#jvmCompilationMetrics matched:
      - @ConditionalOnMissingBean (types: io.micrometer.core.instrument.binder.jvm.JvmCompilationMetrics; SearchStrategy: all) did not find any beans (OnBeanCondition)

   JvmMetricsAutoConfiguration#jvmGcMetrics matched:
      - @ConditionalOnMissingBean (types: io.micrometer.core.instrument.binder.jvm.JvmGcMetrics; SearchStrategy: all) did not find any beans (OnBeanCondition)

   JvmMetricsAutoConfiguration#jvmHeapPressureMetrics matched:
      - @ConditionalOnMissingBean (types: io.micrometer.core.instrument.binder.jvm.JvmHeapPressureMetrics; SearchStrategy: all) did not find any beans (OnBeanCondition)

   JvmMetricsAutoConfiguration#jvmInfoMetrics matched:
      - @ConditionalOnMissingBean (types: io.micrometer.core.instrument.binder.jvm.JvmInfoMetrics; SearchStrategy: all) did not find any beans (OnBeanCondition)

   JvmMetricsAutoConfiguration#jvmMemoryMetrics matched:
      - @ConditionalOnMissingBean (types: io.micrometer.core.instrument.binder.jvm.JvmMemoryMetrics; SearchStrategy: all) did not find any beans (OnBeanCondition)

   JvmMetricsAutoConfiguration#jvmThreadMetrics matched:
      - @ConditionalOnMissingBean (types: io.micrometer.core.instrument.binder.jvm.JvmThreadMetrics; SearchStrategy: all) did not find any beans (OnBeanCondition)

   LifecycleAutoConfiguration#defaultLifecycleProcessor matched:
      - @ConditionalOnMissingBean (names: lifecycleProcessor; SearchStrategy: current) did not find any beans (OnBeanCondition)

   LifecycleMvcEndpointAutoConfiguration#environmentManager matched:
      - @ConditionalOnMissingBean (types: org.springframework.cloud.context.environment.EnvironmentManager; SearchStrategy: all) did not find any beans (OnBeanCondition)

   org.springframework.cloud.client.loadbalancer.LoadBalancerAutoConfiguration matched:
      - AnyNestedCondition 2 matched 0 did not; NestedCondition on BlockingRestClassesPresentCondition.RestClientPresent @ConditionalOnClass found required class 'org.springframework.web.client.RestClient'; NestedCondition on BlockingRestClassesPresentCondition.RestTemplatePresent @ConditionalOnClass found required class 'org.springframework.web.client.RestTemplate' (BlockingRestClassesPresentCondition)
      - @ConditionalOnBean (types: org.springframework.cloud.client.loadbalancer.LoadBalancerClient; SearchStrategy: all) found bean 'blockingLoadBalancerClient' (OnBeanCondition)

   org.springframework.cloud.loadbalancer.config.LoadBalancerAutoConfiguration matched:
      - @ConditionalOnProperty (spring.cloud.loadbalancer.enabled=true) matched (OnPropertyCondition)

   LoadBalancerAutoConfiguration#loadBalancerClientFactory matched:
      - @ConditionalOnMissingBean (types: org.springframework.cloud.loadbalancer.support.LoadBalancerClientFactory; SearchStrategy: all) did not find any beans (OnBeanCondition)

   LoadBalancerAutoConfiguration#loadBalancerRequestFactory matched:
      - @ConditionalOnMissingBean (types: org.springframework.cloud.client.loadbalancer.LoadBalancerRequestFactory; SearchStrategy: all) did not find any beans (OnBeanCondition)

   LoadBalancerAutoConfiguration#zoneConfig matched:
      - @ConditionalOnMissingBean (types: org.springframework.cloud.loadbalancer.config.LoadBalancerZoneConfig; SearchStrategy: all) did not find any beans (OnBeanCondition)

   LoadBalancerAutoConfiguration.LoadBalancerInterceptorConfig matched:
      - AnyNestedCondition 1 matched 1 did not; NestedCondition on LoadBalancerAutoConfiguration.RetryMissingOrDisabledCondition.RetryDisabled @ConditionalOnProperty (spring.cloud.loadbalancer.retry.enabled=false) did not find property 'spring.cloud.loadbalancer.retry.enabled'; NestedCondition on LoadBalancerAutoConfiguration.RetryMissingOrDisabledCondition.RetryTemplateMissing @ConditionalOnMissingClass did not find unwanted class 'org.springframework.retry.support.RetryTemplate' (LoadBalancerAutoConfiguration.RetryMissingOrDisabledCondition)

   LoadBalancerAutoConfiguration.LoadBalancerInterceptorConfig#lbRestClientPostProcessor matched:
      - @ConditionalOnBean (types: org.springframework.cloud.client.loadbalancer.LoadBalancerInterceptor; SearchStrategy: all) found bean 'loadBalancerInterceptor'; @ConditionalOnMissingBean (types: org.springframework.cloud.client.loadbalancer.LoadBalancerRestClientBuilderBeanPostProcessor; SearchStrategy: all) did not find any beans (OnBeanCondition)

   LoadBalancerAutoConfiguration.LoadBalancerInterceptorConfig#restTemplateCustomizer matched:
      - @ConditionalOnMissingBean (types: org.springframework.cloud.client.loadbalancer.RestTemplateCustomizer; SearchStrategy: all) did not find any beans (OnBeanCondition)

   LoadBalancerCacheAutoConfiguration matched:
      - @ConditionalOnClass found required classes 'org.springframework.cache.CacheManager', 'org.springframework.boot.autoconfigure.cache.CacheAutoConfiguration' (OnClassCondition)
      - AllNestedConditions 2 matched 0 did not; NestedCondition on LoadBalancerCacheAutoConfiguration.OnLoadBalancerCachingEnabledCondition.LoadBalancerCacheEnabled @ConditionalOnProperty (spring.cloud.loadbalancer.cache.enabled) matched; NestedCondition on LoadBalancerCacheAutoConfiguration.OnLoadBalancerCachingEnabledCondition.LoadBalancerEnabled @ConditionalOnProperty (spring.cloud.loadbalancer.enabled=true) matched (LoadBalancerCacheAutoConfiguration.OnLoadBalancerCachingEnabledCondition)

   LoadBalancerCacheAutoConfiguration.DefaultLoadBalancerCacheManagerConfiguration matched:
      - @ConditionalOnClass found required class 'com.stoyanr.evictor.ConcurrentMapWithTimedEviction' (OnClassCondition)
      - AnyNestedCondition 1 matched 1 did not; NestedCondition on LoadBalancerCacheAutoConfiguration.OnCaffeineCacheMissingCondition.CaffeineCacheManagerClassMissing @ConditionalOnMissingClass found unwanted class 'org.springframework.cache.caffeine.CaffeineCacheManager'; NestedCondition on LoadBalancerCacheAutoConfiguration.OnCaffeineCacheMissingCondition.CaffeineClassMissing @ConditionalOnMissingClass did not find unwanted class 'com.github.benmanes.caffeine.cache.Caffeine' (LoadBalancerCacheAutoConfiguration.OnCaffeineCacheMissingCondition)

   LoadBalancerCacheAutoConfiguration.DefaultLoadBalancerCacheManagerConfiguration#defaultLoadBalancerCacheManager matched:
      - @ConditionalOnMissingBean (types: org.springframework.cloud.loadbalancer.cache.LoadBalancerCacheManager; SearchStrategy: all) did not find any beans (OnBeanCondition)

   LoadBalancerCacheAutoConfiguration.LoadBalancerCacheManagerWarnConfiguration matched:
      - AnyNestedCondition 1 matched 1 did not; NestedCondition on LoadBalancerCacheAutoConfiguration.OnCaffeineCacheMissingCondition.CaffeineCacheManagerClassMissing @ConditionalOnMissingClass found unwanted class 'org.springframework.cache.caffeine.CaffeineCacheManager'; NestedCondition on LoadBalancerCacheAutoConfiguration.OnCaffeineCacheMissingCondition.CaffeineClassMissing @ConditionalOnMissingClass did not find unwanted class 'com.github.benmanes.caffeine.cache.Caffeine' (LoadBalancerCacheAutoConfiguration.OnCaffeineCacheMissingCondition)

   LoadBalancerEurekaAutoConfiguration matched:
      - @ConditionalOnClass found required class 'org.springframework.cloud.loadbalancer.annotation.LoadBalancerClientConfigurationRegistrar' (OnClassCondition)
      - @ConditionalOnProperty (eureka.client.enabled) matched (OnPropertyCondition)

   LoadBalancerEurekaAutoConfiguration#eurekaLoadBalancerProperties matched:
      - @ConditionalOnMissingBean (types: org.springframework.cloud.netflix.eureka.loadbalancer.EurekaLoadBalancerProperties; SearchStrategy: all) did not find any beans (OnBeanCondition)

   LogbackMetricsAutoConfiguration matched:
      - @ConditionalOnClass found required classes 'io.micrometer.core.instrument.MeterRegistry', 'ch.qos.logback.classic.LoggerContext', 'org.slf4j.LoggerFactory' (OnClassCondition)
      - LogbackLoggingCondition ILoggerFactory is a Logback LoggerContext (LogbackMetricsAutoConfiguration.LogbackLoggingCondition)
      - @ConditionalOnBean (types: io.micrometer.core.instrument.MeterRegistry; SearchStrategy: all) found bean 'prometheusMeterRegistry' (OnBeanCondition)

   LogbackMetricsAutoConfiguration#logbackMetrics matched:
      - @ConditionalOnMissingBean (types: io.micrometer.core.instrument.binder.logging.LogbackMetrics; SearchStrategy: all) did not find any beans (OnBeanCondition)

   ManagementContextAutoConfiguration.SameManagementContextConfiguration matched:
      - Management Port actual port type (SAME) matched required type (OnManagementPortCondition)

   MetricsAspectsAutoConfiguration matched:
      - @ConditionalOnClass found required classes 'io.micrometer.core.instrument.MeterRegistry', 'org.aspectj.weaver.Advice' (OnClassCondition)
      - @ConditionalOnBean (types: io.micrometer.core.instrument.MeterRegistry; SearchStrategy: all) found bean 'prometheusMeterRegistry' (OnBeanCondition)

   MetricsAspectsAutoConfiguration#countedAspect matched:
      - @ConditionalOnMissingBean (types: io.micrometer.core.aop.CountedAspect; SearchStrategy: all) did not find any beans (OnBeanCondition)

   MetricsAspectsAutoConfiguration#timedAspect matched:
      - @ConditionalOnMissingBean (types: io.micrometer.core.aop.TimedAspect; SearchStrategy: all) did not find any beans (OnBeanCondition)

   MetricsAutoConfiguration matched:
      - @ConditionalOnClass found required class 'io.micrometer.core.annotation.Timed' (OnClassCondition)

   MetricsAutoConfiguration#micrometerClock matched:
      - @ConditionalOnMissingBean (types: io.micrometer.core.instrument.Clock; SearchStrategy: all) did not find any beans (OnBeanCondition)

   MetricsEndpointAutoConfiguration matched:
      - @ConditionalOnClass found required class 'io.micrometer.core.annotation.Timed' (OnClassCondition)
      - @ConditionalOnAvailableEndpoint marked as exposed by a 'management.endpoints.web.exposure' property (OnAvailableEndpointCondition)

   MetricsEndpointAutoConfiguration#metricsEndpoint matched:
      - @ConditionalOnBean (types: io.micrometer.core.instrument.MeterRegistry; SearchStrategy: all) found bean 'prometheusMeterRegistry'; @ConditionalOnMissingBean (types: org.springframework.boot.actuate.metrics.MetricsEndpoint; SearchStrategy: all) did not find any beans (OnBeanCondition)

   MultipartAutoConfiguration matched:
      - @ConditionalOnClass found required classes 'jakarta.servlet.Servlet', 'org.springframework.web.multipart.support.StandardServletMultipartResolver', 'jakarta.servlet.MultipartConfigElement' (OnClassCondition)
      - found 'session' scope (OnWebApplicationCondition)
      - @ConditionalOnProperty (spring.servlet.multipart.enabled) matched (OnPropertyCondition)

   MultipartAutoConfiguration#multipartConfigElement matched:
      - @ConditionalOnMissingBean (types: jakarta.servlet.MultipartConfigElement; SearchStrategy: all) did not find any beans (OnBeanCondition)

   MultipartAutoConfiguration#multipartResolver matched:
      - @ConditionalOnMissingBean (types: org.springframework.web.multipart.MultipartResolver; SearchStrategy: all) did not find any beans (OnBeanCondition)

   NamedParameterJdbcTemplateConfiguration matched:
      - @ConditionalOnSingleCandidate (types: org.springframework.jdbc.core.JdbcTemplate; SearchStrategy: all) found a single bean 'jdbcTemplate'; @ConditionalOnMissingBean (types: org.springframework.jdbc.core.namedparam.NamedParameterJdbcOperations; SearchStrategy: all) did not find any beans (OnBeanCondition)

   NoOpCacheConfiguration matched:
      - Cache org.springframework.boot.autoconfigure.cache.NoOpCacheConfiguration automatic cache type (CacheCondition)

   ObservationAutoConfiguration matched:
      - @ConditionalOnClass found required class 'io.micrometer.observation.ObservationRegistry' (OnClassCondition)

   ObservationAutoConfiguration#observationRegistry matched:
      - @ConditionalOnMissingBean (types: io.micrometer.observation.ObservationRegistry; SearchStrategy: all) did not find any beans (OnBeanCondition)

   ObservationAutoConfiguration.MeterObservationHandlerConfiguration matched:
      - @ConditionalOnBean (types: io.micrometer.core.instrument.MeterRegistry; SearchStrategy: all) found bean 'prometheusMeterRegistry'; @ConditionalOnMissingBean (types: io.micrometer.core.instrument.observation.MeterObservationHandler; SearchStrategy: all) did not find any beans (OnBeanCondition)

   ObservationAutoConfiguration.MeterObservationHandlerConfiguration.OnlyMetricsMeterObservationHandlerConfiguration matched:
      - @ConditionalOnMissingBean (types: io.micrometer.tracing.Tracer; SearchStrategy: all) did not find any beans (OnBeanCondition)

   ObservationAutoConfiguration.ObservedAspectConfiguration matched:
      - @ConditionalOnClass found required class 'org.aspectj.weaver.Advice' (OnClassCondition)

   ObservationAutoConfiguration.ObservedAspectConfiguration#observedAspect matched:
      - @ConditionalOnMissingBean (types: io.micrometer.observation.aop.ObservedAspect; SearchStrategy: all) did not find any beans (OnBeanCondition)

   ObservationAutoConfiguration.OnlyMetricsConfiguration matched:
      - @ConditionalOnClass found required class 'io.micrometer.core.instrument.MeterRegistry'; @ConditionalOnMissingClass did not find unwanted class 'io.micrometer.tracing.Tracer' (OnClassCondition)

   PersistenceExceptionTranslationAutoConfiguration matched:
      - @ConditionalOnClass found required class 'org.springframework.dao.annotation.PersistenceExceptionTranslationPostProcessor' (OnClassCondition)

   PersistenceExceptionTranslationAutoConfiguration#persistenceExceptionTranslationPostProcessor matched:
      - @ConditionalOnProperty (spring.dao.exceptiontranslation.enabled) matched (OnPropertyCondition)
      - @ConditionalOnMissingBean (types: org.springframework.dao.annotation.PersistenceExceptionTranslationPostProcessor; SearchStrategy: all) did not find any beans (OnBeanCondition)

   PrometheusMetricsExportAutoConfiguration matched:
      - @ConditionalOnClass found required class 'io.micrometer.prometheus.PrometheusMeterRegistry' (OnClassCondition)
      - @ConditionalOnEnabledMetricsExport management.defaults.metrics.export.enabled is considered true (OnMetricsExportEnabledCondition)
      - @ConditionalOnBean (types: io.micrometer.core.instrument.Clock; SearchStrategy: all) found bean 'micrometerClock' (OnBeanCondition)

   PrometheusMetricsExportAutoConfiguration#collectorRegistry matched:
      - @ConditionalOnMissingBean (types: io.prometheus.client.CollectorRegistry; SearchStrategy: all) did not find any beans (OnBeanCondition)

   PrometheusMetricsExportAutoConfiguration#prometheusConfig matched:
      - @ConditionalOnMissingBean (types: io.micrometer.prometheus.PrometheusConfig; SearchStrategy: all) did not find any beans (OnBeanCondition)

   PrometheusMetricsExportAutoConfiguration#prometheusMeterRegistry matched:
      - @ConditionalOnMissingBean (types: io.micrometer.prometheus.PrometheusMeterRegistry; SearchStrategy: all) did not find any beans (OnBeanCondition)

   PrometheusMetricsExportAutoConfiguration.PrometheusScrapeEndpointConfiguration matched:
      - @ConditionalOnAvailableEndpoint marked as exposed by a 'management.endpoints.web.exposure' property (OnAvailableEndpointCondition)

   PrometheusMetricsExportAutoConfiguration.PrometheusScrapeEndpointConfiguration#prometheusEndpoint matched:
      - @ConditionalOnMissingBean (types: org.springframework.boot.actuate.metrics.export.prometheus.PrometheusScrapeEndpoint; SearchStrategy: all) did not find any beans (OnBeanCondition)

   PropertyPlaceholderAutoConfiguration#propertySourcesPlaceholderConfigurer matched:
      - @ConditionalOnMissingBean (types: org.springframework.context.support.PropertySourcesPlaceholderConfigurer; SearchStrategy: current) did not find any beans (OnBeanCondition)

   ReactiveHealthEndpointConfiguration matched:
      - @ConditionalOnClass found required class 'reactor.core.publisher.Flux' (OnClassCondition)
      - @ConditionalOnBean (types: org.springframework.boot.actuate.health.HealthEndpoint; SearchStrategy: all) found bean 'healthEndpoint' (OnBeanCondition)

   ReactiveHealthEndpointConfiguration#reactiveHealthContributorRegistry matched:
      - @ConditionalOnMissingBean (types: org.springframework.boot.actuate.health.ReactiveHealthContributorRegistry; SearchStrategy: all) did not find any beans (OnBeanCondition)

   ReactorAutoConfiguration matched:
      - @ConditionalOnClass found required class 'reactor.core.publisher.Hooks' (OnClassCondition)

   RefreshAutoConfiguration matched:
      - @ConditionalOnClass found required class 'org.springframework.cloud.context.scope.refresh.RefreshScope' (OnClassCondition)
      - @ConditionalOnProperty (spring.cloud.refresh.enabled) matched (OnPropertyCondition)

   RefreshAutoConfiguration#legacyContextRefresher matched:
      - AnyNestedCondition 1 matched 2 did not; NestedCondition on ConditionalOnBootstrapEnabled.OnBootstrapEnabledCondition.OnBootstrapEnabled @ConditionalOnProperty (spring.cloud.bootstrap.enabled) did not find property 'spring.cloud.bootstrap.enabled'; NestedCondition on ConditionalOnBootstrapEnabled.OnBootstrapEnabledCondition.OnUseLegacyProcessingEnabled @ConditionalOnProperty (spring.config.use-legacy-processing) did not find property 'spring.config.use-legacy-processing'; NestedCondition on ConditionalOnBootstrapEnabled.OnBootstrapEnabledCondition.OnBootstrapMarkerClassPresent @ConditionalOnClass found required class 'org.springframework.cloud.bootstrap.marker.Marker' (ConditionalOnBootstrapEnabled.OnBootstrapEnabledCondition)
      - @ConditionalOnMissingBean (types: org.springframework.cloud.context.refresh.LegacyContextRefresher; SearchStrategy: all) did not find any beans (OnBeanCondition)

   RefreshAutoConfiguration#loggingRebinder matched:
      - @ConditionalOnMissingBean (types: org.springframework.cloud.logging.LoggingRebinder; SearchStrategy: all) did not find any beans (OnBeanCondition)

   RefreshAutoConfiguration#refreshScope matched:
      - @ConditionalOnMissingBean (types: org.springframework.cloud.context.scope.refresh.RefreshScope; SearchStrategy: all) did not find any beans (OnBeanCondition)

   RefreshAutoConfiguration#refreshScopeLifecycle matched:
      - @ConditionalOnProperty (spring.cloud.refresh.on-restart.enabled) matched (OnPropertyCondition)

   RefreshEndpointAutoConfiguration matched:
      - @ConditionalOnClass found required classes 'org.springframework.boot.actuate.autoconfigure.endpoint.EndpointAutoConfiguration', 'org.springframework.boot.actuate.health.Health' (OnClassCondition)

   RefreshEndpointAutoConfiguration#refreshScopeHealthIndicator matched:
      - @ConditionalOnMissingBean (types: org.springframework.cloud.health.RefreshScopeHealthIndicator; SearchStrategy: all) did not find any beans (OnBeanCondition)
      - @ConditionalOnEnabledHealthIndicator management.health.defaults.enabled is considered true (OnEnabledHealthIndicatorCondition)

   RepositoryMetricsAutoConfiguration matched:
      - @ConditionalOnClass found required class 'org.springframework.data.repository.Repository' (OnClassCondition)
      - @ConditionalOnBean (types: io.micrometer.core.instrument.MeterRegistry; SearchStrategy: all) found bean 'prometheusMeterRegistry' (OnBeanCondition)

   RepositoryMetricsAutoConfiguration#metricsRepositoryMethodInvocationListener matched:
      - @ConditionalOnMissingBean (types: org.springframework.boot.actuate.metrics.data.MetricsRepositoryMethodInvocationListener; SearchStrategy: all) did not find any beans (OnBeanCondition)

   RepositoryMetricsAutoConfiguration#repositoryTagsProvider matched:
      - @ConditionalOnMissingBean (types: org.springframework.boot.actuate.metrics.data.RepositoryTagsProvider; SearchStrategy: all) did not find any beans (OnBeanCondition)

   ResourceServerTokenRelayAutoConfiguration matched:
      - @ConditionalOnClass found required class 'org.springframework.web.servlet.config.annotation.WebMvcConfigurer' (OnClassCondition)
      - found 'session' scope (OnWebApplicationCondition)
      - @ConditionalOnProperty (spring.cloud.mvc.token-relay.enabled) matched (OnPropertyCondition)

   RestClientAutoConfiguration matched:
      - @ConditionalOnClass found required class 'org.springframework.web.client.RestClient' (OnClassCondition)
      - NoneNestedConditions 0 matched 1 did not; NestedCondition on NotReactiveWebApplicationCondition.ReactiveWebApplication did not find reactive web application classes (NotReactiveWebApplicationCondition)

   RestClientAutoConfiguration#httpMessageConvertersRestClientCustomizer matched:
      - @ConditionalOnMissingBean (types: org.springframework.boot.autoconfigure.web.client.HttpMessageConvertersRestClientCustomizer; SearchStrategy: all) did not find any beans (OnBeanCondition)

   RestClientAutoConfiguration#restClientBuilder matched:
      - @ConditionalOnMissingBean (types: org.springframework.web.client.RestClient$Builder; SearchStrategy: all) did not find any beans (OnBeanCondition)

   RestClientAutoConfiguration#restClientBuilderConfigurer matched:
      - @ConditionalOnMissingBean (types: org.springframework.boot.autoconfigure.web.client.RestClientBuilderConfigurer; SearchStrategy: all) did not find any beans (OnBeanCondition)

   RestClientAutoConfiguration#restClientSsl matched:
      - @ConditionalOnBean (types: org.springframework.boot.ssl.SslBundles; SearchStrategy: all) found bean 'sslBundleRegistry'; @ConditionalOnMissingBean (types: org.springframework.boot.autoconfigure.web.client.RestClientSsl; SearchStrategy: all) did not find any beans (OnBeanCondition)

   RestClientObservationConfiguration matched:
      - @ConditionalOnClass found required class 'org.springframework.web.client.RestClient' (OnClassCondition)
      - @ConditionalOnBean (types: org.springframework.web.client.RestClient$Builder; SearchStrategy: all) found bean 'restClientBuilder' (OnBeanCondition)

   RestTemplateAutoConfiguration matched:
      - @ConditionalOnClass found required class 'org.springframework.web.client.RestTemplate' (OnClassCondition)
      - NoneNestedConditions 0 matched 1 did not; NestedCondition on NotReactiveWebApplicationCondition.ReactiveWebApplication did not find reactive web application classes (NotReactiveWebApplicationCondition)

   RestTemplateAutoConfiguration#restTemplateBuilder matched:
      - @ConditionalOnMissingBean (types: org.springframework.boot.web.client.RestTemplateBuilder; SearchStrategy: all) did not find any beans (OnBeanCondition)

   RestTemplateObservationConfiguration matched:
      - @ConditionalOnClass found required class 'org.springframework.web.client.RestTemplate' (OnClassCondition)
      - @ConditionalOnBean (types: org.springframework.boot.web.client.RestTemplateBuilder; SearchStrategy: all) found bean 'restTemplateBuilder' (OnBeanCondition)

   RestartEndpointWithoutIntegrationConfiguration matched:
      - @ConditionalOnMissingClass did not find unwanted class 'org.springframework.integration.monitor.IntegrationMBeanExporter' (OnClassCondition)

   ScheduledTasksObservabilityAutoConfiguration matched:
      - @ConditionalOnClass found required class 'org.springframework.scheduling.concurrent.ThreadPoolTaskScheduler' (OnClassCondition)
      - @ConditionalOnBean (types: io.micrometer.observation.ObservationRegistry; SearchStrategy: all) found bean 'observationRegistry' (OnBeanCondition)

   SecurityAutoConfiguration matched:
      - @ConditionalOnClass found required class 'org.springframework.security.authentication.DefaultAuthenticationEventPublisher' (OnClassCondition)

   SecurityAutoConfiguration#authenticationEventPublisher matched:
      - @ConditionalOnMissingBean (types: org.springframework.security.authentication.AuthenticationEventPublisher; SearchStrategy: all) did not find any beans (OnBeanCondition)

   SecurityFilterAutoConfiguration matched:
      - @ConditionalOnClass found required classes 'org.springframework.security.web.context.AbstractSecurityWebApplicationInitializer', 'org.springframework.security.config.http.SessionCreationPolicy' (OnClassCondition)
      - found 'session' scope (OnWebApplicationCondition)

   SecurityFilterAutoConfiguration#securityFilterChainRegistration matched:
      - @ConditionalOnBean (names: springSecurityFilterChain; SearchStrategy: all) found bean 'springSecurityFilterChain' (OnBeanCondition)

   SecurityRequestMatchersManagementContextConfiguration matched:
      - @ConditionalOnClass found required class 'org.springframework.security.web.util.matcher.RequestMatcher' (OnClassCondition)
      - found 'session' scope (OnWebApplicationCondition)

   SecurityRequestMatchersManagementContextConfiguration.MvcRequestMatcherConfiguration matched:
      - @ConditionalOnClass found required class 'org.springframework.web.servlet.DispatcherServlet' (OnClassCondition)
      - @ConditionalOnBean (types: org.springframework.boot.autoconfigure.web.servlet.DispatcherServletPath; SearchStrategy: all) found bean 'dispatcherServletRegistration' (OnBeanCondition)

   SecurityRequestMatchersManagementContextConfiguration.MvcRequestMatcherConfiguration#requestMatcherProvider matched:
      - @ConditionalOnClass found required class 'org.springframework.web.servlet.DispatcherServlet' (OnClassCondition)
      - @ConditionalOnMissingBean (types: org.springframework.boot.autoconfigure.security.servlet.RequestMatcherProvider; SearchStrategy: all) did not find any beans (OnBeanCondition)

   ServiceRegistryAutoConfiguration.ServiceRegistryEndpointConfiguration matched:
      - @ConditionalOnClass found required class 'org.springframework.boot.actuate.endpoint.annotation.Endpoint' (OnClassCondition)
      - @ConditionalOnBean (types: org.springframework.cloud.client.serviceregistry.ServiceRegistry; SearchStrategy: all) found bean 'eurekaServiceRegistry' (OnBeanCondition)

   ServletEndpointManagementContextConfiguration matched:
      - found 'session' scope (OnWebApplicationCondition)

   ServletEndpointManagementContextConfiguration.WebMvcServletEndpointManagementContextConfiguration matched:
      - @ConditionalOnClass found required class 'org.springframework.web.servlet.DispatcherServlet' (OnClassCondition)

   ServletManagementContextAutoConfiguration matched:
      - @ConditionalOnClass found required class 'jakarta.servlet.Servlet' (OnClassCondition)
      - found 'session' scope (OnWebApplicationCondition)

   ServletWebServerFactoryAutoConfiguration matched:
      - @ConditionalOnClass found required class 'jakarta.servlet.ServletRequest' (OnClassCondition)
      - found 'session' scope (OnWebApplicationCondition)

   ServletWebServerFactoryAutoConfiguration#tomcatServletWebServerFactoryCustomizer matched:
      - @ConditionalOnClass found required class 'org.apache.catalina.startup.Tomcat' (OnClassCondition)

   ServletWebServerFactoryConfiguration.EmbeddedTomcat matched:
      - @ConditionalOnClass found required classes 'jakarta.servlet.Servlet', 'org.apache.catalina.startup.Tomcat', 'org.apache.coyote.UpgradeProtocol' (OnClassCondition)
      - @ConditionalOnMissingBean (types: org.springframework.boot.web.servlet.server.ServletWebServerFactory; SearchStrategy: current) did not find any beans (OnBeanCondition)

   SimpleCacheConfiguration matched:
      - Cache org.springframework.boot.autoconfigure.cache.SimpleCacheConfiguration automatic cache type (CacheCondition)

   SimpleDiscoveryClientAutoConfiguration#simpleDiscoveryProperties matched:
      - @ConditionalOnMissingBean (types: org.springframework.cloud.client.discovery.simple.SimpleDiscoveryProperties; SearchStrategy: all) did not find any beans (OnBeanCondition)

   SpringBootWebSecurityConfiguration matched:
      - found 'session' scope (OnWebApplicationCondition)

   SpringDataWebAutoConfiguration matched:
      - @ConditionalOnClass found required classes 'org.springframework.data.web.PageableHandlerMethodArgumentResolver', 'org.springframework.web.servlet.config.annotation.WebMvcConfigurer' (OnClassCondition)
      - found 'session' scope (OnWebApplicationCondition)
      - @ConditionalOnMissingBean (types: org.springframework.data.web.PageableHandlerMethodArgumentResolver; SearchStrategy: all) did not find any beans (OnBeanCondition)

   SpringDataWebAutoConfiguration#pageableCustomizer matched:
      - @ConditionalOnMissingBean (types: org.springframework.data.web.config.PageableHandlerMethodArgumentResolverCustomizer; SearchStrategy: all) did not find any beans (OnBeanCondition)

   SpringDataWebAutoConfiguration#sortCustomizer matched:
      - @ConditionalOnMissingBean (types: org.springframework.data.web.config.SortHandlerMethodArgumentResolverCustomizer; SearchStrategy: all) did not find any beans (OnBeanCondition)

   SqlInitializationAutoConfiguration matched:
      - @ConditionalOnProperty (spring.sql.init.enabled) matched (OnPropertyCondition)
      - NoneNestedConditions 0 matched 1 did not; NestedCondition on SqlInitializationAutoConfiguration.SqlInitializationModeCondition.ModeIsNever @ConditionalOnProperty (spring.sql.init.mode=never) did not find property 'mode' (SqlInitializationAutoConfiguration.SqlInitializationModeCondition)

   SslAutoConfiguration#sslBundleRegistry matched:
      - @ConditionalOnMissingBean (types: org.springframework.boot.ssl.SslBundleRegistry,org.springframework.boot.ssl.SslBundles; SearchStrategy: all) did not find any beans (OnBeanCondition)

   StartupTimeMetricsListenerAutoConfiguration matched:
      - @ConditionalOnClass found required class 'io.micrometer.core.instrument.MeterRegistry' (OnClassCondition)
      - @ConditionalOnBean (types: io.micrometer.core.instrument.MeterRegistry; SearchStrategy: all) found bean 'prometheusMeterRegistry' (OnBeanCondition)

   StartupTimeMetricsListenerAutoConfiguration#startupTimeMetrics matched:
      - @ConditionalOnMissingBean (types: org.springframework.boot.actuate.metrics.startup.StartupTimeMetricsListener; SearchStrategy: all) did not find any beans (OnBeanCondition)

   SystemMetricsAutoConfiguration matched:
      - @ConditionalOnClass found required class 'io.micrometer.core.instrument.MeterRegistry' (OnClassCondition)
      - @ConditionalOnBean (types: io.micrometer.core.instrument.MeterRegistry; SearchStrategy: all) found bean 'prometheusMeterRegistry' (OnBeanCondition)

   SystemMetricsAutoConfiguration#diskSpaceMetrics matched:
      - @ConditionalOnMissingBean (types: org.springframework.boot.actuate.metrics.system.DiskSpaceMetricsBinder; SearchStrategy: all) did not find any beans (OnBeanCondition)

   SystemMetricsAutoConfiguration#fileDescriptorMetrics matched:
      - @ConditionalOnMissingBean (types: io.micrometer.core.instrument.binder.system.FileDescriptorMetrics; SearchStrategy: all) did not find any beans (OnBeanCondition)

   SystemMetricsAutoConfiguration#processorMetrics matched:
      - @ConditionalOnMissingBean (types: io.micrometer.core.instrument.binder.system.ProcessorMetrics; SearchStrategy: all) did not find any beans (OnBeanCondition)

   SystemMetricsAutoConfiguration#uptimeMetrics matched:
      - @ConditionalOnMissingBean (types: io.micrometer.core.instrument.binder.system.UptimeMetrics; SearchStrategy: all) did not find any beans (OnBeanCondition)

   TaskExecutionAutoConfiguration matched:
      - @ConditionalOnClass found required class 'org.springframework.scheduling.concurrent.ThreadPoolTaskExecutor' (OnClassCondition)

   TaskExecutorConfigurations.SimpleAsyncTaskExecutorBuilderConfiguration#simpleAsyncTaskExecutorBuilder matched:
      - @ConditionalOnMissingBean (types: org.springframework.boot.task.SimpleAsyncTaskExecutorBuilder; SearchStrategy: all) did not find any beans (OnBeanCondition)
      - @ConditionalOnThreading found PLATFORM (OnThreadingCondition)

   TaskExecutorConfigurations.TaskExecutorBuilderConfiguration#taskExecutorBuilder matched:
      - @ConditionalOnMissingBean (types: org.springframework.boot.task.TaskExecutorBuilder; SearchStrategy: all) did not find any beans (OnBeanCondition)

   TaskExecutorConfigurations.TaskExecutorConfiguration matched:
      - @ConditionalOnMissingBean (types: java.util.concurrent.Executor; SearchStrategy: all) did not find any beans (OnBeanCondition)

   TaskExecutorConfigurations.TaskExecutorConfiguration#applicationTaskExecutor matched:
      - @ConditionalOnThreading found PLATFORM (OnThreadingCondition)

   TaskExecutorConfigurations.ThreadPoolTaskExecutorBuilderConfiguration#threadPoolTaskExecutorBuilder matched:
      - @ConditionalOnMissingBean (types: org.springframework.boot.task.TaskExecutorBuilder,org.springframework.boot.task.ThreadPoolTaskExecutorBuilder; SearchStrategy: all) did not find any beans (OnBeanCondition)

   TaskExecutorMetricsAutoConfiguration matched:
      - @ConditionalOnClass found required class 'io.micrometer.core.instrument.binder.jvm.ExecutorServiceMetrics' (OnClassCondition)
      - @ConditionalOnBean (types: java.util.concurrent.Executor,io.micrometer.core.instrument.MeterRegistry; SearchStrategy: all) found beans 'prometheusMeterRegistry', 'applicationTaskExecutor' (OnBeanCondition)

   TaskSchedulingAutoConfiguration matched:
      - @ConditionalOnClass found required class 'org.springframework.scheduling.concurrent.ThreadPoolTaskScheduler' (OnClassCondition)

   TaskSchedulingConfigurations.SimpleAsyncTaskSchedulerBuilderConfiguration#simpleAsyncTaskSchedulerBuilder matched:
      - @ConditionalOnMissingBean (types: org.springframework.boot.task.SimpleAsyncTaskSchedulerBuilder; SearchStrategy: all) did not find any beans (OnBeanCondition)
      - @ConditionalOnThreading found PLATFORM (OnThreadingCondition)

   TaskSchedulingConfigurations.TaskSchedulerBuilderConfiguration#taskSchedulerBuilder matched:
      - @ConditionalOnMissingBean (types: org.springframework.boot.task.TaskSchedulerBuilder; SearchStrategy: all) did not find any beans (OnBeanCondition)

   TaskSchedulingConfigurations.ThreadPoolTaskSchedulerBuilderConfiguration#threadPoolTaskSchedulerBuilder matched:
      - @ConditionalOnMissingBean (types: org.springframework.boot.task.TaskSchedulerBuilder,org.springframework.boot.task.ThreadPoolTaskSchedulerBuilder; SearchStrategy: all) did not find any beans (OnBeanCondition)

   TomcatMetricsAutoConfiguration matched:
      - @ConditionalOnClass found required classes 'io.micrometer.core.instrument.binder.tomcat.TomcatMetrics', 'org.apache.catalina.Manager' (OnClassCondition)
      - @ConditionalOnWebApplication (required) found 'session' scope (OnWebApplicationCondition)

   TomcatMetricsAutoConfiguration#tomcatMetricsBinder matched:
      - @ConditionalOnBean (types: io.micrometer.core.instrument.MeterRegistry; SearchStrategy: all) found bean 'prometheusMeterRegistry'; @ConditionalOnMissingBean (types: io.micrometer.core.instrument.binder.tomcat.TomcatMetrics,org.springframework.boot.actuate.metrics.web.tomcat.TomcatMetricsBinder; SearchStrategy: all) did not find any beans (OnBeanCondition)

   TransactionAutoConfiguration matched:
      - @ConditionalOnClass found required class 'org.springframework.transaction.PlatformTransactionManager' (OnClassCondition)

   TransactionAutoConfiguration.EnableTransactionManagementConfiguration matched:
      - @ConditionalOnBean (types: org.springframework.transaction.TransactionManager; SearchStrategy: all) found bean 'transactionManager'; @ConditionalOnMissingBean (types: org.springframework.transaction.annotation.AbstractTransactionManagementConfiguration; SearchStrategy: all) did not find any beans (OnBeanCondition)

   TransactionAutoConfiguration.EnableTransactionManagementConfiguration.CglibAutoProxyConfiguration matched:
      - @ConditionalOnProperty (spring.aop.proxy-target-class=true) matched (OnPropertyCondition)

   TransactionAutoConfiguration.TransactionTemplateConfiguration matched:
      - @ConditionalOnSingleCandidate (types: org.springframework.transaction.PlatformTransactionManager; SearchStrategy: all) found a single bean 'transactionManager' (OnBeanCondition)

   TransactionAutoConfiguration.TransactionTemplateConfiguration#transactionTemplate matched:
      - @ConditionalOnMissingBean (types: org.springframework.transaction.support.TransactionOperations; SearchStrategy: all) did not find any beans (OnBeanCondition)

   TransactionManagerCustomizationAutoConfiguration matched:
      - @ConditionalOnClass found required class 'org.springframework.transaction.PlatformTransactionManager' (OnClassCondition)

   TransactionManagerCustomizationAutoConfiguration#platformTransactionManagerCustomizers matched:
      - @ConditionalOnMissingBean (types: org.springframework.boot.autoconfigure.transaction.TransactionManagerCustomizers; SearchStrategy: all) did not find any beans (OnBeanCondition)

   UserDetailsServiceAutoConfiguration matched:
      - @ConditionalOnClass found required class 'org.springframework.security.authentication.AuthenticationManager'; @ConditionalOnMissingClass did not find unwanted classes 'org.springframework.security.oauth2.client.registration.ClientRegistrationRepository', 'org.springframework.security.oauth2.server.resource.introspection.OpaqueTokenIntrospector', 'org.springframework.security.saml2.provider.service.registration.RelyingPartyRegistrationRepository' (OnClassCondition)
      - @ConditionalOnBean (types: org.springframework.security.config.annotation.ObjectPostProcessor; SearchStrategy: all) found bean 'objectPostProcessor'; @ConditionalOnMissingBean (types: org.springframework.security.authentication.AuthenticationManager,org.springframework.security.authentication.AuthenticationProvider,org.springframework.security.core.userdetails.UserDetailsService,org.springframework.security.authentication.AuthenticationManagerResolver,org.springframework.security.oauth2.jwt.JwtDecoder; SearchStrategy: all) did not find any beans (OnBeanCondition)

   UtilAutoConfiguration matched:
      - @ConditionalOnProperty (spring.cloud.util.enabled) matched (OnPropertyCondition)

   UtilAutoConfiguration#inetUtils matched:
      - @ConditionalOnMissingBean (types: org.springframework.cloud.commons.util.InetUtils; SearchStrategy: all) did not find any beans (OnBeanCondition)

   ValidationAutoConfiguration matched:
      - @ConditionalOnClass found required class 'jakarta.validation.executable.ExecutableValidator' (OnClassCondition)
      - @ConditionalOnResource found location classpath:META-INF/services/jakarta.validation.spi.ValidationProvider (OnResourceCondition)

   ValidationAutoConfiguration#defaultValidator matched:
      - @ConditionalOnMissingBean (types: jakarta.validation.Validator; SearchStrategy: all) did not find any beans (OnBeanCondition)

   ValidationAutoConfiguration#methodValidationPostProcessor matched:
      - @ConditionalOnMissingBean (types: org.springframework.validation.beanvalidation.MethodValidationPostProcessor; SearchStrategy: current) did not find any beans (OnBeanCondition)

   WebEndpointAutoConfiguration matched:
      - @ConditionalOnWebApplication (required) found 'session' scope (OnWebApplicationCondition)

   WebEndpointAutoConfiguration#controllerEndpointDiscoverer matched:
      - @ConditionalOnMissingBean (types: org.springframework.boot.actuate.endpoint.web.annotation.ControllerEndpointsSupplier; SearchStrategy: all) did not find any beans (OnBeanCondition)

   WebEndpointAutoConfiguration#endpointMediaTypes matched:
      - @ConditionalOnMissingBean (types: org.springframework.boot.actuate.endpoint.web.EndpointMediaTypes; SearchStrategy: all) did not find any beans (OnBeanCondition)

   WebEndpointAutoConfiguration#pathMappedEndpoints matched:
      - @ConditionalOnMissingBean (types: org.springframework.boot.actuate.endpoint.web.PathMappedEndpoints; SearchStrategy: all) did not find any beans (OnBeanCondition)

   WebEndpointAutoConfiguration#webEndpointDiscoverer matched:
      - @ConditionalOnMissingBean (types: org.springframework.boot.actuate.endpoint.web.WebEndpointsSupplier; SearchStrategy: all) did not find any beans (OnBeanCondition)

   WebEndpointAutoConfiguration.WebEndpointServletConfiguration matched:
      - found 'session' scope (OnWebApplicationCondition)

   WebEndpointAutoConfiguration.WebEndpointServletConfiguration#servletEndpointDiscoverer matched:
      - @ConditionalOnMissingBean (types: org.springframework.boot.actuate.endpoint.web.annotation.ServletEndpointsSupplier; SearchStrategy: all) did not find any beans (OnBeanCondition)

   WebMvcAutoConfiguration matched:
      - @ConditionalOnClass found required classes 'jakarta.servlet.Servlet', 'org.springframework.web.servlet.DispatcherServlet', 'org.springframework.web.servlet.config.annotation.WebMvcConfigurer' (OnClassCondition)
      - found 'session' scope (OnWebApplicationCondition)
      - @ConditionalOnMissingBean (types: org.springframework.web.servlet.config.annotation.WebMvcConfigurationSupport; SearchStrategy: all) did not find any beans (OnBeanCondition)

   WebMvcAutoConfiguration#formContentFilter matched:
      - @ConditionalOnProperty (spring.mvc.formcontent.filter.enabled) matched (OnPropertyCondition)
      - @ConditionalOnMissingBean (types: org.springframework.web.filter.FormContentFilter; SearchStrategy: all) did not find any beans (OnBeanCondition)

   WebMvcAutoConfiguration.EnableWebMvcConfiguration#flashMapManager matched:
      - @ConditionalOnMissingBean (names: flashMapManager; SearchStrategy: all) did not find any beans (OnBeanCondition)

   WebMvcAutoConfiguration.EnableWebMvcConfiguration#localeResolver matched:
      - @ConditionalOnMissingBean (names: localeResolver; SearchStrategy: all) did not find any beans (OnBeanCondition)

   WebMvcAutoConfiguration.EnableWebMvcConfiguration#themeResolver matched:
      - @ConditionalOnMissingBean (names: themeResolver; SearchStrategy: all) did not find any beans (OnBeanCondition)

   WebMvcAutoConfiguration.WebMvcAutoConfigurationAdapter#defaultViewResolver matched:
      - @ConditionalOnMissingBean (types: org.springframework.web.servlet.view.InternalResourceViewResolver; SearchStrategy: all) did not find any beans (OnBeanCondition)

   WebMvcAutoConfiguration.WebMvcAutoConfigurationAdapter#requestContextFilter matched:
      - @ConditionalOnMissingBean (types: org.springframework.web.context.request.RequestContextListener,org.springframework.web.filter.RequestContextFilter; SearchStrategy: all) did not find any beans (OnBeanCondition)

   WebMvcAutoConfiguration.WebMvcAutoConfigurationAdapter#viewResolver matched:
      - @ConditionalOnBean (types: org.springframework.web.servlet.ViewResolver; SearchStrategy: all) found beans 'defaultViewResolver', 'mvcViewResolver'; @ConditionalOnMissingBean (names: viewResolver types: org.springframework.web.servlet.view.ContentNegotiatingViewResolver; SearchStrategy: all) did not find any beans (OnBeanCondition)

   WebMvcEndpointManagementContextConfiguration matched:
      - @ConditionalOnClass found required class 'org.springframework.web.servlet.DispatcherServlet' (OnClassCondition)
      - found 'session' scope (OnWebApplicationCondition)
      - @ConditionalOnBean (types: org.springframework.web.servlet.DispatcherServlet,org.springframework.boot.actuate.endpoint.web.WebEndpointsSupplier; SearchStrategy: all) found beans 'webEndpointDiscoverer', 'dispatcherServlet' (OnBeanCondition)

   WebMvcEndpointManagementContextConfiguration#controllerEndpointHandlerMapping matched:
      - @ConditionalOnMissingBean (types: org.springframework.boot.actuate.endpoint.web.servlet.ControllerEndpointHandlerMapping; SearchStrategy: all) did not find any beans (OnBeanCondition)

   WebMvcEndpointManagementContextConfiguration#endpointObjectMapperWebMvcConfigurer matched:
      - @ConditionalOnBean (types: org.springframework.boot.actuate.endpoint.jackson.EndpointObjectMapper; SearchStrategy: all) found bean 'endpointObjectMapper' (OnBeanCondition)

   WebMvcEndpointManagementContextConfiguration#webEndpointServletHandlerMapping matched:
      - @ConditionalOnMissingBean (types: org.springframework.boot.actuate.endpoint.web.servlet.WebMvcEndpointHandlerMapping; SearchStrategy: all) did not find any beans (OnBeanCondition)

   WebMvcObservationAutoConfiguration matched:
      - @ConditionalOnClass found required classes 'org.springframework.web.servlet.DispatcherServlet', 'io.micrometer.observation.Observation' (OnClassCondition)
      - found 'session' scope (OnWebApplicationCondition)
      - @ConditionalOnBean (types: io.micrometer.observation.ObservationRegistry; SearchStrategy: all) found bean 'observationRegistry' (OnBeanCondition)

   WebMvcObservationAutoConfiguration#webMvcObservationFilter matched:
      - @ConditionalOnMissingBean (types: org.springframework.web.filter.ServerHttpObservationFilter; SearchStrategy: all) did not find any beans (OnBeanCondition)

   WebMvcObservationAutoConfiguration.MeterFilterConfiguration matched:
      - @ConditionalOnClass found required class 'io.micrometer.core.instrument.MeterRegistry' (OnClassCondition)
      - @ConditionalOnBean (types: io.micrometer.core.instrument.MeterRegistry; SearchStrategy: all) found bean 'prometheusMeterRegistry' (OnBeanCondition)

   WebSocketServletAutoConfiguration matched:
      - @ConditionalOnClass found required classes 'jakarta.servlet.Servlet', 'jakarta.websocket.server.ServerContainer' (OnClassCondition)
      - found 'session' scope (OnWebApplicationCondition)

   WebSocketServletAutoConfiguration.TomcatWebSocketConfiguration matched:
      - @ConditionalOnClass found required classes 'org.apache.catalina.startup.Tomcat', 'org.apache.tomcat.websocket.server.WsSci' (OnClassCondition)

   WebSocketServletAutoConfiguration.TomcatWebSocketConfiguration#websocketServletWebServerCustomizer matched:
      - @ConditionalOnMissingBean (names: websocketServletWebServerCustomizer; SearchStrategy: all) did not find any beans (OnBeanCondition)


Negative matches:
-----------------

   ActiveMQAutoConfiguration:
      Did not match:
         - @ConditionalOnClass did not find required class 'jakarta.jms.ConnectionFactory' (OnClassCondition)

   AopAutoConfiguration.AspectJAutoProxyingConfiguration.JdkDynamicAutoProxyConfiguration:
      Did not match:
         - @ConditionalOnProperty (spring.aop.proxy-target-class=false) did not find property 'proxy-target-class' (OnPropertyCondition)

   AopAutoConfiguration.ClassProxyingConfiguration:
      Did not match:
         - @ConditionalOnMissingClass found unwanted class 'org.aspectj.weaver.Advice' (OnClassCondition)

   AppOpticsMetricsExportAutoConfiguration:
      Did not match:
         - @ConditionalOnClass did not find required class 'io.micrometer.appoptics.AppOpticsMeterRegistry' (OnClassCondition)

   ArtemisAutoConfiguration:
      Did not match:
         - @ConditionalOnClass did not find required class 'jakarta.jms.ConnectionFactory' (OnClassCondition)

   AtlasMetricsExportAutoConfiguration:
      Did not match:
         - @ConditionalOnClass did not find required class 'io.micrometer.atlas.AtlasMeterRegistry' (OnClassCondition)

   AuditAutoConfiguration:
      Did not match:
         - @ConditionalOnBean (types: org.springframework.boot.actuate.audit.AuditEventRepository; SearchStrategy: all) did not find any beans of type org.springframework.boot.actuate.audit.AuditEventRepository (OnBeanCondition)
      Matched:
         - @ConditionalOnProperty (management.auditevents.enabled) matched (OnPropertyCondition)

   AuditEventsEndpointAutoConfiguration:
      Did not match:
         - @ConditionalOnAvailableEndpoint no 'management.endpoints' property marked it as exposed (OnAvailableEndpointCondition)

   AvailabilityHealthContributorAutoConfiguration#livenessStateHealthIndicator:
      Did not match:
         - @ConditionalOnProperty (management.health.livenessstate.enabled=true) did not find property 'enabled' (OnPropertyCondition)

   AvailabilityHealthContributorAutoConfiguration#readinessStateHealthIndicator:
      Did not match:
         - @ConditionalOnProperty (management.health.readinessstate.enabled=true) did not find property 'enabled' (OnPropertyCondition)

   AvailabilityProbesAutoConfiguration:
      Did not match:
         - Probes availability not running on a supported cloud platform (AvailabilityProbesAutoConfiguration.ProbesCondition)

   BatchAutoConfiguration:
      Did not match:
         - @ConditionalOnClass did not find required class 'org.springframework.batch.core.launch.JobLauncher' (OnClassCondition)

   BatchObservationAutoConfiguration:
      Did not match:
         - @ConditionalOnClass did not find required class 'org.springframework.batch.core.configuration.annotation.BatchObservabilityBeanPostProcessor' (OnClassCondition)

   BeansEndpointAutoConfiguration:
      Did not match:
         - @ConditionalOnAvailableEndpoint no 'management.endpoints' property marked it as exposed (OnAvailableEndpointCondition)

   BlockingLoadBalancerClientAutoConfiguration.BlockingLoadBalancerRetryConfig:
      Did not match:
         - @ConditionalOnClass did not find required class 'org.springframework.retry.support.RetryTemplate' (OnClassCondition)

   BraveAutoConfiguration:
      Did not match:
         - @ConditionalOnClass did not find required class 'brave.Tracer' (OnClassCondition)

   Cache2kCacheConfiguration:
      Did not match:
         - @ConditionalOnClass did not find required class 'org.cache2k.Cache2kBuilder' (OnClassCondition)

   CacheAutoConfiguration:
      Did not match:
         - @ConditionalOnBean (types: org.springframework.cache.interceptor.CacheAspectSupport; SearchStrategy: all) did not find any beans of type org.springframework.cache.interceptor.CacheAspectSupport (OnBeanCondition)
      Matched:
         - @ConditionalOnClass found required class 'org.springframework.cache.CacheManager' (OnClassCondition)

   CacheAutoConfiguration.CacheManagerEntityManagerFactoryDependsOnPostProcessor:
      Did not match:
         - Ancestor org.springframework.boot.autoconfigure.cache.CacheAutoConfiguration did not match (ConditionEvaluationReport.AncestorsMatchedCondition)
      Matched:
         - @ConditionalOnClass found required class 'org.springframework.orm.jpa.LocalContainerEntityManagerFactoryBean' (OnClassCondition)

   CacheMeterBinderProvidersConfiguration.Cache2kCacheMeterBinderProviderConfiguration:
      Did not match:
         - @ConditionalOnClass did not find required classes 'org.cache2k.Cache2kBuilder', 'org.cache2k.extra.spring.SpringCache2kCache', 'org.cache2k.extra.micrometer.Cache2kCacheMetrics' (OnClassCondition)

   CacheMeterBinderProvidersConfiguration.CaffeineCacheMeterBinderProviderConfiguration:
      Did not match:
         - @ConditionalOnClass did not find required class 'com.github.benmanes.caffeine.cache.Cache' (OnClassCondition)

   CacheMeterBinderProvidersConfiguration.HazelcastCacheMeterBinderProviderConfiguration:
      Did not match:
         - @ConditionalOnClass did not find required classes 'com.hazelcast.spring.cache.HazelcastCache', 'com.hazelcast.core.Hazelcast' (OnClassCondition)

   CacheMeterBinderProvidersConfiguration.JCacheCacheMeterBinderProviderConfiguration:
      Did not match:
         - @ConditionalOnClass did not find required class 'javax.cache.CacheManager' (OnClassCondition)

   CacheMeterBinderProvidersConfiguration.RedisCacheMeterBinderProviderConfiguration:
      Did not match:
         - @ConditionalOnClass did not find required class 'org.springframework.data.redis.cache.RedisCache' (OnClassCondition)

   CacheMetricsAutoConfiguration:
      Did not match:
         - @ConditionalOnBean (types: org.springframework.cache.CacheManager; SearchStrategy: all) did not find any beans of type org.springframework.cache.CacheManager (OnBeanCondition)

   CachesEndpointAutoConfiguration:
      Did not match:
         - @ConditionalOnAvailableEndpoint no 'management.endpoints' property marked it as exposed (OnAvailableEndpointCondition)
      Matched:
         - @ConditionalOnClass found required class 'org.springframework.cache.CacheManager' (OnClassCondition)

   CaffeineCacheConfiguration:
      Did not match:
         - @ConditionalOnClass did not find required class 'com.github.benmanes.caffeine.cache.Caffeine' (OnClassCondition)

   CassandraAutoConfiguration:
      Did not match:
         - @ConditionalOnClass did not find required class 'com.datastax.oss.driver.api.core.CqlSession' (OnClassCondition)

   CassandraDataAutoConfiguration:
      Did not match:
         - @ConditionalOnClass did not find required class 'com.datastax.oss.driver.api.core.CqlSession' (OnClassCondition)

   CassandraHealthContributorAutoConfiguration:
      Did not match:
         - @ConditionalOnClass did not find required class 'com.datastax.oss.driver.api.core.CqlSession' (OnClassCondition)

   CassandraReactiveDataAutoConfiguration:
      Did not match:
         - @ConditionalOnClass did not find required class 'com.datastax.oss.driver.api.core.CqlSession' (OnClassCondition)

   CassandraReactiveHealthContributorAutoConfiguration:
      Did not match:
         - @ConditionalOnClass did not find required class 'com.datastax.oss.driver.api.core.CqlSession' (OnClassCondition)

   CassandraReactiveRepositoriesAutoConfiguration:
      Did not match:
         - @ConditionalOnClass did not find required class 'org.springframework.data.cassandra.ReactiveSession' (OnClassCondition)

   CassandraRepositoriesAutoConfiguration:
      Did not match:
         - @ConditionalOnClass did not find required class 'com.datastax.oss.driver.api.core.CqlSession' (OnClassCondition)

   ClientHttpConnectorAutoConfiguration:
      Did not match:
         - @ConditionalOnClass did not find required class 'org.springframework.web.reactive.function.client.WebClient' (OnClassCondition)

   CloudFoundryActuatorAutoConfiguration:
      Did not match:
         - @ConditionalOnCloudPlatform did not find CLOUD_FOUNDRY (OnCloudPlatformCondition)
      Matched:
         - @ConditionalOnClass found required class 'org.springframework.web.servlet.DispatcherServlet' (OnClassCondition)
         - found 'session' scope (OnWebApplicationCondition)
         - @ConditionalOnProperty (management.cloudfoundry.enabled) matched (OnPropertyCondition)

   CloudHypermediaAutoConfiguration:
      Did not match:
         - @ConditionalOnClass did not find required class 'org.springframework.hateoas.Link' (OnClassCondition)

   CodecsAutoConfiguration:
      Did not match:
         - @ConditionalOnClass did not find required class 'org.springframework.web.reactive.function.client.WebClient' (OnClassCondition)

   CommonsClientAutoConfiguration.ActuatorConfiguration#featuresEndpoint:
      Did not match:
         - @ConditionalOnAvailableEndpoint no 'management.endpoints' property marked it as exposed (OnAvailableEndpointCondition)

   CompositeMeterRegistryConfiguration:
      Did not match:
         - NoneNestedConditions 1 matched 1 did not; NestedCondition on CompositeMeterRegistryConfiguration.MultipleNonPrimaryMeterRegistriesCondition.SingleInjectableMeterRegistry @ConditionalOnSingleCandidate (types: io.micrometer.core.instrument.MeterRegistry; SearchStrategy: all) found a single bean 'prometheusMeterRegistry'; NestedCondition on CompositeMeterRegistryConfiguration.MultipleNonPrimaryMeterRegistriesCondition.NoMeterRegistryCondition @ConditionalOnMissingBean (types: io.micrometer.core.instrument.MeterRegistry; SearchStrategy: all) found beans of type 'io.micrometer.core.instrument.MeterRegistry' prometheusMeterRegistry (CompositeMeterRegistryConfiguration.MultipleNonPrimaryMeterRegistriesCondition)

   ConditionsReportEndpointAutoConfiguration:
      Did not match:
         - @ConditionalOnAvailableEndpoint no 'management.endpoints' property marked it as exposed (OnAvailableEndpointCondition)

   ConfigClientAutoConfiguration#configClientProperties:
      Did not match:
         - @ConditionalOnMissingBean (types: org.springframework.cloud.config.client.ConfigClientProperties; SearchStrategy: all) found beans of type 'org.springframework.cloud.config.client.ConfigClientProperties' configDataConfigClientProperties, configClientProperties (OnBeanCondition)

   ConfigClientAutoConfiguration.ConfigClientWatchConfiguration:
      Did not match:
         - @ConditionalOnProperty (spring.cloud.config.watch.enabled) did not find property 'spring.cloud.config.watch.enabled' (OnPropertyCondition)
      Matched:
         - @ConditionalOnClass found required class 'org.springframework.cloud.context.refresh.ContextRefresher' (OnClassCondition)

   ConfigurationPropertiesReportEndpointAutoConfiguration:
      Did not match:
         - @ConditionalOnAvailableEndpoint no 'management.endpoints' property marked it as exposed (OnAvailableEndpointCondition)

   ConnectionFactoryHealthContributorAutoConfiguration:
      Did not match:
         - @ConditionalOnClass did not find required class 'io.r2dbc.spi.ConnectionFactory' (OnClassCondition)

   ConnectionPoolMetricsAutoConfiguration:
      Did not match:
         - @ConditionalOnClass did not find required class 'io.r2dbc.pool.ConnectionPool' (OnClassCondition)

   CouchbaseAutoConfiguration:
      Did not match:
         - @ConditionalOnClass did not find required class 'com.couchbase.client.java.Cluster' (OnClassCondition)

   CouchbaseCacheConfiguration:
      Did not match:
         - @ConditionalOnClass did not find required class 'com.couchbase.client.java.Cluster' (OnClassCondition)

   CouchbaseDataAutoConfiguration:
      Did not match:
         - @ConditionalOnClass did not find required class 'com.couchbase.client.java.Bucket' (OnClassCondition)

   CouchbaseHealthContributorAutoConfiguration:
      Did not match:
         - @ConditionalOnClass did not find required class 'com.couchbase.client.java.Cluster' (OnClassCondition)

   CouchbaseReactiveDataAutoConfiguration:
      Did not match:
         - @ConditionalOnClass did not find required class 'com.couchbase.client.java.Cluster' (OnClassCondition)

   CouchbaseReactiveHealthContributorAutoConfiguration:
      Did not match:
         - @ConditionalOnClass did not find required class 'com.couchbase.client.java.Cluster' (OnClassCondition)

   CouchbaseReactiveRepositoriesAutoConfiguration:
      Did not match:
         - @ConditionalOnClass did not find required class 'com.couchbase.client.java.Cluster' (OnClassCondition)

   CouchbaseRepositoriesAutoConfiguration:
      Did not match:
         - @ConditionalOnClass did not find required class 'com.couchbase.client.java.Bucket' (OnClassCondition)

   DataSourceAutoConfiguration.EmbeddedDatabaseConfiguration:
      Did not match:
         - EmbeddedDataSource spring.datasource.url is set (DataSourceAutoConfiguration.EmbeddedDatabaseCondition)

   DataSourceCheckpointRestoreConfiguration:
      Did not match:
         - @ConditionalOnClass did not find required class 'org.crac.Resource' (OnClassCondition)

   DataSourceConfiguration.Dbcp2:
      Did not match:
         - @ConditionalOnClass did not find required class 'org.apache.commons.dbcp2.BasicDataSource' (OnClassCondition)

   DataSourceConfiguration.Generic:
      Did not match:
         - @ConditionalOnProperty (spring.datasource.type) did not find property 'spring.datasource.type' (OnPropertyCondition)

   DataSourceConfiguration.OracleUcp:
      Did not match:
         - @ConditionalOnClass did not find required classes 'oracle.ucp.jdbc.PoolDataSourceImpl', 'oracle.jdbc.OracleConnection' (OnClassCondition)

   DataSourceConfiguration.Tomcat:
      Did not match:
         - @ConditionalOnClass did not find required class 'org.apache.tomcat.jdbc.pool.DataSource' (OnClassCondition)

   DataSourceJmxConfiguration.TomcatDataSourceJmxConfiguration:
      Did not match:
         - @ConditionalOnClass did not find required class 'org.apache.tomcat.jdbc.pool.DataSourceProxy' (OnClassCondition)

   DataSourcePoolMetadataProvidersConfiguration.CommonsDbcp2PoolDataSourceMetadataProviderConfiguration:
      Did not match:
         - @ConditionalOnClass did not find required class 'org.apache.commons.dbcp2.BasicDataSource' (OnClassCondition)

   DataSourcePoolMetadataProvidersConfiguration.OracleUcpPoolDataSourceMetadataProviderConfiguration:
      Did not match:
         - @ConditionalOnClass did not find required classes 'oracle.ucp.jdbc.PoolDataSource', 'oracle.jdbc.OracleConnection' (OnClassCondition)

   DataSourcePoolMetadataProvidersConfiguration.TomcatDataSourcePoolMetadataProviderConfiguration:
      Did not match:
         - @ConditionalOnClass did not find required class 'org.apache.tomcat.jdbc.pool.DataSource' (OnClassCondition)

   DataSourceTransactionManagerAutoConfiguration.JdbcTransactionManagerConfiguration#transactionManager:
      Did not match:
         - @ConditionalOnMissingBean (types: org.springframework.transaction.TransactionManager; SearchStrategy: all) found beans of type 'org.springframework.transaction.TransactionManager' transactionManager (OnBeanCondition)

   DatadogMetricsExportAutoConfiguration:
      Did not match:
         - @ConditionalOnClass did not find required class 'io.micrometer.datadog.DatadogMeterRegistry' (OnClassCondition)

   DefaultFeignLoadBalancerConfiguration#feignRetryClient:
      Did not match:
         - @ConditionalOnClass did not find required class 'org.springframework.retry.support.RetryTemplate' (OnClassCondition)

   DiscoveryClientOptionalArgsConfiguration.DiscoveryClientOptionalArgsTlsConfiguration:
      Did not match:
         - @ConditionalOnClass did not find required class 'org.glassfish.jersey.client.JerseyClient' (OnClassCondition)

   DiscoveryClientOptionalArgsConfiguration.WebClientConfiguration:
      Did not match:
         - @ConditionalOnClass did not find required class 'org.springframework.web.reactive.function.client.WebClient' (OnClassCondition)

   DiscoveryClientOptionalArgsConfiguration.WebClientNotFoundConfiguration:
      Did not match:
         - @ConditionalOnProperty (eureka.client.webclient.enabled=true) did not find property 'webclient.enabled' (OnPropertyCondition)
      Matched:
         - @ConditionalOnMissingClass did not find unwanted classes 'org.glassfish.jersey.client.JerseyClient', 'org.springframework.web.reactive.function.client.WebClient' (OnClassCondition)

   DispatcherServletAutoConfiguration.DispatcherServletConfiguration#multipartResolver:
      Did not match:
         - @ConditionalOnBean (types: org.springframework.web.multipart.MultipartResolver; SearchStrategy: all) did not find any beans of type org.springframework.web.multipart.MultipartResolver (OnBeanCondition)

   DynatraceMetricsExportAutoConfiguration:
      Did not match:
         - @ConditionalOnClass did not find required class 'io.micrometer.dynatrace.DynatraceMeterRegistry' (OnClassCondition)

   ElasticMetricsExportAutoConfiguration:
      Did not match:
         - @ConditionalOnClass did not find required class 'io.micrometer.elastic.ElasticMeterRegistry' (OnClassCondition)

   ElasticsearchClientAutoConfiguration:
      Did not match:
         - @ConditionalOnClass did not find required class 'co.elastic.clients.elasticsearch.ElasticsearchClient' (OnClassCondition)

   ElasticsearchDataAutoConfiguration:
      Did not match:
         - @ConditionalOnClass did not find required class 'org.springframework.data.elasticsearch.client.elc.ElasticsearchTemplate' (OnClassCondition)

   ElasticsearchReactiveHealthContributorAutoConfiguration:
      Did not match:
         - @ConditionalOnClass did not find required class 'org.springframework.data.elasticsearch.client.elc.ReactiveElasticsearchClient' (OnClassCondition)

   ElasticsearchRepositoriesAutoConfiguration:
      Did not match:
         - @ConditionalOnClass did not find required class 'org.springframework.data.elasticsearch.repository.ElasticsearchRepository' (OnClassCondition)

   ElasticsearchRestClientAutoConfiguration:
      Did not match:
         - @ConditionalOnClass did not find required class 'org.elasticsearch.client.RestClientBuilder' (OnClassCondition)

   ElasticsearchRestHealthContributorAutoConfiguration:
      Did not match:
         - @ConditionalOnClass did not find required class 'org.elasticsearch.client.RestClient' (OnClassCondition)

   EmbeddedLdapAutoConfiguration:
      Did not match:
         - @ConditionalOnClass did not find required class 'com.unboundid.ldap.listener.InMemoryDirectoryServer' (OnClassCondition)

   EmbeddedWebServerFactoryCustomizerAutoConfiguration.JettyWebServerFactoryCustomizerConfiguration:
      Did not match:
         - @ConditionalOnClass did not find required classes 'org.eclipse.jetty.server.Server', 'org.eclipse.jetty.util.Loader', 'org.eclipse.jetty.ee10.webapp.WebAppContext' (OnClassCondition)

   EmbeddedWebServerFactoryCustomizerAutoConfiguration.NettyWebServerFactoryCustomizerConfiguration:
      Did not match:
         - @ConditionalOnClass did not find required class 'reactor.netty.http.server.HttpServer' (OnClassCondition)

   EmbeddedWebServerFactoryCustomizerAutoConfiguration.TomcatWebServerFactoryCustomizerConfiguration#tomcatVirtualThreadsProtocolHandlerCustomizer:
      Did not match:
         - @ConditionalOnThreading did not find VIRTUAL (OnThreadingCondition)

   EmbeddedWebServerFactoryCustomizerAutoConfiguration.UndertowWebServerFactoryCustomizerConfiguration:
      Did not match:
         - @ConditionalOnClass did not find required classes 'io.undertow.Undertow', 'org.xnio.SslClientAuthMode' (OnClassCondition)

   EnvironmentEndpointAutoConfiguration:
      Did not match:
         - @ConditionalOnAvailableEndpoint no 'management.endpoints' property marked it as exposed (OnAvailableEndpointCondition)

   ErrorMvcAutoConfiguration.WhitelabelErrorViewConfiguration:
      Did not match:
         - @ConditionalOnProperty (server.error.whitelabel.enabled) found different value in property 'enabled' (OnPropertyCondition)

   ErrorWebFluxAutoConfiguration:
      Did not match:
         - @ConditionalOnClass did not find required class 'org.springframework.web.reactive.config.WebFluxConfigurer' (OnClassCondition)

   EurekaClientAutoConfiguration.EurekaClientConfiguration:
      Did not match:
         - AnyNestedCondition 0 matched 3 did not; NestedCondition on EurekaClientAutoConfiguration.OnMissingRefreshScopeCondition.OnPropertyDisabled @ConditionalOnProperty (eureka.client.refresh.enable=false) did not find property 'eureka.client.refresh.enable'; NestedCondition on EurekaClientAutoConfiguration.OnMissingRefreshScopeCondition.MissingScope @ConditionalOnMissingBean (types: org.springframework.cloud.autoconfigure.RefreshAutoConfiguration; SearchStrategy: all) found beans of type 'org.springframework.cloud.autoconfigure.RefreshAutoConfiguration' org.springframework.cloud.autoconfigure.RefreshAutoConfiguration; NestedCondition on EurekaClientAutoConfiguration.OnMissingRefreshScopeCondition.MissingClass @ConditionalOnMissingClass found unwanted class 'org.springframework.cloud.context.scope.refresh.RefreshScope' (EurekaClientAutoConfiguration.OnMissingRefreshScopeCondition)

   EurekaClientConfigServerAutoConfiguration:
      Did not match:
         - @ConditionalOnClass did not find required class 'org.springframework.cloud.config.server.config.ConfigServerProperties' (OnClassCondition)

   EurekaReactiveDiscoveryClientConfiguration:
      Did not match:
         - @ConditionalOnClass did not find required class 'org.springframework.web.reactive.function.client.WebClient' (OnClassCondition)

   FeignAcceptGzipEncodingAutoConfiguration:
      Did not match:
         - @ConditionalOnProperty (spring.cloud.openfeign.compression.response.enabled) did not find property 'spring.cloud.openfeign.compression.response.enabled' (OnPropertyCondition)
      Matched:
         - @ConditionalOnClass found required class 'feign.Feign' (OnClassCondition)

   FeignAutoConfiguration#cachingCapability:
      Did not match:
         - @ConditionalOnBean (types: org.springframework.cache.interceptor.CacheInterceptor; SearchStrategy: all) did not find any beans of type org.springframework.cache.interceptor.CacheInterceptor (OnBeanCondition)
      Matched:
         - @ConditionalOnProperty (spring.cloud.openfeign.cache.enabled) matched (OnPropertyCondition)

   FeignAutoConfiguration.CircuitBreakerPresentFeignTargeterConfiguration:
      Did not match:
         - @ConditionalOnProperty (spring.cloud.openfeign.circuitbreaker.enabled=true) did not find property 'spring.cloud.openfeign.circuitbreaker.enabled' (OnPropertyCondition)
      Matched:
         - @ConditionalOnClass found required class 'org.springframework.cloud.client.circuitbreaker.CircuitBreaker' (OnClassCondition)

   FeignAutoConfiguration.Http2ClientFeignConfiguration:
      Did not match:
         - @ConditionalOnClass did not find required class 'feign.http2client.Http2Client' (OnClassCondition)

   FeignAutoConfiguration.HttpClient5FeignConfiguration:
      Did not match:
         - @ConditionalOnClass did not find required class 'feign.hc5.ApacheHttp5Client' (OnClassCondition)

   FeignAutoConfiguration.Oauth2FeignConfiguration:
      Did not match:
         - @ConditionalOnClass did not find required class 'org.springframework.security.oauth2.client.OAuth2AuthorizedClientManager' (OnClassCondition)

   FeignAutoConfiguration.OkHttpFeignConfiguration:
      Did not match:
         - @ConditionalOnClass did not find required class 'feign.okhttp.OkHttpClient' (OnClassCondition)

   FeignContentGzipEncodingAutoConfiguration:
      Did not match:
         - @ConditionalOnProperty (spring.cloud.openfeign.compression.request.enabled) did not find property 'spring.cloud.openfeign.compression.request.enabled' (OnPropertyCondition)
      Matched:
         - @ConditionalOnClass found required class 'feign.Feign' (OnClassCondition)

   FeignHalAutoConfiguration:
      Did not match:
         - @ConditionalOnClass did not find required class 'org.springframework.hateoas.config.WebConverters' (OnClassCondition)

   FlywayAutoConfiguration:
      Did not match:
         - @ConditionalOnClass did not find required class 'org.flywaydb.core.Flyway' (OnClassCondition)

   FlywayEndpointAutoConfiguration:
      Did not match:
         - @ConditionalOnClass did not find required class 'org.flywaydb.core.Flyway' (OnClassCondition)

   FreeMarkerAutoConfiguration:
      Did not match:
         - @ConditionalOnClass did not find required class 'freemarker.template.Configuration' (OnClassCondition)

   GangliaMetricsExportAutoConfiguration:
      Did not match:
         - @ConditionalOnClass did not find required class 'io.micrometer.ganglia.GangliaMeterRegistry' (OnClassCondition)

   GraphQlAutoConfiguration:
      Did not match:
         - @ConditionalOnClass did not find required class 'graphql.GraphQL' (OnClassCondition)

   GraphQlObservationAutoConfiguration:
      Did not match:
         - @ConditionalOnClass did not find required class 'graphql.GraphQL' (OnClassCondition)

   GraphQlQueryByExampleAutoConfiguration:
      Did not match:
         - @ConditionalOnClass did not find required class 'graphql.GraphQL' (OnClassCondition)

   GraphQlQuerydslAutoConfiguration:
      Did not match:
         - @ConditionalOnClass did not find required class 'com.querydsl.core.Query' (OnClassCondition)

   GraphQlRSocketAutoConfiguration:
      Did not match:
         - @ConditionalOnClass did not find required class 'graphql.GraphQL' (OnClassCondition)

   GraphQlReactiveQueryByExampleAutoConfiguration:
      Did not match:
         - @ConditionalOnClass did not find required class 'graphql.GraphQL' (OnClassCondition)

   GraphQlReactiveQuerydslAutoConfiguration:
      Did not match:
         - @ConditionalOnClass did not find required class 'com.querydsl.core.Query' (OnClassCondition)

   GraphQlWebFluxAutoConfiguration:
      Did not match:
         - @ConditionalOnClass did not find required class 'graphql.GraphQL' (OnClassCondition)

   GraphQlWebFluxSecurityAutoConfiguration:
      Did not match:
         - @ConditionalOnClass did not find required class 'graphql.GraphQL' (OnClassCondition)

   GraphQlWebMvcAutoConfiguration:
      Did not match:
         - @ConditionalOnClass did not find required class 'graphql.GraphQL' (OnClassCondition)

   GraphQlWebMvcSecurityAutoConfiguration:
      Did not match:
         - @ConditionalOnClass did not find required class 'graphql.GraphQL' (OnClassCondition)

   GraphiteMetricsExportAutoConfiguration:
      Did not match:
         - @ConditionalOnClass did not find required class 'io.micrometer.graphite.GraphiteMeterRegistry' (OnClassCondition)

   GroovyTemplateAutoConfiguration:
      Did not match:
         - @ConditionalOnClass did not find required class 'groovy.text.markup.MarkupTemplateEngine' (OnClassCondition)

   GsonHttpMessageConvertersConfiguration.GsonHttpMessageConverterConfiguration:
      Did not match:
         - AnyNestedCondition 0 matched 2 did not; NestedCondition on GsonHttpMessageConvertersConfiguration.PreferGsonOrJacksonAndJsonbUnavailableCondition.JacksonJsonbUnavailable NoneNestedConditions 1 matched 1 did not; NestedCondition on GsonHttpMessageConvertersConfiguration.JacksonAndJsonbUnavailableCondition.JsonbPreferred @ConditionalOnProperty (spring.mvc.converters.preferred-json-mapper=jsonb) did not find property 'spring.mvc.converters.preferred-json-mapper'; NestedCondition on GsonHttpMessageConvertersConfiguration.JacksonAndJsonbUnavailableCondition.JacksonAvailable @ConditionalOnBean (types: org.springframework.http.converter.json.MappingJackson2HttpMessageConverter; SearchStrategy: all) found bean 'mappingJackson2HttpMessageConverter'; NestedCondition on GsonHttpMessageConvertersConfiguration.PreferGsonOrJacksonAndJsonbUnavailableCondition.GsonPreferred @ConditionalOnProperty (spring.mvc.converters.preferred-json-mapper=gson) did not find property 'spring.mvc.converters.preferred-json-mapper' (GsonHttpMessageConvertersConfiguration.PreferGsonOrJacksonAndJsonbUnavailableCondition)

   H2ConsoleAutoConfiguration:
      Did not match:
         - @ConditionalOnClass did not find required class 'org.h2.server.web.JakartaWebServlet' (OnClassCondition)

   HazelcastAutoConfiguration:
      Did not match:
         - @ConditionalOnClass did not find required class 'com.hazelcast.core.HazelcastInstance' (OnClassCondition)

   HazelcastCacheConfiguration:
      Did not match:
         - @ConditionalOnClass did not find required class 'com.hazelcast.core.HazelcastInstance' (OnClassCondition)

   HazelcastHealthContributorAutoConfiguration:
      Did not match:
         - @ConditionalOnClass did not find required class 'com.hazelcast.core.HazelcastInstance' (OnClassCondition)

   HazelcastJpaDependencyAutoConfiguration:
      Did not match:
         - @ConditionalOnClass did not find required class 'com.hazelcast.core.HazelcastInstance' (OnClassCondition)

   HealthEndpointReactiveWebExtensionConfiguration:
      Did not match:
         - did not find reactive web application classes (OnWebApplicationCondition)

   HealthEndpointWebExtensionConfiguration.JerseyAdditionalHealthEndpointPathsConfiguration:
      Did not match:
         - @ConditionalOnClass did not find required class 'org.glassfish.jersey.server.ResourceConfig' (OnClassCondition)

   HeapDumpWebEndpointAutoConfiguration:
      Did not match:
         - @ConditionalOnAvailableEndpoint no 'management.endpoints' property marked it as exposed (OnAvailableEndpointCondition)

   HibernateMetricsAutoConfiguration:
      Did not match:
         - @ConditionalOnClass did not find required class 'org.hibernate.stat.HibernateMetrics' (OnClassCondition)

   Http2ClientFeignLoadBalancerConfiguration:
      Did not match:
         - @ConditionalOnClass did not find required class 'feign.http2client.Http2Client' (OnClassCondition)

   HttpClient5FeignLoadBalancerConfiguration:
      Did not match:
         - @ConditionalOnClass did not find required class 'feign.hc5.ApacheHttp5Client' (OnClassCondition)

   HttpExchangesAutoConfiguration:
      Did not match:
         - @ConditionalOnBean (types: org.springframework.boot.actuate.web.exchanges.HttpExchangeRepository; SearchStrategy: all) did not find any beans of type org.springframework.boot.actuate.web.exchanges.HttpExchangeRepository (OnBeanCondition)
      Matched:
         - @ConditionalOnWebApplication (required) found 'session' scope (OnWebApplicationCondition)
         - @ConditionalOnProperty (management.httpexchanges.recording.enabled) matched (OnPropertyCondition)

   HttpExchangesAutoConfiguration.ReactiveHttpExchangesConfiguration:
      Did not match:
         - did not find reactive web application classes (OnWebApplicationCondition)
         - Ancestor org.springframework.boot.actuate.autoconfigure.web.exchanges.HttpExchangesAutoConfiguration did not match (ConditionEvaluationReport.AncestorsMatchedCondition)

   HttpExchangesAutoConfiguration.ServletHttpExchangesConfiguration:
      Did not match:
         - Ancestor org.springframework.boot.actuate.autoconfigure.web.exchanges.HttpExchangesAutoConfiguration did not match (ConditionEvaluationReport.AncestorsMatchedCondition)
      Matched:
         - found 'session' scope (OnWebApplicationCondition)

   HttpExchangesEndpointAutoConfiguration:
      Did not match:
         - @ConditionalOnAvailableEndpoint no 'management.endpoints' property marked it as exposed (OnAvailableEndpointCondition)

   HttpHandlerAutoConfiguration:
      Did not match:
         - @ConditionalOnClass did not find required class 'org.springframework.web.reactive.DispatcherHandler' (OnClassCondition)

   HumioMetricsExportAutoConfiguration:
      Did not match:
         - @ConditionalOnClass did not find required class 'io.micrometer.humio.HumioMeterRegistry' (OnClassCondition)

   HypermediaAutoConfiguration:
      Did not match:
         - @ConditionalOnClass did not find required class 'org.springframework.hateoas.EntityModel' (OnClassCondition)

   InfinispanCacheConfiguration:
      Did not match:
         - @ConditionalOnClass did not find required class 'org.infinispan.spring.embedded.provider.SpringEmbeddedCacheManager' (OnClassCondition)

   InfluxDbAutoConfiguration:
      Did not match:
         - @ConditionalOnClass did not find required class 'org.influxdb.InfluxDB' (OnClassCondition)

   InfluxDbHealthContributorAutoConfiguration:
      Did not match:
         - @ConditionalOnClass did not find required class 'org.influxdb.InfluxDB' (OnClassCondition)

   InfluxMetricsExportAutoConfiguration:
      Did not match:
         - @ConditionalOnClass did not find required class 'io.micrometer.influx.InfluxMeterRegistry' (OnClassCondition)

   InfoContributorAutoConfiguration#buildInfoContributor:
      Did not match:
         - @ConditionalOnSingleCandidate (types: org.springframework.boot.info.BuildProperties; SearchStrategy: all) did not find any beans (OnBeanCondition)
      Matched:
         - @ConditionalOnEnabledInfoContributor management.info.defaults.enabled is considered true (OnEnabledInfoContributorCondition)

   InfoContributorAutoConfiguration#gitInfoContributor:
      Did not match:
         - @ConditionalOnSingleCandidate (types: org.springframework.boot.info.GitProperties; SearchStrategy: all) did not find any beans (OnBeanCondition)
      Matched:
         - @ConditionalOnEnabledInfoContributor management.info.defaults.enabled is considered true (OnEnabledInfoContributorCondition)

   InfoContributorAutoConfiguration#osInfoContributor:
      Did not match:
         - @ConditionalOnEnabledInfoContributor management.info.os.enabled is not true (OnEnabledInfoContributorCondition)

   IntegrationAutoConfiguration:
      Did not match:
         - @ConditionalOnClass did not find required class 'org.springframework.integration.config.EnableIntegration' (OnClassCondition)

   IntegrationGraphEndpointAutoConfiguration:
      Did not match:
         - @ConditionalOnClass did not find required class 'org.springframework.integration.graph.IntegrationGraphServer' (OnClassCondition)

   JCacheCacheConfiguration:
      Did not match:
         - @ConditionalOnClass did not find required class 'javax.cache.Caching' (OnClassCondition)

   JacksonHttpMessageConvertersConfiguration.MappingJackson2XmlHttpMessageConverterConfiguration:
      Did not match:
         - @ConditionalOnClass did not find required class 'com.fasterxml.jackson.dataformat.xml.XmlMapper' (OnClassCondition)

   JdbcRepositoriesAutoConfiguration:
      Did not match:
         - @ConditionalOnClass did not find required class 'org.springframework.data.jdbc.repository.config.AbstractJdbcConfiguration' (OnClassCondition)

   JerseyAutoConfiguration:
      Did not match:
         - @ConditionalOnClass did not find required class 'org.glassfish.jersey.server.spring.SpringComponentProvider' (OnClassCondition)

   JerseySameManagementContextConfiguration:
      Did not match:
         - @ConditionalOnClass did not find required class 'org.glassfish.jersey.server.ResourceConfig' (OnClassCondition)

   JerseyServerMetricsAutoConfiguration:
      Did not match:
         - @ConditionalOnClass did not find required class 'io.micrometer.core.instrument.binder.jersey.server.MetricsApplicationEventListener' (OnClassCondition)

   JerseyWebEndpointManagementContextConfiguration:
      Did not match:
         - @ConditionalOnClass did not find required class 'org.glassfish.jersey.server.ResourceConfig' (OnClassCondition)

   JettyMetricsAutoConfiguration:
      Did not match:
         - @ConditionalOnClass did not find required class 'org.eclipse.jetty.server.Server' (OnClassCondition)

   JmsAutoConfiguration:
      Did not match:
         - @ConditionalOnClass did not find required class 'jakarta.jms.Message' (OnClassCondition)

   JmsHealthContributorAutoConfiguration:
      Did not match:
         - @ConditionalOnClass did not find required class 'jakarta.jms.ConnectionFactory' (OnClassCondition)

   JmsTemplateObservationAutoConfiguration:
      Did not match:
         - @ConditionalOnClass did not find required class 'jakarta.jms.Message' (OnClassCondition)

   JmxAutoConfiguration:
      Did not match:
         - @ConditionalOnProperty (spring.jmx.enabled=true) did not find property 'enabled' (OnPropertyCondition)
      Matched:
         - @ConditionalOnClass found required class 'org.springframework.jmx.export.MBeanExporter' (OnClassCondition)

   JmxEndpointAutoConfiguration:
      Did not match:
         - @ConditionalOnProperty (spring.jmx.enabled=true) did not find property 'enabled' (OnPropertyCondition)

   JmxMetricsExportAutoConfiguration:
      Did not match:
         - @ConditionalOnClass did not find required class 'io.micrometer.jmx.JmxMeterRegistry' (OnClassCondition)

   JndiConnectionFactoryAutoConfiguration:
      Did not match:
         - @ConditionalOnClass did not find required class 'org.springframework.jms.core.JmsTemplate' (OnClassCondition)

   JndiDataSourceAutoConfiguration:
      Did not match:
         - @ConditionalOnProperty (spring.datasource.jndi-name) did not find property 'jndi-name' (OnPropertyCondition)
      Matched:
         - @ConditionalOnClass found required classes 'javax.sql.DataSource', 'org.springframework.jdbc.datasource.embedded.EmbeddedDatabaseType' (OnClassCondition)

   JndiJtaConfiguration:
      Did not match:
         - @ConditionalOnJndi JNDI environment is not available (OnJndiCondition)
      Matched:
         - @ConditionalOnClass found required class 'org.springframework.transaction.jta.JtaTransactionManager' (OnClassCondition)

   JooqAutoConfiguration:
      Did not match:
         - @ConditionalOnClass did not find required class 'org.jooq.DSLContext' (OnClassCondition)

   JpaRepositoriesAutoConfiguration#entityManagerFactoryBootstrapExecutorCustomizer:
      Did not match:
         - AnyNestedCondition 0 matched 2 did not; NestedCondition on JpaRepositoriesAutoConfiguration.BootstrapExecutorCondition.LazyBootstrapMode @ConditionalOnProperty (spring.data.jpa.repositories.bootstrap-mode=lazy) did not find property 'bootstrap-mode'; NestedCondition on JpaRepositoriesAutoConfiguration.BootstrapExecutorCondition.DeferredBootstrapMode @ConditionalOnProperty (spring.data.jpa.repositories.bootstrap-mode=deferred) did not find property 'bootstrap-mode' (JpaRepositoriesAutoConfiguration.BootstrapExecutorCondition)

   JsonbAutoConfiguration:
      Did not match:
         - @ConditionalOnClass did not find required class 'jakarta.json.bind.Jsonb' (OnClassCondition)

   JsonbHttpMessageConvertersConfiguration:
      Did not match:
         - @ConditionalOnClass did not find required class 'jakarta.json.bind.Jsonb' (OnClassCondition)

   KafkaAutoConfiguration:
      Did not match:
         - @ConditionalOnClass did not find required class 'org.springframework.kafka.core.KafkaTemplate' (OnClassCondition)

   KafkaMetricsAutoConfiguration:
      Did not match:
         - @ConditionalOnClass did not find required class 'org.springframework.kafka.core.ProducerFactory' (OnClassCondition)

   KairosMetricsExportAutoConfiguration:
      Did not match:
         - @ConditionalOnClass did not find required class 'io.micrometer.kairos.KairosMeterRegistry' (OnClassCondition)

   LdapAutoConfiguration:
      Did not match:
         - @ConditionalOnClass did not find required class 'org.springframework.ldap.core.ContextSource' (OnClassCondition)

   LdapHealthContributorAutoConfiguration:
      Did not match:
         - @ConditionalOnClass did not find required class 'org.springframework.ldap.core.LdapOperations' (OnClassCondition)

   LdapRepositoriesAutoConfiguration:
      Did not match:
         - @ConditionalOnClass did not find required class 'org.springframework.data.ldap.repository.LdapRepository' (OnClassCondition)

   LettuceMetricsAutoConfiguration:
      Did not match:
         - @ConditionalOnClass did not find required class 'io.lettuce.core.metrics.MicrometerCommandLatencyRecorder' (OnClassCondition)

   LiquibaseAutoConfiguration:
      Did not match:
         - @ConditionalOnClass did not find required class 'liquibase.change.DatabaseChange' (OnClassCondition)

   LiquibaseEndpointAutoConfiguration:
      Did not match:
         - @ConditionalOnClass did not find required class 'liquibase.integration.spring.SpringLiquibase' (OnClassCondition)

   LoadBalancerAutoConfiguration.RetryAutoConfiguration:
      Did not match:
         - @ConditionalOnClass did not find required class 'org.springframework.retry.support.RetryTemplate' (OnClassCondition)

   LoadBalancerAutoConfiguration.RetryInterceptorAutoConfiguration:
      Did not match:
         - @ConditionalOnClass did not find required class 'org.springframework.retry.support.RetryTemplate' (OnClassCondition)

   LoadBalancerBeanPostProcessorAutoConfiguration:
      Did not match:
         - @ConditionalOnClass did not find required class 'org.springframework.web.reactive.function.client.WebClient' (OnClassCondition)

   LoadBalancerCacheAutoConfiguration.CaffeineLoadBalancerCacheManagerConfiguration:
      Did not match:
         - @ConditionalOnClass did not find required class 'com.github.benmanes.caffeine.cache.Caffeine' (OnClassCondition)

   LoadBalancerEurekaAutoConfiguration#zoneConfig:
      Did not match:
         - @ConditionalOnMissingBean (types: org.springframework.cloud.loadbalancer.config.LoadBalancerZoneConfig; SearchStrategy: all) found beans of type 'org.springframework.cloud.loadbalancer.config.LoadBalancerZoneConfig' zoneConfig (OnBeanCondition)

   LoadBalancerStatsAutoConfiguration:
      Did not match:
         - @ConditionalOnProperty (spring.cloud.loadbalancer.stats.micrometer.enabled=true) did not find property 'spring.cloud.loadbalancer.stats.micrometer.enabled' (OnPropertyCondition)
      Matched:
         - @ConditionalOnClass found required class 'io.micrometer.core.instrument.MeterRegistry' (OnClassCondition)

   Log4J2MetricsAutoConfiguration:
      Did not match:
         - @ConditionalOnClass did not find required class 'org.apache.logging.log4j.core.LoggerContext' (OnClassCondition)

   LogFileWebEndpointAutoConfiguration:
      Did not match:
         - @ConditionalOnAvailableEndpoint no 'management.endpoints' property marked it as exposed (OnAvailableEndpointCondition)

   LoggersEndpointAutoConfiguration:
      Did not match:
         - @ConditionalOnAvailableEndpoint no 'management.endpoints' property marked it as exposed (OnAvailableEndpointCondition)

   MailHealthContributorAutoConfiguration:
      Did not match:
         - @ConditionalOnBean (types: org.springframework.mail.javamail.JavaMailSenderImpl; SearchStrategy: all) did not find any beans of type org.springframework.mail.javamail.JavaMailSenderImpl (OnBeanCondition)
      Matched:
         - @ConditionalOnClass found required class 'org.springframework.mail.javamail.JavaMailSenderImpl' (OnClassCondition)
         - @ConditionalOnEnabledHealthIndicator management.health.defaults.enabled is considered true (OnEnabledHealthIndicatorCondition)

   MailSenderAutoConfiguration:
      Did not match:
         - @ConditionalOnClass did not find required class 'jakarta.mail.internet.MimeMessage' (OnClassCondition)

   MailSenderValidatorAutoConfiguration:
      Did not match:
         - @ConditionalOnProperty (spring.mail.test-connection) did not find property 'test-connection' (OnPropertyCondition)

   ManagementContextAutoConfiguration.DifferentManagementContextConfiguration:
      Did not match:
         - Management Port actual port type (SAME) did not match required type (DIFFERENT) (OnManagementPortCondition)

   ManagementWebSecurityAutoConfiguration:
      Did not match:
         - AllNestedConditions 1 matched 1 did not; NestedCondition on DefaultWebSecurityCondition.Beans @ConditionalOnMissingBean (types: org.springframework.security.web.SecurityFilterChain; SearchStrategy: all) found beans of type 'org.springframework.security.web.SecurityFilterChain' securityFilterChain; NestedCondition on DefaultWebSecurityCondition.Classes @ConditionalOnClass found required classes 'org.springframework.security.web.SecurityFilterChain', 'org.springframework.security.config.annotation.web.builders.HttpSecurity' (DefaultWebSecurityCondition)
      Matched:
         - found 'session' scope (OnWebApplicationCondition)

   MappingsEndpointAutoConfiguration:
      Did not match:
         - @ConditionalOnAvailableEndpoint no 'management.endpoints' property marked it as exposed (OnAvailableEndpointCondition)

   MessageSourceAutoConfiguration:
      Did not match:
         - ResourceBundle did not find bundle with basename messages (MessageSourceAutoConfiguration.ResourceBundleCondition)

   MicrometerTracingAutoConfiguration:
      Did not match:
         - @ConditionalOnClass did not find required class 'io.micrometer.tracing.Tracer' (OnClassCondition)

   MongoAutoConfiguration:
      Did not match:
         - @ConditionalOnClass did not find required class 'com.mongodb.client.MongoClient' (OnClassCondition)

   MongoDataAutoConfiguration:
      Did not match:
         - @ConditionalOnClass did not find required class 'com.mongodb.client.MongoClient' (OnClassCondition)

   MongoHealthContributorAutoConfiguration:
      Did not match:
         - @ConditionalOnClass did not find required class 'org.springframework.data.mongodb.core.MongoTemplate' (OnClassCondition)

   MongoMetricsAutoConfiguration:
      Did not match:
         - @ConditionalOnClass did not find required class 'com.mongodb.MongoClientSettings' (OnClassCondition)

   MongoReactiveAutoConfiguration:
      Did not match:
         - @ConditionalOnClass did not find required class 'com.mongodb.reactivestreams.client.MongoClient' (OnClassCondition)

   MongoReactiveDataAutoConfiguration:
      Did not match:
         - @ConditionalOnClass did not find required class 'com.mongodb.reactivestreams.client.MongoClient' (OnClassCondition)

   MongoReactiveHealthContributorAutoConfiguration:
      Did not match:
         - @ConditionalOnClass did not find required class 'org.springframework.data.mongodb.core.ReactiveMongoTemplate' (OnClassCondition)

   MongoReactiveRepositoriesAutoConfiguration:
      Did not match:
         - @ConditionalOnClass did not find required class 'com.mongodb.reactivestreams.client.MongoClient' (OnClassCondition)

   MongoRepositoriesAutoConfiguration:
      Did not match:
         - @ConditionalOnClass did not find required class 'com.mongodb.client.MongoClient' (OnClassCondition)

   MustacheAutoConfiguration:
      Did not match:
         - @ConditionalOnClass did not find required class 'com.samskivert.mustache.Mustache' (OnClassCondition)

   Neo4jAutoConfiguration:
      Did not match:
         - @ConditionalOnClass did not find required class 'org.neo4j.driver.Driver' (OnClassCondition)

   Neo4jDataAutoConfiguration:
      Did not match:
         - @ConditionalOnClass did not find required class 'org.neo4j.driver.Driver' (OnClassCondition)

   Neo4jHealthContributorAutoConfiguration:
      Did not match:
         - @ConditionalOnClass did not find required class 'org.neo4j.driver.Driver' (OnClassCondition)

   Neo4jReactiveDataAutoConfiguration:
      Did not match:
         - @ConditionalOnClass did not find required class 'org.neo4j.driver.Driver' (OnClassCondition)

   Neo4jReactiveRepositoriesAutoConfiguration:
      Did not match:
         - @ConditionalOnClass did not find required class 'org.neo4j.driver.Driver' (OnClassCondition)

   Neo4jRepositoriesAutoConfiguration:
      Did not match:
         - @ConditionalOnClass did not find required class 'org.neo4j.driver.Driver' (OnClassCondition)

   NettyAutoConfiguration:
      Did not match:
         - @ConditionalOnClass did not find required class 'io.netty.util.NettyRuntime' (OnClassCondition)

   NewRelicMetricsExportAutoConfiguration:
      Did not match:
         - @ConditionalOnClass did not find required class 'io.micrometer.newrelic.NewRelicMeterRegistry' (OnClassCondition)

   NoOpMeterRegistryConfiguration:
      Did not match:
         - @ConditionalOnMissingBean (types: io.micrometer.core.instrument.MeterRegistry; SearchStrategy: all) found beans of type 'io.micrometer.core.instrument.MeterRegistry' prometheusMeterRegistry (OnBeanCondition)

   OAuth2AuthorizationServerAutoConfiguration:
      Did not match:
         - @ConditionalOnClass did not find required class 'org.springframework.security.oauth2.server.authorization.OAuth2Authorization' (OnClassCondition)

   OAuth2AuthorizationServerJwtAutoConfiguration:
      Did not match:
         - @ConditionalOnClass did not find required class 'org.springframework.security.oauth2.server.authorization.OAuth2Authorization' (OnClassCondition)

   OAuth2ClientAutoConfiguration:
      Did not match:
         - @ConditionalOnClass did not find required class 'org.springframework.security.oauth2.client.registration.ClientRegistration' (OnClassCondition)

   OAuth2LoadBalancerClientAutoConfiguration:
      Did not match:
         - @ConditionalOnProperty (spring.cloud.oauth2.load-balanced.enabled) did not find property 'spring.cloud.oauth2.load-balanced.enabled' (OnPropertyCondition)

   OAuth2ResourceServerAutoConfiguration:
      Did not match:
         - @ConditionalOnClass did not find required class 'org.springframework.security.oauth2.server.resource.authentication.BearerTokenAuthenticationToken' (OnClassCondition)

   ObservationAutoConfiguration.MeterObservationHandlerConfiguration.TracingAndMetricsObservationHandlerConfiguration:
      Did not match:
         - @ConditionalOnBean did not find required type 'io.micrometer.tracing.Tracer' (OnBeanCondition)
         - @ConditionalOnBean (types: io.micrometer.tracing.Tracer; SearchStrategy: all) did not find any beans of type io.micrometer.tracing.Tracer (OnBeanCondition)

   ObservationAutoConfiguration.MetricsWithTracingConfiguration:
      Did not match:
         - @ConditionalOnClass did not find required class 'io.micrometer.tracing.Tracer' (OnClassCondition)

   ObservationAutoConfiguration.OnlyTracingConfiguration:
      Did not match:
         - @ConditionalOnClass did not find required class 'io.micrometer.tracing.Tracer' (OnClassCondition)

   OkHttpFeignLoadBalancerConfiguration:
      Did not match:
         - @ConditionalOnClass did not find required class 'feign.okhttp.OkHttpClient' (OnClassCondition)

   org.springframework.boot.actuate.autoconfigure.opentelemetry.OpenTelemetryAutoConfiguration:
      Did not match:
         - @ConditionalOnClass did not find required class 'io.opentelemetry.sdk.OpenTelemetrySdk' (OnClassCondition)

   org.springframework.boot.actuate.autoconfigure.tracing.OpenTelemetryAutoConfiguration:
      Did not match:
         - @ConditionalOnClass did not find required class 'io.micrometer.tracing.otel.bridge.OtelTracer' (OnClassCondition)

   OtlpAutoConfiguration:
      Did not match:
         - @ConditionalOnClass did not find required class 'io.micrometer.tracing.otel.bridge.OtelTracer' (OnClassCondition)

   OtlpMetricsExportAutoConfiguration:
      Did not match:
         - @ConditionalOnClass did not find required class 'io.micrometer.registry.otlp.OtlpMeterRegistry' (OnClassCondition)

   PauseResumeEndpointsConfiguration#pauseEndpoint:
      Did not match:
         - @ConditionalOnBean (types: org.springframework.cloud.context.restart.RestartEndpoint; SearchStrategy: all) did not find any beans of type org.springframework.cloud.context.restart.RestartEndpoint (OnBeanCondition)

   PauseResumeEndpointsConfiguration#resumeEndpoint:
      Did not match:
         - @ConditionalOnBean (types: org.springframework.cloud.context.restart.RestartEndpoint; SearchStrategy: all) did not find any beans of type org.springframework.cloud.context.restart.RestartEndpoint (OnBeanCondition)

   ProjectInfoAutoConfiguration#buildProperties:
      Did not match:
         - @ConditionalOnResource did not find resource '${spring.info.build.location:classpath:META-INF/build-info.properties}' (OnResourceCondition)

   ProjectInfoAutoConfiguration#gitProperties:
      Did not match:
         - GitResource did not find git info at classpath:git.properties (ProjectInfoAutoConfiguration.GitResourceAvailableCondition)

   PrometheusExemplarsAutoConfiguration:
      Did not match:
         - @ConditionalOnClass did not find required class 'io.micrometer.tracing.Tracer' (OnClassCondition)

   PrometheusMetricsExportAutoConfiguration#exemplarSampler:
      Did not match:
         - @ConditionalOnBean (types: io.prometheus.client.exemplars.tracer.common.SpanContextSupplier; SearchStrategy: all) did not find any beans of type io.prometheus.client.exemplars.tracer.common.SpanContextSupplier (OnBeanCondition)

   PrometheusMetricsExportAutoConfiguration.PrometheusPushGatewayConfiguration:
      Did not match:
         - @ConditionalOnClass did not find required class 'io.prometheus.client.exporter.PushGateway' (OnClassCondition)

   PulsarAutoConfiguration:
      Did not match:
         - @ConditionalOnClass did not find required class 'org.apache.pulsar.client.api.PulsarClient' (OnClassCondition)

   PulsarReactiveAutoConfiguration:
      Did not match:
         - @ConditionalOnClass did not find required class 'org.apache.pulsar.client.api.PulsarClient' (OnClassCondition)

   QuartzAutoConfiguration:
      Did not match:
         - @ConditionalOnClass did not find required class 'org.quartz.Scheduler' (OnClassCondition)

   QuartzEndpointAutoConfiguration:
      Did not match:
         - @ConditionalOnClass did not find required class 'org.quartz.Scheduler' (OnClassCondition)

   R2dbcAutoConfiguration:
      Did not match:
         - @ConditionalOnClass did not find required class 'io.r2dbc.spi.ConnectionFactory' (OnClassCondition)

   R2dbcDataAutoConfiguration:
      Did not match:
         - @ConditionalOnClass did not find required class 'org.springframework.data.r2dbc.core.R2dbcEntityTemplate' (OnClassCondition)

   R2dbcInitializationConfiguration:
      Did not match:
         - @ConditionalOnClass did not find required classes 'io.r2dbc.spi.ConnectionFactory', 'org.springframework.r2dbc.connection.init.DatabasePopulator' (OnClassCondition)

   R2dbcObservationAutoConfiguration:
      Did not match:
         - @ConditionalOnClass did not find required class 'io.r2dbc.proxy.ProxyConnectionFactory' (OnClassCondition)

   R2dbcRepositoriesAutoConfiguration:
      Did not match:
         - @ConditionalOnClass did not find required class 'io.r2dbc.spi.ConnectionFactory' (OnClassCondition)

   R2dbcTransactionManagerAutoConfiguration:
      Did not match:
         - @ConditionalOnClass did not find required class 'org.springframework.r2dbc.connection.R2dbcTransactionManager' (OnClassCondition)

   RSocketGraphQlClientAutoConfiguration:
      Did not match:
         - @ConditionalOnClass did not find required class 'graphql.GraphQL' (OnClassCondition)

   RSocketMessagingAutoConfiguration:
      Did not match:
         - @ConditionalOnClass did not find required class 'io.rsocket.RSocket' (OnClassCondition)

   RSocketRequesterAutoConfiguration:
      Did not match:
         - @ConditionalOnClass did not find required class 'io.rsocket.RSocket' (OnClassCondition)

   RSocketSecurityAutoConfiguration:
      Did not match:
         - @ConditionalOnClass did not find required class 'org.springframework.security.rsocket.core.SecuritySocketAcceptorInterceptor' (OnClassCondition)

   RSocketServerAutoConfiguration:
      Did not match:
         - @ConditionalOnClass did not find required class 'io.rsocket.core.RSocketServer' (OnClassCondition)

   RSocketStrategiesAutoConfiguration:
      Did not match:
         - @ConditionalOnClass did not find required class 'io.netty.buffer.PooledByteBufAllocator' (OnClassCondition)

   RabbitAutoConfiguration:
      Did not match:
         - @ConditionalOnClass did not find required class 'com.rabbitmq.client.Channel' (OnClassCondition)

   RabbitHealthContributorAutoConfiguration:
      Did not match:
         - @ConditionalOnClass did not find required class 'org.springframework.amqp.rabbit.core.RabbitTemplate' (OnClassCondition)

   RabbitMetricsAutoConfiguration:
      Did not match:
         - @ConditionalOnClass did not find required class 'com.rabbitmq.client.ConnectionFactory' (OnClassCondition)

   ReactiveCloudFoundryActuatorAutoConfiguration:
      Did not match:
         - @ConditionalOnWebApplication did not find reactive web application classes (OnWebApplicationCondition)

   ReactiveCommonsClientAutoConfiguration.ReactiveDiscoveryLoadBalancerConfiguration:
      Did not match:
         - @ConditionalOnClass did not find required class 'org.springframework.web.reactive.function.client.WebClient' (OnClassCondition)

   ReactiveCompositeDiscoveryClientAutoConfiguration:
      Did not match:
         - @ConditionalOnClass did not find required class 'org.springframework.web.reactive.function.client.WebClient' (OnClassCondition)

   ReactiveElasticsearchClientAutoConfiguration:
      Did not match:
         - @ConditionalOnClass did not find required class 'co.elastic.clients.transport.ElasticsearchTransport' (OnClassCondition)

   ReactiveElasticsearchRepositoriesAutoConfiguration:
      Did not match:
         - @ConditionalOnClass did not find required class 'org.springframework.data.elasticsearch.client.elc.ReactiveElasticsearchClient' (OnClassCondition)

   ReactiveManagementContextAutoConfiguration:
      Did not match:
         - @ConditionalOnWebApplication did not find reactive web application classes (OnWebApplicationCondition)

   ReactiveManagementWebSecurityAutoConfiguration:
      Did not match:
         - @ConditionalOnWebApplication did not find reactive web application classes (OnWebApplicationCondition)

   ReactiveMultipartAutoConfiguration:
      Did not match:
         - @ConditionalOnClass did not find required class 'org.springframework.web.reactive.config.WebFluxConfigurer' (OnClassCondition)

   ReactiveOAuth2ClientAutoConfiguration:
      Did not match:
         - @ConditionalOnClass did not find required class 'org.springframework.security.oauth2.client.registration.ClientRegistration' (OnClassCondition)

   ReactiveOAuth2ResourceServerAutoConfiguration:
      Did not match:
         - @ConditionalOnWebApplication did not find reactive web application classes (OnWebApplicationCondition)

   ReactiveSecurityAutoConfiguration:
      Did not match:
         - @ConditionalOnClass did not find required class 'org.springframework.web.reactive.config.WebFluxConfigurer' (OnClassCondition)

   ReactiveUserDetailsServiceAutoConfiguration:
      Did not match:
         - AnyNestedCondition 0 matched 2 did not; NestedCondition on ReactiveUserDetailsServiceAutoConfiguration.ReactiveUserDetailsServiceCondition.ReactiveWebApplicationCondition did not find reactive web application classes; NestedCondition on ReactiveUserDetailsServiceAutoConfiguration.ReactiveUserDetailsServiceCondition.RSocketSecurityEnabledCondition @ConditionalOnBean (types: org.springframework.messaging.rsocket.annotation.support.RSocketMessageHandler; SearchStrategy: all) did not find any beans of type org.springframework.messaging.rsocket.annotation.support.RSocketMessageHandler (ReactiveUserDetailsServiceAutoConfiguration.ReactiveUserDetailsServiceCondition)
      Matched:
         - @ConditionalOnClass found required class 'org.springframework.security.authentication.ReactiveAuthenticationManager'; @ConditionalOnMissingClass did not find unwanted classes 'org.springframework.security.oauth2.client.registration.ClientRegistrationRepository', 'org.springframework.security.oauth2.server.resource.introspection.ReactiveOpaqueTokenIntrospector' (OnClassCondition)

   ReactiveWebServerFactoryAutoConfiguration:
      Did not match:
         - @ConditionalOnWebApplication did not find reactive web application classes (OnWebApplicationCondition)

   ReactorLoadBalancerClientAutoConfiguration:
      Did not match:
         - @ConditionalOnClass did not find required class 'org.springframework.web.reactive.function.client.WebClient' (OnClassCondition)

   RedisAutoConfiguration:
      Did not match:
         - @ConditionalOnClass did not find required class 'org.springframework.data.redis.core.RedisOperations' (OnClassCondition)

   RedisCacheConfiguration:
      Did not match:
         - @ConditionalOnClass did not find required class 'org.springframework.data.redis.connection.RedisConnectionFactory' (OnClassCondition)

   RedisHealthContributorAutoConfiguration:
      Did not match:
         - @ConditionalOnClass did not find required class 'org.springframework.data.redis.connection.RedisConnectionFactory' (OnClassCondition)

   RedisReactiveAutoConfiguration:
      Did not match:
         - @ConditionalOnClass did not find required class 'org.springframework.data.redis.connection.ReactiveRedisConnectionFactory' (OnClassCondition)

   RedisReactiveHealthContributorAutoConfiguration:
      Did not match:
         - @ConditionalOnClass did not find required class 'org.springframework.data.redis.connection.ReactiveRedisConnectionFactory' (OnClassCondition)

   RedisRepositoriesAutoConfiguration:
      Did not match:
         - @ConditionalOnClass did not find required class 'org.springframework.data.redis.repository.configuration.EnableRedisRepositories' (OnClassCondition)

   RefreshAutoConfiguration#configDataContextRefresher:
      Did not match:
         - NoneNestedConditions 1 matched 2 did not; NestedCondition on ConditionalOnBootstrapDisabled.OnBootstrapDisabledCondition.OnBootstrapEnabled @ConditionalOnProperty (spring.cloud.bootstrap.enabled) did not find property 'spring.cloud.bootstrap.enabled'; NestedCondition on ConditionalOnBootstrapDisabled.OnBootstrapDisabledCondition.OnUseLegacyProcessingEnabled @ConditionalOnProperty (spring.config.use-legacy-processing) did not find property 'spring.config.use-legacy-processing'; NestedCondition on ConditionalOnBootstrapDisabled.OnBootstrapDisabledCondition.OnBootstrapMarkerClassPresent @ConditionalOnClass found required class 'org.springframework.cloud.bootstrap.marker.Marker' (ConditionalOnBootstrapDisabled.OnBootstrapDisabledCondition)
      Matched:
         - @ConditionalOnMissingBean (types: org.springframework.cloud.context.refresh.ConfigDataContextRefresher; SearchStrategy: all) did not find any beans (OnBeanCondition)

   RefreshAutoConfiguration.JpaInvokerConfiguration:
      Did not match:
         - @ConditionalOnClass did not find required class 'javax.persistence.EntityManagerFactory' (OnClassCondition)

   RefreshEndpointAutoConfiguration.RefreshEndpointConfiguration#refreshEndpoint:
      Did not match:
         - @ConditionalOnAvailableEndpoint no 'management.endpoints' property marked it as exposed (OnAvailableEndpointCondition)
      Matched:
         - @ConditionalOnBean (types: org.springframework.cloud.context.refresh.ContextRefresher; SearchStrategy: all) found bean 'legacyContextRefresher'; @ConditionalOnMissingBean (types: org.springframework.cloud.endpoint.RefreshEndpoint; SearchStrategy: all) did not find any beans (OnBeanCondition)

   RepositoryRestMvcAutoConfiguration:
      Did not match:
         - @ConditionalOnClass did not find required class 'org.springframework.data.rest.webmvc.config.RepositoryRestMvcConfiguration' (OnClassCondition)

   RestartEndpointWithIntegrationConfiguration:
      Did not match:
         - @ConditionalOnClass did not find required class 'org.springframework.integration.monitor.IntegrationMBeanExporter' (OnClassCondition)

   RestartEndpointWithoutIntegrationConfiguration#restartEndpointWithoutIntegration:
      Did not match:
         - @ConditionalOnAvailableEndpoint no property management.endpoint.restart.enabled found so using endpoint default of false (OnAvailableEndpointCondition)

   Saml2RelyingPartyAutoConfiguration:
      Did not match:
         - @ConditionalOnClass did not find required class 'org.springframework.security.saml2.provider.service.registration.RelyingPartyRegistrationRepository' (OnClassCondition)

   ScheduledTasksEndpointAutoConfiguration:
      Did not match:
         - @ConditionalOnAvailableEndpoint no 'management.endpoints' property marked it as exposed (OnAvailableEndpointCondition)

   SecurityDataConfiguration:
      Did not match:
         - @ConditionalOnClass did not find required class 'org.springframework.security.data.repository.query.SecurityEvaluationContextExtension' (OnClassCondition)

   SecurityRequestMatchersManagementContextConfiguration.JerseyRequestMatcherConfiguration:
      Did not match:
         - @ConditionalOnClass did not find required class 'org.glassfish.jersey.server.ResourceConfig' (OnClassCondition)

   SendGridAutoConfiguration:
      Did not match:
         - @ConditionalOnClass did not find required class 'com.sendgrid.SendGrid' (OnClassCondition)

   ServiceRegistryAutoConfiguration.ServiceRegistryEndpointConfiguration#serviceRegistryEndpoint:
      Did not match:
         - @ConditionalOnAvailableEndpoint no 'management.endpoints' property marked it as exposed (OnAvailableEndpointCondition)

   ServletEndpointManagementContextConfiguration.JerseyServletEndpointManagementContextConfiguration:
      Did not match:
         - @ConditionalOnClass did not find required class 'org.glassfish.jersey.server.ResourceConfig' (OnClassCondition)

   ServletManagementContextAutoConfiguration.ApplicationContextFilterConfiguration:
      Did not match:
         - @ConditionalOnProperty (management.server.add-application-context-header=true) did not find property 'add-application-context-header' (OnPropertyCondition)

   ServletWebServerFactoryAutoConfiguration.ForwardedHeaderFilterConfiguration:
      Did not match:
         - @ConditionalOnProperty (server.forward-headers-strategy=framework) did not find property 'server.forward-headers-strategy' (OnPropertyCondition)

   ServletWebServerFactoryConfiguration.EmbeddedJetty:
      Did not match:
         - @ConditionalOnClass did not find required classes 'org.eclipse.jetty.server.Server', 'org.eclipse.jetty.util.Loader', 'org.eclipse.jetty.ee10.webapp.WebAppContext' (OnClassCondition)

   ServletWebServerFactoryConfiguration.EmbeddedUndertow:
      Did not match:
         - @ConditionalOnClass did not find required classes 'io.undertow.Undertow', 'org.xnio.SslClientAuthMode' (OnClassCondition)

   SessionAutoConfiguration:
      Did not match:
         - @ConditionalOnClass did not find required class 'org.springframework.session.Session' (OnClassCondition)

   SessionsEndpointAutoConfiguration:
      Did not match:
         - @ConditionalOnClass did not find required class 'org.springframework.session.FindByIndexNameSessionRepository' (OnClassCondition)

   ShutdownEndpointAutoConfiguration:
      Did not match:
         - @ConditionalOnAvailableEndpoint no property management.endpoint.shutdown.enabled found so using endpoint default of false (OnAvailableEndpointCondition)

   SignalFxMetricsExportAutoConfiguration:
      Did not match:
         - @ConditionalOnClass did not find required class 'io.micrometer.signalfx.SignalFxMeterRegistry' (OnClassCondition)

   SimpleMetricsExportAutoConfiguration:
      Did not match:
         - @ConditionalOnMissingBean (types: io.micrometer.core.instrument.MeterRegistry; SearchStrategy: all) found beans of type 'io.micrometer.core.instrument.MeterRegistry' prometheusMeterRegistry (OnBeanCondition)
      Matched:
         - @ConditionalOnEnabledMetricsExport management.defaults.metrics.export.enabled is considered true (OnMetricsExportEnabledCondition)

   SimpleReactiveDiscoveryClientAutoConfiguration:
      Did not match:
         - @ConditionalOnClass did not find required class 'org.springframework.web.reactive.function.client.WebClient' (OnClassCondition)

   SpringApplicationAdminJmxAutoConfiguration:
      Did not match:
         - @ConditionalOnProperty (spring.application.admin.enabled=true) did not find property 'enabled' (OnPropertyCondition)

   SpringBootWebSecurityConfiguration.SecurityFilterChainConfiguration:
      Did not match:
         - AllNestedConditions 1 matched 1 did not; NestedCondition on DefaultWebSecurityCondition.Beans @ConditionalOnMissingBean (types: org.springframework.security.web.SecurityFilterChain; SearchStrategy: all) found beans of type 'org.springframework.security.web.SecurityFilterChain' securityFilterChain; NestedCondition on DefaultWebSecurityCondition.Classes @ConditionalOnClass found required classes 'org.springframework.security.web.SecurityFilterChain', 'org.springframework.security.config.annotation.web.builders.HttpSecurity' (DefaultWebSecurityCondition)

   SpringBootWebSecurityConfiguration.WebSecurityEnablerConfiguration:
      Did not match:
         - @ConditionalOnMissingBean (names: springSecurityFilterChain; SearchStrategy: all) found beans named springSecurityFilterChain (OnBeanCondition)
      Matched:
         - @ConditionalOnClass found required class 'org.springframework.security.config.annotation.web.configuration.EnableWebSecurity' (OnClassCondition)

   StackdriverMetricsExportAutoConfiguration:
      Did not match:
         - @ConditionalOnClass did not find required class 'io.micrometer.stackdriver.StackdriverMeterRegistry' (OnClassCondition)

   StartupEndpointAutoConfiguration:
      Did not match:
         - ApplicationStartup configured applicationStartup is of type class org.springframework.core.metrics.DefaultApplicationStartup, expected BufferingApplicationStartup. (StartupEndpointAutoConfiguration.ApplicationStartupCondition)

   StatsdMetricsExportAutoConfiguration:
      Did not match:
         - @ConditionalOnClass did not find required class 'io.micrometer.statsd.StatsdMeterRegistry' (OnClassCondition)

   TaskExecutorConfigurations.SimpleAsyncTaskExecutorBuilderConfiguration#simpleAsyncTaskExecutorBuilderVirtualThreads:
      Did not match:
         - @ConditionalOnMissingBean (types: org.springframework.boot.task.SimpleAsyncTaskExecutorBuilder; SearchStrategy: all) found beans of type 'org.springframework.boot.task.SimpleAsyncTaskExecutorBuilder' simpleAsyncTaskExecutorBuilder (OnBeanCondition)

   TaskExecutorConfigurations.TaskExecutorConfiguration#applicationTaskExecutorVirtualThreads:
      Did not match:
         - @ConditionalOnThreading did not find VIRTUAL (OnThreadingCondition)

   TaskSchedulingAutoConfiguration#scheduledBeanLazyInitializationExcludeFilter:
      Did not match:
         - @ConditionalOnBean (names: org.springframework.context.annotation.internalScheduledAnnotationProcessor; SearchStrategy: all) did not find any beans named org.springframework.context.annotation.internalScheduledAnnotationProcessor (OnBeanCondition)

   TaskSchedulingConfigurations.SimpleAsyncTaskSchedulerBuilderConfiguration#simpleAsyncTaskSchedulerBuilderVirtualThreads:
      Did not match:
         - @ConditionalOnMissingBean (types: org.springframework.boot.task.SimpleAsyncTaskSchedulerBuilder; SearchStrategy: all) found beans of type 'org.springframework.boot.task.SimpleAsyncTaskSchedulerBuilder' simpleAsyncTaskSchedulerBuilder (OnBeanCondition)

   TaskSchedulingConfigurations.TaskSchedulerConfiguration:
      Did not match:
         - @ConditionalOnBean (names: org.springframework.context.annotation.internalScheduledAnnotationProcessor; SearchStrategy: all) did not find any beans named org.springframework.context.annotation.internalScheduledAnnotationProcessor (OnBeanCondition)

   ThreadDumpEndpointAutoConfiguration:
      Did not match:
         - @ConditionalOnAvailableEndpoint no 'management.endpoints' property marked it as exposed (OnAvailableEndpointCondition)

   ThymeleafAutoConfiguration:
      Did not match:
         - @ConditionalOnClass did not find required class 'org.thymeleaf.spring6.SpringTemplateEngine' (OnClassCondition)

   TransactionAutoConfiguration#transactionalOperator:
      Did not match:
         - @ConditionalOnSingleCandidate (types: org.springframework.transaction.ReactiveTransactionManager; SearchStrategy: all) did not find any beans (OnBeanCondition)

   TransactionAutoConfiguration.AspectJTransactionManagementConfiguration:
      Did not match:
         - @ConditionalOnBean (types: org.springframework.transaction.aspectj.AbstractTransactionAspect; SearchStrategy: all) did not find any beans of type org.springframework.transaction.aspectj.AbstractTransactionAspect (OnBeanCondition)

   TransactionAutoConfiguration.EnableTransactionManagementConfiguration.JdkDynamicAutoProxyConfiguration:
      Did not match:
         - @ConditionalOnProperty (spring.aop.proxy-target-class=false) did not find property 'proxy-target-class' (OnPropertyCondition)

   WavefrontAutoConfiguration:
      Did not match:
         - @ConditionalOnClass did not find required class 'com.wavefront.sdk.common.application.ApplicationTags' (OnClassCondition)

   WavefrontMetricsExportAutoConfiguration:
      Did not match:
         - @ConditionalOnClass did not find required class 'com.wavefront.sdk.common.WavefrontSender' (OnClassCondition)

   WavefrontTracingAutoConfiguration:
      Did not match:
         - @ConditionalOnClass did not find required class 'com.wavefront.sdk.common.WavefrontSender' (OnClassCondition)

   WebClientAutoConfiguration:
      Did not match:
         - @ConditionalOnClass did not find required class 'org.springframework.web.reactive.function.client.WebClient' (OnClassCondition)

   WebClientObservationConfiguration:
      Did not match:
         - @ConditionalOnClass did not find required class 'org.springframework.web.reactive.function.client.WebClient' (OnClassCondition)

   WebFluxAutoConfiguration:
      Did not match:
         - @ConditionalOnClass did not find required class 'org.springframework.web.reactive.config.WebFluxConfigurer' (OnClassCondition)

   WebFluxEndpointManagementContextConfiguration:
      Did not match:
         - @ConditionalOnClass did not find required class 'org.springframework.web.reactive.DispatcherHandler' (OnClassCondition)

   WebFluxObservationAutoConfiguration:
      Did not match:
         - @ConditionalOnWebApplication did not find reactive web application classes (OnWebApplicationCondition)

   WebMvcAutoConfiguration#hiddenHttpMethodFilter:
      Did not match:
         - @ConditionalOnProperty (spring.mvc.hiddenmethod.filter.enabled) did not find property 'enabled' (OnPropertyCondition)

   WebMvcAutoConfiguration.ProblemDetailsErrorHandlingConfiguration:
      Did not match:
         - @ConditionalOnProperty (spring.mvc.problemdetails.enabled=true) did not find property 'enabled' (OnPropertyCondition)

   WebMvcAutoConfiguration.ResourceChainCustomizerConfiguration:
      Did not match:
         - @ConditionalOnEnabledResourceChain did not find class org.webjars.WebJarAssetLocator (OnEnabledResourceChainCondition)

   WebMvcAutoConfiguration.WebMvcAutoConfigurationAdapter#beanNameViewResolver:
      Did not match:
         - @ConditionalOnBean (types: org.springframework.web.servlet.View; SearchStrategy: all) did not find any beans of type org.springframework.web.servlet.View (OnBeanCondition)

   WebMvcEndpointManagementContextConfiguration#managementHealthEndpointWebMvcHandlerMapping:
      Did not match:
         - Management Port actual port type (SAME) did not match required type (DIFFERENT) (OnManagementPortCondition)

   WebServiceTemplateAutoConfiguration:
      Did not match:
         - @ConditionalOnClass did not find required class 'org.springframework.oxm.Marshaller' (OnClassCondition)

   WebServicesAutoConfiguration:
      Did not match:
         - @ConditionalOnClass did not find required class 'org.springframework.ws.transport.http.MessageDispatcherServlet' (OnClassCondition)

   WebSessionIdResolverAutoConfiguration:
      Did not match:
         - @ConditionalOnWebApplication did not find reactive web application classes (OnWebApplicationCondition)

   WebSocketMessagingAutoConfiguration:
      Did not match:
         - @ConditionalOnClass did not find required class 'org.springframework.web.socket.config.annotation.WebSocketMessageBrokerConfigurer' (OnClassCondition)

   WebSocketReactiveAutoConfiguration:
      Did not match:
         - @ConditionalOnWebApplication did not find reactive web application classes (OnWebApplicationCondition)

   WebSocketServletAutoConfiguration.JettyWebSocketConfiguration:
      Did not match:
         - @ConditionalOnClass did not find required class 'org.eclipse.jetty.ee10.websocket.jakarta.server.config.JakartaWebSocketServletContainerInitializer' (OnClassCondition)

   WebSocketServletAutoConfiguration.UndertowWebSocketConfiguration:
      Did not match:
         - @ConditionalOnClass did not find required class 'io.undertow.websockets.jsr.Bootstrap' (OnClassCondition)

   WritableEnvironmentEndpointAutoConfiguration:
      Did not match:
         - @ConditionalOnProperty (management.endpoint.env.post.enabled) did not find property 'management.endpoint.env.post.enabled' (OnPropertyCondition)
      Matched:
         - @ConditionalOnClass found required classes 'org.springframework.boot.actuate.env.EnvironmentEndpoint', 'org.springframework.boot.actuate.autoconfigure.env.EnvironmentEndpointProperties' (OnClassCondition)

   XADataSourceAutoConfiguration:
      Did not match:
         - @ConditionalOnBean (types: org.springframework.boot.jdbc.XADataSourceWrapper; SearchStrategy: all) did not find any beans of type org.springframework.boot.jdbc.XADataSourceWrapper (OnBeanCondition)
      Matched:
         - @ConditionalOnClass found required classes 'javax.sql.DataSource', 'jakarta.transaction.TransactionManager', 'org.springframework.jdbc.datasource.embedded.EmbeddedDatabaseType' (OnClassCondition)

   ZipkinAutoConfiguration:
      Did not match:
         - @ConditionalOnClass did not find required class 'zipkin2.reporter.Sender' (OnClassCondition)


Exclusions:
-----------

    None


Unconditional classes:
----------------------

    org.springframework.boot.autoconfigure.context.ConfigurationPropertiesAutoConfiguration

    org.springframework.cloud.client.ReactiveCommonsClientAutoConfiguration

    org.springframework.boot.actuate.autoconfigure.availability.AvailabilityHealthContributorAutoConfiguration

    org.springframework.boot.autoconfigure.ssl.SslAutoConfiguration

    org.springframework.boot.actuate.autoconfigure.info.InfoContributorAutoConfiguration

    org.springframework.cloud.client.discovery.simple.SimpleDiscoveryClientAutoConfiguration

    org.springframework.boot.autoconfigure.context.PropertyPlaceholderAutoConfiguration

    org.springframework.boot.autoconfigure.context.LifecycleAutoConfiguration

    org.springframework.cloud.client.CommonsClientAutoConfiguration

    org.springframework.boot.actuate.autoconfigure.metrics.integration.IntegrationMetricsAutoConfiguration

    org.springframework.boot.actuate.autoconfigure.endpoint.EndpointAutoConfiguration

    org.springframework.cloud.commons.config.CommonsConfigAutoConfiguration

    org.springframework.cloud.netflix.eureka.config.DiscoveryClientOptionalArgsConfiguration

    org.springframework.boot.actuate.autoconfigure.web.server.ManagementContextAutoConfiguration

    org.springframework.cloud.client.loadbalancer.LoadBalancerDefaultMappingsProviderAutoConfiguration

    org.springframework.cloud.config.client.ConfigClientAutoConfiguration

    org.springframework.cloud.client.discovery.composite.CompositeDiscoveryClientAutoConfiguration

    org.springframework.boot.actuate.autoconfigure.health.HealthContributorAutoConfiguration

    org.springframework.cloud.client.serviceregistry.ServiceRegistryAutoConfiguration

    org.springframework.cloud.autoconfigure.LifecycleMvcEndpointAutoConfiguration

    org.springframework.boot.actuate.autoconfigure.endpoint.jackson.JacksonEndpointAutoConfiguration

    org.springframework.boot.autoconfigure.availability.ApplicationAvailabilityAutoConfiguration

    org.springframework.boot.autoconfigure.info.ProjectInfoAutoConfiguration



2026-03-05 11:52:26.203 [claim-service] [main] [corr:na] INFO  c.c.c.ClaimServiceApplication - Started ClaimServiceApplication in 16.544 seconds (process running for 17.534)
2026-03-05 11:52:26.212 [claim-service] [main] [corr:na] DEBUG o.s.b.a.ApplicationAvailabilityBean - Application availability state LivenessState changed to CORRECT
2026-03-05 11:52:26.214 [claim-service] [main] [corr:na] DEBUG o.s.b.a.ApplicationAvailabilityBean - Application availability state ReadinessState changed to ACCEPTING_TRAFFIC
2026-03-05 11:52:26.258 [claim-service] [DiscoveryClient-InstanceInfoReplicator-0] [corr:na] INFO  c.netflix.discovery.DiscoveryClient - DiscoveryClient_CLAIM-SERVICE/10.83.0.144:claim-service:8082 - registration status: 204
2026-03-05 11:52:28.059 [claim-service] [http-nio-8082-exec-1] [corr:na] INFO  o.a.c.c.C.[Tomcat].[localhost].[/] - Initializing Spring DispatcherServlet 'dispatcherServlet'
2026-03-05 11:52:28.060 [claim-service] [http-nio-8082-exec-1] [corr:na] INFO  o.s.web.servlet.DispatcherServlet - Initializing Servlet 'dispatcherServlet'
2026-03-05 11:52:28.061 [claim-service] [http-nio-8082-exec-1] [corr:na] INFO  o.s.web.servlet.DispatcherServlet - Completed initialization in 1 ms
2026-03-05 11:52:28.081 [claim-service] [http-nio-8082-exec-1] [corr:03003512-90b1-4d81-8384-76e8491fdf68] WARN  o.s.w.s.h.HandlerMappingIntrospector - Cache miss for REQUEST dispatch to '/actuator/health' (previous null). Performing CorsConfiguration lookup. This is logged once only at WARN level, and every time at TRACE.
2026-03-05 11:52:28.097 [claim-service] [http-nio-8082-exec-1] [corr:03003512-90b1-4d81-8384-76e8491fdf68] DEBUG o.s.b.a.e.w.s.WebMvcEndpointHandlerMapping - Mapped to Actuator web endpoint 'health'
2026-03-05 11:54:46.167 [claim-service] [http-nio-8082-exec-3] [corr:934e5cf4-a095-4af3-b908-c2ea87af0af9] DEBUG o.s.b.a.e.w.s.WebMvcEndpointHandlerMapping - Mapped to Actuator web endpoint 'health'
2026-03-05 11:54:50.676 [claim-service] [http-nio-8082-exec-4] [corr:980424c0-1ea8-4aec-81f7-251f34b26c35] DEBUG c.c.c.s.JwtAuthenticationFilter - Authenticated user: manager.20260305-115445, correlationId: 980424c0-1ea8-4aec-81f7-251f34b26c35
2026-03-05 11:54:52.100 [claim-service] [http-nio-8082-exec-5] [corr:602fa9c1-f5b1-45f8-afc2-5156d1da0671] DEBUG c.c.c.s.JwtAuthenticationFilter - Authenticated user: manager.20260305-115445, correlationId: 602fa9c1-f5b1-45f8-afc2-5156d1da0671
2026-03-05 11:54:52.301 [claim-service] [http-nio-8082-exec-6] [corr:23e614cd-e26d-40d1-84f6-12eb4ed478c8] DEBUG c.c.c.s.JwtAuthenticationFilter - Authenticated user: policy.20260305-115445, correlationId: 23e614cd-e26d-40d1-84f6-12eb4ed478c8
2026-03-05 11:54:52.483 [claim-service] [http-nio-8082-exec-5] [corr:602fa9c1-f5b1-45f8-afc2-5156d1da0671] DEBUG org.hibernate.SQL - select c1_0.id,c1_0.adjuster_id,c1_0.approved_amount,c1_0.assessor_id,c1_0.claim_amount,c1_0.claim_number,c1_0.claimant_id,c1_0.created_at,c1_0.created_by,c1_0.incident_date,c1_0.incident_description,c1_0.incident_location,c1_0.policy_number,c1_0.status,c1_0.status_changed_at,c1_0.updated_at,c1_0.updated_by,c1_0.vehicle_make,c1_0.vehicle_model,c1_0.vehicle_registration,c1_0.vehicle_year from claims c1_0
2026-03-05 11:54:52.573 [claim-service] [http-nio-8082-exec-6] [corr:23e614cd-e26d-40d1-84f6-12eb4ed478c8] DEBUG org.hibernate.SQL - insert into claims (adjuster_id,approved_amount,assessor_id,claim_amount,claim_number,claimant_id,created_at,created_by,incident_date,incident_description,incident_location,policy_number,status,status_changed_at,updated_at,updated_by,vehicle_make,vehicle_model,vehicle_registration,vehicle_year) values (?,?,?,?,?,?,?,?,?,?,?,?,?,?,?,?,?,?,?,?)
2026-03-05 11:54:52.627 [claim-service] [http-nio-8082-exec-6] [corr:23e614cd-e26d-40d1-84f6-12eb4ed478c8] INFO  c.c.c.service.ClaimService - Claim submitted: CLM-CBD371F5
2026-03-05 11:54:52.640 [claim-service] [http-nio-8082-exec-6] [corr:23e614cd-e26d-40d1-84f6-12eb4ed478c8] DEBUG c.c.claimservice.config.FeignConfig - Feign request to: /api/reports/claim-event
2026-03-05 11:54:52.643 [claim-service] [http-nio-8082-exec-6] [corr:23e614cd-e26d-40d1-84f6-12eb4ed478c8] DEBUG c.c.c.client.ReportingServiceClient - [ReportingServiceClient#reportClaimEvent] ---> POST http://reporting-service/api/reports/claim-event HTTP/1.1
2026-03-05 11:54:52.863 [claim-service] [http-nio-8082-exec-6] [corr:23e614cd-e26d-40d1-84f6-12eb4ed478c8] WARN  o.s.c.l.core.RoundRobinLoadBalancer - No servers available for service: reporting-service
2026-03-05 11:54:52.874 [claim-service] [http-nio-8082-exec-6] [corr:23e614cd-e26d-40d1-84f6-12eb4ed478c8] WARN  o.s.c.o.l.FeignBlockingLoadBalancerClient - Load balancer does not contain an instance for the service reporting-service
2026-03-05 11:54:52.881 [claim-service] [http-nio-8082-exec-6] [corr:23e614cd-e26d-40d1-84f6-12eb4ed478c8] DEBUG c.c.c.client.ReportingServiceClient - [ReportingServiceClient#reportClaimEvent] <--- HTTP/1.1 503 (237ms)
2026-03-05 11:54:52.881 [claim-service] [http-nio-8082-exec-6] [corr:23e614cd-e26d-40d1-84f6-12eb4ed478c8] ERROR c.c.c.config.FeignErrorDecoder - Feign error in method ReportingServiceClient#reportClaimEvent(Map): status 503
2026-03-05 11:54:52.881 [claim-service] [http-nio-8082-exec-6] [corr:23e614cd-e26d-40d1-84f6-12eb4ed478c8] ERROR c.c.c.service.ClaimService - Failed to report claim event
java.lang.RuntimeException: Error calling service: 503
	at com.claimswift.claimservice.config.FeignErrorDecoder.decode(FeignErrorDecoder.java:21) ~[!/:na]
	at feign.InvocationContext.decodeError(InvocationContext.java:126) ~[feign-core-13.1.jar!/:na]
	at feign.InvocationContext.proceed(InvocationContext.java:72) ~[feign-core-13.1.jar!/:na]
	at feign.ResponseHandler.handleResponse(ResponseHandler.java:63) ~[feign-core-13.1.jar!/:na]
	at feign.SynchronousMethodHandler.executeAndDecode(SynchronousMethodHandler.java:114) ~[feign-core-13.1.jar!/:na]
	at feign.SynchronousMethodHandler.invoke(SynchronousMethodHandler.java:70) ~[feign-core-13.1.jar!/:na]
	at feign.ReflectiveFeign$FeignInvocationHandler.invoke(ReflectiveFeign.java:99) ~[feign-core-13.1.jar!/:na]
	at jdk.proxy2/jdk.proxy2.$Proxy177.reportClaimEvent(Unknown Source) ~[na:na]
	at com.claimswift.claimservice.service.ClaimService.reportClaimEvent(ClaimService.java:260) ~[!/:na]
	at com.claimswift.claimservice.service.ClaimService.submitClaim(ClaimService.java:56) ~[!/:na]
	at java.base/jdk.internal.reflect.DirectMethodHandleAccessor.invoke(DirectMethodHandleAccessor.java:103) ~[na:na]
	at java.base/java.lang.reflect.Method.invoke(Method.java:580) ~[na:na]
	at org.springframework.aop.support.AopUtils.invokeJoinpointUsingReflection(AopUtils.java:352) ~[spring-aop-6.1.1.jar!/:6.1.1]
	at org.springframework.aop.framework.ReflectiveMethodInvocation.invokeJoinpoint(ReflectiveMethodInvocation.java:196) ~[spring-aop-6.1.1.jar!/:6.1.1]
	at org.springframework.aop.framework.ReflectiveMethodInvocation.proceed(ReflectiveMethodInvocation.java:163) ~[spring-aop-6.1.1.jar!/:6.1.1]
	at org.springframework.aop.framework.CglibAopProxy$CglibMethodInvocation.proceed(CglibAopProxy.java:765) ~[spring-aop-6.1.1.jar!/:6.1.1]
	at org.springframework.transaction.interceptor.TransactionInterceptor$1.proceedWithInvocation(TransactionInterceptor.java:123) ~[spring-tx-6.1.1.jar!/:6.1.1]
	at org.springframework.transaction.interceptor.TransactionAspectSupport.invokeWithinTransaction(TransactionAspectSupport.java:385) ~[spring-tx-6.1.1.jar!/:6.1.1]
	at org.springframework.transaction.interceptor.TransactionInterceptor.invoke(TransactionInterceptor.java:119) ~[spring-tx-6.1.1.jar!/:6.1.1]
	at org.springframework.aop.framework.ReflectiveMethodInvocation.proceed(ReflectiveMethodInvocation.java:184) ~[spring-aop-6.1.1.jar!/:6.1.1]
	at org.springframework.aop.framework.CglibAopProxy$CglibMethodInvocation.proceed(CglibAopProxy.java:765) ~[spring-aop-6.1.1.jar!/:6.1.1]
	at org.springframework.aop.framework.CglibAopProxy$DynamicAdvisedInterceptor.intercept(CglibAopProxy.java:717) ~[spring-aop-6.1.1.jar!/:6.1.1]
	at com.claimswift.claimservice.service.ClaimService$$SpringCGLIB$$0.submitClaim(<generated>) ~[!/:na]
	at com.claimswift.claimservice.controller.ClaimController.submitClaim(ClaimController.java:41) ~[!/:na]
	at java.base/jdk.internal.reflect.DirectMethodHandleAccessor.invoke(DirectMethodHandleAccessor.java:103) ~[na:na]
	at java.base/java.lang.reflect.Method.invoke(Method.java:580) ~[na:na]
	at org.springframework.aop.support.AopUtils.invokeJoinpointUsingReflection(AopUtils.java:352) ~[spring-aop-6.1.1.jar!/:6.1.1]
	at org.springframework.aop.framework.ReflectiveMethodInvocation.invokeJoinpoint(ReflectiveMethodInvocation.java:196) ~[spring-aop-6.1.1.jar!/:6.1.1]
	at org.springframework.aop.framework.ReflectiveMethodInvocation.proceed(ReflectiveMethodInvocation.java:163) ~[spring-aop-6.1.1.jar!/:6.1.1]
	at org.springframework.aop.framework.CglibAopProxy$CglibMethodInvocation.proceed(CglibAopProxy.java:765) ~[spring-aop-6.1.1.jar!/:6.1.1]
	at org.springframework.validation.beanvalidation.MethodValidationInterceptor.invoke(MethodValidationInterceptor.java:174) ~[spring-context-6.1.1.jar!/:6.1.1]
	at org.springframework.aop.framework.ReflectiveMethodInvocation.proceed(ReflectiveMethodInvocation.java:184) ~[spring-aop-6.1.1.jar!/:6.1.1]
	at org.springframework.aop.framework.CglibAopProxy$CglibMethodInvocation.proceed(CglibAopProxy.java:765) ~[spring-aop-6.1.1.jar!/:6.1.1]
	at org.springframework.security.authorization.method.AuthorizationManagerBeforeMethodInterceptor.invoke(AuthorizationManagerBeforeMethodInterceptor.java:198) ~[spring-security-core-6.2.0.jar!/:6.2.0]
	at org.springframework.aop.framework.ReflectiveMethodInvocation.proceed(ReflectiveMethodInvocation.java:184) ~[spring-aop-6.1.1.jar!/:6.1.1]
	at org.springframework.aop.framework.CglibAopProxy$CglibMethodInvocation.proceed(CglibAopProxy.java:765) ~[spring-aop-6.1.1.jar!/:6.1.1]
	at org.springframework.aop.framework.CglibAopProxy$DynamicAdvisedInterceptor.intercept(CglibAopProxy.java:717) ~[spring-aop-6.1.1.jar!/:6.1.1]
	at com.claimswift.claimservice.controller.ClaimController$$SpringCGLIB$$0.submitClaim(<generated>) ~[!/:na]
	at java.base/jdk.internal.reflect.DirectMethodHandleAccessor.invoke(DirectMethodHandleAccessor.java:103) ~[na:na]
	at java.base/java.lang.reflect.Method.invoke(Method.java:580) ~[na:na]
	at org.springframework.web.method.support.InvocableHandlerMethod.doInvoke(InvocableHandlerMethod.java:254) ~[spring-web-6.1.1.jar!/:6.1.1]
	at org.springframework.web.method.support.InvocableHandlerMethod.invokeForRequest(InvocableHandlerMethod.java:182) ~[spring-web-6.1.1.jar!/:6.1.1]
	at org.springframework.web.servlet.mvc.method.annotation.ServletInvocableHandlerMethod.invokeAndHandle(ServletInvocableHandlerMethod.java:118) ~[spring-webmvc-6.1.1.jar!/:6.1.1]
	at org.springframework.web.servlet.mvc.method.annotation.RequestMappingHandlerAdapter.invokeHandlerMethod(RequestMappingHandlerAdapter.java:917) ~[spring-webmvc-6.1.1.jar!/:6.1.1]
	at org.springframework.web.servlet.mvc.method.annotation.RequestMappingHandlerAdapter.handleInternal(RequestMappingHandlerAdapter.java:829) ~[spring-webmvc-6.1.1.jar!/:6.1.1]
	at org.springframework.web.servlet.mvc.method.AbstractHandlerMethodAdapter.handle(AbstractHandlerMethodAdapter.java:87) ~[spring-webmvc-6.1.1.jar!/:6.1.1]
	at org.springframework.web.servlet.DispatcherServlet.doDispatch(DispatcherServlet.java:1089) ~[spring-webmvc-6.1.1.jar!/:6.1.1]
	at org.springframework.web.servlet.DispatcherServlet.doService(DispatcherServlet.java:979) ~[spring-webmvc-6.1.1.jar!/:6.1.1]
	at org.springframework.web.servlet.FrameworkServlet.processRequest(FrameworkServlet.java:1014) ~[spring-webmvc-6.1.1.jar!/:6.1.1]
	at org.springframework.web.servlet.FrameworkServlet.doPost(FrameworkServlet.java:914) ~[spring-webmvc-6.1.1.jar!/:6.1.1]
	at jakarta.servlet.http.HttpServlet.service(HttpServlet.java:590) ~[tomcat-embed-core-10.1.16.jar!/:na]
	at org.springframework.web.servlet.FrameworkServlet.service(FrameworkServlet.java:885) ~[spring-webmvc-6.1.1.jar!/:6.1.1]
	at jakarta.servlet.http.HttpServlet.service(HttpServlet.java:658) ~[tomcat-embed-core-10.1.16.jar!/:na]
	at org.apache.catalina.core.ApplicationFilterChain.internalDoFilter(ApplicationFilterChain.java:205) ~[tomcat-embed-core-10.1.16.jar!/:na]
	at org.apache.catalina.core.ApplicationFilterChain.doFilter(ApplicationFilterChain.java:149) ~[tomcat-embed-core-10.1.16.jar!/:na]
	at org.apache.tomcat.websocket.server.WsFilter.doFilter(WsFilter.java:51) ~[tomcat-embed-websocket-10.1.16.jar!/:na]
	at org.apache.catalina.core.ApplicationFilterChain.internalDoFilter(ApplicationFilterChain.java:174) ~[tomcat-embed-core-10.1.16.jar!/:na]
	at org.apache.catalina.core.ApplicationFilterChain.doFilter(ApplicationFilterChain.java:149) ~[tomcat-embed-core-10.1.16.jar!/:na]
	at org.springframework.web.filter.OncePerRequestFilter.doFilter(OncePerRequestFilter.java:110) ~[spring-web-6.1.1.jar!/:6.1.1]
	at org.apache.catalina.core.ApplicationFilterChain.internalDoFilter(ApplicationFilterChain.java:174) ~[tomcat-embed-core-10.1.16.jar!/:na]
	at org.apache.catalina.core.ApplicationFilterChain.doFilter(ApplicationFilterChain.java:149) ~[tomcat-embed-core-10.1.16.jar!/:na]
	at org.springframework.security.web.FilterChainProxy.lambda$doFilterInternal$3(FilterChainProxy.java:231) ~[spring-security-web-6.2.0.jar!/:6.2.0]
	at org.springframework.security.web.ObservationFilterChainDecorator$FilterObservation$SimpleFilterObservation.lambda$wrap$1(ObservationFilterChainDecorator.java:479) ~[spring-security-web-6.2.0.jar!/:6.2.0]
	at org.springframework.security.web.ObservationFilterChainDecorator$AroundFilterObservation$SimpleAroundFilterObservation.lambda$wrap$1(ObservationFilterChainDecorator.java:340) ~[spring-security-web-6.2.0.jar!/:6.2.0]
	at org.springframework.security.web.ObservationFilterChainDecorator.lambda$wrapSecured$0(ObservationFilterChainDecorator.java:82) ~[spring-security-web-6.2.0.jar!/:6.2.0]
	at org.springframework.security.web.ObservationFilterChainDecorator$VirtualFilterChain.doFilter(ObservationFilterChainDecorator.java:128) ~[spring-security-web-6.2.0.jar!/:6.2.0]
	at org.springframework.security.web.access.intercept.AuthorizationFilter.doFilter(AuthorizationFilter.java:100) ~[spring-security-web-6.2.0.jar!/:6.2.0]
	at org.springframework.security.web.ObservationFilterChainDecorator$ObservationFilter.wrapFilter(ObservationFilterChainDecorator.java:240) ~[spring-security-web-6.2.0.jar!/:6.2.0]
	at org.springframework.security.web.ObservationFilterChainDecorator$ObservationFilter.doFilter(ObservationFilterChainDecorator.java:227) ~[spring-security-web-6.2.0.jar!/:6.2.0]
	at org.springframework.security.web.ObservationFilterChainDecorator$VirtualFilterChain.doFilter(ObservationFilterChainDecorator.java:137) ~[spring-security-web-6.2.0.jar!/:6.2.0]
	at org.springframework.security.web.access.ExceptionTranslationFilter.doFilter(ExceptionTranslationFilter.java:126) ~[spring-security-web-6.2.0.jar!/:6.2.0]
	at org.springframework.security.web.access.ExceptionTranslationFilter.doFilter(ExceptionTranslationFilter.java:120) ~[spring-security-web-6.2.0.jar!/:6.2.0]
	at org.springframework.security.web.ObservationFilterChainDecorator$ObservationFilter.wrapFilter(ObservationFilterChainDecorator.java:240) ~[spring-security-web-6.2.0.jar!/:6.2.0]
	at org.springframework.security.web.ObservationFilterChainDecorator$ObservationFilter.doFilter(ObservationFilterChainDecorator.java:227) ~[spring-security-web-6.2.0.jar!/:6.2.0]
	at org.springframework.security.web.ObservationFilterChainDecorator$VirtualFilterChain.doFilter(ObservationFilterChainDecorator.java:137) ~[spring-security-web-6.2.0.jar!/:6.2.0]
	at org.springframework.security.web.session.SessionManagementFilter.doFilter(SessionManagementFilter.java:131) ~[spring-security-web-6.2.0.jar!/:6.2.0]
	at org.springframework.security.web.session.SessionManagementFilter.doFilter(SessionManagementFilter.java:85) ~[spring-security-web-6.2.0.jar!/:6.2.0]
	at org.springframework.security.web.ObservationFilterChainDecorator$ObservationFilter.wrapFilter(ObservationFilterChainDecorator.java:240) ~[spring-security-web-6.2.0.jar!/:6.2.0]
	at org.springframework.security.web.ObservationFilterChainDecorator$ObservationFilter.doFilter(ObservationFilterChainDecorator.java:227) ~[spring-security-web-6.2.0.jar!/:6.2.0]
	at org.springframework.security.web.ObservationFilterChainDecorator$VirtualFilterChain.doFilter(ObservationFilterChainDecorator.java:137) ~[spring-security-web-6.2.0.jar!/:6.2.0]
	at org.springframework.security.web.authentication.AnonymousAuthenticationFilter.doFilter(AnonymousAuthenticationFilter.java:100) ~[spring-security-web-6.2.0.jar!/:6.2.0]
	at org.springframework.security.web.ObservationFilterChainDecorator$ObservationFilter.wrapFilter(ObservationFilterChainDecorator.java:240) ~[spring-security-web-6.2.0.jar!/:6.2.0]
	at org.springframework.security.web.ObservationFilterChainDecorator$ObservationFilter.doFilter(ObservationFilterChainDecorator.java:227) ~[spring-security-web-6.2.0.jar!/:6.2.0]
	at org.springframework.security.web.ObservationFilterChainDecorator$VirtualFilterChain.doFilter(ObservationFilterChainDecorator.java:137) ~[spring-security-web-6.2.0.jar!/:6.2.0]
	at org.springframework.security.web.servletapi.SecurityContextHolderAwareRequestFilter.doFilter(SecurityContextHolderAwareRequestFilter.java:179) ~[spring-security-web-6.2.0.jar!/:6.2.0]
	at org.springframework.security.web.ObservationFilterChainDecorator$ObservationFilter.wrapFilter(ObservationFilterChainDecorator.java:240) ~[spring-security-web-6.2.0.jar!/:6.2.0]
	at org.springframework.security.web.ObservationFilterChainDecorator$ObservationFilter.doFilter(ObservationFilterChainDecorator.java:227) ~[spring-security-web-6.2.0.jar!/:6.2.0]
	at org.springframework.security.web.ObservationFilterChainDecorator$VirtualFilterChain.doFilter(ObservationFilterChainDecorator.java:137) ~[spring-security-web-6.2.0.jar!/:6.2.0]
	at org.springframework.security.web.savedrequest.RequestCacheAwareFilter.doFilter(RequestCacheAwareFilter.java:63) ~[spring-security-web-6.2.0.jar!/:6.2.0]
	at org.springframework.security.web.ObservationFilterChainDecorator$ObservationFilter.wrapFilter(ObservationFilterChainDecorator.java:240) ~[spring-security-web-6.2.0.jar!/:6.2.0]
	at org.springframework.security.web.ObservationFilterChainDecorator$ObservationFilter.doFilter(ObservationFilterChainDecorator.java:227) ~[spring-security-web-6.2.0.jar!/:6.2.0]
	at org.springframework.security.web.ObservationFilterChainDecorator$VirtualFilterChain.doFilter(ObservationFilterChainDecorator.java:137) ~[spring-security-web-6.2.0.jar!/:6.2.0]
	at com.claimswift.claimservice.security.JwtAuthenticationFilter.doFilterInternal(JwtAuthenticationFilter.java:61) ~[!/:na]
	at org.springframework.web.filter.OncePerRequestFilter.doFilter(OncePerRequestFilter.java:116) ~[spring-web-6.1.1.jar!/:6.1.1]
	at org.springframework.security.web.ObservationFilterChainDecorator$ObservationFilter.wrapFilter(ObservationFilterChainDecorator.java:240) ~[spring-security-web-6.2.0.jar!/:6.2.0]
	at org.springframework.security.web.ObservationFilterChainDecorator$ObservationFilter.doFilter(ObservationFilterChainDecorator.java:227) ~[spring-security-web-6.2.0.jar!/:6.2.0]
	at org.springframework.security.web.ObservationFilterChainDecorator$VirtualFilterChain.doFilter(ObservationFilterChainDecorator.java:137) ~[spring-security-web-6.2.0.jar!/:6.2.0]
	at org.springframework.security.web.authentication.logout.LogoutFilter.doFilter(LogoutFilter.java:107) ~[spring-security-web-6.2.0.jar!/:6.2.0]
	at org.springframework.security.web.authentication.logout.LogoutFilter.doFilter(LogoutFilter.java:93) ~[spring-security-web-6.2.0.jar!/:6.2.0]
	at org.springframework.security.web.ObservationFilterChainDecorator$ObservationFilter.wrapFilter(ObservationFilterChainDecorator.java:240) ~[spring-security-web-6.2.0.jar!/:6.2.0]
	at org.springframework.security.web.ObservationFilterChainDecorator$ObservationFilter.doFilter(ObservationFilterChainDecorator.java:227) ~[spring-security-web-6.2.0.jar!/:6.2.0]
	at org.springframework.security.web.ObservationFilterChainDecorator$VirtualFilterChain.doFilter(ObservationFilterChainDecorator.java:137) ~[spring-security-web-6.2.0.jar!/:6.2.0]
	at org.springframework.web.filter.CorsFilter.doFilterInternal(CorsFilter.java:91) ~[spring-web-6.1.1.jar!/:6.1.1]
	at org.springframework.web.filter.OncePerRequestFilter.doFilter(OncePerRequestFilter.java:116) ~[spring-web-6.1.1.jar!/:6.1.1]
	at org.springframework.security.web.ObservationFilterChainDecorator$ObservationFilter.wrapFilter(ObservationFilterChainDecorator.java:240) ~[spring-security-web-6.2.0.jar!/:6.2.0]
	at org.springframework.security.web.ObservationFilterChainDecorator$ObservationFilter.doFilter(ObservationFilterChainDecorator.java:227) ~[spring-security-web-6.2.0.jar!/:6.2.0]
	at org.springframework.security.web.ObservationFilterChainDecorator$VirtualFilterChain.doFilter(ObservationFilterChainDecorator.java:137) ~[spring-security-web-6.2.0.jar!/:6.2.0]
	at org.springframework.security.web.header.HeaderWriterFilter.doHeadersAfter(HeaderWriterFilter.java:90) ~[spring-security-web-6.2.0.jar!/:6.2.0]
	at org.springframework.security.web.header.HeaderWriterFilter.doFilterInternal(HeaderWriterFilter.java:75) ~[spring-security-web-6.2.0.jar!/:6.2.0]
	at org.springframework.web.filter.OncePerRequestFilter.doFilter(OncePerRequestFilter.java:116) ~[spring-web-6.1.1.jar!/:6.1.1]
	at org.springframework.security.web.ObservationFilterChainDecorator$ObservationFilter.wrapFilter(ObservationFilterChainDecorator.java:240) ~[spring-security-web-6.2.0.jar!/:6.2.0]
	at org.springframework.security.web.ObservationFilterChainDecorator$ObservationFilter.doFilter(ObservationFilterChainDecorator.java:227) ~[spring-security-web-6.2.0.jar!/:6.2.0]
	at org.springframework.security.web.ObservationFilterChainDecorator$VirtualFilterChain.doFilter(ObservationFilterChainDecorator.java:137) ~[spring-security-web-6.2.0.jar!/:6.2.0]
	at org.springframework.security.web.context.SecurityContextHolderFilter.doFilter(SecurityContextHolderFilter.java:82) ~[spring-security-web-6.2.0.jar!/:6.2.0]
	at org.springframework.security.web.context.SecurityContextHolderFilter.doFilter(SecurityContextHolderFilter.java:69) ~[spring-security-web-6.2.0.jar!/:6.2.0]
	at org.springframework.security.web.ObservationFilterChainDecorator$ObservationFilter.wrapFilter(ObservationFilterChainDecorator.java:240) ~[spring-security-web-6.2.0.jar!/:6.2.0]
	at org.springframework.security.web.ObservationFilterChainDecorator$ObservationFilter.doFilter(ObservationFilterChainDecorator.java:227) ~[spring-security-web-6.2.0.jar!/:6.2.0]
	at org.springframework.security.web.ObservationFilterChainDecorator$VirtualFilterChain.doFilter(ObservationFilterChainDecorator.java:137) ~[spring-security-web-6.2.0.jar!/:6.2.0]
	at org.springframework.security.web.context.request.async.WebAsyncManagerIntegrationFilter.doFilterInternal(WebAsyncManagerIntegrationFilter.java:62) ~[spring-security-web-6.2.0.jar!/:6.2.0]
	at org.springframework.web.filter.OncePerRequestFilter.doFilter(OncePerRequestFilter.java:116) ~[spring-web-6.1.1.jar!/:6.1.1]
	at org.springframework.security.web.ObservationFilterChainDecorator$ObservationFilter.wrapFilter(ObservationFilterChainDecorator.java:240) ~[spring-security-web-6.2.0.jar!/:6.2.0]
	at org.springframework.security.web.ObservationFilterChainDecorator$ObservationFilter.doFilter(ObservationFilterChainDecorator.java:227) ~[spring-security-web-6.2.0.jar!/:6.2.0]
	at org.springframework.security.web.ObservationFilterChainDecorator$VirtualFilterChain.doFilter(ObservationFilterChainDecorator.java:137) ~[spring-security-web-6.2.0.jar!/:6.2.0]
	at org.springframework.security.web.session.DisableEncodeUrlFilter.doFilterInternal(DisableEncodeUrlFilter.java:42) ~[spring-security-web-6.2.0.jar!/:6.2.0]
	at org.springframework.web.filter.OncePerRequestFilter.doFilter(OncePerRequestFilter.java:116) ~[spring-web-6.1.1.jar!/:6.1.1]
	at org.springframework.security.web.ObservationFilterChainDecorator$ObservationFilter.wrapFilter(ObservationFilterChainDecorator.java:240) ~[spring-security-web-6.2.0.jar!/:6.2.0]
	at org.springframework.security.web.ObservationFilterChainDecorator$AroundFilterObservation$SimpleAroundFilterObservation.lambda$wrap$0(ObservationFilterChainDecorator.java:323) ~[spring-security-web-6.2.0.jar!/:6.2.0]
	at org.springframework.security.web.ObservationFilterChainDecorator$ObservationFilter.doFilter(ObservationFilterChainDecorator.java:224) ~[spring-security-web-6.2.0.jar!/:6.2.0]
	at org.springframework.security.web.ObservationFilterChainDecorator$VirtualFilterChain.doFilter(ObservationFilterChainDecorator.java:137) ~[spring-security-web-6.2.0.jar!/:6.2.0]
	at org.springframework.security.web.FilterChainProxy.doFilterInternal(FilterChainProxy.java:233) ~[spring-security-web-6.2.0.jar!/:6.2.0]
	at org.springframework.security.web.FilterChainProxy.doFilter(FilterChainProxy.java:191) ~[spring-security-web-6.2.0.jar!/:6.2.0]
	at org.springframework.web.filter.DelegatingFilterProxy.invokeDelegate(DelegatingFilterProxy.java:352) ~[spring-web-6.1.1.jar!/:6.1.1]
	at org.springframework.web.filter.DelegatingFilterProxy.doFilter(DelegatingFilterProxy.java:268) ~[spring-web-6.1.1.jar!/:6.1.1]
	at org.apache.catalina.core.ApplicationFilterChain.internalDoFilter(ApplicationFilterChain.java:174) ~[tomcat-embed-core-10.1.16.jar!/:na]
	at org.apache.catalina.core.ApplicationFilterChain.doFilter(ApplicationFilterChain.java:149) ~[tomcat-embed-core-10.1.16.jar!/:na]
	at org.springframework.web.filter.RequestContextFilter.doFilterInternal(RequestContextFilter.java:100) ~[spring-web-6.1.1.jar!/:6.1.1]
	at org.springframework.web.filter.OncePerRequestFilter.doFilter(OncePerRequestFilter.java:116) ~[spring-web-6.1.1.jar!/:6.1.1]
	at org.apache.catalina.core.ApplicationFilterChain.internalDoFilter(ApplicationFilterChain.java:174) ~[tomcat-embed-core-10.1.16.jar!/:na]
	at org.apache.catalina.core.ApplicationFilterChain.doFilter(ApplicationFilterChain.java:149) ~[tomcat-embed-core-10.1.16.jar!/:na]
	at org.springframework.web.filter.FormContentFilter.doFilterInternal(FormContentFilter.java:93) ~[spring-web-6.1.1.jar!/:6.1.1]
	at org.springframework.web.filter.OncePerRequestFilter.doFilter(OncePerRequestFilter.java:116) ~[spring-web-6.1.1.jar!/:6.1.1]
	at org.apache.catalina.core.ApplicationFilterChain.internalDoFilter(ApplicationFilterChain.java:174) ~[tomcat-embed-core-10.1.16.jar!/:na]
	at org.apache.catalina.core.ApplicationFilterChain.doFilter(ApplicationFilterChain.java:149) ~[tomcat-embed-core-10.1.16.jar!/:na]
	at org.springframework.web.filter.ServerHttpObservationFilter.doFilterInternal(ServerHttpObservationFilter.java:109) ~[spring-web-6.1.1.jar!/:6.1.1]
	at org.springframework.web.filter.OncePerRequestFilter.doFilter(OncePerRequestFilter.java:116) ~[spring-web-6.1.1.jar!/:6.1.1]
	at org.apache.catalina.core.ApplicationFilterChain.internalDoFilter(ApplicationFilterChain.java:174) ~[tomcat-embed-core-10.1.16.jar!/:na]
	at org.apache.catalina.core.ApplicationFilterChain.doFilter(ApplicationFilterChain.java:149) ~[tomcat-embed-core-10.1.16.jar!/:na]
	at org.springframework.web.filter.CharacterEncodingFilter.doFilterInternal(CharacterEncodingFilter.java:201) ~[spring-web-6.1.1.jar!/:6.1.1]
	at org.springframework.web.filter.OncePerRequestFilter.doFilter(OncePerRequestFilter.java:116) ~[spring-web-6.1.1.jar!/:6.1.1]
	at org.apache.catalina.core.ApplicationFilterChain.internalDoFilter(ApplicationFilterChain.java:174) ~[tomcat-embed-core-10.1.16.jar!/:na]
	at org.apache.catalina.core.ApplicationFilterChain.doFilter(ApplicationFilterChain.java:149) ~[tomcat-embed-core-10.1.16.jar!/:na]
	at com.claimswift.claimservice.filter.CorrelationIdFilter.doFilterInternal(CorrelationIdFilter.java:40) ~[!/:na]
	at org.springframework.web.filter.OncePerRequestFilter.doFilter(OncePerRequestFilter.java:116) ~[spring-web-6.1.1.jar!/:6.1.1]
	at org.apache.catalina.core.ApplicationFilterChain.internalDoFilter(ApplicationFilterChain.java:174) ~[tomcat-embed-core-10.1.16.jar!/:na]
	at org.apache.catalina.core.ApplicationFilterChain.doFilter(ApplicationFilterChain.java:149) ~[tomcat-embed-core-10.1.16.jar!/:na]
	at org.apache.catalina.core.StandardWrapperValve.invoke(StandardWrapperValve.java:167) ~[tomcat-embed-core-10.1.16.jar!/:na]
	at org.apache.catalina.core.StandardContextValve.invoke(StandardContextValve.java:90) ~[tomcat-embed-core-10.1.16.jar!/:na]
	at org.apache.catalina.authenticator.AuthenticatorBase.invoke(AuthenticatorBase.java:482) ~[tomcat-embed-core-10.1.16.jar!/:na]
	at org.apache.catalina.core.StandardHostValve.invoke(StandardHostValve.java:115) ~[tomcat-embed-core-10.1.16.jar!/:na]
	at org.apache.catalina.valves.ErrorReportValve.invoke(ErrorReportValve.java:93) ~[tomcat-embed-core-10.1.16.jar!/:na]
	at org.apache.catalina.core.StandardEngineValve.invoke(StandardEngineValve.java:74) ~[tomcat-embed-core-10.1.16.jar!/:na]
	at org.apache.catalina.connector.CoyoteAdapter.service(CoyoteAdapter.java:340) ~[tomcat-embed-core-10.1.16.jar!/:na]
	at org.apache.coyote.http11.Http11Processor.service(Http11Processor.java:391) ~[tomcat-embed-core-10.1.16.jar!/:na]
	at org.apache.coyote.AbstractProcessorLight.process(AbstractProcessorLight.java:63) ~[tomcat-embed-core-10.1.16.jar!/:na]
	at org.apache.coyote.AbstractProtocol$ConnectionHandler.process(AbstractProtocol.java:896) ~[tomcat-embed-core-10.1.16.jar!/:na]
	at org.apache.tomcat.util.net.NioEndpoint$SocketProcessor.doRun(NioEndpoint.java:1744) ~[tomcat-embed-core-10.1.16.jar!/:na]
	at org.apache.tomcat.util.net.SocketProcessorBase.run(SocketProcessorBase.java:52) ~[tomcat-embed-core-10.1.16.jar!/:na]
	at org.apache.tomcat.util.threads.ThreadPoolExecutor.runWorker(ThreadPoolExecutor.java:1191) ~[tomcat-embed-core-10.1.16.jar!/:na]
	at org.apache.tomcat.util.threads.ThreadPoolExecutor$Worker.run(ThreadPoolExecutor.java:659) ~[tomcat-embed-core-10.1.16.jar!/:na]
	at org.apache.tomcat.util.threads.TaskThread$WrappingRunnable.run(TaskThread.java:61) ~[tomcat-embed-core-10.1.16.jar!/:na]
	at java.base/java.lang.Thread.run(Thread.java:1570) ~[na:na]
2026-03-05 11:54:52.905 [claim-service] [http-nio-8082-exec-6] [corr:23e614cd-e26d-40d1-84f6-12eb4ed478c8] DEBUG c.c.claimservice.config.FeignConfig - Feign request to: /api/notifications/internal/claim-status
2026-03-05 11:54:52.910 [claim-service] [http-nio-8082-exec-6] [corr:23e614cd-e26d-40d1-84f6-12eb4ed478c8] DEBUG c.c.c.c.NotificationServiceClient - [NotificationServiceClient#sendClaimStatusNotification] ---> POST http://notification-service/api/notifications/internal/claim-status HTTP/1.1
2026-03-05 11:54:53.864 [claim-service] [http-nio-8082-exec-6] [corr:23e614cd-e26d-40d1-84f6-12eb4ed478c8] DEBUG c.c.c.c.NotificationServiceClient - [NotificationServiceClient#sendClaimStatusNotification] <--- HTTP/1.1 200 (953ms)
2026-03-05 11:54:53.954 [claim-service] [http-nio-8082-exec-7] [corr:1867e3c8-428f-4441-862e-82bb673d6b32] DEBUG c.c.c.s.JwtAuthenticationFilter - Authenticated user: policy.20260305-115445, correlationId: 1867e3c8-428f-4441-862e-82bb673d6b32
2026-03-05 11:54:53.962 [claim-service] [http-nio-8082-exec-7] [corr:1867e3c8-428f-4441-862e-82bb673d6b32] DEBUG org.hibernate.SQL - insert into claims (adjuster_id,approved_amount,assessor_id,claim_amount,claim_number,claimant_id,created_at,created_by,incident_date,incident_description,incident_location,policy_number,status,status_changed_at,updated_at,updated_by,vehicle_make,vehicle_model,vehicle_registration,vehicle_year) values (?,?,?,?,?,?,?,?,?,?,?,?,?,?,?,?,?,?,?,?)
2026-03-05 11:54:53.962 [claim-service] [http-nio-8082-exec-7] [corr:1867e3c8-428f-4441-862e-82bb673d6b32] INFO  c.c.c.service.ClaimService - Claim submitted: CLM-A9D9E576
2026-03-05 11:54:53.962 [claim-service] [http-nio-8082-exec-7] [corr:1867e3c8-428f-4441-862e-82bb673d6b32] DEBUG c.c.claimservice.config.FeignConfig - Feign request to: /api/reports/claim-event
2026-03-05 11:54:53.962 [claim-service] [http-nio-8082-exec-7] [corr:1867e3c8-428f-4441-862e-82bb673d6b32] DEBUG c.c.c.client.ReportingServiceClient - [ReportingServiceClient#reportClaimEvent] ---> POST http://reporting-service/api/reports/claim-event HTTP/1.1
2026-03-05 11:54:53.976 [claim-service] [http-nio-8082-exec-7] [corr:1867e3c8-428f-4441-862e-82bb673d6b32] WARN  o.s.c.l.core.RoundRobinLoadBalancer - No servers available for service: reporting-service
2026-03-05 11:54:53.978 [claim-service] [http-nio-8082-exec-7] [corr:1867e3c8-428f-4441-862e-82bb673d6b32] WARN  o.s.c.o.l.FeignBlockingLoadBalancerClient - Load balancer does not contain an instance for the service reporting-service
2026-03-05 11:54:53.978 [claim-service] [http-nio-8082-exec-7] [corr:1867e3c8-428f-4441-862e-82bb673d6b32] DEBUG c.c.c.client.ReportingServiceClient - [ReportingServiceClient#reportClaimEvent] <--- HTTP/1.1 503 (5ms)
2026-03-05 11:54:53.978 [claim-service] [http-nio-8082-exec-7] [corr:1867e3c8-428f-4441-862e-82bb673d6b32] ERROR c.c.c.config.FeignErrorDecoder - Feign error in method ReportingServiceClient#reportClaimEvent(Map): status 503
2026-03-05 11:54:53.978 [claim-service] [http-nio-8082-exec-7] [corr:1867e3c8-428f-4441-862e-82bb673d6b32] ERROR c.c.c.service.ClaimService - Failed to report claim event
java.lang.RuntimeException: Error calling service: 503
	at com.claimswift.claimservice.config.FeignErrorDecoder.decode(FeignErrorDecoder.java:21) ~[!/:na]
	at feign.InvocationContext.decodeError(InvocationContext.java:126) ~[feign-core-13.1.jar!/:na]
	at feign.InvocationContext.proceed(InvocationContext.java:72) ~[feign-core-13.1.jar!/:na]
	at feign.ResponseHandler.handleResponse(ResponseHandler.java:63) ~[feign-core-13.1.jar!/:na]
	at feign.SynchronousMethodHandler.executeAndDecode(SynchronousMethodHandler.java:114) ~[feign-core-13.1.jar!/:na]
	at feign.SynchronousMethodHandler.invoke(SynchronousMethodHandler.java:70) ~[feign-core-13.1.jar!/:na]
	at feign.ReflectiveFeign$FeignInvocationHandler.invoke(ReflectiveFeign.java:99) ~[feign-core-13.1.jar!/:na]
	at jdk.proxy2/jdk.proxy2.$Proxy177.reportClaimEvent(Unknown Source) ~[na:na]
	at com.claimswift.claimservice.service.ClaimService.reportClaimEvent(ClaimService.java:260) ~[!/:na]
	at com.claimswift.claimservice.service.ClaimService.submitClaim(ClaimService.java:56) ~[!/:na]
	at java.base/jdk.internal.reflect.DirectMethodHandleAccessor.invoke(DirectMethodHandleAccessor.java:103) ~[na:na]
	at java.base/java.lang.reflect.Method.invoke(Method.java:580) ~[na:na]
	at org.springframework.aop.support.AopUtils.invokeJoinpointUsingReflection(AopUtils.java:352) ~[spring-aop-6.1.1.jar!/:6.1.1]
	at org.springframework.aop.framework.ReflectiveMethodInvocation.invokeJoinpoint(ReflectiveMethodInvocation.java:196) ~[spring-aop-6.1.1.jar!/:6.1.1]
	at org.springframework.aop.framework.ReflectiveMethodInvocation.proceed(ReflectiveMethodInvocation.java:163) ~[spring-aop-6.1.1.jar!/:6.1.1]
	at org.springframework.aop.framework.CglibAopProxy$CglibMethodInvocation.proceed(CglibAopProxy.java:765) ~[spring-aop-6.1.1.jar!/:6.1.1]
	at org.springframework.transaction.interceptor.TransactionInterceptor$1.proceedWithInvocation(TransactionInterceptor.java:123) ~[spring-tx-6.1.1.jar!/:6.1.1]
	at org.springframework.transaction.interceptor.TransactionAspectSupport.invokeWithinTransaction(TransactionAspectSupport.java:385) ~[spring-tx-6.1.1.jar!/:6.1.1]
	at org.springframework.transaction.interceptor.TransactionInterceptor.invoke(TransactionInterceptor.java:119) ~[spring-tx-6.1.1.jar!/:6.1.1]
	at org.springframework.aop.framework.ReflectiveMethodInvocation.proceed(ReflectiveMethodInvocation.java:184) ~[spring-aop-6.1.1.jar!/:6.1.1]
	at org.springframework.aop.framework.CglibAopProxy$CglibMethodInvocation.proceed(CglibAopProxy.java:765) ~[spring-aop-6.1.1.jar!/:6.1.1]
	at org.springframework.aop.framework.CglibAopProxy$DynamicAdvisedInterceptor.intercept(CglibAopProxy.java:717) ~[spring-aop-6.1.1.jar!/:6.1.1]
	at com.claimswift.claimservice.service.ClaimService$$SpringCGLIB$$0.submitClaim(<generated>) ~[!/:na]
	at com.claimswift.claimservice.controller.ClaimController.submitClaim(ClaimController.java:41) ~[!/:na]
	at java.base/jdk.internal.reflect.DirectMethodHandleAccessor.invoke(DirectMethodHandleAccessor.java:103) ~[na:na]
	at java.base/java.lang.reflect.Method.invoke(Method.java:580) ~[na:na]
	at org.springframework.aop.support.AopUtils.invokeJoinpointUsingReflection(AopUtils.java:352) ~[spring-aop-6.1.1.jar!/:6.1.1]
	at org.springframework.aop.framework.ReflectiveMethodInvocation.invokeJoinpoint(ReflectiveMethodInvocation.java:196) ~[spring-aop-6.1.1.jar!/:6.1.1]
	at org.springframework.aop.framework.ReflectiveMethodInvocation.proceed(ReflectiveMethodInvocation.java:163) ~[spring-aop-6.1.1.jar!/:6.1.1]
	at org.springframework.aop.framework.CglibAopProxy$CglibMethodInvocation.proceed(CglibAopProxy.java:765) ~[spring-aop-6.1.1.jar!/:6.1.1]
	at org.springframework.validation.beanvalidation.MethodValidationInterceptor.invoke(MethodValidationInterceptor.java:174) ~[spring-context-6.1.1.jar!/:6.1.1]
	at org.springframework.aop.framework.ReflectiveMethodInvocation.proceed(ReflectiveMethodInvocation.java:184) ~[spring-aop-6.1.1.jar!/:6.1.1]
	at org.springframework.aop.framework.CglibAopProxy$CglibMethodInvocation.proceed(CglibAopProxy.java:765) ~[spring-aop-6.1.1.jar!/:6.1.1]
	at org.springframework.security.authorization.method.AuthorizationManagerBeforeMethodInterceptor.invoke(AuthorizationManagerBeforeMethodInterceptor.java:198) ~[spring-security-core-6.2.0.jar!/:6.2.0]
	at org.springframework.aop.framework.ReflectiveMethodInvocation.proceed(ReflectiveMethodInvocation.java:184) ~[spring-aop-6.1.1.jar!/:6.1.1]
	at org.springframework.aop.framework.CglibAopProxy$CglibMethodInvocation.proceed(CglibAopProxy.java:765) ~[spring-aop-6.1.1.jar!/:6.1.1]
	at org.springframework.aop.framework.CglibAopProxy$DynamicAdvisedInterceptor.intercept(CglibAopProxy.java:717) ~[spring-aop-6.1.1.jar!/:6.1.1]
	at com.claimswift.claimservice.controller.ClaimController$$SpringCGLIB$$0.submitClaim(<generated>) ~[!/:na]
	at java.base/jdk.internal.reflect.DirectMethodHandleAccessor.invoke(DirectMethodHandleAccessor.java:103) ~[na:na]
	at java.base/java.lang.reflect.Method.invoke(Method.java:580) ~[na:na]
	at org.springframework.web.method.support.InvocableHandlerMethod.doInvoke(InvocableHandlerMethod.java:254) ~[spring-web-6.1.1.jar!/:6.1.1]
	at org.springframework.web.method.support.InvocableHandlerMethod.invokeForRequest(InvocableHandlerMethod.java:182) ~[spring-web-6.1.1.jar!/:6.1.1]
	at org.springframework.web.servlet.mvc.method.annotation.ServletInvocableHandlerMethod.invokeAndHandle(ServletInvocableHandlerMethod.java:118) ~[spring-webmvc-6.1.1.jar!/:6.1.1]
	at org.springframework.web.servlet.mvc.method.annotation.RequestMappingHandlerAdapter.invokeHandlerMethod(RequestMappingHandlerAdapter.java:917) ~[spring-webmvc-6.1.1.jar!/:6.1.1]
	at org.springframework.web.servlet.mvc.method.annotation.RequestMappingHandlerAdapter.handleInternal(RequestMappingHandlerAdapter.java:829) ~[spring-webmvc-6.1.1.jar!/:6.1.1]
	at org.springframework.web.servlet.mvc.method.AbstractHandlerMethodAdapter.handle(AbstractHandlerMethodAdapter.java:87) ~[spring-webmvc-6.1.1.jar!/:6.1.1]
	at org.springframework.web.servlet.DispatcherServlet.doDispatch(DispatcherServlet.java:1089) ~[spring-webmvc-6.1.1.jar!/:6.1.1]
	at org.springframework.web.servlet.DispatcherServlet.doService(DispatcherServlet.java:979) ~[spring-webmvc-6.1.1.jar!/:6.1.1]
	at org.springframework.web.servlet.FrameworkServlet.processRequest(FrameworkServlet.java:1014) ~[spring-webmvc-6.1.1.jar!/:6.1.1]
	at org.springframework.web.servlet.FrameworkServlet.doPost(FrameworkServlet.java:914) ~[spring-webmvc-6.1.1.jar!/:6.1.1]
	at jakarta.servlet.http.HttpServlet.service(HttpServlet.java:590) ~[tomcat-embed-core-10.1.16.jar!/:na]
	at org.springframework.web.servlet.FrameworkServlet.service(FrameworkServlet.java:885) ~[spring-webmvc-6.1.1.jar!/:6.1.1]
	at jakarta.servlet.http.HttpServlet.service(HttpServlet.java:658) ~[tomcat-embed-core-10.1.16.jar!/:na]
	at org.apache.catalina.core.ApplicationFilterChain.internalDoFilter(ApplicationFilterChain.java:205) ~[tomcat-embed-core-10.1.16.jar!/:na]
	at org.apache.catalina.core.ApplicationFilterChain.doFilter(ApplicationFilterChain.java:149) ~[tomcat-embed-core-10.1.16.jar!/:na]
	at org.apache.tomcat.websocket.server.WsFilter.doFilter(WsFilter.java:51) ~[tomcat-embed-websocket-10.1.16.jar!/:na]
	at org.apache.catalina.core.ApplicationFilterChain.internalDoFilter(ApplicationFilterChain.java:174) ~[tomcat-embed-core-10.1.16.jar!/:na]
	at org.apache.catalina.core.ApplicationFilterChain.doFilter(ApplicationFilterChain.java:149) ~[tomcat-embed-core-10.1.16.jar!/:na]
	at org.springframework.web.filter.OncePerRequestFilter.doFilter(OncePerRequestFilter.java:110) ~[spring-web-6.1.1.jar!/:6.1.1]
	at org.apache.catalina.core.ApplicationFilterChain.internalDoFilter(ApplicationFilterChain.java:174) ~[tomcat-embed-core-10.1.16.jar!/:na]
	at org.apache.catalina.core.ApplicationFilterChain.doFilter(ApplicationFilterChain.java:149) ~[tomcat-embed-core-10.1.16.jar!/:na]
	at org.springframework.security.web.FilterChainProxy.lambda$doFilterInternal$3(FilterChainProxy.java:231) ~[spring-security-web-6.2.0.jar!/:6.2.0]
	at org.springframework.security.web.ObservationFilterChainDecorator$FilterObservation$SimpleFilterObservation.lambda$wrap$1(ObservationFilterChainDecorator.java:479) ~[spring-security-web-6.2.0.jar!/:6.2.0]
	at org.springframework.security.web.ObservationFilterChainDecorator$AroundFilterObservation$SimpleAroundFilterObservation.lambda$wrap$1(ObservationFilterChainDecorator.java:340) ~[spring-security-web-6.2.0.jar!/:6.2.0]
	at org.springframework.security.web.ObservationFilterChainDecorator.lambda$wrapSecured$0(ObservationFilterChainDecorator.java:82) ~[spring-security-web-6.2.0.jar!/:6.2.0]
	at org.springframework.security.web.ObservationFilterChainDecorator$VirtualFilterChain.doFilter(ObservationFilterChainDecorator.java:128) ~[spring-security-web-6.2.0.jar!/:6.2.0]
	at org.springframework.security.web.access.intercept.AuthorizationFilter.doFilter(AuthorizationFilter.java:100) ~[spring-security-web-6.2.0.jar!/:6.2.0]
	at org.springframework.security.web.ObservationFilterChainDecorator$ObservationFilter.wrapFilter(ObservationFilterChainDecorator.java:240) ~[spring-security-web-6.2.0.jar!/:6.2.0]
	at org.springframework.security.web.ObservationFilterChainDecorator$ObservationFilter.doFilter(ObservationFilterChainDecorator.java:227) ~[spring-security-web-6.2.0.jar!/:6.2.0]
	at org.springframework.security.web.ObservationFilterChainDecorator$VirtualFilterChain.doFilter(ObservationFilterChainDecorator.java:137) ~[spring-security-web-6.2.0.jar!/:6.2.0]
	at org.springframework.security.web.access.ExceptionTranslationFilter.doFilter(ExceptionTranslationFilter.java:126) ~[spring-security-web-6.2.0.jar!/:6.2.0]
	at org.springframework.security.web.access.ExceptionTranslationFilter.doFilter(ExceptionTranslationFilter.java:120) ~[spring-security-web-6.2.0.jar!/:6.2.0]
	at org.springframework.security.web.ObservationFilterChainDecorator$ObservationFilter.wrapFilter(ObservationFilterChainDecorator.java:240) ~[spring-security-web-6.2.0.jar!/:6.2.0]
	at org.springframework.security.web.ObservationFilterChainDecorator$ObservationFilter.doFilter(ObservationFilterChainDecorator.java:227) ~[spring-security-web-6.2.0.jar!/:6.2.0]
	at org.springframework.security.web.ObservationFilterChainDecorator$VirtualFilterChain.doFilter(ObservationFilterChainDecorator.java:137) ~[spring-security-web-6.2.0.jar!/:6.2.0]
	at org.springframework.security.web.session.SessionManagementFilter.doFilter(SessionManagementFilter.java:131) ~[spring-security-web-6.2.0.jar!/:6.2.0]
	at org.springframework.security.web.session.SessionManagementFilter.doFilter(SessionManagementFilter.java:85) ~[spring-security-web-6.2.0.jar!/:6.2.0]
	at org.springframework.security.web.ObservationFilterChainDecorator$ObservationFilter.wrapFilter(ObservationFilterChainDecorator.java:240) ~[spring-security-web-6.2.0.jar!/:6.2.0]
	at org.springframework.security.web.ObservationFilterChainDecorator$ObservationFilter.doFilter(ObservationFilterChainDecorator.java:227) ~[spring-security-web-6.2.0.jar!/:6.2.0]
	at org.springframework.security.web.ObservationFilterChainDecorator$VirtualFilterChain.doFilter(ObservationFilterChainDecorator.java:137) ~[spring-security-web-6.2.0.jar!/:6.2.0]
	at org.springframework.security.web.authentication.AnonymousAuthenticationFilter.doFilter(AnonymousAuthenticationFilter.java:100) ~[spring-security-web-6.2.0.jar!/:6.2.0]
	at org.springframework.security.web.ObservationFilterChainDecorator$ObservationFilter.wrapFilter(ObservationFilterChainDecorator.java:240) ~[spring-security-web-6.2.0.jar!/:6.2.0]
	at org.springframework.security.web.ObservationFilterChainDecorator$ObservationFilter.doFilter(ObservationFilterChainDecorator.java:227) ~[spring-security-web-6.2.0.jar!/:6.2.0]
	at org.springframework.security.web.ObservationFilterChainDecorator$VirtualFilterChain.doFilter(ObservationFilterChainDecorator.java:137) ~[spring-security-web-6.2.0.jar!/:6.2.0]
	at org.springframework.security.web.servletapi.SecurityContextHolderAwareRequestFilter.doFilter(SecurityContextHolderAwareRequestFilter.java:179) ~[spring-security-web-6.2.0.jar!/:6.2.0]
	at org.springframework.security.web.ObservationFilterChainDecorator$ObservationFilter.wrapFilter(ObservationFilterChainDecorator.java:240) ~[spring-security-web-6.2.0.jar!/:6.2.0]
	at org.springframework.security.web.ObservationFilterChainDecorator$ObservationFilter.doFilter(ObservationFilterChainDecorator.java:227) ~[spring-security-web-6.2.0.jar!/:6.2.0]
	at org.springframework.security.web.ObservationFilterChainDecorator$VirtualFilterChain.doFilter(ObservationFilterChainDecorator.java:137) ~[spring-security-web-6.2.0.jar!/:6.2.0]
	at org.springframework.security.web.savedrequest.RequestCacheAwareFilter.doFilter(RequestCacheAwareFilter.java:63) ~[spring-security-web-6.2.0.jar!/:6.2.0]
	at org.springframework.security.web.ObservationFilterChainDecorator$ObservationFilter.wrapFilter(ObservationFilterChainDecorator.java:240) ~[spring-security-web-6.2.0.jar!/:6.2.0]
	at org.springframework.security.web.ObservationFilterChainDecorator$ObservationFilter.doFilter(ObservationFilterChainDecorator.java:227) ~[spring-security-web-6.2.0.jar!/:6.2.0]
	at org.springframework.security.web.ObservationFilterChainDecorator$VirtualFilterChain.doFilter(ObservationFilterChainDecorator.java:137) ~[spring-security-web-6.2.0.jar!/:6.2.0]
	at com.claimswift.claimservice.security.JwtAuthenticationFilter.doFilterInternal(JwtAuthenticationFilter.java:61) ~[!/:na]
	at org.springframework.web.filter.OncePerRequestFilter.doFilter(OncePerRequestFilter.java:116) ~[spring-web-6.1.1.jar!/:6.1.1]
	at org.springframework.security.web.ObservationFilterChainDecorator$ObservationFilter.wrapFilter(ObservationFilterChainDecorator.java:240) ~[spring-security-web-6.2.0.jar!/:6.2.0]
	at org.springframework.security.web.ObservationFilterChainDecorator$ObservationFilter.doFilter(ObservationFilterChainDecorator.java:227) ~[spring-security-web-6.2.0.jar!/:6.2.0]
	at org.springframework.security.web.ObservationFilterChainDecorator$VirtualFilterChain.doFilter(ObservationFilterChainDecorator.java:137) ~[spring-security-web-6.2.0.jar!/:6.2.0]
	at org.springframework.security.web.authentication.logout.LogoutFilter.doFilter(LogoutFilter.java:107) ~[spring-security-web-6.2.0.jar!/:6.2.0]
	at org.springframework.security.web.authentication.logout.LogoutFilter.doFilter(LogoutFilter.java:93) ~[spring-security-web-6.2.0.jar!/:6.2.0]
	at org.springframework.security.web.ObservationFilterChainDecorator$ObservationFilter.wrapFilter(ObservationFilterChainDecorator.java:240) ~[spring-security-web-6.2.0.jar!/:6.2.0]
	at org.springframework.security.web.ObservationFilterChainDecorator$ObservationFilter.doFilter(ObservationFilterChainDecorator.java:227) ~[spring-security-web-6.2.0.jar!/:6.2.0]
	at org.springframework.security.web.ObservationFilterChainDecorator$VirtualFilterChain.doFilter(ObservationFilterChainDecorator.java:137) ~[spring-security-web-6.2.0.jar!/:6.2.0]
	at org.springframework.web.filter.CorsFilter.doFilterInternal(CorsFilter.java:91) ~[spring-web-6.1.1.jar!/:6.1.1]
	at org.springframework.web.filter.OncePerRequestFilter.doFilter(OncePerRequestFilter.java:116) ~[spring-web-6.1.1.jar!/:6.1.1]
	at org.springframework.security.web.ObservationFilterChainDecorator$ObservationFilter.wrapFilter(ObservationFilterChainDecorator.java:240) ~[spring-security-web-6.2.0.jar!/:6.2.0]
	at org.springframework.security.web.ObservationFilterChainDecorator$ObservationFilter.doFilter(ObservationFilterChainDecorator.java:227) ~[spring-security-web-6.2.0.jar!/:6.2.0]
	at org.springframework.security.web.ObservationFilterChainDecorator$VirtualFilterChain.doFilter(ObservationFilterChainDecorator.java:137) ~[spring-security-web-6.2.0.jar!/:6.2.0]
	at org.springframework.security.web.header.HeaderWriterFilter.doHeadersAfter(HeaderWriterFilter.java:90) ~[spring-security-web-6.2.0.jar!/:6.2.0]
	at org.springframework.security.web.header.HeaderWriterFilter.doFilterInternal(HeaderWriterFilter.java:75) ~[spring-security-web-6.2.0.jar!/:6.2.0]
	at org.springframework.web.filter.OncePerRequestFilter.doFilter(OncePerRequestFilter.java:116) ~[spring-web-6.1.1.jar!/:6.1.1]
	at org.springframework.security.web.ObservationFilterChainDecorator$ObservationFilter.wrapFilter(ObservationFilterChainDecorator.java:240) ~[spring-security-web-6.2.0.jar!/:6.2.0]
	at org.springframework.security.web.ObservationFilterChainDecorator$ObservationFilter.doFilter(ObservationFilterChainDecorator.java:227) ~[spring-security-web-6.2.0.jar!/:6.2.0]
	at org.springframework.security.web.ObservationFilterChainDecorator$VirtualFilterChain.doFilter(ObservationFilterChainDecorator.java:137) ~[spring-security-web-6.2.0.jar!/:6.2.0]
	at org.springframework.security.web.context.SecurityContextHolderFilter.doFilter(SecurityContextHolderFilter.java:82) ~[spring-security-web-6.2.0.jar!/:6.2.0]
	at org.springframework.security.web.context.SecurityContextHolderFilter.doFilter(SecurityContextHolderFilter.java:69) ~[spring-security-web-6.2.0.jar!/:6.2.0]
	at org.springframework.security.web.ObservationFilterChainDecorator$ObservationFilter.wrapFilter(ObservationFilterChainDecorator.java:240) ~[spring-security-web-6.2.0.jar!/:6.2.0]
	at org.springframework.security.web.ObservationFilterChainDecorator$ObservationFilter.doFilter(ObservationFilterChainDecorator.java:227) ~[spring-security-web-6.2.0.jar!/:6.2.0]
	at org.springframework.security.web.ObservationFilterChainDecorator$VirtualFilterChain.doFilter(ObservationFilterChainDecorator.java:137) ~[spring-security-web-6.2.0.jar!/:6.2.0]
	at org.springframework.security.web.context.request.async.WebAsyncManagerIntegrationFilter.doFilterInternal(WebAsyncManagerIntegrationFilter.java:62) ~[spring-security-web-6.2.0.jar!/:6.2.0]
	at org.springframework.web.filter.OncePerRequestFilter.doFilter(OncePerRequestFilter.java:116) ~[spring-web-6.1.1.jar!/:6.1.1]
	at org.springframework.security.web.ObservationFilterChainDecorator$ObservationFilter.wrapFilter(ObservationFilterChainDecorator.java:240) ~[spring-security-web-6.2.0.jar!/:6.2.0]
	at org.springframework.security.web.ObservationFilterChainDecorator$ObservationFilter.doFilter(ObservationFilterChainDecorator.java:227) ~[spring-security-web-6.2.0.jar!/:6.2.0]
	at org.springframework.security.web.ObservationFilterChainDecorator$VirtualFilterChain.doFilter(ObservationFilterChainDecorator.java:137) ~[spring-security-web-6.2.0.jar!/:6.2.0]
	at org.springframework.security.web.session.DisableEncodeUrlFilter.doFilterInternal(DisableEncodeUrlFilter.java:42) ~[spring-security-web-6.2.0.jar!/:6.2.0]
	at org.springframework.web.filter.OncePerRequestFilter.doFilter(OncePerRequestFilter.java:116) ~[spring-web-6.1.1.jar!/:6.1.1]
	at org.springframework.security.web.ObservationFilterChainDecorator$ObservationFilter.wrapFilter(ObservationFilterChainDecorator.java:240) ~[spring-security-web-6.2.0.jar!/:6.2.0]
	at org.springframework.security.web.ObservationFilterChainDecorator$AroundFilterObservation$SimpleAroundFilterObservation.lambda$wrap$0(ObservationFilterChainDecorator.java:323) ~[spring-security-web-6.2.0.jar!/:6.2.0]
	at org.springframework.security.web.ObservationFilterChainDecorator$ObservationFilter.doFilter(ObservationFilterChainDecorator.java:224) ~[spring-security-web-6.2.0.jar!/:6.2.0]
	at org.springframework.security.web.ObservationFilterChainDecorator$VirtualFilterChain.doFilter(ObservationFilterChainDecorator.java:137) ~[spring-security-web-6.2.0.jar!/:6.2.0]
	at org.springframework.security.web.FilterChainProxy.doFilterInternal(FilterChainProxy.java:233) ~[spring-security-web-6.2.0.jar!/:6.2.0]
	at org.springframework.security.web.FilterChainProxy.doFilter(FilterChainProxy.java:191) ~[spring-security-web-6.2.0.jar!/:6.2.0]
	at org.springframework.web.filter.DelegatingFilterProxy.invokeDelegate(DelegatingFilterProxy.java:352) ~[spring-web-6.1.1.jar!/:6.1.1]
	at org.springframework.web.filter.DelegatingFilterProxy.doFilter(DelegatingFilterProxy.java:268) ~[spring-web-6.1.1.jar!/:6.1.1]
	at org.apache.catalina.core.ApplicationFilterChain.internalDoFilter(ApplicationFilterChain.java:174) ~[tomcat-embed-core-10.1.16.jar!/:na]
	at org.apache.catalina.core.ApplicationFilterChain.doFilter(ApplicationFilterChain.java:149) ~[tomcat-embed-core-10.1.16.jar!/:na]
	at org.springframework.web.filter.RequestContextFilter.doFilterInternal(RequestContextFilter.java:100) ~[spring-web-6.1.1.jar!/:6.1.1]
	at org.springframework.web.filter.OncePerRequestFilter.doFilter(OncePerRequestFilter.java:116) ~[spring-web-6.1.1.jar!/:6.1.1]
	at org.apache.catalina.core.ApplicationFilterChain.internalDoFilter(ApplicationFilterChain.java:174) ~[tomcat-embed-core-10.1.16.jar!/:na]
	at org.apache.catalina.core.ApplicationFilterChain.doFilter(ApplicationFilterChain.java:149) ~[tomcat-embed-core-10.1.16.jar!/:na]
	at org.springframework.web.filter.FormContentFilter.doFilterInternal(FormContentFilter.java:93) ~[spring-web-6.1.1.jar!/:6.1.1]
	at org.springframework.web.filter.OncePerRequestFilter.doFilter(OncePerRequestFilter.java:116) ~[spring-web-6.1.1.jar!/:6.1.1]
	at org.apache.catalina.core.ApplicationFilterChain.internalDoFilter(ApplicationFilterChain.java:174) ~[tomcat-embed-core-10.1.16.jar!/:na]
	at org.apache.catalina.core.ApplicationFilterChain.doFilter(ApplicationFilterChain.java:149) ~[tomcat-embed-core-10.1.16.jar!/:na]
	at org.springframework.web.filter.ServerHttpObservationFilter.doFilterInternal(ServerHttpObservationFilter.java:109) ~[spring-web-6.1.1.jar!/:6.1.1]
	at org.springframework.web.filter.OncePerRequestFilter.doFilter(OncePerRequestFilter.java:116) ~[spring-web-6.1.1.jar!/:6.1.1]
	at org.apache.catalina.core.ApplicationFilterChain.internalDoFilter(ApplicationFilterChain.java:174) ~[tomcat-embed-core-10.1.16.jar!/:na]
	at org.apache.catalina.core.ApplicationFilterChain.doFilter(ApplicationFilterChain.java:149) ~[tomcat-embed-core-10.1.16.jar!/:na]
	at org.springframework.web.filter.CharacterEncodingFilter.doFilterInternal(CharacterEncodingFilter.java:201) ~[spring-web-6.1.1.jar!/:6.1.1]
	at org.springframework.web.filter.OncePerRequestFilter.doFilter(OncePerRequestFilter.java:116) ~[spring-web-6.1.1.jar!/:6.1.1]
	at org.apache.catalina.core.ApplicationFilterChain.internalDoFilter(ApplicationFilterChain.java:174) ~[tomcat-embed-core-10.1.16.jar!/:na]
	at org.apache.catalina.core.ApplicationFilterChain.doFilter(ApplicationFilterChain.java:149) ~[tomcat-embed-core-10.1.16.jar!/:na]
	at com.claimswift.claimservice.filter.CorrelationIdFilter.doFilterInternal(CorrelationIdFilter.java:40) ~[!/:na]
	at org.springframework.web.filter.OncePerRequestFilter.doFilter(OncePerRequestFilter.java:116) ~[spring-web-6.1.1.jar!/:6.1.1]
	at org.apache.catalina.core.ApplicationFilterChain.internalDoFilter(ApplicationFilterChain.java:174) ~[tomcat-embed-core-10.1.16.jar!/:na]
	at org.apache.catalina.core.ApplicationFilterChain.doFilter(ApplicationFilterChain.java:149) ~[tomcat-embed-core-10.1.16.jar!/:na]
	at org.apache.catalina.core.StandardWrapperValve.invoke(StandardWrapperValve.java:167) ~[tomcat-embed-core-10.1.16.jar!/:na]
	at org.apache.catalina.core.StandardContextValve.invoke(StandardContextValve.java:90) ~[tomcat-embed-core-10.1.16.jar!/:na]
	at org.apache.catalina.authenticator.AuthenticatorBase.invoke(AuthenticatorBase.java:482) ~[tomcat-embed-core-10.1.16.jar!/:na]
	at org.apache.catalina.core.StandardHostValve.invoke(StandardHostValve.java:115) ~[tomcat-embed-core-10.1.16.jar!/:na]
	at org.apache.catalina.valves.ErrorReportValve.invoke(ErrorReportValve.java:93) ~[tomcat-embed-core-10.1.16.jar!/:na]
	at org.apache.catalina.core.StandardEngineValve.invoke(StandardEngineValve.java:74) ~[tomcat-embed-core-10.1.16.jar!/:na]
	at org.apache.catalina.connector.CoyoteAdapter.service(CoyoteAdapter.java:340) ~[tomcat-embed-core-10.1.16.jar!/:na]
	at org.apache.coyote.http11.Http11Processor.service(Http11Processor.java:391) ~[tomcat-embed-core-10.1.16.jar!/:na]
	at org.apache.coyote.AbstractProcessorLight.process(AbstractProcessorLight.java:63) ~[tomcat-embed-core-10.1.16.jar!/:na]
	at org.apache.coyote.AbstractProtocol$ConnectionHandler.process(AbstractProtocol.java:896) ~[tomcat-embed-core-10.1.16.jar!/:na]
	at org.apache.tomcat.util.net.NioEndpoint$SocketProcessor.doRun(NioEndpoint.java:1744) ~[tomcat-embed-core-10.1.16.jar!/:na]
	at org.apache.tomcat.util.net.SocketProcessorBase.run(SocketProcessorBase.java:52) ~[tomcat-embed-core-10.1.16.jar!/:na]
	at org.apache.tomcat.util.threads.ThreadPoolExecutor.runWorker(ThreadPoolExecutor.java:1191) ~[tomcat-embed-core-10.1.16.jar!/:na]
	at org.apache.tomcat.util.threads.ThreadPoolExecutor$Worker.run(ThreadPoolExecutor.java:659) ~[tomcat-embed-core-10.1.16.jar!/:na]
	at org.apache.tomcat.util.threads.TaskThread$WrappingRunnable.run(TaskThread.java:61) ~[tomcat-embed-core-10.1.16.jar!/:na]
	at java.base/java.lang.Thread.run(Thread.java:1570) ~[na:na]
2026-03-05 11:54:53.978 [claim-service] [http-nio-8082-exec-7] [corr:1867e3c8-428f-4441-862e-82bb673d6b32] DEBUG c.c.claimservice.config.FeignConfig - Feign request to: /api/notifications/internal/claim-status
2026-03-05 11:54:53.978 [claim-service] [http-nio-8082-exec-7] [corr:1867e3c8-428f-4441-862e-82bb673d6b32] DEBUG c.c.c.c.NotificationServiceClient - [NotificationServiceClient#sendClaimStatusNotification] ---> POST http://notification-service/api/notifications/internal/claim-status HTTP/1.1
2026-03-05 11:54:54.037 [claim-service] [http-nio-8082-exec-7] [corr:1867e3c8-428f-4441-862e-82bb673d6b32] DEBUG c.c.c.c.NotificationServiceClient - [NotificationServiceClient#sendClaimStatusNotification] <--- HTTP/1.1 200 (49ms)
2026-03-05 11:54:54.114 [claim-service] [http-nio-8082-exec-8] [corr:4a302af4-d153-461a-a627-8da4f955fbc0] DEBUG c.c.c.s.JwtAuthenticationFilter - Authenticated user: manager.20260305-115445, correlationId: 4a302af4-d153-461a-a627-8da4f955fbc0
2026-03-05 11:54:54.162 [claim-service] [http-nio-8082-exec-8] [corr:4a302af4-d153-461a-a627-8da4f955fbc0] DEBUG org.hibernate.SQL - select c1_0.id,c1_0.adjuster_id,c1_0.approved_amount,c1_0.assessor_id,c1_0.claim_amount,c1_0.claim_number,c1_0.claimant_id,c1_0.created_at,c1_0.created_by,c1_0.incident_date,c1_0.incident_description,c1_0.incident_location,c1_0.policy_number,c1_0.status,c1_0.status_changed_at,c1_0.updated_at,c1_0.updated_by,c1_0.vehicle_make,c1_0.vehicle_model,c1_0.vehicle_registration,c1_0.vehicle_year from claims c1_0 where c1_0.id=?
2026-03-05 11:54:54.226 [claim-service] [http-nio-8082-exec-9] [corr:b02efce7-7687-4357-b59d-587397546717] DEBUG c.c.c.s.JwtAuthenticationFilter - Authenticated user: manager.20260305-115445, correlationId: b02efce7-7687-4357-b59d-587397546717
2026-03-05 11:54:54.279 [claim-service] [http-nio-8082-exec-9] [corr:b02efce7-7687-4357-b59d-587397546717] DEBUG org.hibernate.SQL - select c1_0.id,c1_0.adjuster_id,c1_0.approved_amount,c1_0.assessor_id,c1_0.claim_amount,c1_0.claim_number,c1_0.claimant_id,c1_0.created_at,c1_0.created_by,c1_0.incident_date,c1_0.incident_description,c1_0.incident_location,c1_0.policy_number,c1_0.status,c1_0.status_changed_at,c1_0.updated_at,c1_0.updated_by,c1_0.vehicle_make,c1_0.vehicle_model,c1_0.vehicle_registration,c1_0.vehicle_year from claims c1_0 where c1_0.claim_number=?
2026-03-05 11:54:54.350 [claim-service] [http-nio-8082-exec-10] [corr:8cf7c28a-0411-4e25-8528-9f2d889d2447] DEBUG c.c.c.s.JwtAuthenticationFilter - Authenticated user: policy.20260305-115445, correlationId: 8cf7c28a-0411-4e25-8528-9f2d889d2447
2026-03-05 11:54:54.362 [claim-service] [http-nio-8082-exec-10] [corr:8cf7c28a-0411-4e25-8528-9f2d889d2447] DEBUG org.hibernate.SQL - select c1_0.id,c1_0.adjuster_id,c1_0.approved_amount,c1_0.assessor_id,c1_0.claim_amount,c1_0.claim_number,c1_0.claimant_id,c1_0.created_at,c1_0.created_by,c1_0.incident_date,c1_0.incident_description,c1_0.incident_location,c1_0.policy_number,c1_0.status,c1_0.status_changed_at,c1_0.updated_at,c1_0.updated_by,c1_0.vehicle_make,c1_0.vehicle_model,c1_0.vehicle_registration,c1_0.vehicle_year from claims c1_0 where c1_0.claimant_id=?
2026-03-05 11:54:54.416 [claim-service] [http-nio-8082-exec-1] [corr:2f209a75-4fcc-4079-8c2e-261bc4ea11c6] DEBUG c.c.c.s.JwtAuthenticationFilter - Authenticated user: policy.20260305-115445, correlationId: 2f209a75-4fcc-4079-8c2e-261bc4ea11c6
2026-03-05 11:54:54.422 [claim-service] [http-nio-8082-exec-1] [corr:2f209a75-4fcc-4079-8c2e-261bc4ea11c6] DEBUG org.hibernate.SQL - select c1_0.id,c1_0.adjuster_id,c1_0.approved_amount,c1_0.assessor_id,c1_0.claim_amount,c1_0.claim_number,c1_0.claimant_id,c1_0.created_at,c1_0.created_by,c1_0.incident_date,c1_0.incident_description,c1_0.incident_location,c1_0.policy_number,c1_0.status,c1_0.status_changed_at,c1_0.updated_at,c1_0.updated_by,c1_0.vehicle_make,c1_0.vehicle_model,c1_0.vehicle_registration,c1_0.vehicle_year from claims c1_0 where c1_0.claimant_id=?
2026-03-05 11:54:54.469 [claim-service] [http-nio-8082-exec-2] [corr:1cd60847-39fe-4f82-9aed-00bb63f9b352] DEBUG c.c.c.s.JwtAuthenticationFilter - Authenticated user: adjuster.20260305-115445, correlationId: 1cd60847-39fe-4f82-9aed-00bb63f9b352
2026-03-05 11:54:54.501 [claim-service] [http-nio-8082-exec-2] [corr:1cd60847-39fe-4f82-9aed-00bb63f9b352] DEBUG org.hibernate.SQL - select c1_0.id,c1_0.adjuster_id,c1_0.approved_amount,c1_0.assessor_id,c1_0.claim_amount,c1_0.claim_number,c1_0.claimant_id,c1_0.created_at,c1_0.created_by,c1_0.incident_date,c1_0.incident_description,c1_0.incident_location,c1_0.policy_number,c1_0.status,c1_0.status_changed_at,c1_0.updated_at,c1_0.updated_by,c1_0.vehicle_make,c1_0.vehicle_model,c1_0.vehicle_registration,c1_0.vehicle_year from claims c1_0 order by c1_0.created_at desc limit ?,?
2026-03-05 11:54:54.526 [claim-service] [http-nio-8082-exec-2] [corr:1cd60847-39fe-4f82-9aed-00bb63f9b352] DEBUG org.hibernate.SQL - select count(c1_0.id) from claims c1_0
2026-03-05 11:54:54.684 [claim-service] [http-nio-8082-exec-3] [corr:5c5f3367-b507-48fd-ac62-17f249f02535] DEBUG c.c.c.s.JwtAuthenticationFilter - Authenticated user: manager.20260305-115445, correlationId: 5c5f3367-b507-48fd-ac62-17f249f02535
2026-03-05 11:54:54.699 [claim-service] [http-nio-8082-exec-3] [corr:5c5f3367-b507-48fd-ac62-17f249f02535] DEBUG org.hibernate.SQL - select c1_0.id,c1_0.adjuster_id,c1_0.approved_amount,c1_0.assessor_id,c1_0.claim_amount,c1_0.claim_number,c1_0.claimant_id,c1_0.created_at,c1_0.created_by,c1_0.incident_date,c1_0.incident_description,c1_0.incident_location,c1_0.policy_number,c1_0.status,c1_0.status_changed_at,c1_0.updated_at,c1_0.updated_by,c1_0.vehicle_make,c1_0.vehicle_model,c1_0.vehicle_registration,c1_0.vehicle_year from claims c1_0 where c1_0.id=?
2026-03-05 11:54:54.712 [claim-service] [http-nio-8082-exec-3] [corr:5c5f3367-b507-48fd-ac62-17f249f02535] DEBUG org.hibernate.SQL - update claims set adjuster_id=?,approved_amount=?,assessor_id=?,claim_amount=?,claim_number=?,claimant_id=?,incident_date=?,incident_description=?,incident_location=?,policy_number=?,status=?,status_changed_at=?,updated_at=?,updated_by=?,vehicle_make=?,vehicle_model=?,vehicle_registration=?,vehicle_year=? where id=?
2026-03-05 11:54:54.821 [claim-service] [http-nio-8082-exec-4] [corr:394cb120-495e-49d8-9a35-379776fed754] DEBUG c.c.c.s.JwtAuthenticationFilter - Authenticated user: manager.20260305-115445, correlationId: 394cb120-495e-49d8-9a35-379776fed754
2026-03-05 11:54:54.827 [claim-service] [http-nio-8082-exec-4] [corr:394cb120-495e-49d8-9a35-379776fed754] DEBUG org.hibernate.SQL - select c1_0.id,c1_0.adjuster_id,c1_0.approved_amount,c1_0.assessor_id,c1_0.claim_amount,c1_0.claim_number,c1_0.claimant_id,c1_0.created_at,c1_0.created_by,c1_0.incident_date,c1_0.incident_description,c1_0.incident_location,c1_0.policy_number,c1_0.status,c1_0.status_changed_at,c1_0.updated_at,c1_0.updated_by,c1_0.vehicle_make,c1_0.vehicle_model,c1_0.vehicle_registration,c1_0.vehicle_year from claims c1_0 where c1_0.id=?
2026-03-05 11:54:54.845 [claim-service] [http-nio-8082-exec-4] [corr:394cb120-495e-49d8-9a35-379776fed754] DEBUG org.hibernate.SQL - update claims set adjuster_id=?,approved_amount=?,assessor_id=?,claim_amount=?,claim_number=?,claimant_id=?,incident_date=?,incident_description=?,incident_location=?,policy_number=?,status=?,status_changed_at=?,updated_at=?,updated_by=?,vehicle_make=?,vehicle_model=?,vehicle_registration=?,vehicle_year=? where id=?
2026-03-05 11:54:54.916 [claim-service] [http-nio-8082-exec-5] [corr:34075084-7e96-46ea-8c2d-143e559260f1] DEBUG c.c.c.s.JwtAuthenticationFilter - Authenticated user: adjuster.20260305-115445, correlationId: 34075084-7e96-46ea-8c2d-143e559260f1
2026-03-05 11:54:54.932 [claim-service] [http-nio-8082-exec-5] [corr:34075084-7e96-46ea-8c2d-143e559260f1] DEBUG org.hibernate.SQL - select c1_0.id,c1_0.adjuster_id,c1_0.approved_amount,c1_0.assessor_id,c1_0.claim_amount,c1_0.claim_number,c1_0.claimant_id,c1_0.created_at,c1_0.created_by,c1_0.incident_date,c1_0.incident_description,c1_0.incident_location,c1_0.policy_number,c1_0.status,c1_0.status_changed_at,c1_0.updated_at,c1_0.updated_by,c1_0.vehicle_make,c1_0.vehicle_model,c1_0.vehicle_registration,c1_0.vehicle_year from claims c1_0 where c1_0.status=? and c1_0.adjuster_id=?
2026-03-05 11:54:55.016 [claim-service] [http-nio-8082-exec-6] [corr:bc1edc73-c49d-4e8c-b573-b8bdf12b13eb] DEBUG c.c.c.s.JwtAuthenticationFilter - Authenticated user: manager.20260305-115445, correlationId: bc1edc73-c49d-4e8c-b573-b8bdf12b13eb
2026-03-05 11:54:55.043 [claim-service] [http-nio-8082-exec-6] [corr:bc1edc73-c49d-4e8c-b573-b8bdf12b13eb] DEBUG org.hibernate.SQL - select c1_0.id,c1_0.adjuster_id,c1_0.approved_amount,c1_0.assessor_id,c1_0.claim_amount,c1_0.claim_number,c1_0.claimant_id,c1_0.created_at,c1_0.created_by,c1_0.incident_date,c1_0.incident_description,c1_0.incident_location,c1_0.policy_number,c1_0.status,c1_0.status_changed_at,c1_0.updated_at,c1_0.updated_by,c1_0.vehicle_make,c1_0.vehicle_model,c1_0.vehicle_registration,c1_0.vehicle_year from claims c1_0 where c1_0.status=?
2026-03-05 11:54:55.128 [claim-service] [http-nio-8082-exec-7] [corr:9338b578-33ae-4240-8ff5-dce8cf19276e] DEBUG c.c.c.s.JwtAuthenticationFilter - Authenticated user: manager.20260305-115445, correlationId: 9338b578-33ae-4240-8ff5-dce8cf19276e
2026-03-05 11:54:55.157 [claim-service] [http-nio-8082-exec-7] [corr:9338b578-33ae-4240-8ff5-dce8cf19276e] DEBUG org.hibernate.SQL - select c1_0.id,c1_0.adjuster_id,c1_0.approved_amount,c1_0.assessor_id,c1_0.claim_amount,c1_0.claim_number,c1_0.claimant_id,c1_0.created_at,c1_0.created_by,c1_0.incident_date,c1_0.incident_description,c1_0.incident_location,c1_0.policy_number,c1_0.status,c1_0.status_changed_at,c1_0.updated_at,c1_0.updated_by,c1_0.vehicle_make,c1_0.vehicle_model,c1_0.vehicle_registration,c1_0.vehicle_year from claims c1_0 where c1_0.id=?
2026-03-05 11:54:55.160 [claim-service] [http-nio-8082-exec-7] [corr:9338b578-33ae-4240-8ff5-dce8cf19276e] INFO  c.c.c.service.ClaimService - Claim CLM-CBD371F5 status updated from UNDER_REVIEW to ADJUSTED
2026-03-05 11:54:55.162 [claim-service] [http-nio-8082-exec-7] [corr:9338b578-33ae-4240-8ff5-dce8cf19276e] DEBUG c.c.claimservice.config.FeignConfig - Feign request to: /api/reports/status-change
2026-03-05 11:54:55.163 [claim-service] [http-nio-8082-exec-7] [corr:9338b578-33ae-4240-8ff5-dce8cf19276e] DEBUG c.c.c.client.ReportingServiceClient - [ReportingServiceClient#reportStatusChange] ---> POST http://reporting-service/api/reports/status-change HTTP/1.1
2026-03-05 11:54:55.165 [claim-service] [http-nio-8082-exec-7] [corr:9338b578-33ae-4240-8ff5-dce8cf19276e] WARN  o.s.c.l.core.RoundRobinLoadBalancer - No servers available for service: reporting-service
2026-03-05 11:54:55.166 [claim-service] [http-nio-8082-exec-7] [corr:9338b578-33ae-4240-8ff5-dce8cf19276e] WARN  o.s.c.o.l.FeignBlockingLoadBalancerClient - Load balancer does not contain an instance for the service reporting-service
2026-03-05 11:54:55.167 [claim-service] [http-nio-8082-exec-7] [corr:9338b578-33ae-4240-8ff5-dce8cf19276e] DEBUG c.c.c.client.ReportingServiceClient - [ReportingServiceClient#reportStatusChange] <--- HTTP/1.1 503 (2ms)
2026-03-05 11:54:55.168 [claim-service] [http-nio-8082-exec-7] [corr:9338b578-33ae-4240-8ff5-dce8cf19276e] ERROR c.c.c.config.FeignErrorDecoder - Feign error in method ReportingServiceClient#reportStatusChange(Map): status 503
2026-03-05 11:54:55.169 [claim-service] [http-nio-8082-exec-7] [corr:9338b578-33ae-4240-8ff5-dce8cf19276e] ERROR c.c.c.service.ClaimService - Failed to report status change
java.lang.RuntimeException: Error calling service: 503
	at com.claimswift.claimservice.config.FeignErrorDecoder.decode(FeignErrorDecoder.java:21) ~[!/:na]
	at feign.InvocationContext.decodeError(InvocationContext.java:126) ~[feign-core-13.1.jar!/:na]
	at feign.InvocationContext.proceed(InvocationContext.java:72) ~[feign-core-13.1.jar!/:na]
	at feign.ResponseHandler.handleResponse(ResponseHandler.java:63) ~[feign-core-13.1.jar!/:na]
	at feign.SynchronousMethodHandler.executeAndDecode(SynchronousMethodHandler.java:114) ~[feign-core-13.1.jar!/:na]
	at feign.SynchronousMethodHandler.invoke(SynchronousMethodHandler.java:70) ~[feign-core-13.1.jar!/:na]
	at feign.ReflectiveFeign$FeignInvocationHandler.invoke(ReflectiveFeign.java:99) ~[feign-core-13.1.jar!/:na]
	at jdk.proxy2/jdk.proxy2.$Proxy177.reportStatusChange(Unknown Source) ~[na:na]
	at com.claimswift.claimservice.service.ClaimService.reportStatusChange(ClaimService.java:274) ~[!/:na]
	at com.claimswift.claimservice.service.ClaimService.updateClaimStatus(ClaimService.java:109) ~[!/:na]
	at java.base/jdk.internal.reflect.DirectMethodHandleAccessor.invoke(DirectMethodHandleAccessor.java:103) ~[na:na]
	at java.base/java.lang.reflect.Method.invoke(Method.java:580) ~[na:na]
	at org.springframework.aop.support.AopUtils.invokeJoinpointUsingReflection(AopUtils.java:352) ~[spring-aop-6.1.1.jar!/:6.1.1]
	at org.springframework.aop.framework.ReflectiveMethodInvocation.invokeJoinpoint(ReflectiveMethodInvocation.java:196) ~[spring-aop-6.1.1.jar!/:6.1.1]
	at org.springframework.aop.framework.ReflectiveMethodInvocation.proceed(ReflectiveMethodInvocation.java:163) ~[spring-aop-6.1.1.jar!/:6.1.1]
	at org.springframework.aop.framework.CglibAopProxy$CglibMethodInvocation.proceed(CglibAopProxy.java:765) ~[spring-aop-6.1.1.jar!/:6.1.1]
	at org.springframework.transaction.interceptor.TransactionInterceptor$1.proceedWithInvocation(TransactionInterceptor.java:123) ~[spring-tx-6.1.1.jar!/:6.1.1]
	at org.springframework.transaction.interceptor.TransactionAspectSupport.invokeWithinTransaction(TransactionAspectSupport.java:385) ~[spring-tx-6.1.1.jar!/:6.1.1]
	at org.springframework.transaction.interceptor.TransactionInterceptor.invoke(TransactionInterceptor.java:119) ~[spring-tx-6.1.1.jar!/:6.1.1]
	at org.springframework.aop.framework.ReflectiveMethodInvocation.proceed(ReflectiveMethodInvocation.java:184) ~[spring-aop-6.1.1.jar!/:6.1.1]
	at org.springframework.aop.framework.CglibAopProxy$CglibMethodInvocation.proceed(CglibAopProxy.java:765) ~[spring-aop-6.1.1.jar!/:6.1.1]
	at org.springframework.aop.framework.CglibAopProxy$DynamicAdvisedInterceptor.intercept(CglibAopProxy.java:717) ~[spring-aop-6.1.1.jar!/:6.1.1]
	at com.claimswift.claimservice.service.ClaimService$$SpringCGLIB$$0.updateClaimStatus(<generated>) ~[!/:na]
	at com.claimswift.claimservice.controller.ClaimController.updateClaimStatus(ClaimController.java:106) ~[!/:na]
	at java.base/jdk.internal.reflect.DirectMethodHandleAccessor.invoke(DirectMethodHandleAccessor.java:103) ~[na:na]
	at java.base/java.lang.reflect.Method.invoke(Method.java:580) ~[na:na]
	at org.springframework.aop.support.AopUtils.invokeJoinpointUsingReflection(AopUtils.java:352) ~[spring-aop-6.1.1.jar!/:6.1.1]
	at org.springframework.aop.framework.ReflectiveMethodInvocation.invokeJoinpoint(ReflectiveMethodInvocation.java:196) ~[spring-aop-6.1.1.jar!/:6.1.1]
	at org.springframework.aop.framework.ReflectiveMethodInvocation.proceed(ReflectiveMethodInvocation.java:163) ~[spring-aop-6.1.1.jar!/:6.1.1]
	at org.springframework.aop.framework.CglibAopProxy$CglibMethodInvocation.proceed(CglibAopProxy.java:765) ~[spring-aop-6.1.1.jar!/:6.1.1]
	at org.springframework.validation.beanvalidation.MethodValidationInterceptor.invoke(MethodValidationInterceptor.java:174) ~[spring-context-6.1.1.jar!/:6.1.1]
	at org.springframework.aop.framework.ReflectiveMethodInvocation.proceed(ReflectiveMethodInvocation.java:184) ~[spring-aop-6.1.1.jar!/:6.1.1]
	at org.springframework.aop.framework.CglibAopProxy$CglibMethodInvocation.proceed(CglibAopProxy.java:765) ~[spring-aop-6.1.1.jar!/:6.1.1]
	at org.springframework.security.authorization.method.AuthorizationManagerBeforeMethodInterceptor.invoke(AuthorizationManagerBeforeMethodInterceptor.java:198) ~[spring-security-core-6.2.0.jar!/:6.2.0]
	at org.springframework.aop.framework.ReflectiveMethodInvocation.proceed(ReflectiveMethodInvocation.java:184) ~[spring-aop-6.1.1.jar!/:6.1.1]
	at org.springframework.aop.framework.CglibAopProxy$CglibMethodInvocation.proceed(CglibAopProxy.java:765) ~[spring-aop-6.1.1.jar!/:6.1.1]
	at org.springframework.aop.framework.CglibAopProxy$DynamicAdvisedInterceptor.intercept(CglibAopProxy.java:717) ~[spring-aop-6.1.1.jar!/:6.1.1]
	at com.claimswift.claimservice.controller.ClaimController$$SpringCGLIB$$0.updateClaimStatus(<generated>) ~[!/:na]
	at java.base/jdk.internal.reflect.DirectMethodHandleAccessor.invoke(DirectMethodHandleAccessor.java:103) ~[na:na]
	at java.base/java.lang.reflect.Method.invoke(Method.java:580) ~[na:na]
	at org.springframework.web.method.support.InvocableHandlerMethod.doInvoke(InvocableHandlerMethod.java:254) ~[spring-web-6.1.1.jar!/:6.1.1]
	at org.springframework.web.method.support.InvocableHandlerMethod.invokeForRequest(InvocableHandlerMethod.java:182) ~[spring-web-6.1.1.jar!/:6.1.1]
	at org.springframework.web.servlet.mvc.method.annotation.ServletInvocableHandlerMethod.invokeAndHandle(ServletInvocableHandlerMethod.java:118) ~[spring-webmvc-6.1.1.jar!/:6.1.1]
	at org.springframework.web.servlet.mvc.method.annotation.RequestMappingHandlerAdapter.invokeHandlerMethod(RequestMappingHandlerAdapter.java:917) ~[spring-webmvc-6.1.1.jar!/:6.1.1]
	at org.springframework.web.servlet.mvc.method.annotation.RequestMappingHandlerAdapter.handleInternal(RequestMappingHandlerAdapter.java:829) ~[spring-webmvc-6.1.1.jar!/:6.1.1]
	at org.springframework.web.servlet.mvc.method.AbstractHandlerMethodAdapter.handle(AbstractHandlerMethodAdapter.java:87) ~[spring-webmvc-6.1.1.jar!/:6.1.1]
	at org.springframework.web.servlet.DispatcherServlet.doDispatch(DispatcherServlet.java:1089) ~[spring-webmvc-6.1.1.jar!/:6.1.1]
	at org.springframework.web.servlet.DispatcherServlet.doService(DispatcherServlet.java:979) ~[spring-webmvc-6.1.1.jar!/:6.1.1]
	at org.springframework.web.servlet.FrameworkServlet.processRequest(FrameworkServlet.java:1014) ~[spring-webmvc-6.1.1.jar!/:6.1.1]
	at org.springframework.web.servlet.FrameworkServlet.doPut(FrameworkServlet.java:925) ~[spring-webmvc-6.1.1.jar!/:6.1.1]
	at jakarta.servlet.http.HttpServlet.service(HttpServlet.java:593) ~[tomcat-embed-core-10.1.16.jar!/:na]
	at org.springframework.web.servlet.FrameworkServlet.service(FrameworkServlet.java:885) ~[spring-webmvc-6.1.1.jar!/:6.1.1]
	at jakarta.servlet.http.HttpServlet.service(HttpServlet.java:658) ~[tomcat-embed-core-10.1.16.jar!/:na]
	at org.apache.catalina.core.ApplicationFilterChain.internalDoFilter(ApplicationFilterChain.java:205) ~[tomcat-embed-core-10.1.16.jar!/:na]
	at org.apache.catalina.core.ApplicationFilterChain.doFilter(ApplicationFilterChain.java:149) ~[tomcat-embed-core-10.1.16.jar!/:na]
	at org.apache.tomcat.websocket.server.WsFilter.doFilter(WsFilter.java:51) ~[tomcat-embed-websocket-10.1.16.jar!/:na]
	at org.apache.catalina.core.ApplicationFilterChain.internalDoFilter(ApplicationFilterChain.java:174) ~[tomcat-embed-core-10.1.16.jar!/:na]
	at org.apache.catalina.core.ApplicationFilterChain.doFilter(ApplicationFilterChain.java:149) ~[tomcat-embed-core-10.1.16.jar!/:na]
	at org.springframework.web.filter.OncePerRequestFilter.doFilter(OncePerRequestFilter.java:110) ~[spring-web-6.1.1.jar!/:6.1.1]
	at org.apache.catalina.core.ApplicationFilterChain.internalDoFilter(ApplicationFilterChain.java:174) ~[tomcat-embed-core-10.1.16.jar!/:na]
	at org.apache.catalina.core.ApplicationFilterChain.doFilter(ApplicationFilterChain.java:149) ~[tomcat-embed-core-10.1.16.jar!/:na]
	at org.springframework.security.web.FilterChainProxy.lambda$doFilterInternal$3(FilterChainProxy.java:231) ~[spring-security-web-6.2.0.jar!/:6.2.0]
	at org.springframework.security.web.ObservationFilterChainDecorator$FilterObservation$SimpleFilterObservation.lambda$wrap$1(ObservationFilterChainDecorator.java:479) ~[spring-security-web-6.2.0.jar!/:6.2.0]
	at org.springframework.security.web.ObservationFilterChainDecorator$AroundFilterObservation$SimpleAroundFilterObservation.lambda$wrap$1(ObservationFilterChainDecorator.java:340) ~[spring-security-web-6.2.0.jar!/:6.2.0]
	at org.springframework.security.web.ObservationFilterChainDecorator.lambda$wrapSecured$0(ObservationFilterChainDecorator.java:82) ~[spring-security-web-6.2.0.jar!/:6.2.0]
	at org.springframework.security.web.ObservationFilterChainDecorator$VirtualFilterChain.doFilter(ObservationFilterChainDecorator.java:128) ~[spring-security-web-6.2.0.jar!/:6.2.0]
	at org.springframework.security.web.access.intercept.AuthorizationFilter.doFilter(AuthorizationFilter.java:100) ~[spring-security-web-6.2.0.jar!/:6.2.0]
	at org.springframework.security.web.ObservationFilterChainDecorator$ObservationFilter.wrapFilter(ObservationFilterChainDecorator.java:240) ~[spring-security-web-6.2.0.jar!/:6.2.0]
	at org.springframework.security.web.ObservationFilterChainDecorator$ObservationFilter.doFilter(ObservationFilterChainDecorator.java:227) ~[spring-security-web-6.2.0.jar!/:6.2.0]
	at org.springframework.security.web.ObservationFilterChainDecorator$VirtualFilterChain.doFilter(ObservationFilterChainDecorator.java:137) ~[spring-security-web-6.2.0.jar!/:6.2.0]
	at org.springframework.security.web.access.ExceptionTranslationFilter.doFilter(ExceptionTranslationFilter.java:126) ~[spring-security-web-6.2.0.jar!/:6.2.0]
	at org.springframework.security.web.access.ExceptionTranslationFilter.doFilter(ExceptionTranslationFilter.java:120) ~[spring-security-web-6.2.0.jar!/:6.2.0]
	at org.springframework.security.web.ObservationFilterChainDecorator$ObservationFilter.wrapFilter(ObservationFilterChainDecorator.java:240) ~[spring-security-web-6.2.0.jar!/:6.2.0]
	at org.springframework.security.web.ObservationFilterChainDecorator$ObservationFilter.doFilter(ObservationFilterChainDecorator.java:227) ~[spring-security-web-6.2.0.jar!/:6.2.0]
	at org.springframework.security.web.ObservationFilterChainDecorator$VirtualFilterChain.doFilter(ObservationFilterChainDecorator.java:137) ~[spring-security-web-6.2.0.jar!/:6.2.0]
	at org.springframework.security.web.session.SessionManagementFilter.doFilter(SessionManagementFilter.java:131) ~[spring-security-web-6.2.0.jar!/:6.2.0]
	at org.springframework.security.web.session.SessionManagementFilter.doFilter(SessionManagementFilter.java:85) ~[spring-security-web-6.2.0.jar!/:6.2.0]
	at org.springframework.security.web.ObservationFilterChainDecorator$ObservationFilter.wrapFilter(ObservationFilterChainDecorator.java:240) ~[spring-security-web-6.2.0.jar!/:6.2.0]
	at org.springframework.security.web.ObservationFilterChainDecorator$ObservationFilter.doFilter(ObservationFilterChainDecorator.java:227) ~[spring-security-web-6.2.0.jar!/:6.2.0]
	at org.springframework.security.web.ObservationFilterChainDecorator$VirtualFilterChain.doFilter(ObservationFilterChainDecorator.java:137) ~[spring-security-web-6.2.0.jar!/:6.2.0]
	at org.springframework.security.web.authentication.AnonymousAuthenticationFilter.doFilter(AnonymousAuthenticationFilter.java:100) ~[spring-security-web-6.2.0.jar!/:6.2.0]
	at org.springframework.security.web.ObservationFilterChainDecorator$ObservationFilter.wrapFilter(ObservationFilterChainDecorator.java:240) ~[spring-security-web-6.2.0.jar!/:6.2.0]
	at org.springframework.security.web.ObservationFilterChainDecorator$ObservationFilter.doFilter(ObservationFilterChainDecorator.java:227) ~[spring-security-web-6.2.0.jar!/:6.2.0]
	at org.springframework.security.web.ObservationFilterChainDecorator$VirtualFilterChain.doFilter(ObservationFilterChainDecorator.java:137) ~[spring-security-web-6.2.0.jar!/:6.2.0]
	at org.springframework.security.web.servletapi.SecurityContextHolderAwareRequestFilter.doFilter(SecurityContextHolderAwareRequestFilter.java:179) ~[spring-security-web-6.2.0.jar!/:6.2.0]
	at org.springframework.security.web.ObservationFilterChainDecorator$ObservationFilter.wrapFilter(ObservationFilterChainDecorator.java:240) ~[spring-security-web-6.2.0.jar!/:6.2.0]
	at org.springframework.security.web.ObservationFilterChainDecorator$ObservationFilter.doFilter(ObservationFilterChainDecorator.java:227) ~[spring-security-web-6.2.0.jar!/:6.2.0]
	at org.springframework.security.web.ObservationFilterChainDecorator$VirtualFilterChain.doFilter(ObservationFilterChainDecorator.java:137) ~[spring-security-web-6.2.0.jar!/:6.2.0]
	at org.springframework.security.web.savedrequest.RequestCacheAwareFilter.doFilter(RequestCacheAwareFilter.java:63) ~[spring-security-web-6.2.0.jar!/:6.2.0]
	at org.springframework.security.web.ObservationFilterChainDecorator$ObservationFilter.wrapFilter(ObservationFilterChainDecorator.java:240) ~[spring-security-web-6.2.0.jar!/:6.2.0]
	at org.springframework.security.web.ObservationFilterChainDecorator$ObservationFilter.doFilter(ObservationFilterChainDecorator.java:227) ~[spring-security-web-6.2.0.jar!/:6.2.0]
	at org.springframework.security.web.ObservationFilterChainDecorator$VirtualFilterChain.doFilter(ObservationFilterChainDecorator.java:137) ~[spring-security-web-6.2.0.jar!/:6.2.0]
	at com.claimswift.claimservice.security.JwtAuthenticationFilter.doFilterInternal(JwtAuthenticationFilter.java:61) ~[!/:na]
	at org.springframework.web.filter.OncePerRequestFilter.doFilter(OncePerRequestFilter.java:116) ~[spring-web-6.1.1.jar!/:6.1.1]
	at org.springframework.security.web.ObservationFilterChainDecorator$ObservationFilter.wrapFilter(ObservationFilterChainDecorator.java:240) ~[spring-security-web-6.2.0.jar!/:6.2.0]
	at org.springframework.security.web.ObservationFilterChainDecorator$ObservationFilter.doFilter(ObservationFilterChainDecorator.java:227) ~[spring-security-web-6.2.0.jar!/:6.2.0]
	at org.springframework.security.web.ObservationFilterChainDecorator$VirtualFilterChain.doFilter(ObservationFilterChainDecorator.java:137) ~[spring-security-web-6.2.0.jar!/:6.2.0]
	at org.springframework.security.web.authentication.logout.LogoutFilter.doFilter(LogoutFilter.java:107) ~[spring-security-web-6.2.0.jar!/:6.2.0]
	at org.springframework.security.web.authentication.logout.LogoutFilter.doFilter(LogoutFilter.java:93) ~[spring-security-web-6.2.0.jar!/:6.2.0]
	at org.springframework.security.web.ObservationFilterChainDecorator$ObservationFilter.wrapFilter(ObservationFilterChainDecorator.java:240) ~[spring-security-web-6.2.0.jar!/:6.2.0]
	at org.springframework.security.web.ObservationFilterChainDecorator$ObservationFilter.doFilter(ObservationFilterChainDecorator.java:227) ~[spring-security-web-6.2.0.jar!/:6.2.0]
	at org.springframework.security.web.ObservationFilterChainDecorator$VirtualFilterChain.doFilter(ObservationFilterChainDecorator.java:137) ~[spring-security-web-6.2.0.jar!/:6.2.0]
	at org.springframework.web.filter.CorsFilter.doFilterInternal(CorsFilter.java:91) ~[spring-web-6.1.1.jar!/:6.1.1]
	at org.springframework.web.filter.OncePerRequestFilter.doFilter(OncePerRequestFilter.java:116) ~[spring-web-6.1.1.jar!/:6.1.1]
	at org.springframework.security.web.ObservationFilterChainDecorator$ObservationFilter.wrapFilter(ObservationFilterChainDecorator.java:240) ~[spring-security-web-6.2.0.jar!/:6.2.0]
	at org.springframework.security.web.ObservationFilterChainDecorator$ObservationFilter.doFilter(ObservationFilterChainDecorator.java:227) ~[spring-security-web-6.2.0.jar!/:6.2.0]
	at org.springframework.security.web.ObservationFilterChainDecorator$VirtualFilterChain.doFilter(ObservationFilterChainDecorator.java:137) ~[spring-security-web-6.2.0.jar!/:6.2.0]
	at org.springframework.security.web.header.HeaderWriterFilter.doHeadersAfter(HeaderWriterFilter.java:90) ~[spring-security-web-6.2.0.jar!/:6.2.0]
	at org.springframework.security.web.header.HeaderWriterFilter.doFilterInternal(HeaderWriterFilter.java:75) ~[spring-security-web-6.2.0.jar!/:6.2.0]
	at org.springframework.web.filter.OncePerRequestFilter.doFilter(OncePerRequestFilter.java:116) ~[spring-web-6.1.1.jar!/:6.1.1]
	at org.springframework.security.web.ObservationFilterChainDecorator$ObservationFilter.wrapFilter(ObservationFilterChainDecorator.java:240) ~[spring-security-web-6.2.0.jar!/:6.2.0]
	at org.springframework.security.web.ObservationFilterChainDecorator$ObservationFilter.doFilter(ObservationFilterChainDecorator.java:227) ~[spring-security-web-6.2.0.jar!/:6.2.0]
	at org.springframework.security.web.ObservationFilterChainDecorator$VirtualFilterChain.doFilter(ObservationFilterChainDecorator.java:137) ~[spring-security-web-6.2.0.jar!/:6.2.0]
	at org.springframework.security.web.context.SecurityContextHolderFilter.doFilter(SecurityContextHolderFilter.java:82) ~[spring-security-web-6.2.0.jar!/:6.2.0]
	at org.springframework.security.web.context.SecurityContextHolderFilter.doFilter(SecurityContextHolderFilter.java:69) ~[spring-security-web-6.2.0.jar!/:6.2.0]
	at org.springframework.security.web.ObservationFilterChainDecorator$ObservationFilter.wrapFilter(ObservationFilterChainDecorator.java:240) ~[spring-security-web-6.2.0.jar!/:6.2.0]
	at org.springframework.security.web.ObservationFilterChainDecorator$ObservationFilter.doFilter(ObservationFilterChainDecorator.java:227) ~[spring-security-web-6.2.0.jar!/:6.2.0]
	at org.springframework.security.web.ObservationFilterChainDecorator$VirtualFilterChain.doFilter(ObservationFilterChainDecorator.java:137) ~[spring-security-web-6.2.0.jar!/:6.2.0]
	at org.springframework.security.web.context.request.async.WebAsyncManagerIntegrationFilter.doFilterInternal(WebAsyncManagerIntegrationFilter.java:62) ~[spring-security-web-6.2.0.jar!/:6.2.0]
	at org.springframework.web.filter.OncePerRequestFilter.doFilter(OncePerRequestFilter.java:116) ~[spring-web-6.1.1.jar!/:6.1.1]
	at org.springframework.security.web.ObservationFilterChainDecorator$ObservationFilter.wrapFilter(ObservationFilterChainDecorator.java:240) ~[spring-security-web-6.2.0.jar!/:6.2.0]
	at org.springframework.security.web.ObservationFilterChainDecorator$ObservationFilter.doFilter(ObservationFilterChainDecorator.java:227) ~[spring-security-web-6.2.0.jar!/:6.2.0]
	at org.springframework.security.web.ObservationFilterChainDecorator$VirtualFilterChain.doFilter(ObservationFilterChainDecorator.java:137) ~[spring-security-web-6.2.0.jar!/:6.2.0]
	at org.springframework.security.web.session.DisableEncodeUrlFilter.doFilterInternal(DisableEncodeUrlFilter.java:42) ~[spring-security-web-6.2.0.jar!/:6.2.0]
	at org.springframework.web.filter.OncePerRequestFilter.doFilter(OncePerRequestFilter.java:116) ~[spring-web-6.1.1.jar!/:6.1.1]
	at org.springframework.security.web.ObservationFilterChainDecorator$ObservationFilter.wrapFilter(ObservationFilterChainDecorator.java:240) ~[spring-security-web-6.2.0.jar!/:6.2.0]
	at org.springframework.security.web.ObservationFilterChainDecorator$AroundFilterObservation$SimpleAroundFilterObservation.lambda$wrap$0(ObservationFilterChainDecorator.java:323) ~[spring-security-web-6.2.0.jar!/:6.2.0]
	at org.springframework.security.web.ObservationFilterChainDecorator$ObservationFilter.doFilter(ObservationFilterChainDecorator.java:224) ~[spring-security-web-6.2.0.jar!/:6.2.0]
	at org.springframework.security.web.ObservationFilterChainDecorator$VirtualFilterChain.doFilter(ObservationFilterChainDecorator.java:137) ~[spring-security-web-6.2.0.jar!/:6.2.0]
	at org.springframework.security.web.FilterChainProxy.doFilterInternal(FilterChainProxy.java:233) ~[spring-security-web-6.2.0.jar!/:6.2.0]
	at org.springframework.security.web.FilterChainProxy.doFilter(FilterChainProxy.java:191) ~[spring-security-web-6.2.0.jar!/:6.2.0]
	at org.springframework.web.filter.DelegatingFilterProxy.invokeDelegate(DelegatingFilterProxy.java:352) ~[spring-web-6.1.1.jar!/:6.1.1]
	at org.springframework.web.filter.DelegatingFilterProxy.doFilter(DelegatingFilterProxy.java:268) ~[spring-web-6.1.1.jar!/:6.1.1]
	at org.apache.catalina.core.ApplicationFilterChain.internalDoFilter(ApplicationFilterChain.java:174) ~[tomcat-embed-core-10.1.16.jar!/:na]
	at org.apache.catalina.core.ApplicationFilterChain.doFilter(ApplicationFilterChain.java:149) ~[tomcat-embed-core-10.1.16.jar!/:na]
	at org.springframework.web.filter.RequestContextFilter.doFilterInternal(RequestContextFilter.java:100) ~[spring-web-6.1.1.jar!/:6.1.1]
	at org.springframework.web.filter.OncePerRequestFilter.doFilter(OncePerRequestFilter.java:116) ~[spring-web-6.1.1.jar!/:6.1.1]
	at org.apache.catalina.core.ApplicationFilterChain.internalDoFilter(ApplicationFilterChain.java:174) ~[tomcat-embed-core-10.1.16.jar!/:na]
	at org.apache.catalina.core.ApplicationFilterChain.doFilter(ApplicationFilterChain.java:149) ~[tomcat-embed-core-10.1.16.jar!/:na]
	at org.springframework.web.filter.FormContentFilter.doFilterInternal(FormContentFilter.java:93) ~[spring-web-6.1.1.jar!/:6.1.1]
	at org.springframework.web.filter.OncePerRequestFilter.doFilter(OncePerRequestFilter.java:116) ~[spring-web-6.1.1.jar!/:6.1.1]
	at org.apache.catalina.core.ApplicationFilterChain.internalDoFilter(ApplicationFilterChain.java:174) ~[tomcat-embed-core-10.1.16.jar!/:na]
	at org.apache.catalina.core.ApplicationFilterChain.doFilter(ApplicationFilterChain.java:149) ~[tomcat-embed-core-10.1.16.jar!/:na]
	at org.springframework.web.filter.ServerHttpObservationFilter.doFilterInternal(ServerHttpObservationFilter.java:109) ~[spring-web-6.1.1.jar!/:6.1.1]
	at org.springframework.web.filter.OncePerRequestFilter.doFilter(OncePerRequestFilter.java:116) ~[spring-web-6.1.1.jar!/:6.1.1]
	at org.apache.catalina.core.ApplicationFilterChain.internalDoFilter(ApplicationFilterChain.java:174) ~[tomcat-embed-core-10.1.16.jar!/:na]
	at org.apache.catalina.core.ApplicationFilterChain.doFilter(ApplicationFilterChain.java:149) ~[tomcat-embed-core-10.1.16.jar!/:na]
	at org.springframework.web.filter.CharacterEncodingFilter.doFilterInternal(CharacterEncodingFilter.java:201) ~[spring-web-6.1.1.jar!/:6.1.1]
	at org.springframework.web.filter.OncePerRequestFilter.doFilter(OncePerRequestFilter.java:116) ~[spring-web-6.1.1.jar!/:6.1.1]
	at org.apache.catalina.core.ApplicationFilterChain.internalDoFilter(ApplicationFilterChain.java:174) ~[tomcat-embed-core-10.1.16.jar!/:na]
	at org.apache.catalina.core.ApplicationFilterChain.doFilter(ApplicationFilterChain.java:149) ~[tomcat-embed-core-10.1.16.jar!/:na]
	at com.claimswift.claimservice.filter.CorrelationIdFilter.doFilterInternal(CorrelationIdFilter.java:40) ~[!/:na]
	at org.springframework.web.filter.OncePerRequestFilter.doFilter(OncePerRequestFilter.java:116) ~[spring-web-6.1.1.jar!/:6.1.1]
	at org.apache.catalina.core.ApplicationFilterChain.internalDoFilter(ApplicationFilterChain.java:174) ~[tomcat-embed-core-10.1.16.jar!/:na]
	at org.apache.catalina.core.ApplicationFilterChain.doFilter(ApplicationFilterChain.java:149) ~[tomcat-embed-core-10.1.16.jar!/:na]
	at org.apache.catalina.core.StandardWrapperValve.invoke(StandardWrapperValve.java:167) ~[tomcat-embed-core-10.1.16.jar!/:na]
	at org.apache.catalina.core.StandardContextValve.invoke(StandardContextValve.java:90) ~[tomcat-embed-core-10.1.16.jar!/:na]
	at org.apache.catalina.authenticator.AuthenticatorBase.invoke(AuthenticatorBase.java:482) ~[tomcat-embed-core-10.1.16.jar!/:na]
	at org.apache.catalina.core.StandardHostValve.invoke(StandardHostValve.java:115) ~[tomcat-embed-core-10.1.16.jar!/:na]
	at org.apache.catalina.valves.ErrorReportValve.invoke(ErrorReportValve.java:93) ~[tomcat-embed-core-10.1.16.jar!/:na]
	at org.apache.catalina.core.StandardEngineValve.invoke(StandardEngineValve.java:74) ~[tomcat-embed-core-10.1.16.jar!/:na]
	at org.apache.catalina.connector.CoyoteAdapter.service(CoyoteAdapter.java:340) ~[tomcat-embed-core-10.1.16.jar!/:na]
	at org.apache.coyote.http11.Http11Processor.service(Http11Processor.java:391) ~[tomcat-embed-core-10.1.16.jar!/:na]
	at org.apache.coyote.AbstractProcessorLight.process(AbstractProcessorLight.java:63) ~[tomcat-embed-core-10.1.16.jar!/:na]
	at org.apache.coyote.AbstractProtocol$ConnectionHandler.process(AbstractProtocol.java:896) ~[tomcat-embed-core-10.1.16.jar!/:na]
	at org.apache.tomcat.util.net.NioEndpoint$SocketProcessor.doRun(NioEndpoint.java:1744) ~[tomcat-embed-core-10.1.16.jar!/:na]
	at org.apache.tomcat.util.net.SocketProcessorBase.run(SocketProcessorBase.java:52) ~[tomcat-embed-core-10.1.16.jar!/:na]
	at org.apache.tomcat.util.threads.ThreadPoolExecutor.runWorker(ThreadPoolExecutor.java:1191) ~[tomcat-embed-core-10.1.16.jar!/:na]
	at org.apache.tomcat.util.threads.ThreadPoolExecutor$Worker.run(ThreadPoolExecutor.java:659) ~[tomcat-embed-core-10.1.16.jar!/:na]
	at org.apache.tomcat.util.threads.TaskThread$WrappingRunnable.run(TaskThread.java:61) ~[tomcat-embed-core-10.1.16.jar!/:na]
	at java.base/java.lang.Thread.run(Thread.java:1570) ~[na:na]
2026-03-05 11:54:55.174 [claim-service] [http-nio-8082-exec-7] [corr:9338b578-33ae-4240-8ff5-dce8cf19276e] DEBUG c.c.claimservice.config.FeignConfig - Feign request to: /api/notifications/internal/claim-status
2026-03-05 11:54:55.175 [claim-service] [http-nio-8082-exec-7] [corr:9338b578-33ae-4240-8ff5-dce8cf19276e] DEBUG c.c.c.c.NotificationServiceClient - [NotificationServiceClient#sendClaimStatusNotification] ---> POST http://notification-service/api/notifications/internal/claim-status HTTP/1.1
2026-03-05 11:54:55.219 [claim-service] [http-nio-8082-exec-7] [corr:9338b578-33ae-4240-8ff5-dce8cf19276e] DEBUG c.c.c.c.NotificationServiceClient - [NotificationServiceClient#sendClaimStatusNotification] <--- HTTP/1.1 200 (45ms)
2026-03-05 11:54:55.219 [claim-service] [http-nio-8082-exec-7] [corr:9338b578-33ae-4240-8ff5-dce8cf19276e] DEBUG org.hibernate.SQL - update claims set adjuster_id=?,approved_amount=?,assessor_id=?,claim_amount=?,claim_number=?,claimant_id=?,incident_date=?,incident_description=?,incident_location=?,policy_number=?,status=?,status_changed_at=?,updated_at=?,updated_by=?,vehicle_make=?,vehicle_model=?,vehicle_registration=?,vehicle_year=? where id=?
2026-03-05 11:54:55.261 [claim-service] [http-nio-8082-exec-8] [corr:3c102ad3-042d-4bae-8737-c5bda44c742a] DEBUG c.c.c.s.JwtAuthenticationFilter - Authenticated user: manager.20260305-115445, correlationId: 3c102ad3-042d-4bae-8737-c5bda44c742a
2026-03-05 11:54:55.276 [claim-service] [http-nio-8082-exec-8] [corr:3c102ad3-042d-4bae-8737-c5bda44c742a] DEBUG org.hibernate.SQL - select c1_0.id,c1_0.adjuster_id,c1_0.approved_amount,c1_0.assessor_id,c1_0.claim_amount,c1_0.claim_number,c1_0.claimant_id,c1_0.created_at,c1_0.created_by,c1_0.incident_date,c1_0.incident_description,c1_0.incident_location,c1_0.policy_number,c1_0.status,c1_0.status_changed_at,c1_0.updated_at,c1_0.updated_by,c1_0.vehicle_make,c1_0.vehicle_model,c1_0.vehicle_registration,c1_0.vehicle_year from claims c1_0 where c1_0.id=?
2026-03-05 11:54:55.276 [claim-service] [http-nio-8082-exec-8] [corr:3c102ad3-042d-4bae-8737-c5bda44c742a] INFO  c.c.c.service.ClaimService - Claim CLM-CBD371F5 status updated from ADJUSTED to APPROVED
2026-03-05 11:54:55.293 [claim-service] [http-nio-8082-exec-8] [corr:3c102ad3-042d-4bae-8737-c5bda44c742a] DEBUG c.c.claimservice.config.FeignConfig - Feign request to: /api/reports/status-change
2026-03-05 11:54:55.295 [claim-service] [http-nio-8082-exec-8] [corr:3c102ad3-042d-4bae-8737-c5bda44c742a] DEBUG c.c.c.client.ReportingServiceClient - [ReportingServiceClient#reportStatusChange] ---> POST http://reporting-service/api/reports/status-change HTTP/1.1
2026-03-05 11:54:55.301 [claim-service] [http-nio-8082-exec-8] [corr:3c102ad3-042d-4bae-8737-c5bda44c742a] WARN  o.s.c.l.core.RoundRobinLoadBalancer - No servers available for service: reporting-service
2026-03-05 11:54:55.302 [claim-service] [http-nio-8082-exec-8] [corr:3c102ad3-042d-4bae-8737-c5bda44c742a] WARN  o.s.c.o.l.FeignBlockingLoadBalancerClient - Load balancer does not contain an instance for the service reporting-service
2026-03-05 11:54:55.303 [claim-service] [http-nio-8082-exec-8] [corr:3c102ad3-042d-4bae-8737-c5bda44c742a] DEBUG c.c.c.client.ReportingServiceClient - [ReportingServiceClient#reportStatusChange] <--- HTTP/1.1 503 (5ms)
2026-03-05 11:54:55.304 [claim-service] [http-nio-8082-exec-8] [corr:3c102ad3-042d-4bae-8737-c5bda44c742a] ERROR c.c.c.config.FeignErrorDecoder - Feign error in method ReportingServiceClient#reportStatusChange(Map): status 503
2026-03-05 11:54:55.304 [claim-service] [http-nio-8082-exec-8] [corr:3c102ad3-042d-4bae-8737-c5bda44c742a] ERROR c.c.c.service.ClaimService - Failed to report status change
java.lang.RuntimeException: Error calling service: 503
	at com.claimswift.claimservice.config.FeignErrorDecoder.decode(FeignErrorDecoder.java:21) ~[!/:na]
	at feign.InvocationContext.decodeError(InvocationContext.java:126) ~[feign-core-13.1.jar!/:na]
	at feign.InvocationContext.proceed(InvocationContext.java:72) ~[feign-core-13.1.jar!/:na]
	at feign.ResponseHandler.handleResponse(ResponseHandler.java:63) ~[feign-core-13.1.jar!/:na]
	at feign.SynchronousMethodHandler.executeAndDecode(SynchronousMethodHandler.java:114) ~[feign-core-13.1.jar!/:na]
	at feign.SynchronousMethodHandler.invoke(SynchronousMethodHandler.java:70) ~[feign-core-13.1.jar!/:na]
	at feign.ReflectiveFeign$FeignInvocationHandler.invoke(ReflectiveFeign.java:99) ~[feign-core-13.1.jar!/:na]
	at jdk.proxy2/jdk.proxy2.$Proxy177.reportStatusChange(Unknown Source) ~[na:na]
	at com.claimswift.claimservice.service.ClaimService.reportStatusChange(ClaimService.java:274) ~[!/:na]
	at com.claimswift.claimservice.service.ClaimService.updateClaimStatus(ClaimService.java:109) ~[!/:na]
	at java.base/jdk.internal.reflect.DirectMethodHandleAccessor.invoke(DirectMethodHandleAccessor.java:103) ~[na:na]
	at java.base/java.lang.reflect.Method.invoke(Method.java:580) ~[na:na]
	at org.springframework.aop.support.AopUtils.invokeJoinpointUsingReflection(AopUtils.java:352) ~[spring-aop-6.1.1.jar!/:6.1.1]
	at org.springframework.aop.framework.ReflectiveMethodInvocation.invokeJoinpoint(ReflectiveMethodInvocation.java:196) ~[spring-aop-6.1.1.jar!/:6.1.1]
	at org.springframework.aop.framework.ReflectiveMethodInvocation.proceed(ReflectiveMethodInvocation.java:163) ~[spring-aop-6.1.1.jar!/:6.1.1]
	at org.springframework.aop.framework.CglibAopProxy$CglibMethodInvocation.proceed(CglibAopProxy.java:765) ~[spring-aop-6.1.1.jar!/:6.1.1]
	at org.springframework.transaction.interceptor.TransactionInterceptor$1.proceedWithInvocation(TransactionInterceptor.java:123) ~[spring-tx-6.1.1.jar!/:6.1.1]
	at org.springframework.transaction.interceptor.TransactionAspectSupport.invokeWithinTransaction(TransactionAspectSupport.java:385) ~[spring-tx-6.1.1.jar!/:6.1.1]
	at org.springframework.transaction.interceptor.TransactionInterceptor.invoke(TransactionInterceptor.java:119) ~[spring-tx-6.1.1.jar!/:6.1.1]
	at org.springframework.aop.framework.ReflectiveMethodInvocation.proceed(ReflectiveMethodInvocation.java:184) ~[spring-aop-6.1.1.jar!/:6.1.1]
	at org.springframework.aop.framework.CglibAopProxy$CglibMethodInvocation.proceed(CglibAopProxy.java:765) ~[spring-aop-6.1.1.jar!/:6.1.1]
	at org.springframework.aop.framework.CglibAopProxy$DynamicAdvisedInterceptor.intercept(CglibAopProxy.java:717) ~[spring-aop-6.1.1.jar!/:6.1.1]
	at com.claimswift.claimservice.service.ClaimService$$SpringCGLIB$$0.updateClaimStatus(<generated>) ~[!/:na]
	at com.claimswift.claimservice.controller.ClaimController.updateClaimStatusPatch(ClaimController.java:116) ~[!/:na]
	at java.base/jdk.internal.reflect.DirectMethodHandleAccessor.invoke(DirectMethodHandleAccessor.java:103) ~[na:na]
	at java.base/java.lang.reflect.Method.invoke(Method.java:580) ~[na:na]
	at org.springframework.aop.support.AopUtils.invokeJoinpointUsingReflection(AopUtils.java:352) ~[spring-aop-6.1.1.jar!/:6.1.1]
	at org.springframework.aop.framework.ReflectiveMethodInvocation.invokeJoinpoint(ReflectiveMethodInvocation.java:196) ~[spring-aop-6.1.1.jar!/:6.1.1]
	at org.springframework.aop.framework.ReflectiveMethodInvocation.proceed(ReflectiveMethodInvocation.java:163) ~[spring-aop-6.1.1.jar!/:6.1.1]
	at org.springframework.aop.framework.CglibAopProxy$CglibMethodInvocation.proceed(CglibAopProxy.java:765) ~[spring-aop-6.1.1.jar!/:6.1.1]
	at org.springframework.validation.beanvalidation.MethodValidationInterceptor.invoke(MethodValidationInterceptor.java:174) ~[spring-context-6.1.1.jar!/:6.1.1]
	at org.springframework.aop.framework.ReflectiveMethodInvocation.proceed(ReflectiveMethodInvocation.java:184) ~[spring-aop-6.1.1.jar!/:6.1.1]
	at org.springframework.aop.framework.CglibAopProxy$CglibMethodInvocation.proceed(CglibAopProxy.java:765) ~[spring-aop-6.1.1.jar!/:6.1.1]
	at org.springframework.security.authorization.method.AuthorizationManagerBeforeMethodInterceptor.invoke(AuthorizationManagerBeforeMethodInterceptor.java:198) ~[spring-security-core-6.2.0.jar!/:6.2.0]
	at org.springframework.aop.framework.ReflectiveMethodInvocation.proceed(ReflectiveMethodInvocation.java:184) ~[spring-aop-6.1.1.jar!/:6.1.1]
	at org.springframework.aop.framework.CglibAopProxy$CglibMethodInvocation.proceed(CglibAopProxy.java:765) ~[spring-aop-6.1.1.jar!/:6.1.1]
	at org.springframework.aop.framework.CglibAopProxy$DynamicAdvisedInterceptor.intercept(CglibAopProxy.java:717) ~[spring-aop-6.1.1.jar!/:6.1.1]
	at com.claimswift.claimservice.controller.ClaimController$$SpringCGLIB$$0.updateClaimStatusPatch(<generated>) ~[!/:na]
	at java.base/jdk.internal.reflect.DirectMethodHandleAccessor.invoke(DirectMethodHandleAccessor.java:103) ~[na:na]
	at java.base/java.lang.reflect.Method.invoke(Method.java:580) ~[na:na]
	at org.springframework.web.method.support.InvocableHandlerMethod.doInvoke(InvocableHandlerMethod.java:254) ~[spring-web-6.1.1.jar!/:6.1.1]
	at org.springframework.web.method.support.InvocableHandlerMethod.invokeForRequest(InvocableHandlerMethod.java:182) ~[spring-web-6.1.1.jar!/:6.1.1]
	at org.springframework.web.servlet.mvc.method.annotation.ServletInvocableHandlerMethod.invokeAndHandle(ServletInvocableHandlerMethod.java:118) ~[spring-webmvc-6.1.1.jar!/:6.1.1]
	at org.springframework.web.servlet.mvc.method.annotation.RequestMappingHandlerAdapter.invokeHandlerMethod(RequestMappingHandlerAdapter.java:917) ~[spring-webmvc-6.1.1.jar!/:6.1.1]
	at org.springframework.web.servlet.mvc.method.annotation.RequestMappingHandlerAdapter.handleInternal(RequestMappingHandlerAdapter.java:829) ~[spring-webmvc-6.1.1.jar!/:6.1.1]
	at org.springframework.web.servlet.mvc.method.AbstractHandlerMethodAdapter.handle(AbstractHandlerMethodAdapter.java:87) ~[spring-webmvc-6.1.1.jar!/:6.1.1]
	at org.springframework.web.servlet.DispatcherServlet.doDispatch(DispatcherServlet.java:1089) ~[spring-webmvc-6.1.1.jar!/:6.1.1]
	at org.springframework.web.servlet.DispatcherServlet.doService(DispatcherServlet.java:979) ~[spring-webmvc-6.1.1.jar!/:6.1.1]
	at org.springframework.web.servlet.FrameworkServlet.processRequest(FrameworkServlet.java:1014) ~[spring-webmvc-6.1.1.jar!/:6.1.1]
	at org.springframework.web.servlet.FrameworkServlet.service(FrameworkServlet.java:888) ~[spring-webmvc-6.1.1.jar!/:6.1.1]
	at jakarta.servlet.http.HttpServlet.service(HttpServlet.java:658) ~[tomcat-embed-core-10.1.16.jar!/:na]
	at org.apache.catalina.core.ApplicationFilterChain.internalDoFilter(ApplicationFilterChain.java:205) ~[tomcat-embed-core-10.1.16.jar!/:na]
	at org.apache.catalina.core.ApplicationFilterChain.doFilter(ApplicationFilterChain.java:149) ~[tomcat-embed-core-10.1.16.jar!/:na]
	at org.apache.tomcat.websocket.server.WsFilter.doFilter(WsFilter.java:51) ~[tomcat-embed-websocket-10.1.16.jar!/:na]
	at org.apache.catalina.core.ApplicationFilterChain.internalDoFilter(ApplicationFilterChain.java:174) ~[tomcat-embed-core-10.1.16.jar!/:na]
	at org.apache.catalina.core.ApplicationFilterChain.doFilter(ApplicationFilterChain.java:149) ~[tomcat-embed-core-10.1.16.jar!/:na]
	at org.springframework.web.filter.OncePerRequestFilter.doFilter(OncePerRequestFilter.java:110) ~[spring-web-6.1.1.jar!/:6.1.1]
	at org.apache.catalina.core.ApplicationFilterChain.internalDoFilter(ApplicationFilterChain.java:174) ~[tomcat-embed-core-10.1.16.jar!/:na]
	at org.apache.catalina.core.ApplicationFilterChain.doFilter(ApplicationFilterChain.java:149) ~[tomcat-embed-core-10.1.16.jar!/:na]
	at org.springframework.security.web.FilterChainProxy.lambda$doFilterInternal$3(FilterChainProxy.java:231) ~[spring-security-web-6.2.0.jar!/:6.2.0]
	at org.springframework.security.web.ObservationFilterChainDecorator$FilterObservation$SimpleFilterObservation.lambda$wrap$1(ObservationFilterChainDecorator.java:479) ~[spring-security-web-6.2.0.jar!/:6.2.0]
	at org.springframework.security.web.ObservationFilterChainDecorator$AroundFilterObservation$SimpleAroundFilterObservation.lambda$wrap$1(ObservationFilterChainDecorator.java:340) ~[spring-security-web-6.2.0.jar!/:6.2.0]
	at org.springframework.security.web.ObservationFilterChainDecorator.lambda$wrapSecured$0(ObservationFilterChainDecorator.java:82) ~[spring-security-web-6.2.0.jar!/:6.2.0]
	at org.springframework.security.web.ObservationFilterChainDecorator$VirtualFilterChain.doFilter(ObservationFilterChainDecorator.java:128) ~[spring-security-web-6.2.0.jar!/:6.2.0]
	at org.springframework.security.web.access.intercept.AuthorizationFilter.doFilter(AuthorizationFilter.java:100) ~[spring-security-web-6.2.0.jar!/:6.2.0]
	at org.springframework.security.web.ObservationFilterChainDecorator$ObservationFilter.wrapFilter(ObservationFilterChainDecorator.java:240) ~[spring-security-web-6.2.0.jar!/:6.2.0]
	at org.springframework.security.web.ObservationFilterChainDecorator$ObservationFilter.doFilter(ObservationFilterChainDecorator.java:227) ~[spring-security-web-6.2.0.jar!/:6.2.0]
	at org.springframework.security.web.ObservationFilterChainDecorator$VirtualFilterChain.doFilter(ObservationFilterChainDecorator.java:137) ~[spring-security-web-6.2.0.jar!/:6.2.0]
	at org.springframework.security.web.access.ExceptionTranslationFilter.doFilter(ExceptionTranslationFilter.java:126) ~[spring-security-web-6.2.0.jar!/:6.2.0]
	at org.springframework.security.web.access.ExceptionTranslationFilter.doFilter(ExceptionTranslationFilter.java:120) ~[spring-security-web-6.2.0.jar!/:6.2.0]
	at org.springframework.security.web.ObservationFilterChainDecorator$ObservationFilter.wrapFilter(ObservationFilterChainDecorator.java:240) ~[spring-security-web-6.2.0.jar!/:6.2.0]
	at org.springframework.security.web.ObservationFilterChainDecorator$ObservationFilter.doFilter(ObservationFilterChainDecorator.java:227) ~[spring-security-web-6.2.0.jar!/:6.2.0]
	at org.springframework.security.web.ObservationFilterChainDecorator$VirtualFilterChain.doFilter(ObservationFilterChainDecorator.java:137) ~[spring-security-web-6.2.0.jar!/:6.2.0]
	at org.springframework.security.web.session.SessionManagementFilter.doFilter(SessionManagementFilter.java:131) ~[spring-security-web-6.2.0.jar!/:6.2.0]
	at org.springframework.security.web.session.SessionManagementFilter.doFilter(SessionManagementFilter.java:85) ~[spring-security-web-6.2.0.jar!/:6.2.0]
	at org.springframework.security.web.ObservationFilterChainDecorator$ObservationFilter.wrapFilter(ObservationFilterChainDecorator.java:240) ~[spring-security-web-6.2.0.jar!/:6.2.0]
	at org.springframework.security.web.ObservationFilterChainDecorator$ObservationFilter.doFilter(ObservationFilterChainDecorator.java:227) ~[spring-security-web-6.2.0.jar!/:6.2.0]
	at org.springframework.security.web.ObservationFilterChainDecorator$VirtualFilterChain.doFilter(ObservationFilterChainDecorator.java:137) ~[spring-security-web-6.2.0.jar!/:6.2.0]
	at org.springframework.security.web.authentication.AnonymousAuthenticationFilter.doFilter(AnonymousAuthenticationFilter.java:100) ~[spring-security-web-6.2.0.jar!/:6.2.0]
	at org.springframework.security.web.ObservationFilterChainDecorator$ObservationFilter.wrapFilter(ObservationFilterChainDecorator.java:240) ~[spring-security-web-6.2.0.jar!/:6.2.0]
	at org.springframework.security.web.ObservationFilterChainDecorator$ObservationFilter.doFilter(ObservationFilterChainDecorator.java:227) ~[spring-security-web-6.2.0.jar!/:6.2.0]
	at org.springframework.security.web.ObservationFilterChainDecorator$VirtualFilterChain.doFilter(ObservationFilterChainDecorator.java:137) ~[spring-security-web-6.2.0.jar!/:6.2.0]
	at org.springframework.security.web.servletapi.SecurityContextHolderAwareRequestFilter.doFilter(SecurityContextHolderAwareRequestFilter.java:179) ~[spring-security-web-6.2.0.jar!/:6.2.0]
	at org.springframework.security.web.ObservationFilterChainDecorator$ObservationFilter.wrapFilter(ObservationFilterChainDecorator.java:240) ~[spring-security-web-6.2.0.jar!/:6.2.0]
	at org.springframework.security.web.ObservationFilterChainDecorator$ObservationFilter.doFilter(ObservationFilterChainDecorator.java:227) ~[spring-security-web-6.2.0.jar!/:6.2.0]
	at org.springframework.security.web.ObservationFilterChainDecorator$VirtualFilterChain.doFilter(ObservationFilterChainDecorator.java:137) ~[spring-security-web-6.2.0.jar!/:6.2.0]
	at org.springframework.security.web.savedrequest.RequestCacheAwareFilter.doFilter(RequestCacheAwareFilter.java:63) ~[spring-security-web-6.2.0.jar!/:6.2.0]
	at org.springframework.security.web.ObservationFilterChainDecorator$ObservationFilter.wrapFilter(ObservationFilterChainDecorator.java:240) ~[spring-security-web-6.2.0.jar!/:6.2.0]
	at org.springframework.security.web.ObservationFilterChainDecorator$ObservationFilter.doFilter(ObservationFilterChainDecorator.java:227) ~[spring-security-web-6.2.0.jar!/:6.2.0]
	at org.springframework.security.web.ObservationFilterChainDecorator$VirtualFilterChain.doFilter(ObservationFilterChainDecorator.java:137) ~[spring-security-web-6.2.0.jar!/:6.2.0]
	at com.claimswift.claimservice.security.JwtAuthenticationFilter.doFilterInternal(JwtAuthenticationFilter.java:61) ~[!/:na]
	at org.springframework.web.filter.OncePerRequestFilter.doFilter(OncePerRequestFilter.java:116) ~[spring-web-6.1.1.jar!/:6.1.1]
	at org.springframework.security.web.ObservationFilterChainDecorator$ObservationFilter.wrapFilter(ObservationFilterChainDecorator.java:240) ~[spring-security-web-6.2.0.jar!/:6.2.0]
	at org.springframework.security.web.ObservationFilterChainDecorator$ObservationFilter.doFilter(ObservationFilterChainDecorator.java:227) ~[spring-security-web-6.2.0.jar!/:6.2.0]
	at org.springframework.security.web.ObservationFilterChainDecorator$VirtualFilterChain.doFilter(ObservationFilterChainDecorator.java:137) ~[spring-security-web-6.2.0.jar!/:6.2.0]
	at org.springframework.security.web.authentication.logout.LogoutFilter.doFilter(LogoutFilter.java:107) ~[spring-security-web-6.2.0.jar!/:6.2.0]
	at org.springframework.security.web.authentication.logout.LogoutFilter.doFilter(LogoutFilter.java:93) ~[spring-security-web-6.2.0.jar!/:6.2.0]
	at org.springframework.security.web.ObservationFilterChainDecorator$ObservationFilter.wrapFilter(ObservationFilterChainDecorator.java:240) ~[spring-security-web-6.2.0.jar!/:6.2.0]
	at org.springframework.security.web.ObservationFilterChainDecorator$ObservationFilter.doFilter(ObservationFilterChainDecorator.java:227) ~[spring-security-web-6.2.0.jar!/:6.2.0]
	at org.springframework.security.web.ObservationFilterChainDecorator$VirtualFilterChain.doFilter(ObservationFilterChainDecorator.java:137) ~[spring-security-web-6.2.0.jar!/:6.2.0]
	at org.springframework.web.filter.CorsFilter.doFilterInternal(CorsFilter.java:91) ~[spring-web-6.1.1.jar!/:6.1.1]
	at org.springframework.web.filter.OncePerRequestFilter.doFilter(OncePerRequestFilter.java:116) ~[spring-web-6.1.1.jar!/:6.1.1]
	at org.springframework.security.web.ObservationFilterChainDecorator$ObservationFilter.wrapFilter(ObservationFilterChainDecorator.java:240) ~[spring-security-web-6.2.0.jar!/:6.2.0]
	at org.springframework.security.web.ObservationFilterChainDecorator$ObservationFilter.doFilter(ObservationFilterChainDecorator.java:227) ~[spring-security-web-6.2.0.jar!/:6.2.0]
	at org.springframework.security.web.ObservationFilterChainDecorator$VirtualFilterChain.doFilter(ObservationFilterChainDecorator.java:137) ~[spring-security-web-6.2.0.jar!/:6.2.0]
	at org.springframework.security.web.header.HeaderWriterFilter.doHeadersAfter(HeaderWriterFilter.java:90) ~[spring-security-web-6.2.0.jar!/:6.2.0]
	at org.springframework.security.web.header.HeaderWriterFilter.doFilterInternal(HeaderWriterFilter.java:75) ~[spring-security-web-6.2.0.jar!/:6.2.0]
	at org.springframework.web.filter.OncePerRequestFilter.doFilter(OncePerRequestFilter.java:116) ~[spring-web-6.1.1.jar!/:6.1.1]
	at org.springframework.security.web.ObservationFilterChainDecorator$ObservationFilter.wrapFilter(ObservationFilterChainDecorator.java:240) ~[spring-security-web-6.2.0.jar!/:6.2.0]
	at org.springframework.security.web.ObservationFilterChainDecorator$ObservationFilter.doFilter(ObservationFilterChainDecorator.java:227) ~[spring-security-web-6.2.0.jar!/:6.2.0]
	at org.springframework.security.web.ObservationFilterChainDecorator$VirtualFilterChain.doFilter(ObservationFilterChainDecorator.java:137) ~[spring-security-web-6.2.0.jar!/:6.2.0]
	at org.springframework.security.web.context.SecurityContextHolderFilter.doFilter(SecurityContextHolderFilter.java:82) ~[spring-security-web-6.2.0.jar!/:6.2.0]
	at org.springframework.security.web.context.SecurityContextHolderFilter.doFilter(SecurityContextHolderFilter.java:69) ~[spring-security-web-6.2.0.jar!/:6.2.0]
	at org.springframework.security.web.ObservationFilterChainDecorator$ObservationFilter.wrapFilter(ObservationFilterChainDecorator.java:240) ~[spring-security-web-6.2.0.jar!/:6.2.0]
	at org.springframework.security.web.ObservationFilterChainDecorator$ObservationFilter.doFilter(ObservationFilterChainDecorator.java:227) ~[spring-security-web-6.2.0.jar!/:6.2.0]
	at org.springframework.security.web.ObservationFilterChainDecorator$VirtualFilterChain.doFilter(ObservationFilterChainDecorator.java:137) ~[spring-security-web-6.2.0.jar!/:6.2.0]
	at org.springframework.security.web.context.request.async.WebAsyncManagerIntegrationFilter.doFilterInternal(WebAsyncManagerIntegrationFilter.java:62) ~[spring-security-web-6.2.0.jar!/:6.2.0]
	at org.springframework.web.filter.OncePerRequestFilter.doFilter(OncePerRequestFilter.java:116) ~[spring-web-6.1.1.jar!/:6.1.1]
	at org.springframework.security.web.ObservationFilterChainDecorator$ObservationFilter.wrapFilter(ObservationFilterChainDecorator.java:240) ~[spring-security-web-6.2.0.jar!/:6.2.0]
	at org.springframework.security.web.ObservationFilterChainDecorator$ObservationFilter.doFilter(ObservationFilterChainDecorator.java:227) ~[spring-security-web-6.2.0.jar!/:6.2.0]
	at org.springframework.security.web.ObservationFilterChainDecorator$VirtualFilterChain.doFilter(ObservationFilterChainDecorator.java:137) ~[spring-security-web-6.2.0.jar!/:6.2.0]
	at org.springframework.security.web.session.DisableEncodeUrlFilter.doFilterInternal(DisableEncodeUrlFilter.java:42) ~[spring-security-web-6.2.0.jar!/:6.2.0]
	at org.springframework.web.filter.OncePerRequestFilter.doFilter(OncePerRequestFilter.java:116) ~[spring-web-6.1.1.jar!/:6.1.1]
	at org.springframework.security.web.ObservationFilterChainDecorator$ObservationFilter.wrapFilter(ObservationFilterChainDecorator.java:240) ~[spring-security-web-6.2.0.jar!/:6.2.0]
	at org.springframework.security.web.ObservationFilterChainDecorator$AroundFilterObservation$SimpleAroundFilterObservation.lambda$wrap$0(ObservationFilterChainDecorator.java:323) ~[spring-security-web-6.2.0.jar!/:6.2.0]
	at org.springframework.security.web.ObservationFilterChainDecorator$ObservationFilter.doFilter(ObservationFilterChainDecorator.java:224) ~[spring-security-web-6.2.0.jar!/:6.2.0]
	at org.springframework.security.web.ObservationFilterChainDecorator$VirtualFilterChain.doFilter(ObservationFilterChainDecorator.java:137) ~[spring-security-web-6.2.0.jar!/:6.2.0]
	at org.springframework.security.web.FilterChainProxy.doFilterInternal(FilterChainProxy.java:233) ~[spring-security-web-6.2.0.jar!/:6.2.0]
	at org.springframework.security.web.FilterChainProxy.doFilter(FilterChainProxy.java:191) ~[spring-security-web-6.2.0.jar!/:6.2.0]
	at org.springframework.web.filter.DelegatingFilterProxy.invokeDelegate(DelegatingFilterProxy.java:352) ~[spring-web-6.1.1.jar!/:6.1.1]
	at org.springframework.web.filter.DelegatingFilterProxy.doFilter(DelegatingFilterProxy.java:268) ~[spring-web-6.1.1.jar!/:6.1.1]
	at org.apache.catalina.core.ApplicationFilterChain.internalDoFilter(ApplicationFilterChain.java:174) ~[tomcat-embed-core-10.1.16.jar!/:na]
	at org.apache.catalina.core.ApplicationFilterChain.doFilter(ApplicationFilterChain.java:149) ~[tomcat-embed-core-10.1.16.jar!/:na]
	at org.springframework.web.filter.RequestContextFilter.doFilterInternal(RequestContextFilter.java:100) ~[spring-web-6.1.1.jar!/:6.1.1]
	at org.springframework.web.filter.OncePerRequestFilter.doFilter(OncePerRequestFilter.java:116) ~[spring-web-6.1.1.jar!/:6.1.1]
	at org.apache.catalina.core.ApplicationFilterChain.internalDoFilter(ApplicationFilterChain.java:174) ~[tomcat-embed-core-10.1.16.jar!/:na]
	at org.apache.catalina.core.ApplicationFilterChain.doFilter(ApplicationFilterChain.java:149) ~[tomcat-embed-core-10.1.16.jar!/:na]
	at org.springframework.web.filter.FormContentFilter.doFilterInternal(FormContentFilter.java:93) ~[spring-web-6.1.1.jar!/:6.1.1]
	at org.springframework.web.filter.OncePerRequestFilter.doFilter(OncePerRequestFilter.java:116) ~[spring-web-6.1.1.jar!/:6.1.1]
	at org.apache.catalina.core.ApplicationFilterChain.internalDoFilter(ApplicationFilterChain.java:174) ~[tomcat-embed-core-10.1.16.jar!/:na]
	at org.apache.catalina.core.ApplicationFilterChain.doFilter(ApplicationFilterChain.java:149) ~[tomcat-embed-core-10.1.16.jar!/:na]
	at org.springframework.web.filter.ServerHttpObservationFilter.doFilterInternal(ServerHttpObservationFilter.java:109) ~[spring-web-6.1.1.jar!/:6.1.1]
	at org.springframework.web.filter.OncePerRequestFilter.doFilter(OncePerRequestFilter.java:116) ~[spring-web-6.1.1.jar!/:6.1.1]
	at org.apache.catalina.core.ApplicationFilterChain.internalDoFilter(ApplicationFilterChain.java:174) ~[tomcat-embed-core-10.1.16.jar!/:na]
	at org.apache.catalina.core.ApplicationFilterChain.doFilter(ApplicationFilterChain.java:149) ~[tomcat-embed-core-10.1.16.jar!/:na]
	at org.springframework.web.filter.CharacterEncodingFilter.doFilterInternal(CharacterEncodingFilter.java:201) ~[spring-web-6.1.1.jar!/:6.1.1]
	at org.springframework.web.filter.OncePerRequestFilter.doFilter(OncePerRequestFilter.java:116) ~[spring-web-6.1.1.jar!/:6.1.1]
	at org.apache.catalina.core.ApplicationFilterChain.internalDoFilter(ApplicationFilterChain.java:174) ~[tomcat-embed-core-10.1.16.jar!/:na]
	at org.apache.catalina.core.ApplicationFilterChain.doFilter(ApplicationFilterChain.java:149) ~[tomcat-embed-core-10.1.16.jar!/:na]
	at com.claimswift.claimservice.filter.CorrelationIdFilter.doFilterInternal(CorrelationIdFilter.java:40) ~[!/:na]
	at org.springframework.web.filter.OncePerRequestFilter.doFilter(OncePerRequestFilter.java:116) ~[spring-web-6.1.1.jar!/:6.1.1]
	at org.apache.catalina.core.ApplicationFilterChain.internalDoFilter(ApplicationFilterChain.java:174) ~[tomcat-embed-core-10.1.16.jar!/:na]
	at org.apache.catalina.core.ApplicationFilterChain.doFilter(ApplicationFilterChain.java:149) ~[tomcat-embed-core-10.1.16.jar!/:na]
	at org.apache.catalina.core.StandardWrapperValve.invoke(StandardWrapperValve.java:167) ~[tomcat-embed-core-10.1.16.jar!/:na]
	at org.apache.catalina.core.StandardContextValve.invoke(StandardContextValve.java:90) ~[tomcat-embed-core-10.1.16.jar!/:na]
	at org.apache.catalina.authenticator.AuthenticatorBase.invoke(AuthenticatorBase.java:482) ~[tomcat-embed-core-10.1.16.jar!/:na]
	at org.apache.catalina.core.StandardHostValve.invoke(StandardHostValve.java:115) ~[tomcat-embed-core-10.1.16.jar!/:na]
	at org.apache.catalina.valves.ErrorReportValve.invoke(ErrorReportValve.java:93) ~[tomcat-embed-core-10.1.16.jar!/:na]
	at org.apache.catalina.core.StandardEngineValve.invoke(StandardEngineValve.java:74) ~[tomcat-embed-core-10.1.16.jar!/:na]
	at org.apache.catalina.connector.CoyoteAdapter.service(CoyoteAdapter.java:340) ~[tomcat-embed-core-10.1.16.jar!/:na]
	at org.apache.coyote.http11.Http11Processor.service(Http11Processor.java:391) ~[tomcat-embed-core-10.1.16.jar!/:na]
	at org.apache.coyote.AbstractProcessorLight.process(AbstractProcessorLight.java:63) ~[tomcat-embed-core-10.1.16.jar!/:na]
	at org.apache.coyote.AbstractProtocol$ConnectionHandler.process(AbstractProtocol.java:896) ~[tomcat-embed-core-10.1.16.jar!/:na]
	at org.apache.tomcat.util.net.NioEndpoint$SocketProcessor.doRun(NioEndpoint.java:1744) ~[tomcat-embed-core-10.1.16.jar!/:na]
	at org.apache.tomcat.util.net.SocketProcessorBase.run(SocketProcessorBase.java:52) ~[tomcat-embed-core-10.1.16.jar!/:na]
	at org.apache.tomcat.util.threads.ThreadPoolExecutor.runWorker(ThreadPoolExecutor.java:1191) ~[tomcat-embed-core-10.1.16.jar!/:na]
	at org.apache.tomcat.util.threads.ThreadPoolExecutor$Worker.run(ThreadPoolExecutor.java:659) ~[tomcat-embed-core-10.1.16.jar!/:na]
	at org.apache.tomcat.util.threads.TaskThread$WrappingRunnable.run(TaskThread.java:61) ~[tomcat-embed-core-10.1.16.jar!/:na]
	at java.base/java.lang.Thread.run(Thread.java:1570) ~[na:na]
2026-03-05 11:54:55.312 [claim-service] [http-nio-8082-exec-8] [corr:3c102ad3-042d-4bae-8737-c5bda44c742a] DEBUG c.c.claimservice.config.FeignConfig - Feign request to: /api/notifications/internal/claim-status
2026-03-05 11:54:55.314 [claim-service] [http-nio-8082-exec-8] [corr:3c102ad3-042d-4bae-8737-c5bda44c742a] DEBUG c.c.c.c.NotificationServiceClient - [NotificationServiceClient#sendClaimStatusNotification] ---> POST http://notification-service/api/notifications/internal/claim-status HTTP/1.1
2026-03-05 11:54:55.377 [claim-service] [http-nio-8082-exec-8] [corr:3c102ad3-042d-4bae-8737-c5bda44c742a] DEBUG c.c.c.c.NotificationServiceClient - [NotificationServiceClient#sendClaimStatusNotification] <--- HTTP/1.1 200 (63ms)
2026-03-05 11:54:55.377 [claim-service] [http-nio-8082-exec-8] [corr:3c102ad3-042d-4bae-8737-c5bda44c742a] DEBUG c.c.claimservice.config.FeignConfig - Feign request to: /api/assessments/notify-complete
2026-03-05 11:54:55.377 [claim-service] [http-nio-8082-exec-8] [corr:3c102ad3-042d-4bae-8737-c5bda44c742a] DEBUG c.c.c.client.AssessmentServiceClient - [AssessmentServiceClient#notifyAssessmentComplete] ---> POST http://assessment-service/api/assessments/notify-complete HTTP/1.1
2026-03-05 11:54:56.065 [claim-service] [http-nio-8082-exec-8] [corr:3c102ad3-042d-4bae-8737-c5bda44c742a] DEBUG c.c.c.client.AssessmentServiceClient - [AssessmentServiceClient#notifyAssessmentComplete] <--- HTTP/1.1 200 (681ms)
2026-03-05 11:54:56.069 [claim-service] [http-nio-8082-exec-8] [corr:3c102ad3-042d-4bae-8737-c5bda44c742a] DEBUG org.hibernate.SQL - update claims set adjuster_id=?,approved_amount=?,assessor_id=?,claim_amount=?,claim_number=?,claimant_id=?,incident_date=?,incident_description=?,incident_location=?,policy_number=?,status=?,status_changed_at=?,updated_at=?,updated_by=?,vehicle_make=?,vehicle_model=?,vehicle_registration=?,vehicle_year=? where id=?
2026-03-05 11:54:56.114 [claim-service] [http-nio-8082-exec-9] [corr:9aeaac6f-ab7a-4f79-90c6-181105736e33] DEBUG c.c.c.s.JwtAuthenticationFilter - Authenticated user: manager.20260305-115445, correlationId: 9aeaac6f-ab7a-4f79-90c6-181105736e33
2026-03-05 11:54:56.124 [claim-service] [http-nio-8082-exec-9] [corr:9aeaac6f-ab7a-4f79-90c6-181105736e33] DEBUG org.hibernate.SQL - select c1_0.id,c1_0.adjuster_id,c1_0.approved_amount,c1_0.assessor_id,c1_0.claim_amount,c1_0.claim_number,c1_0.claimant_id,c1_0.created_at,c1_0.created_by,c1_0.incident_date,c1_0.incident_description,c1_0.incident_location,c1_0.policy_number,c1_0.status,c1_0.status_changed_at,c1_0.updated_at,c1_0.updated_by,c1_0.vehicle_make,c1_0.vehicle_model,c1_0.vehicle_registration,c1_0.vehicle_year from claims c1_0 where c1_0.status=?
2026-03-05 11:54:56.164 [claim-service] [http-nio-8082-exec-10] [corr:fcdeee5b-c01a-42f2-8768-4993631c8fe5] DEBUG c.c.c.s.JwtAuthenticationFilter - Authenticated user: manager.20260305-115445, correlationId: fcdeee5b-c01a-42f2-8768-4993631c8fe5
2026-03-05 11:54:56.181 [claim-service] [http-nio-8082-exec-10] [corr:fcdeee5b-c01a-42f2-8768-4993631c8fe5] DEBUG org.hibernate.SQL - select count(*) from claims c1_0
2026-03-05 11:54:56.195 [claim-service] [http-nio-8082-exec-10] [corr:fcdeee5b-c01a-42f2-8768-4993631c8fe5] DEBUG org.hibernate.SQL - select count(c1_0.id) from claims c1_0 where c1_0.status=?
2026-03-05 11:54:56.199 [claim-service] [http-nio-8082-exec-10] [corr:fcdeee5b-c01a-42f2-8768-4993631c8fe5] DEBUG org.hibernate.SQL - select count(c1_0.id) from claims c1_0 where c1_0.status=?
2026-03-05 11:54:56.203 [claim-service] [http-nio-8082-exec-10] [corr:fcdeee5b-c01a-42f2-8768-4993631c8fe5] DEBUG org.hibernate.SQL - select count(c1_0.id) from claims c1_0 where c1_0.status=?
2026-03-05 11:54:56.207 [claim-service] [http-nio-8082-exec-10] [corr:fcdeee5b-c01a-42f2-8768-4993631c8fe5] DEBUG org.hibernate.SQL - select count(c1_0.id) from claims c1_0 where c1_0.status=?
2026-03-05 11:54:56.211 [claim-service] [http-nio-8082-exec-10] [corr:fcdeee5b-c01a-42f2-8768-4993631c8fe5] DEBUG org.hibernate.SQL - select count(c1_0.id) from claims c1_0 where c1_0.status=?
2026-03-05 11:54:56.211 [claim-service] [http-nio-8082-exec-10] [corr:fcdeee5b-c01a-42f2-8768-4993631c8fe5] DEBUG org.hibernate.SQL - select count(c1_0.id) from claims c1_0 where c1_0.status=?
2026-03-05 11:54:56.211 [claim-service] [http-nio-8082-exec-10] [corr:fcdeee5b-c01a-42f2-8768-4993631c8fe5] DEBUG org.hibernate.SQL - select count(c1_0.id) from claims c1_0 where c1_0.status=?
2026-03-05 11:54:56.224 [claim-service] [http-nio-8082-exec-10] [corr:fcdeee5b-c01a-42f2-8768-4993631c8fe5] DEBUG org.hibernate.SQL - select count(c1_0.id) from claims c1_0 where c1_0.status=?
2026-03-05 11:54:56.247 [claim-service] [http-nio-8082-exec-10] [corr:fcdeee5b-c01a-42f2-8768-4993631c8fe5] DEBUG org.hibernate.SQL - select coalesce(sum(c1_0.approved_amount),0) from claims c1_0 where c1_0.status='APPROVED'
2026-03-05 11:54:56.321 [claim-service] [http-nio-8082-exec-1] [corr:a34cb813-1368-4753-84f6-c92611618ed9] DEBUG c.c.c.s.JwtAuthenticationFilter - Authenticated user: manager.20260305-115445, correlationId: a34cb813-1368-4753-84f6-c92611618ed9
2026-03-05 11:54:56.325 [claim-service] [http-nio-8082-exec-1] [corr:a34cb813-1368-4753-84f6-c92611618ed9] DEBUG org.hibernate.SQL - select c1_0.id,c1_0.adjuster_id,c1_0.approved_amount,c1_0.assessor_id,c1_0.claim_amount,c1_0.claim_number,c1_0.claimant_id,c1_0.created_at,c1_0.created_by,c1_0.incident_date,c1_0.incident_description,c1_0.incident_location,c1_0.policy_number,c1_0.status,c1_0.status_changed_at,c1_0.updated_at,c1_0.updated_by,c1_0.vehicle_make,c1_0.vehicle_model,c1_0.vehicle_registration,c1_0.vehicle_year from claims c1_0 where lower(c1_0.claim_number) like lower(concat('%',?,'%')) escape '' or lower(c1_0.policy_number) like lower(concat('%',?,'%')) escape '' or lower(c1_0.vehicle_registration) like lower(concat('%',?,'%')) escape '' order by c1_0.created_at desc
2026-03-05 11:54:56.385 [claim-service] [http-nio-8082-exec-2] [corr:568cc1f6-7c95-4c03-a470-7391b40dac8f] DEBUG c.c.c.s.JwtAuthenticationFilter - Authenticated user: manager.20260305-115445, correlationId: 568cc1f6-7c95-4c03-a470-7391b40dac8f
2026-03-05 11:54:56.393 [claim-service] [http-nio-8082-exec-2] [corr:568cc1f6-7c95-4c03-a470-7391b40dac8f] DEBUG org.hibernate.SQL - select c1_0.id,c1_0.adjuster_id,c1_0.approved_amount,c1_0.assessor_id,c1_0.claim_amount,c1_0.claim_number,c1_0.claimant_id,c1_0.created_at,c1_0.created_by,c1_0.incident_date,c1_0.incident_description,c1_0.incident_location,c1_0.policy_number,c1_0.status,c1_0.status_changed_at,c1_0.updated_at,c1_0.updated_by,c1_0.vehicle_make,c1_0.vehicle_model,c1_0.vehicle_registration,c1_0.vehicle_year from claims c1_0 where c1_0.adjuster_id=?
2026-03-05 11:54:56.447 [claim-service] [http-nio-8082-exec-3] [corr:44dfe3a5-a32c-4676-9744-f93e0045c57b] DEBUG c.c.c.s.JwtAuthenticationFilter - Authenticated user: manager.20260305-115445, correlationId: 44dfe3a5-a32c-4676-9744-f93e0045c57b
2026-03-05 11:54:56.457 [claim-service] [http-nio-8082-exec-3] [corr:44dfe3a5-a32c-4676-9744-f93e0045c57b] DEBUG org.hibernate.SQL - select count(*) from claims c1_0
2026-03-05 11:54:56.462 [claim-service] [http-nio-8082-exec-3] [corr:44dfe3a5-a32c-4676-9744-f93e0045c57b] DEBUG org.hibernate.SQL - select count(c1_0.id) from claims c1_0 where c1_0.status=?
2026-03-05 11:54:56.462 [claim-service] [http-nio-8082-exec-3] [corr:44dfe3a5-a32c-4676-9744-f93e0045c57b] DEBUG org.hibernate.SQL - select count(c1_0.id) from claims c1_0 where c1_0.status=?
2026-03-05 11:54:56.462 [claim-service] [http-nio-8082-exec-3] [corr:44dfe3a5-a32c-4676-9744-f93e0045c57b] DEBUG org.hibernate.SQL - select count(c1_0.id) from claims c1_0 where c1_0.status=?
2026-03-05 11:54:56.477 [claim-service] [http-nio-8082-exec-3] [corr:44dfe3a5-a32c-4676-9744-f93e0045c57b] DEBUG org.hibernate.SQL - select count(c1_0.id) from claims c1_0 where c1_0.status=?
2026-03-05 11:54:56.477 [claim-service] [http-nio-8082-exec-3] [corr:44dfe3a5-a32c-4676-9744-f93e0045c57b] DEBUG org.hibernate.SQL - select count(c1_0.id) from claims c1_0 where c1_0.status=?
2026-03-05 11:54:56.477 [claim-service] [http-nio-8082-exec-3] [corr:44dfe3a5-a32c-4676-9744-f93e0045c57b] DEBUG org.hibernate.SQL - select count(c1_0.id) from claims c1_0 where c1_0.status=?
2026-03-05 11:54:56.493 [claim-service] [http-nio-8082-exec-3] [corr:44dfe3a5-a32c-4676-9744-f93e0045c57b] DEBUG org.hibernate.SQL - select count(c1_0.id) from claims c1_0 where c1_0.status=?
2026-03-05 11:54:56.498 [claim-service] [http-nio-8082-exec-3] [corr:44dfe3a5-a32c-4676-9744-f93e0045c57b] DEBUG org.hibernate.SQL - select count(c1_0.id) from claims c1_0 where c1_0.status=?
2026-03-05 11:54:56.505 [claim-service] [http-nio-8082-exec-3] [corr:44dfe3a5-a32c-4676-9744-f93e0045c57b] DEBUG org.hibernate.SQL - select coalesce(sum(c1_0.approved_amount),0) from claims c1_0 where c1_0.status='APPROVED'
2026-03-05 11:54:56.558 [claim-service] [http-nio-8082-exec-4] [corr:79c91cec-3bb9-4113-b91c-b2f4e20c3c6d] DEBUG c.c.c.s.JwtAuthenticationFilter - Authenticated user: manager.20260305-115445, correlationId: 79c91cec-3bb9-4113-b91c-b2f4e20c3c6d
2026-03-05 11:54:56.558 [claim-service] [http-nio-8082-exec-4] [corr:79c91cec-3bb9-4113-b91c-b2f4e20c3c6d] DEBUG org.hibernate.SQL - select c1_0.id,c1_0.adjuster_id,c1_0.approved_amount,c1_0.assessor_id,c1_0.claim_amount,c1_0.claim_number,c1_0.claimant_id,c1_0.created_at,c1_0.created_by,c1_0.incident_date,c1_0.incident_description,c1_0.incident_location,c1_0.policy_number,c1_0.status,c1_0.status_changed_at,c1_0.updated_at,c1_0.updated_by,c1_0.vehicle_make,c1_0.vehicle_model,c1_0.vehicle_registration,c1_0.vehicle_year from claims c1_0
2026-03-05 11:54:56.657 [claim-service] [http-nio-8082-exec-5] [corr:acad62e7-041c-4725-8e76-82d4274dbdee] DEBUG c.c.c.s.JwtAuthenticationFilter - Authenticated user: manager.20260305-115445, correlationId: acad62e7-041c-4725-8e76-82d4274dbdee
2026-03-05 11:54:56.660 [claim-service] [http-nio-8082-exec-5] [corr:acad62e7-041c-4725-8e76-82d4274dbdee] DEBUG org.hibernate.SQL - select c1_0.id,c1_0.adjuster_id,c1_0.approved_amount,c1_0.assessor_id,c1_0.claim_amount,c1_0.claim_number,c1_0.claimant_id,c1_0.created_at,c1_0.created_by,c1_0.incident_date,c1_0.incident_description,c1_0.incident_location,c1_0.policy_number,c1_0.status,c1_0.status_changed_at,c1_0.updated_at,c1_0.updated_by,c1_0.vehicle_make,c1_0.vehicle_model,c1_0.vehicle_registration,c1_0.vehicle_year from claims c1_0 where c1_0.status=?
2026-03-05 11:54:56.709 [claim-service] [http-nio-8082-exec-6] [corr:d70b9423-391f-45bf-af8f-21629b030b59] DEBUG c.c.c.s.JwtAuthenticationFilter - Authenticated user: manager.20260305-115445, correlationId: d70b9423-391f-45bf-af8f-21629b030b59
2026-03-05 11:54:56.725 [claim-service] [http-nio-8082-exec-6] [corr:d70b9423-391f-45bf-af8f-21629b030b59] DEBUG org.hibernate.SQL - select c1_0.id,c1_0.adjuster_id,c1_0.approved_amount,c1_0.assessor_id,c1_0.claim_amount,c1_0.claim_number,c1_0.claimant_id,c1_0.created_at,c1_0.created_by,c1_0.incident_date,c1_0.incident_description,c1_0.incident_location,c1_0.policy_number,c1_0.status,c1_0.status_changed_at,c1_0.updated_at,c1_0.updated_by,c1_0.vehicle_make,c1_0.vehicle_model,c1_0.vehicle_registration,c1_0.vehicle_year from claims c1_0 where c1_0.adjuster_id=?
2026-03-05 11:54:56.764 [claim-service] [http-nio-8082-exec-7] [corr:f7b02a11-a663-4f68-ad1d-7ecd4d21a8fb] DEBUG c.c.c.s.JwtAuthenticationFilter - Authenticated user: manager.20260305-115445, correlationId: f7b02a11-a663-4f68-ad1d-7ecd4d21a8fb
2026-03-05 11:54:56.774 [claim-service] [http-nio-8082-exec-7] [corr:f7b02a11-a663-4f68-ad1d-7ecd4d21a8fb] DEBUG org.hibernate.SQL - select count(*) from claims c1_0
2026-03-05 11:54:56.774 [claim-service] [http-nio-8082-exec-7] [corr:f7b02a11-a663-4f68-ad1d-7ecd4d21a8fb] DEBUG org.hibernate.SQL - select count(c1_0.id) from claims c1_0 where c1_0.status=?
2026-03-05 11:54:56.780 [claim-service] [http-nio-8082-exec-7] [corr:f7b02a11-a663-4f68-ad1d-7ecd4d21a8fb] DEBUG org.hibernate.SQL - select count(c1_0.id) from claims c1_0 where c1_0.status=?
2026-03-05 11:54:56.783 [claim-service] [http-nio-8082-exec-7] [corr:f7b02a11-a663-4f68-ad1d-7ecd4d21a8fb] DEBUG org.hibernate.SQL - select count(c1_0.id) from claims c1_0 where c1_0.status=?
2026-03-05 11:54:56.788 [claim-service] [http-nio-8082-exec-7] [corr:f7b02a11-a663-4f68-ad1d-7ecd4d21a8fb] DEBUG org.hibernate.SQL - select count(c1_0.id) from claims c1_0 where c1_0.status=?
2026-03-05 11:54:56.792 [claim-service] [http-nio-8082-exec-7] [corr:f7b02a11-a663-4f68-ad1d-7ecd4d21a8fb] DEBUG org.hibernate.SQL - select count(c1_0.id) from claims c1_0 where c1_0.status=?
2026-03-05 11:54:56.793 [claim-service] [http-nio-8082-exec-7] [corr:f7b02a11-a663-4f68-ad1d-7ecd4d21a8fb] DEBUG org.hibernate.SQL - select count(c1_0.id) from claims c1_0 where c1_0.status=?
2026-03-05 11:54:56.793 [claim-service] [http-nio-8082-exec-7] [corr:f7b02a11-a663-4f68-ad1d-7ecd4d21a8fb] DEBUG org.hibernate.SQL - select count(c1_0.id) from claims c1_0 where c1_0.status=?
2026-03-05 11:54:56.801 [claim-service] [http-nio-8082-exec-7] [corr:f7b02a11-a663-4f68-ad1d-7ecd4d21a8fb] DEBUG org.hibernate.SQL - select count(c1_0.id) from claims c1_0 where c1_0.status=?
2026-03-05 11:54:56.803 [claim-service] [http-nio-8082-exec-7] [corr:f7b02a11-a663-4f68-ad1d-7ecd4d21a8fb] DEBUG org.hibernate.SQL - select coalesce(sum(c1_0.approved_amount),0) from claims c1_0 where c1_0.status='APPROVED'
2026-03-05 11:54:56.876 [claim-service] [http-nio-8082-exec-9] [corr:9b8d8d56-9a94-484c-8483-0a424da4ec62] DEBUG c.c.c.s.JwtAuthenticationFilter - Authenticated user: manager.20260305-115445, correlationId: 9b8d8d56-9a94-484c-8483-0a424da4ec62
2026-03-05 11:54:56.891 [claim-service] [http-nio-8082-exec-9] [corr:9b8d8d56-9a94-484c-8483-0a424da4ec62] DEBUG org.hibernate.SQL - select count(*) from claims c1_0 where c1_0.id=?
2026-03-05 11:54:56.895 [claim-service] [http-nio-8082-exec-9] [corr:9b8d8d56-9a94-484c-8483-0a424da4ec62] DEBUG org.hibernate.SQL - select c1_0.id,c1_0.adjuster_id,c1_0.approved_amount,c1_0.assessor_id,c1_0.claim_amount,c1_0.claim_number,c1_0.claimant_id,c1_0.created_at,c1_0.created_by,c1_0.incident_date,c1_0.incident_description,c1_0.incident_location,c1_0.policy_number,c1_0.status,c1_0.status_changed_at,c1_0.updated_at,c1_0.updated_by,c1_0.vehicle_make,c1_0.vehicle_model,c1_0.vehicle_registration,c1_0.vehicle_year from claims c1_0 where c1_0.id=?
2026-03-05 11:54:56.907 [claim-service] [http-nio-8082-exec-9] [corr:9b8d8d56-9a94-484c-8483-0a424da4ec62] DEBUG org.hibernate.SQL - delete from claims where id=?
2026-03-05 11:55:00.272 [claim-service] [http-nio-8082-exec-10] [corr:0801c31c-7e95-4d96-a335-0eb21037d0b0] DEBUG c.c.c.s.JwtAuthenticationFilter - Authenticated user: adjuster.20260305-115445, correlationId: 0801c31c-7e95-4d96-a335-0eb21037d0b0
2026-03-05 11:55:00.288 [claim-service] [http-nio-8082-exec-10] [corr:0801c31c-7e95-4d96-a335-0eb21037d0b0] DEBUG org.hibernate.SQL - select c1_0.id,c1_0.adjuster_id,c1_0.approved_amount,c1_0.assessor_id,c1_0.claim_amount,c1_0.claim_number,c1_0.claimant_id,c1_0.created_at,c1_0.created_by,c1_0.incident_date,c1_0.incident_description,c1_0.incident_location,c1_0.policy_number,c1_0.status,c1_0.status_changed_at,c1_0.updated_at,c1_0.updated_by,c1_0.vehicle_make,c1_0.vehicle_model,c1_0.vehicle_registration,c1_0.vehicle_year from claims c1_0 where c1_0.id=?
2026-03-05 11:55:00.311 [claim-service] [http-nio-8082-exec-10] [corr:0801c31c-7e95-4d96-a335-0eb21037d0b0] WARN  c.c.c.e.GlobalExceptionHandler - Invalid argument: Invalid claim status transition from APPROVED to UNDER_REVIEW
2026-03-05 11:55:00.556 [claim-service] [http-nio-8082-exec-1] [corr:23771404-4682-4f2f-98fc-df6fd66dff8e] DEBUG c.c.c.s.JwtAuthenticationFilter - Authenticated user: adjuster.20260305-115445, correlationId: 23771404-4682-4f2f-98fc-df6fd66dff8e
2026-03-05 11:55:00.571 [claim-service] [http-nio-8082-exec-1] [corr:23771404-4682-4f2f-98fc-df6fd66dff8e] DEBUG org.hibernate.SQL - select c1_0.id,c1_0.adjuster_id,c1_0.approved_amount,c1_0.assessor_id,c1_0.claim_amount,c1_0.claim_number,c1_0.claimant_id,c1_0.created_at,c1_0.created_by,c1_0.incident_date,c1_0.incident_description,c1_0.incident_location,c1_0.policy_number,c1_0.status,c1_0.status_changed_at,c1_0.updated_at,c1_0.updated_by,c1_0.vehicle_make,c1_0.vehicle_model,c1_0.vehicle_registration,c1_0.vehicle_year from claims c1_0 where c1_0.id=?
2026-03-05 11:55:00.571 [claim-service] [http-nio-8082-exec-1] [corr:23771404-4682-4f2f-98fc-df6fd66dff8e] WARN  c.c.c.e.GlobalExceptionHandler - Invalid argument: Invalid claim status transition from APPROVED to ADJUSTED
2026-03-05 11:55:00.705 [claim-service] [http-nio-8082-exec-2] [corr:ff1ea9cf-4ff3-411a-b876-67148e178d53] DEBUG c.c.c.s.JwtAuthenticationFilter - Authenticated user: adjuster.20260305-115445, correlationId: ff1ea9cf-4ff3-411a-b876-67148e178d53
2026-03-05 11:55:00.712 [claim-service] [http-nio-8082-exec-2] [corr:ff1ea9cf-4ff3-411a-b876-67148e178d53] DEBUG org.hibernate.SQL - select c1_0.id,c1_0.adjuster_id,c1_0.approved_amount,c1_0.assessor_id,c1_0.claim_amount,c1_0.claim_number,c1_0.claimant_id,c1_0.created_at,c1_0.created_by,c1_0.incident_date,c1_0.incident_description,c1_0.incident_location,c1_0.policy_number,c1_0.status,c1_0.status_changed_at,c1_0.updated_at,c1_0.updated_by,c1_0.vehicle_make,c1_0.vehicle_model,c1_0.vehicle_registration,c1_0.vehicle_year from claims c1_0 where c1_0.id=?
2026-03-05 11:55:00.717 [claim-service] [http-nio-8082-exec-2] [corr:ff1ea9cf-4ff3-411a-b876-67148e178d53] WARN  c.c.c.e.GlobalExceptionHandler - Invalid argument: Invalid claim status transition from APPROVED to ADJUSTED
2026-03-05 11:55:02.744 [claim-service] [http-nio-8082-exec-3] [corr:75f1bac3-27ee-4a52-9627-9c639d88cbf8] DEBUG c.c.c.s.JwtAuthenticationFilter - Authenticated user: manager.20260305-115445, correlationId: 75f1bac3-27ee-4a52-9627-9c639d88cbf8
2026-03-05 11:55:02.752 [claim-service] [http-nio-8082-exec-3] [corr:75f1bac3-27ee-4a52-9627-9c639d88cbf8] DEBUG org.hibernate.SQL - select c1_0.id,c1_0.adjuster_id,c1_0.approved_amount,c1_0.assessor_id,c1_0.claim_amount,c1_0.claim_number,c1_0.claimant_id,c1_0.created_at,c1_0.created_by,c1_0.incident_date,c1_0.incident_description,c1_0.incident_location,c1_0.policy_number,c1_0.status,c1_0.status_changed_at,c1_0.updated_at,c1_0.updated_by,c1_0.vehicle_make,c1_0.vehicle_model,c1_0.vehicle_registration,c1_0.vehicle_year from claims c1_0 where c1_0.id=?
2026-03-05 11:55:02.755 [claim-service] [http-nio-8082-exec-3] [corr:75f1bac3-27ee-4a52-9627-9c639d88cbf8] INFO  c.c.c.service.ClaimService - Claim CLM-CBD371F5 status updated from APPROVED to PAID
2026-03-05 11:55:02.758 [claim-service] [http-nio-8082-exec-3] [corr:75f1bac3-27ee-4a52-9627-9c639d88cbf8] DEBUG c.c.claimservice.config.FeignConfig - Feign request to: /api/reports/status-change
2026-03-05 11:55:02.759 [claim-service] [http-nio-8082-exec-3] [corr:75f1bac3-27ee-4a52-9627-9c639d88cbf8] DEBUG c.c.c.client.ReportingServiceClient - [ReportingServiceClient#reportStatusChange] ---> POST http://reporting-service/api/reports/status-change HTTP/1.1
2026-03-05 11:55:02.805 [claim-service] [http-nio-8082-exec-3] [corr:75f1bac3-27ee-4a52-9627-9c639d88cbf8] DEBUG c.c.c.client.ReportingServiceClient - [ReportingServiceClient#reportStatusChange] <--- HTTP/1.1 200 (53ms)
2026-03-05 11:55:02.805 [claim-service] [http-nio-8082-exec-3] [corr:75f1bac3-27ee-4a52-9627-9c639d88cbf8] DEBUG c.c.claimservice.config.FeignConfig - Feign request to: /api/notifications/internal/claim-status
2026-03-05 11:55:02.805 [claim-service] [http-nio-8082-exec-3] [corr:75f1bac3-27ee-4a52-9627-9c639d88cbf8] DEBUG c.c.c.c.NotificationServiceClient - [NotificationServiceClient#sendClaimStatusNotification] ---> POST http://notification-service/api/notifications/internal/claim-status HTTP/1.1
2026-03-05 11:55:02.862 [claim-service] [http-nio-8082-exec-3] [corr:75f1bac3-27ee-4a52-9627-9c639d88cbf8] DEBUG c.c.c.c.NotificationServiceClient - [NotificationServiceClient#sendClaimStatusNotification] <--- HTTP/1.1 200 (43ms)
2026-03-05 11:55:02.864 [claim-service] [http-nio-8082-exec-3] [corr:75f1bac3-27ee-4a52-9627-9c639d88cbf8] DEBUG org.hibernate.SQL - update claims set adjuster_id=?,approved_amount=?,assessor_id=?,claim_amount=?,claim_number=?,claimant_id=?,incident_date=?,incident_description=?,incident_location=?,policy_number=?,status=?,status_changed_at=?,updated_at=?,updated_by=?,vehicle_make=?,vehicle_model=?,vehicle_registration=?,vehicle_year=? where id=?
2026-03-05 11:55:03.541 [claim-service] [http-nio-8082-exec-4] [corr:2cf4d200-ea26-4df6-892b-912aec581782] DEBUG c.c.c.s.JwtAuthenticationFilter - Authenticated user: manager.20260305-115445, correlationId: 2cf4d200-ea26-4df6-892b-912aec581782
2026-03-05 11:55:03.546 [claim-service] [http-nio-8082-exec-4] [corr:2cf4d200-ea26-4df6-892b-912aec581782] DEBUG org.hibernate.SQL - select c1_0.id,c1_0.adjuster_id,c1_0.approved_amount,c1_0.assessor_id,c1_0.claim_amount,c1_0.claim_number,c1_0.claimant_id,c1_0.created_at,c1_0.created_by,c1_0.incident_date,c1_0.incident_description,c1_0.incident_location,c1_0.policy_number,c1_0.status,c1_0.status_changed_at,c1_0.updated_at,c1_0.updated_by,c1_0.vehicle_make,c1_0.vehicle_model,c1_0.vehicle_registration,c1_0.vehicle_year from claims c1_0 where c1_0.id=?
2026-03-05 11:55:04.617 [claim-service] [http-nio-8082-exec-5] [corr:d2d5aa43-9ab3-4ffd-8587-67750bd37ea2] DEBUG c.c.c.s.JwtAuthenticationFilter - Authenticated user: manager.20260305-115445, correlationId: d2d5aa43-9ab3-4ffd-8587-67750bd37ea2
2026-03-05 11:55:04.637 [claim-service] [http-nio-8082-exec-5] [corr:d2d5aa43-9ab3-4ffd-8587-67750bd37ea2] DEBUG org.hibernate.SQL - select c1_0.id,c1_0.adjuster_id,c1_0.approved_amount,c1_0.assessor_id,c1_0.claim_amount,c1_0.claim_number,c1_0.claimant_id,c1_0.created_at,c1_0.created_by,c1_0.incident_date,c1_0.incident_description,c1_0.incident_location,c1_0.policy_number,c1_0.status,c1_0.status_changed_at,c1_0.updated_at,c1_0.updated_by,c1_0.vehicle_make,c1_0.vehicle_model,c1_0.vehicle_registration,c1_0.vehicle_year from claims c1_0
2026-03-05 11:55:04.734 [claim-service] [http-nio-8082-exec-6] [corr:6bd6e1a9-e40f-478d-bbcd-32ea68746288] DEBUG c.c.c.s.JwtAuthenticationFilter - Authenticated user: manager.20260305-115445, correlationId: 6bd6e1a9-e40f-478d-bbcd-32ea68746288
2026-03-05 11:55:04.742 [claim-service] [http-nio-8082-exec-6] [corr:6bd6e1a9-e40f-478d-bbcd-32ea68746288] DEBUG org.hibernate.SQL - select c1_0.id,c1_0.adjuster_id,c1_0.approved_amount,c1_0.assessor_id,c1_0.claim_amount,c1_0.claim_number,c1_0.claimant_id,c1_0.created_at,c1_0.created_by,c1_0.incident_date,c1_0.incident_description,c1_0.incident_location,c1_0.policy_number,c1_0.status,c1_0.status_changed_at,c1_0.updated_at,c1_0.updated_by,c1_0.vehicle_make,c1_0.vehicle_model,c1_0.vehicle_registration,c1_0.vehicle_year from claims c1_0
2026-03-05 11:55:05.556 [claim-service] [http-nio-8082-exec-7] [corr:8479490a-0b09-4c37-83c9-dac9a0ea54d9] DEBUG c.c.c.s.JwtAuthenticationFilter - Authenticated user: manager.20260305-115445, correlationId: 8479490a-0b09-4c37-83c9-dac9a0ea54d9
2026-03-05 11:55:05.563 [claim-service] [http-nio-8082-exec-7] [corr:8479490a-0b09-4c37-83c9-dac9a0ea54d9] DEBUG org.hibernate.SQL - select c1_0.id,c1_0.adjuster_id,c1_0.approved_amount,c1_0.assessor_id,c1_0.claim_amount,c1_0.claim_number,c1_0.claimant_id,c1_0.created_at,c1_0.created_by,c1_0.incident_date,c1_0.incident_description,c1_0.incident_location,c1_0.policy_number,c1_0.status,c1_0.status_changed_at,c1_0.updated_at,c1_0.updated_by,c1_0.vehicle_make,c1_0.vehicle_model,c1_0.vehicle_registration,c1_0.vehicle_year from claims c1_0
2026-03-05 11:55:05.669 [claim-service] [http-nio-8082-exec-8] [corr:48ae2087-8c9e-48a6-adb4-ccb712cef7b5] DEBUG c.c.c.s.JwtAuthenticationFilter - Authenticated user: manager.20260305-115445, correlationId: 48ae2087-8c9e-48a6-adb4-ccb712cef7b5
2026-03-05 11:55:05.686 [claim-service] [http-nio-8082-exec-8] [corr:48ae2087-8c9e-48a6-adb4-ccb712cef7b5] DEBUG org.hibernate.SQL - select c1_0.id,c1_0.adjuster_id,c1_0.approved_amount,c1_0.assessor_id,c1_0.claim_amount,c1_0.claim_number,c1_0.claimant_id,c1_0.created_at,c1_0.created_by,c1_0.incident_date,c1_0.incident_description,c1_0.incident_location,c1_0.policy_number,c1_0.status,c1_0.status_changed_at,c1_0.updated_at,c1_0.updated_by,c1_0.vehicle_make,c1_0.vehicle_model,c1_0.vehicle_registration,c1_0.vehicle_year from claims c1_0
2026-03-05 11:55:30.995 [claim-service] [http-nio-8082-exec-10] [corr:048098ad-6755-41c2-96d6-4844029fde91] DEBUG o.s.b.a.e.w.s.WebMvcEndpointHandlerMapping - Mapped to Actuator web endpoint 'health'
2026-03-05 11:55:32.469 [claim-service] [http-nio-8082-exec-1] [corr:99daf375-d301-4fc0-949e-a098b8054855] DEBUG c.c.c.s.JwtAuthenticationFilter - Authenticated user: manager.20260305-115530, correlationId: 99daf375-d301-4fc0-949e-a098b8054855
2026-03-05 11:55:32.581 [claim-service] [http-nio-8082-exec-2] [corr:344b3610-5323-4bff-b05a-aafb3d462b3e] DEBUG c.c.c.s.JwtAuthenticationFilter - Authenticated user: manager.20260305-115530, correlationId: 344b3610-5323-4bff-b05a-aafb3d462b3e
2026-03-05 11:55:32.593 [claim-service] [http-nio-8082-exec-2] [corr:344b3610-5323-4bff-b05a-aafb3d462b3e] DEBUG org.hibernate.SQL - select c1_0.id,c1_0.adjuster_id,c1_0.approved_amount,c1_0.assessor_id,c1_0.claim_amount,c1_0.claim_number,c1_0.claimant_id,c1_0.created_at,c1_0.created_by,c1_0.incident_date,c1_0.incident_description,c1_0.incident_location,c1_0.policy_number,c1_0.status,c1_0.status_changed_at,c1_0.updated_at,c1_0.updated_by,c1_0.vehicle_make,c1_0.vehicle_model,c1_0.vehicle_registration,c1_0.vehicle_year from claims c1_0
2026-03-05 11:55:32.663 [claim-service] [http-nio-8082-exec-3] [corr:bd1b04b6-9cbb-4faa-90ba-5729aca67ef0] DEBUG c.c.c.s.JwtAuthenticationFilter - Authenticated user: policy.20260305-115530, correlationId: bd1b04b6-9cbb-4faa-90ba-5729aca67ef0
2026-03-05 11:55:32.672 [claim-service] [http-nio-8082-exec-3] [corr:bd1b04b6-9cbb-4faa-90ba-5729aca67ef0] DEBUG org.hibernate.SQL - insert into claims (adjuster_id,approved_amount,assessor_id,claim_amount,claim_number,claimant_id,created_at,created_by,incident_date,incident_description,incident_location,policy_number,status,status_changed_at,updated_at,updated_by,vehicle_make,vehicle_model,vehicle_registration,vehicle_year) values (?,?,?,?,?,?,?,?,?,?,?,?,?,?,?,?,?,?,?,?)
2026-03-05 11:55:32.678 [claim-service] [http-nio-8082-exec-3] [corr:bd1b04b6-9cbb-4faa-90ba-5729aca67ef0] INFO  c.c.c.service.ClaimService - Claim submitted: CLM-9D7A0B62
2026-03-05 11:55:32.681 [claim-service] [http-nio-8082-exec-3] [corr:bd1b04b6-9cbb-4faa-90ba-5729aca67ef0] DEBUG c.c.claimservice.config.FeignConfig - Feign request to: /api/reports/claim-event
2026-03-05 11:55:32.682 [claim-service] [http-nio-8082-exec-3] [corr:bd1b04b6-9cbb-4faa-90ba-5729aca67ef0] DEBUG c.c.c.client.ReportingServiceClient - [ReportingServiceClient#reportClaimEvent] ---> POST http://reporting-service/api/reports/claim-event HTTP/1.1
2026-03-05 11:55:32.709 [claim-service] [http-nio-8082-exec-3] [corr:bd1b04b6-9cbb-4faa-90ba-5729aca67ef0] DEBUG c.c.c.client.ReportingServiceClient - [ReportingServiceClient#reportClaimEvent] <--- HTTP/1.1 200 (25ms)
2026-03-05 11:55:32.712 [claim-service] [http-nio-8082-exec-3] [corr:bd1b04b6-9cbb-4faa-90ba-5729aca67ef0] DEBUG c.c.claimservice.config.FeignConfig - Feign request to: /api/notifications/internal/claim-status
2026-03-05 11:55:32.714 [claim-service] [http-nio-8082-exec-3] [corr:bd1b04b6-9cbb-4faa-90ba-5729aca67ef0] DEBUG c.c.c.c.NotificationServiceClient - [NotificationServiceClient#sendClaimStatusNotification] ---> POST http://notification-service/api/notifications/internal/claim-status HTTP/1.1
2026-03-05 11:55:32.765 [claim-service] [http-nio-8082-exec-3] [corr:bd1b04b6-9cbb-4faa-90ba-5729aca67ef0] DEBUG c.c.c.c.NotificationServiceClient - [NotificationServiceClient#sendClaimStatusNotification] <--- HTTP/1.1 200 (49ms)
2026-03-05 11:55:32.817 [claim-service] [http-nio-8082-exec-4] [corr:68d733bd-458c-4d02-a4fb-58ea3abe6f25] DEBUG c.c.c.s.JwtAuthenticationFilter - Authenticated user: policy.20260305-115530, correlationId: 68d733bd-458c-4d02-a4fb-58ea3abe6f25
2026-03-05 11:55:32.826 [claim-service] [http-nio-8082-exec-4] [corr:68d733bd-458c-4d02-a4fb-58ea3abe6f25] DEBUG org.hibernate.SQL - insert into claims (adjuster_id,approved_amount,assessor_id,claim_amount,claim_number,claimant_id,created_at,created_by,incident_date,incident_description,incident_location,policy_number,status,status_changed_at,updated_at,updated_by,vehicle_make,vehicle_model,vehicle_registration,vehicle_year) values (?,?,?,?,?,?,?,?,?,?,?,?,?,?,?,?,?,?,?,?)
2026-03-05 11:55:32.830 [claim-service] [http-nio-8082-exec-4] [corr:68d733bd-458c-4d02-a4fb-58ea3abe6f25] INFO  c.c.c.service.ClaimService - Claim submitted: CLM-30E40440
2026-03-05 11:55:32.833 [claim-service] [http-nio-8082-exec-4] [corr:68d733bd-458c-4d02-a4fb-58ea3abe6f25] DEBUG c.c.claimservice.config.FeignConfig - Feign request to: /api/reports/claim-event
2026-03-05 11:55:32.834 [claim-service] [http-nio-8082-exec-4] [corr:68d733bd-458c-4d02-a4fb-58ea3abe6f25] DEBUG c.c.c.client.ReportingServiceClient - [ReportingServiceClient#reportClaimEvent] ---> POST http://reporting-service/api/reports/claim-event HTTP/1.1
2026-03-05 11:55:32.865 [claim-service] [http-nio-8082-exec-4] [corr:68d733bd-458c-4d02-a4fb-58ea3abe6f25] DEBUG c.c.c.client.ReportingServiceClient - [ReportingServiceClient#reportClaimEvent] <--- HTTP/1.1 200 (29ms)
2026-03-05 11:55:32.869 [claim-service] [http-nio-8082-exec-4] [corr:68d733bd-458c-4d02-a4fb-58ea3abe6f25] DEBUG c.c.claimservice.config.FeignConfig - Feign request to: /api/notifications/internal/claim-status
2026-03-05 11:55:32.870 [claim-service] [http-nio-8082-exec-4] [corr:68d733bd-458c-4d02-a4fb-58ea3abe6f25] DEBUG c.c.c.c.NotificationServiceClient - [NotificationServiceClient#sendClaimStatusNotification] ---> POST http://notification-service/api/notifications/internal/claim-status HTTP/1.1
2026-03-05 11:55:32.931 [claim-service] [http-nio-8082-exec-4] [corr:68d733bd-458c-4d02-a4fb-58ea3abe6f25] DEBUG c.c.c.c.NotificationServiceClient - [NotificationServiceClient#sendClaimStatusNotification] <--- HTTP/1.1 200 (60ms)
2026-03-05 11:55:32.998 [claim-service] [http-nio-8082-exec-5] [corr:982c25a2-bee4-4e5b-a4f6-6a9cbc65beff] DEBUG c.c.c.s.JwtAuthenticationFilter - Authenticated user: manager.20260305-115530, correlationId: 982c25a2-bee4-4e5b-a4f6-6a9cbc65beff
2026-03-05 11:55:33.005 [claim-service] [http-nio-8082-exec-5] [corr:982c25a2-bee4-4e5b-a4f6-6a9cbc65beff] DEBUG org.hibernate.SQL - select c1_0.id,c1_0.adjuster_id,c1_0.approved_amount,c1_0.assessor_id,c1_0.claim_amount,c1_0.claim_number,c1_0.claimant_id,c1_0.created_at,c1_0.created_by,c1_0.incident_date,c1_0.incident_description,c1_0.incident_location,c1_0.policy_number,c1_0.status,c1_0.status_changed_at,c1_0.updated_at,c1_0.updated_by,c1_0.vehicle_make,c1_0.vehicle_model,c1_0.vehicle_registration,c1_0.vehicle_year from claims c1_0 where c1_0.id=?
2026-03-05 11:55:33.061 [claim-service] [http-nio-8082-exec-6] [corr:a1088948-ddcd-4773-8ddb-4389a72940a9] DEBUG c.c.c.s.JwtAuthenticationFilter - Authenticated user: manager.20260305-115530, correlationId: a1088948-ddcd-4773-8ddb-4389a72940a9
2026-03-05 11:55:33.069 [claim-service] [http-nio-8082-exec-6] [corr:a1088948-ddcd-4773-8ddb-4389a72940a9] DEBUG org.hibernate.SQL - select c1_0.id,c1_0.adjuster_id,c1_0.approved_amount,c1_0.assessor_id,c1_0.claim_amount,c1_0.claim_number,c1_0.claimant_id,c1_0.created_at,c1_0.created_by,c1_0.incident_date,c1_0.incident_description,c1_0.incident_location,c1_0.policy_number,c1_0.status,c1_0.status_changed_at,c1_0.updated_at,c1_0.updated_by,c1_0.vehicle_make,c1_0.vehicle_model,c1_0.vehicle_registration,c1_0.vehicle_year from claims c1_0 where c1_0.claim_number=?
2026-03-05 11:55:33.112 [claim-service] [http-nio-8082-exec-7] [corr:88a4372e-bb9c-4d7b-b817-825285da01d5] DEBUG c.c.c.s.JwtAuthenticationFilter - Authenticated user: policy.20260305-115530, correlationId: 88a4372e-bb9c-4d7b-b817-825285da01d5
2026-03-05 11:55:33.118 [claim-service] [http-nio-8082-exec-7] [corr:88a4372e-bb9c-4d7b-b817-825285da01d5] DEBUG org.hibernate.SQL - select c1_0.id,c1_0.adjuster_id,c1_0.approved_amount,c1_0.assessor_id,c1_0.claim_amount,c1_0.claim_number,c1_0.claimant_id,c1_0.created_at,c1_0.created_by,c1_0.incident_date,c1_0.incident_description,c1_0.incident_location,c1_0.policy_number,c1_0.status,c1_0.status_changed_at,c1_0.updated_at,c1_0.updated_by,c1_0.vehicle_make,c1_0.vehicle_model,c1_0.vehicle_registration,c1_0.vehicle_year from claims c1_0 where c1_0.claimant_id=?
2026-03-05 11:55:33.168 [claim-service] [http-nio-8082-exec-8] [corr:ba06c954-f0a9-4ea9-bbf8-4640c71d280d] DEBUG c.c.c.s.JwtAuthenticationFilter - Authenticated user: policy.20260305-115530, correlationId: ba06c954-f0a9-4ea9-bbf8-4640c71d280d
2026-03-05 11:55:33.174 [claim-service] [http-nio-8082-exec-8] [corr:ba06c954-f0a9-4ea9-bbf8-4640c71d280d] DEBUG org.hibernate.SQL - select c1_0.id,c1_0.adjuster_id,c1_0.approved_amount,c1_0.assessor_id,c1_0.claim_amount,c1_0.claim_number,c1_0.claimant_id,c1_0.created_at,c1_0.created_by,c1_0.incident_date,c1_0.incident_description,c1_0.incident_location,c1_0.policy_number,c1_0.status,c1_0.status_changed_at,c1_0.updated_at,c1_0.updated_by,c1_0.vehicle_make,c1_0.vehicle_model,c1_0.vehicle_registration,c1_0.vehicle_year from claims c1_0 where c1_0.claimant_id=?
2026-03-05 11:55:33.278 [claim-service] [http-nio-8082-exec-9] [corr:44b7bc68-2b09-4930-8c70-83a00848692a] DEBUG c.c.c.s.JwtAuthenticationFilter - Authenticated user: adjuster.20260305-115530, correlationId: 44b7bc68-2b09-4930-8c70-83a00848692a
2026-03-05 11:55:33.278 [claim-service] [http-nio-8082-exec-9] [corr:44b7bc68-2b09-4930-8c70-83a00848692a] DEBUG org.hibernate.SQL - select c1_0.id,c1_0.adjuster_id,c1_0.approved_amount,c1_0.assessor_id,c1_0.claim_amount,c1_0.claim_number,c1_0.claimant_id,c1_0.created_at,c1_0.created_by,c1_0.incident_date,c1_0.incident_description,c1_0.incident_location,c1_0.policy_number,c1_0.status,c1_0.status_changed_at,c1_0.updated_at,c1_0.updated_by,c1_0.vehicle_make,c1_0.vehicle_model,c1_0.vehicle_registration,c1_0.vehicle_year from claims c1_0 order by c1_0.created_at desc limit ?,?
2026-03-05 11:55:33.298 [claim-service] [http-nio-8082-exec-9] [corr:44b7bc68-2b09-4930-8c70-83a00848692a] DEBUG org.hibernate.SQL - select count(c1_0.id) from claims c1_0
2026-03-05 11:55:33.395 [claim-service] [http-nio-8082-exec-10] [corr:e7dd8878-61ab-4a66-8cb1-8268d45cf403] DEBUG c.c.c.s.JwtAuthenticationFilter - Authenticated user: manager.20260305-115530, correlationId: e7dd8878-61ab-4a66-8cb1-8268d45cf403
2026-03-05 11:55:33.401 [claim-service] [http-nio-8082-exec-10] [corr:e7dd8878-61ab-4a66-8cb1-8268d45cf403] DEBUG org.hibernate.SQL - select c1_0.id,c1_0.adjuster_id,c1_0.approved_amount,c1_0.assessor_id,c1_0.claim_amount,c1_0.claim_number,c1_0.claimant_id,c1_0.created_at,c1_0.created_by,c1_0.incident_date,c1_0.incident_description,c1_0.incident_location,c1_0.policy_number,c1_0.status,c1_0.status_changed_at,c1_0.updated_at,c1_0.updated_by,c1_0.vehicle_make,c1_0.vehicle_model,c1_0.vehicle_registration,c1_0.vehicle_year from claims c1_0 where c1_0.id=?
2026-03-05 11:55:33.405 [claim-service] [http-nio-8082-exec-10] [corr:e7dd8878-61ab-4a66-8cb1-8268d45cf403] DEBUG org.hibernate.SQL - update claims set adjuster_id=?,approved_amount=?,assessor_id=?,claim_amount=?,claim_number=?,claimant_id=?,incident_date=?,incident_description=?,incident_location=?,policy_number=?,status=?,status_changed_at=?,updated_at=?,updated_by=?,vehicle_make=?,vehicle_model=?,vehicle_registration=?,vehicle_year=? where id=?
2026-03-05 11:55:33.450 [claim-service] [http-nio-8082-exec-1] [corr:b5f85dee-17a6-4ce6-9ad3-bb7015989d64] DEBUG c.c.c.s.JwtAuthenticationFilter - Authenticated user: manager.20260305-115530, correlationId: b5f85dee-17a6-4ce6-9ad3-bb7015989d64
2026-03-05 11:55:33.456 [claim-service] [http-nio-8082-exec-1] [corr:b5f85dee-17a6-4ce6-9ad3-bb7015989d64] DEBUG org.hibernate.SQL - select c1_0.id,c1_0.adjuster_id,c1_0.approved_amount,c1_0.assessor_id,c1_0.claim_amount,c1_0.claim_number,c1_0.claimant_id,c1_0.created_at,c1_0.created_by,c1_0.incident_date,c1_0.incident_description,c1_0.incident_location,c1_0.policy_number,c1_0.status,c1_0.status_changed_at,c1_0.updated_at,c1_0.updated_by,c1_0.vehicle_make,c1_0.vehicle_model,c1_0.vehicle_registration,c1_0.vehicle_year from claims c1_0 where c1_0.id=?
2026-03-05 11:55:33.461 [claim-service] [http-nio-8082-exec-1] [corr:b5f85dee-17a6-4ce6-9ad3-bb7015989d64] DEBUG org.hibernate.SQL - update claims set adjuster_id=?,approved_amount=?,assessor_id=?,claim_amount=?,claim_number=?,claimant_id=?,incident_date=?,incident_description=?,incident_location=?,policy_number=?,status=?,status_changed_at=?,updated_at=?,updated_by=?,vehicle_make=?,vehicle_model=?,vehicle_registration=?,vehicle_year=? where id=?
2026-03-05 11:55:33.528 [claim-service] [http-nio-8082-exec-2] [corr:2a1f916d-3934-48f2-80d9-3a786bc25ad1] DEBUG c.c.c.s.JwtAuthenticationFilter - Authenticated user: adjuster.20260305-115530, correlationId: 2a1f916d-3934-48f2-80d9-3a786bc25ad1
2026-03-05 11:55:33.528 [claim-service] [http-nio-8082-exec-2] [corr:2a1f916d-3934-48f2-80d9-3a786bc25ad1] DEBUG org.hibernate.SQL - select c1_0.id,c1_0.adjuster_id,c1_0.approved_amount,c1_0.assessor_id,c1_0.claim_amount,c1_0.claim_number,c1_0.claimant_id,c1_0.created_at,c1_0.created_by,c1_0.incident_date,c1_0.incident_description,c1_0.incident_location,c1_0.policy_number,c1_0.status,c1_0.status_changed_at,c1_0.updated_at,c1_0.updated_by,c1_0.vehicle_make,c1_0.vehicle_model,c1_0.vehicle_registration,c1_0.vehicle_year from claims c1_0 where c1_0.status=? and c1_0.adjuster_id=?
2026-03-05 11:55:33.578 [claim-service] [http-nio-8082-exec-3] [corr:048e4a9a-081d-4ec6-a768-10e82fdf083e] DEBUG c.c.c.s.JwtAuthenticationFilter - Authenticated user: manager.20260305-115530, correlationId: 048e4a9a-081d-4ec6-a768-10e82fdf083e
2026-03-05 11:55:33.584 [claim-service] [http-nio-8082-exec-3] [corr:048e4a9a-081d-4ec6-a768-10e82fdf083e] DEBUG org.hibernate.SQL - select c1_0.id,c1_0.adjuster_id,c1_0.approved_amount,c1_0.assessor_id,c1_0.claim_amount,c1_0.claim_number,c1_0.claimant_id,c1_0.created_at,c1_0.created_by,c1_0.incident_date,c1_0.incident_description,c1_0.incident_location,c1_0.policy_number,c1_0.status,c1_0.status_changed_at,c1_0.updated_at,c1_0.updated_by,c1_0.vehicle_make,c1_0.vehicle_model,c1_0.vehicle_registration,c1_0.vehicle_year from claims c1_0 where c1_0.status=?
2026-03-05 11:55:33.628 [claim-service] [http-nio-8082-exec-4] [corr:91697ae1-f47f-4f85-bb44-bf8c11513214] DEBUG c.c.c.s.JwtAuthenticationFilter - Authenticated user: manager.20260305-115530, correlationId: 91697ae1-f47f-4f85-bb44-bf8c11513214
2026-03-05 11:55:33.640 [claim-service] [http-nio-8082-exec-4] [corr:91697ae1-f47f-4f85-bb44-bf8c11513214] DEBUG org.hibernate.SQL - select c1_0.id,c1_0.adjuster_id,c1_0.approved_amount,c1_0.assessor_id,c1_0.claim_amount,c1_0.claim_number,c1_0.claimant_id,c1_0.created_at,c1_0.created_by,c1_0.incident_date,c1_0.incident_description,c1_0.incident_location,c1_0.policy_number,c1_0.status,c1_0.status_changed_at,c1_0.updated_at,c1_0.updated_by,c1_0.vehicle_make,c1_0.vehicle_model,c1_0.vehicle_registration,c1_0.vehicle_year from claims c1_0 where c1_0.id=?
2026-03-05 11:55:33.644 [claim-service] [http-nio-8082-exec-4] [corr:91697ae1-f47f-4f85-bb44-bf8c11513214] INFO  c.c.c.service.ClaimService - Claim CLM-9D7A0B62 status updated from UNDER_REVIEW to ADJUSTED
2026-03-05 11:55:33.647 [claim-service] [http-nio-8082-exec-4] [corr:91697ae1-f47f-4f85-bb44-bf8c11513214] DEBUG c.c.claimservice.config.FeignConfig - Feign request to: /api/reports/status-change
2026-03-05 11:55:33.648 [claim-service] [http-nio-8082-exec-4] [corr:91697ae1-f47f-4f85-bb44-bf8c11513214] DEBUG c.c.c.client.ReportingServiceClient - [ReportingServiceClient#reportStatusChange] ---> POST http://reporting-service/api/reports/status-change HTTP/1.1
2026-03-05 11:55:33.682 [claim-service] [http-nio-8082-exec-4] [corr:91697ae1-f47f-4f85-bb44-bf8c11513214] DEBUG c.c.c.client.ReportingServiceClient - [ReportingServiceClient#reportStatusChange] <--- HTTP/1.1 200 (35ms)
2026-03-05 11:55:33.682 [claim-service] [http-nio-8082-exec-4] [corr:91697ae1-f47f-4f85-bb44-bf8c11513214] DEBUG c.c.claimservice.config.FeignConfig - Feign request to: /api/notifications/internal/claim-status
2026-03-05 11:55:33.682 [claim-service] [http-nio-8082-exec-4] [corr:91697ae1-f47f-4f85-bb44-bf8c11513214] DEBUG c.c.c.c.NotificationServiceClient - [NotificationServiceClient#sendClaimStatusNotification] ---> POST http://notification-service/api/notifications/internal/claim-status HTTP/1.1
2026-03-05 11:55:33.729 [claim-service] [http-nio-8082-exec-4] [corr:91697ae1-f47f-4f85-bb44-bf8c11513214] DEBUG c.c.c.c.NotificationServiceClient - [NotificationServiceClient#sendClaimStatusNotification] <--- HTTP/1.1 200 (40ms)
2026-03-05 11:55:33.730 [claim-service] [http-nio-8082-exec-4] [corr:91697ae1-f47f-4f85-bb44-bf8c11513214] DEBUG org.hibernate.SQL - update claims set adjuster_id=?,approved_amount=?,assessor_id=?,claim_amount=?,claim_number=?,claimant_id=?,incident_date=?,incident_description=?,incident_location=?,policy_number=?,status=?,status_changed_at=?,updated_at=?,updated_by=?,vehicle_make=?,vehicle_model=?,vehicle_registration=?,vehicle_year=? where id=?
2026-03-05 11:55:33.761 [claim-service] [http-nio-8082-exec-5] [corr:18b6b15c-49ab-45d8-a007-890348415b82] DEBUG c.c.c.s.JwtAuthenticationFilter - Authenticated user: manager.20260305-115530, correlationId: 18b6b15c-49ab-45d8-a007-890348415b82
2026-03-05 11:55:33.777 [claim-service] [http-nio-8082-exec-5] [corr:18b6b15c-49ab-45d8-a007-890348415b82] DEBUG org.hibernate.SQL - select c1_0.id,c1_0.adjuster_id,c1_0.approved_amount,c1_0.assessor_id,c1_0.claim_amount,c1_0.claim_number,c1_0.claimant_id,c1_0.created_at,c1_0.created_by,c1_0.incident_date,c1_0.incident_description,c1_0.incident_location,c1_0.policy_number,c1_0.status,c1_0.status_changed_at,c1_0.updated_at,c1_0.updated_by,c1_0.vehicle_make,c1_0.vehicle_model,c1_0.vehicle_registration,c1_0.vehicle_year from claims c1_0 where c1_0.id=?
2026-03-05 11:55:33.777 [claim-service] [http-nio-8082-exec-5] [corr:18b6b15c-49ab-45d8-a007-890348415b82] INFO  c.c.c.service.ClaimService - Claim CLM-9D7A0B62 status updated from ADJUSTED to APPROVED
2026-03-05 11:55:33.777 [claim-service] [http-nio-8082-exec-5] [corr:18b6b15c-49ab-45d8-a007-890348415b82] DEBUG c.c.claimservice.config.FeignConfig - Feign request to: /api/reports/status-change
2026-03-05 11:55:33.777 [claim-service] [http-nio-8082-exec-5] [corr:18b6b15c-49ab-45d8-a007-890348415b82] DEBUG c.c.c.client.ReportingServiceClient - [ReportingServiceClient#reportStatusChange] ---> POST http://reporting-service/api/reports/status-change HTTP/1.1
2026-03-05 11:55:33.810 [claim-service] [http-nio-8082-exec-5] [corr:18b6b15c-49ab-45d8-a007-890348415b82] DEBUG c.c.c.client.ReportingServiceClient - [ReportingServiceClient#reportStatusChange] <--- HTTP/1.1 200 (21ms)
2026-03-05 11:55:33.812 [claim-service] [http-nio-8082-exec-5] [corr:18b6b15c-49ab-45d8-a007-890348415b82] DEBUG c.c.claimservice.config.FeignConfig - Feign request to: /api/notifications/internal/claim-status
2026-03-05 11:55:33.813 [claim-service] [http-nio-8082-exec-5] [corr:18b6b15c-49ab-45d8-a007-890348415b82] DEBUG c.c.c.c.NotificationServiceClient - [NotificationServiceClient#sendClaimStatusNotification] ---> POST http://notification-service/api/notifications/internal/claim-status HTTP/1.1
2026-03-05 11:55:33.848 [claim-service] [http-nio-8082-exec-5] [corr:18b6b15c-49ab-45d8-a007-890348415b82] DEBUG c.c.c.c.NotificationServiceClient - [NotificationServiceClient#sendClaimStatusNotification] <--- HTTP/1.1 200 (34ms)
2026-03-05 11:55:33.849 [claim-service] [http-nio-8082-exec-5] [corr:18b6b15c-49ab-45d8-a007-890348415b82] DEBUG c.c.claimservice.config.FeignConfig - Feign request to: /api/assessments/notify-complete
2026-03-05 11:55:33.850 [claim-service] [http-nio-8082-exec-5] [corr:18b6b15c-49ab-45d8-a007-890348415b82] DEBUG c.c.c.client.AssessmentServiceClient - [AssessmentServiceClient#notifyAssessmentComplete] ---> POST http://assessment-service/api/assessments/notify-complete HTTP/1.1
2026-03-05 11:55:33.863 [claim-service] [http-nio-8082-exec-5] [corr:18b6b15c-49ab-45d8-a007-890348415b82] DEBUG c.c.c.client.AssessmentServiceClient - [AssessmentServiceClient#notifyAssessmentComplete] <--- HTTP/1.1 200 (19ms)
2026-03-05 11:55:33.863 [claim-service] [http-nio-8082-exec-5] [corr:18b6b15c-49ab-45d8-a007-890348415b82] DEBUG org.hibernate.SQL - update claims set adjuster_id=?,approved_amount=?,assessor_id=?,claim_amount=?,claim_number=?,claimant_id=?,incident_date=?,incident_description=?,incident_location=?,policy_number=?,status=?,status_changed_at=?,updated_at=?,updated_by=?,vehicle_make=?,vehicle_model=?,vehicle_registration=?,vehicle_year=? where id=?
2026-03-05 11:55:33.916 [claim-service] [http-nio-8082-exec-6] [corr:5995415e-05df-4cba-9461-d983882e9c42] DEBUG c.c.c.s.JwtAuthenticationFilter - Authenticated user: manager.20260305-115530, correlationId: 5995415e-05df-4cba-9461-d983882e9c42
2026-03-05 11:55:33.927 [claim-service] [http-nio-8082-exec-6] [corr:5995415e-05df-4cba-9461-d983882e9c42] DEBUG org.hibernate.SQL - select c1_0.id,c1_0.adjuster_id,c1_0.approved_amount,c1_0.assessor_id,c1_0.claim_amount,c1_0.claim_number,c1_0.claimant_id,c1_0.created_at,c1_0.created_by,c1_0.incident_date,c1_0.incident_description,c1_0.incident_location,c1_0.policy_number,c1_0.status,c1_0.status_changed_at,c1_0.updated_at,c1_0.updated_by,c1_0.vehicle_make,c1_0.vehicle_model,c1_0.vehicle_registration,c1_0.vehicle_year from claims c1_0 where c1_0.status=?
2026-03-05 11:55:33.969 [claim-service] [http-nio-8082-exec-7] [corr:82b8eba6-2a23-4a7d-88c7-524c4951225b] DEBUG c.c.c.s.JwtAuthenticationFilter - Authenticated user: manager.20260305-115530, correlationId: 82b8eba6-2a23-4a7d-88c7-524c4951225b
2026-03-05 11:55:33.976 [claim-service] [http-nio-8082-exec-7] [corr:82b8eba6-2a23-4a7d-88c7-524c4951225b] DEBUG org.hibernate.SQL - select count(*) from claims c1_0
2026-03-05 11:55:33.976 [claim-service] [http-nio-8082-exec-7] [corr:82b8eba6-2a23-4a7d-88c7-524c4951225b] DEBUG org.hibernate.SQL - select count(c1_0.id) from claims c1_0 where c1_0.status=?
2026-03-05 11:55:33.976 [claim-service] [http-nio-8082-exec-7] [corr:82b8eba6-2a23-4a7d-88c7-524c4951225b] DEBUG org.hibernate.SQL - select count(c1_0.id) from claims c1_0 where c1_0.status=?
2026-03-05 11:55:33.976 [claim-service] [http-nio-8082-exec-7] [corr:82b8eba6-2a23-4a7d-88c7-524c4951225b] DEBUG org.hibernate.SQL - select count(c1_0.id) from claims c1_0 where c1_0.status=?
2026-03-05 11:55:33.976 [claim-service] [http-nio-8082-exec-7] [corr:82b8eba6-2a23-4a7d-88c7-524c4951225b] DEBUG org.hibernate.SQL - select count(c1_0.id) from claims c1_0 where c1_0.status=?
2026-03-05 11:55:33.976 [claim-service] [http-nio-8082-exec-7] [corr:82b8eba6-2a23-4a7d-88c7-524c4951225b] DEBUG org.hibernate.SQL - select count(c1_0.id) from claims c1_0 where c1_0.status=?
2026-03-05 11:55:33.992 [claim-service] [http-nio-8082-exec-7] [corr:82b8eba6-2a23-4a7d-88c7-524c4951225b] DEBUG org.hibernate.SQL - select count(c1_0.id) from claims c1_0 where c1_0.status=?
2026-03-05 11:55:33.996 [claim-service] [http-nio-8082-exec-7] [corr:82b8eba6-2a23-4a7d-88c7-524c4951225b] DEBUG org.hibernate.SQL - select count(c1_0.id) from claims c1_0 where c1_0.status=?
2026-03-05 11:55:33.999 [claim-service] [http-nio-8082-exec-7] [corr:82b8eba6-2a23-4a7d-88c7-524c4951225b] DEBUG org.hibernate.SQL - select count(c1_0.id) from claims c1_0 where c1_0.status=?
2026-03-05 11:55:34.002 [claim-service] [http-nio-8082-exec-7] [corr:82b8eba6-2a23-4a7d-88c7-524c4951225b] DEBUG org.hibernate.SQL - select coalesce(sum(c1_0.approved_amount),0) from claims c1_0 where c1_0.status='APPROVED'
2026-03-05 11:55:34.042 [claim-service] [http-nio-8082-exec-8] [corr:12ef9e74-5b41-44f1-a877-6e163a6e03b2] DEBUG c.c.c.s.JwtAuthenticationFilter - Authenticated user: manager.20260305-115530, correlationId: 12ef9e74-5b41-44f1-a877-6e163a6e03b2
2026-03-05 11:55:34.045 [claim-service] [http-nio-8082-exec-8] [corr:12ef9e74-5b41-44f1-a877-6e163a6e03b2] DEBUG org.hibernate.SQL - select c1_0.id,c1_0.adjuster_id,c1_0.approved_amount,c1_0.assessor_id,c1_0.claim_amount,c1_0.claim_number,c1_0.claimant_id,c1_0.created_at,c1_0.created_by,c1_0.incident_date,c1_0.incident_description,c1_0.incident_location,c1_0.policy_number,c1_0.status,c1_0.status_changed_at,c1_0.updated_at,c1_0.updated_by,c1_0.vehicle_make,c1_0.vehicle_model,c1_0.vehicle_registration,c1_0.vehicle_year from claims c1_0 where lower(c1_0.claim_number) like lower(concat('%',?,'%')) escape '' or lower(c1_0.policy_number) like lower(concat('%',?,'%')) escape '' or lower(c1_0.vehicle_registration) like lower(concat('%',?,'%')) escape '' order by c1_0.created_at desc
2026-03-05 11:55:34.077 [claim-service] [http-nio-8082-exec-9] [corr:084232be-d6ac-4584-944e-83f0f2255bae] DEBUG c.c.c.s.JwtAuthenticationFilter - Authenticated user: manager.20260305-115530, correlationId: 084232be-d6ac-4584-944e-83f0f2255bae
2026-03-05 11:55:34.077 [claim-service] [http-nio-8082-exec-9] [corr:084232be-d6ac-4584-944e-83f0f2255bae] DEBUG org.hibernate.SQL - select c1_0.id,c1_0.adjuster_id,c1_0.approved_amount,c1_0.assessor_id,c1_0.claim_amount,c1_0.claim_number,c1_0.claimant_id,c1_0.created_at,c1_0.created_by,c1_0.incident_date,c1_0.incident_description,c1_0.incident_location,c1_0.policy_number,c1_0.status,c1_0.status_changed_at,c1_0.updated_at,c1_0.updated_by,c1_0.vehicle_make,c1_0.vehicle_model,c1_0.vehicle_registration,c1_0.vehicle_year from claims c1_0 where c1_0.adjuster_id=?
2026-03-05 11:55:34.125 [claim-service] [http-nio-8082-exec-10] [corr:3a38bfe2-1dfb-49fc-9d20-828dd8015c67] DEBUG c.c.c.s.JwtAuthenticationFilter - Authenticated user: manager.20260305-115530, correlationId: 3a38bfe2-1dfb-49fc-9d20-828dd8015c67
2026-03-05 11:55:34.129 [claim-service] [http-nio-8082-exec-10] [corr:3a38bfe2-1dfb-49fc-9d20-828dd8015c67] DEBUG org.hibernate.SQL - select count(*) from claims c1_0
2026-03-05 11:55:34.129 [claim-service] [http-nio-8082-exec-10] [corr:3a38bfe2-1dfb-49fc-9d20-828dd8015c67] DEBUG org.hibernate.SQL - select count(c1_0.id) from claims c1_0 where c1_0.status=?
2026-03-05 11:55:34.129 [claim-service] [http-nio-8082-exec-10] [corr:3a38bfe2-1dfb-49fc-9d20-828dd8015c67] DEBUG org.hibernate.SQL - select count(c1_0.id) from claims c1_0 where c1_0.status=?
2026-03-05 11:55:34.129 [claim-service] [http-nio-8082-exec-10] [corr:3a38bfe2-1dfb-49fc-9d20-828dd8015c67] DEBUG org.hibernate.SQL - select count(c1_0.id) from claims c1_0 where c1_0.status=?
2026-03-05 11:55:34.142 [claim-service] [http-nio-8082-exec-10] [corr:3a38bfe2-1dfb-49fc-9d20-828dd8015c67] DEBUG org.hibernate.SQL - select count(c1_0.id) from claims c1_0 where c1_0.status=?
2026-03-05 11:55:34.145 [claim-service] [http-nio-8082-exec-10] [corr:3a38bfe2-1dfb-49fc-9d20-828dd8015c67] DEBUG org.hibernate.SQL - select count(c1_0.id) from claims c1_0 where c1_0.status=?
2026-03-05 11:55:34.147 [claim-service] [http-nio-8082-exec-10] [corr:3a38bfe2-1dfb-49fc-9d20-828dd8015c67] DEBUG org.hibernate.SQL - select count(c1_0.id) from claims c1_0 where c1_0.status=?
2026-03-05 11:55:34.151 [claim-service] [http-nio-8082-exec-10] [corr:3a38bfe2-1dfb-49fc-9d20-828dd8015c67] DEBUG org.hibernate.SQL - select count(c1_0.id) from claims c1_0 where c1_0.status=?
2026-03-05 11:55:34.154 [claim-service] [http-nio-8082-exec-10] [corr:3a38bfe2-1dfb-49fc-9d20-828dd8015c67] DEBUG org.hibernate.SQL - select count(c1_0.id) from claims c1_0 where c1_0.status=?
2026-03-05 11:55:34.157 [claim-service] [http-nio-8082-exec-10] [corr:3a38bfe2-1dfb-49fc-9d20-828dd8015c67] DEBUG org.hibernate.SQL - select coalesce(sum(c1_0.approved_amount),0) from claims c1_0 where c1_0.status='APPROVED'
2026-03-05 11:55:34.203 [claim-service] [http-nio-8082-exec-1] [corr:8b457f78-4474-44bf-a5a6-f267e647baaf] DEBUG c.c.c.s.JwtAuthenticationFilter - Authenticated user: manager.20260305-115530, correlationId: 8b457f78-4474-44bf-a5a6-f267e647baaf
2026-03-05 11:55:34.207 [claim-service] [http-nio-8082-exec-1] [corr:8b457f78-4474-44bf-a5a6-f267e647baaf] DEBUG org.hibernate.SQL - select c1_0.id,c1_0.adjuster_id,c1_0.approved_amount,c1_0.assessor_id,c1_0.claim_amount,c1_0.claim_number,c1_0.claimant_id,c1_0.created_at,c1_0.created_by,c1_0.incident_date,c1_0.incident_description,c1_0.incident_location,c1_0.policy_number,c1_0.status,c1_0.status_changed_at,c1_0.updated_at,c1_0.updated_by,c1_0.vehicle_make,c1_0.vehicle_model,c1_0.vehicle_registration,c1_0.vehicle_year from claims c1_0
2026-03-05 11:55:34.277 [claim-service] [http-nio-8082-exec-2] [corr:5e58048e-898c-4ff5-9f28-de0e40a5661a] DEBUG c.c.c.s.JwtAuthenticationFilter - Authenticated user: manager.20260305-115530, correlationId: 5e58048e-898c-4ff5-9f28-de0e40a5661a
2026-03-05 11:55:34.294 [claim-service] [http-nio-8082-exec-2] [corr:5e58048e-898c-4ff5-9f28-de0e40a5661a] DEBUG org.hibernate.SQL - select c1_0.id,c1_0.adjuster_id,c1_0.approved_amount,c1_0.assessor_id,c1_0.claim_amount,c1_0.claim_number,c1_0.claimant_id,c1_0.created_at,c1_0.created_by,c1_0.incident_date,c1_0.incident_description,c1_0.incident_location,c1_0.policy_number,c1_0.status,c1_0.status_changed_at,c1_0.updated_at,c1_0.updated_by,c1_0.vehicle_make,c1_0.vehicle_model,c1_0.vehicle_registration,c1_0.vehicle_year from claims c1_0 where c1_0.status=?
2026-03-05 11:55:34.329 [claim-service] [http-nio-8082-exec-3] [corr:cc26bbe3-0c16-4a66-8f80-997e6d3009f2] DEBUG c.c.c.s.JwtAuthenticationFilter - Authenticated user: manager.20260305-115530, correlationId: cc26bbe3-0c16-4a66-8f80-997e6d3009f2
2026-03-05 11:55:34.345 [claim-service] [http-nio-8082-exec-3] [corr:cc26bbe3-0c16-4a66-8f80-997e6d3009f2] DEBUG org.hibernate.SQL - select c1_0.id,c1_0.adjuster_id,c1_0.approved_amount,c1_0.assessor_id,c1_0.claim_amount,c1_0.claim_number,c1_0.claimant_id,c1_0.created_at,c1_0.created_by,c1_0.incident_date,c1_0.incident_description,c1_0.incident_location,c1_0.policy_number,c1_0.status,c1_0.status_changed_at,c1_0.updated_at,c1_0.updated_by,c1_0.vehicle_make,c1_0.vehicle_model,c1_0.vehicle_registration,c1_0.vehicle_year from claims c1_0 where c1_0.adjuster_id=?
2026-03-05 11:55:34.378 [claim-service] [http-nio-8082-exec-4] [corr:f5b3b51e-a49e-4708-8a53-3ba68b7a7132] DEBUG c.c.c.s.JwtAuthenticationFilter - Authenticated user: manager.20260305-115530, correlationId: f5b3b51e-a49e-4708-8a53-3ba68b7a7132
2026-03-05 11:55:34.397 [claim-service] [http-nio-8082-exec-4] [corr:f5b3b51e-a49e-4708-8a53-3ba68b7a7132] DEBUG org.hibernate.SQL - select count(*) from claims c1_0
2026-03-05 11:55:34.400 [claim-service] [http-nio-8082-exec-4] [corr:f5b3b51e-a49e-4708-8a53-3ba68b7a7132] DEBUG org.hibernate.SQL - select count(c1_0.id) from claims c1_0 where c1_0.status=?
2026-03-05 11:55:34.403 [claim-service] [http-nio-8082-exec-4] [corr:f5b3b51e-a49e-4708-8a53-3ba68b7a7132] DEBUG org.hibernate.SQL - select count(c1_0.id) from claims c1_0 where c1_0.status=?
2026-03-05 11:55:34.406 [claim-service] [http-nio-8082-exec-4] [corr:f5b3b51e-a49e-4708-8a53-3ba68b7a7132] DEBUG org.hibernate.SQL - select count(c1_0.id) from claims c1_0 where c1_0.status=?
2026-03-05 11:55:34.410 [claim-service] [http-nio-8082-exec-4] [corr:f5b3b51e-a49e-4708-8a53-3ba68b7a7132] DEBUG org.hibernate.SQL - select count(c1_0.id) from claims c1_0 where c1_0.status=?
2026-03-05 11:55:34.413 [claim-service] [http-nio-8082-exec-4] [corr:f5b3b51e-a49e-4708-8a53-3ba68b7a7132] DEBUG org.hibernate.SQL - select count(c1_0.id) from claims c1_0 where c1_0.status=?
2026-03-05 11:55:34.413 [claim-service] [http-nio-8082-exec-4] [corr:f5b3b51e-a49e-4708-8a53-3ba68b7a7132] DEBUG org.hibernate.SQL - select count(c1_0.id) from claims c1_0 where c1_0.status=?
2026-03-05 11:55:34.413 [claim-service] [http-nio-8082-exec-4] [corr:f5b3b51e-a49e-4708-8a53-3ba68b7a7132] DEBUG org.hibernate.SQL - select count(c1_0.id) from claims c1_0 where c1_0.status=?
2026-03-05 11:55:34.413 [claim-service] [http-nio-8082-exec-4] [corr:f5b3b51e-a49e-4708-8a53-3ba68b7a7132] DEBUG org.hibernate.SQL - select count(c1_0.id) from claims c1_0 where c1_0.status=?
2026-03-05 11:55:34.427 [claim-service] [http-nio-8082-exec-4] [corr:f5b3b51e-a49e-4708-8a53-3ba68b7a7132] DEBUG org.hibernate.SQL - select coalesce(sum(c1_0.approved_amount),0) from claims c1_0 where c1_0.status='APPROVED'
2026-03-05 11:55:34.514 [claim-service] [http-nio-8082-exec-6] [corr:2d0694d2-6f53-49bd-96ff-6449dea11c0b] DEBUG c.c.c.s.JwtAuthenticationFilter - Authenticated user: manager.20260305-115530, correlationId: 2d0694d2-6f53-49bd-96ff-6449dea11c0b
2026-03-05 11:55:34.527 [claim-service] [http-nio-8082-exec-6] [corr:2d0694d2-6f53-49bd-96ff-6449dea11c0b] DEBUG org.hibernate.SQL - select count(*) from claims c1_0 where c1_0.id=?
2026-03-05 11:55:34.527 [claim-service] [http-nio-8082-exec-6] [corr:2d0694d2-6f53-49bd-96ff-6449dea11c0b] DEBUG org.hibernate.SQL - select c1_0.id,c1_0.adjuster_id,c1_0.approved_amount,c1_0.assessor_id,c1_0.claim_amount,c1_0.claim_number,c1_0.claimant_id,c1_0.created_at,c1_0.created_by,c1_0.incident_date,c1_0.incident_description,c1_0.incident_location,c1_0.policy_number,c1_0.status,c1_0.status_changed_at,c1_0.updated_at,c1_0.updated_by,c1_0.vehicle_make,c1_0.vehicle_model,c1_0.vehicle_registration,c1_0.vehicle_year from claims c1_0 where c1_0.id=?
2026-03-05 11:55:34.527 [claim-service] [http-nio-8082-exec-6] [corr:2d0694d2-6f53-49bd-96ff-6449dea11c0b] DEBUG org.hibernate.SQL - delete from claims where id=?
2026-03-05 11:55:35.261 [claim-service] [http-nio-8082-exec-7] [corr:479e6921-cc4e-419c-b930-8287ea5554fb] DEBUG c.c.c.s.JwtAuthenticationFilter - Authenticated user: adjuster.20260305-115530, correlationId: 479e6921-cc4e-419c-b930-8287ea5554fb
2026-03-05 11:55:35.275 [claim-service] [http-nio-8082-exec-7] [corr:479e6921-cc4e-419c-b930-8287ea5554fb] DEBUG org.hibernate.SQL - select c1_0.id,c1_0.adjuster_id,c1_0.approved_amount,c1_0.assessor_id,c1_0.claim_amount,c1_0.claim_number,c1_0.claimant_id,c1_0.created_at,c1_0.created_by,c1_0.incident_date,c1_0.incident_description,c1_0.incident_location,c1_0.policy_number,c1_0.status,c1_0.status_changed_at,c1_0.updated_at,c1_0.updated_by,c1_0.vehicle_make,c1_0.vehicle_model,c1_0.vehicle_registration,c1_0.vehicle_year from claims c1_0 where c1_0.id=?
2026-03-05 11:55:35.276 [claim-service] [http-nio-8082-exec-7] [corr:479e6921-cc4e-419c-b930-8287ea5554fb] WARN  c.c.c.e.GlobalExceptionHandler - Invalid argument: Invalid claim status transition from APPROVED to UNDER_REVIEW
2026-03-05 11:55:35.449 [claim-service] [http-nio-8082-exec-8] [corr:ef81f3f5-46a1-47cc-9922-b8c4bc46b691] DEBUG c.c.c.s.JwtAuthenticationFilter - Authenticated user: adjuster.20260305-115530, correlationId: ef81f3f5-46a1-47cc-9922-b8c4bc46b691
2026-03-05 11:55:35.455 [claim-service] [http-nio-8082-exec-8] [corr:ef81f3f5-46a1-47cc-9922-b8c4bc46b691] DEBUG org.hibernate.SQL - select c1_0.id,c1_0.adjuster_id,c1_0.approved_amount,c1_0.assessor_id,c1_0.claim_amount,c1_0.claim_number,c1_0.claimant_id,c1_0.created_at,c1_0.created_by,c1_0.incident_date,c1_0.incident_description,c1_0.incident_location,c1_0.policy_number,c1_0.status,c1_0.status_changed_at,c1_0.updated_at,c1_0.updated_by,c1_0.vehicle_make,c1_0.vehicle_model,c1_0.vehicle_registration,c1_0.vehicle_year from claims c1_0 where c1_0.id=?
2026-03-05 11:55:35.460 [claim-service] [http-nio-8082-exec-8] [corr:ef81f3f5-46a1-47cc-9922-b8c4bc46b691] WARN  c.c.c.e.GlobalExceptionHandler - Invalid argument: Invalid claim status transition from APPROVED to ADJUSTED
2026-03-05 11:55:35.525 [claim-service] [http-nio-8082-exec-9] [corr:17047e91-e8fc-4076-b8c6-309d56cdce97] DEBUG c.c.c.s.JwtAuthenticationFilter - Authenticated user: adjuster.20260305-115530, correlationId: 17047e91-e8fc-4076-b8c6-309d56cdce97
2026-03-05 11:55:35.541 [claim-service] [http-nio-8082-exec-9] [corr:17047e91-e8fc-4076-b8c6-309d56cdce97] DEBUG org.hibernate.SQL - select c1_0.id,c1_0.adjuster_id,c1_0.approved_amount,c1_0.assessor_id,c1_0.claim_amount,c1_0.claim_number,c1_0.claimant_id,c1_0.created_at,c1_0.created_by,c1_0.incident_date,c1_0.incident_description,c1_0.incident_location,c1_0.policy_number,c1_0.status,c1_0.status_changed_at,c1_0.updated_at,c1_0.updated_by,c1_0.vehicle_make,c1_0.vehicle_model,c1_0.vehicle_registration,c1_0.vehicle_year from claims c1_0 where c1_0.id=?
2026-03-05 11:55:35.544 [claim-service] [http-nio-8082-exec-9] [corr:17047e91-e8fc-4076-b8c6-309d56cdce97] WARN  c.c.c.e.GlobalExceptionHandler - Invalid argument: Invalid claim status transition from APPROVED to ADJUSTED
2026-03-05 11:55:36.071 [claim-service] [http-nio-8082-exec-10] [corr:9942dd4f-ef05-4c24-a264-c5bc84a4d8d3] DEBUG c.c.c.s.JwtAuthenticationFilter - Authenticated user: manager.20260305-115530, correlationId: 9942dd4f-ef05-4c24-a264-c5bc84a4d8d3
2026-03-05 11:55:36.078 [claim-service] [http-nio-8082-exec-10] [corr:9942dd4f-ef05-4c24-a264-c5bc84a4d8d3] DEBUG org.hibernate.SQL - select c1_0.id,c1_0.adjuster_id,c1_0.approved_amount,c1_0.assessor_id,c1_0.claim_amount,c1_0.claim_number,c1_0.claimant_id,c1_0.created_at,c1_0.created_by,c1_0.incident_date,c1_0.incident_description,c1_0.incident_location,c1_0.policy_number,c1_0.status,c1_0.status_changed_at,c1_0.updated_at,c1_0.updated_by,c1_0.vehicle_make,c1_0.vehicle_model,c1_0.vehicle_registration,c1_0.vehicle_year from claims c1_0 where c1_0.id=?
2026-03-05 11:55:36.078 [claim-service] [http-nio-8082-exec-10] [corr:9942dd4f-ef05-4c24-a264-c5bc84a4d8d3] INFO  c.c.c.service.ClaimService - Claim CLM-9D7A0B62 status updated from APPROVED to PAID
2026-03-05 11:55:36.078 [claim-service] [http-nio-8082-exec-10] [corr:9942dd4f-ef05-4c24-a264-c5bc84a4d8d3] DEBUG c.c.claimservice.config.FeignConfig - Feign request to: /api/reports/status-change
2026-03-05 11:55:36.078 [claim-service] [http-nio-8082-exec-10] [corr:9942dd4f-ef05-4c24-a264-c5bc84a4d8d3] DEBUG c.c.c.client.ReportingServiceClient - [ReportingServiceClient#reportStatusChange] ---> POST http://reporting-service/api/reports/status-change HTTP/1.1
2026-03-05 11:55:36.125 [claim-service] [http-nio-8082-exec-10] [corr:9942dd4f-ef05-4c24-a264-c5bc84a4d8d3] DEBUG c.c.c.client.ReportingServiceClient - [ReportingServiceClient#reportStatusChange] <--- HTTP/1.1 200 (35ms)
2026-03-05 11:55:36.127 [claim-service] [http-nio-8082-exec-10] [corr:9942dd4f-ef05-4c24-a264-c5bc84a4d8d3] DEBUG c.c.claimservice.config.FeignConfig - Feign request to: /api/notifications/internal/claim-status
2026-03-05 11:55:36.127 [claim-service] [http-nio-8082-exec-10] [corr:9942dd4f-ef05-4c24-a264-c5bc84a4d8d3] DEBUG c.c.c.c.NotificationServiceClient - [NotificationServiceClient#sendClaimStatusNotification] ---> POST http://notification-service/api/notifications/internal/claim-status HTTP/1.1
2026-03-05 11:55:36.160 [claim-service] [http-nio-8082-exec-10] [corr:9942dd4f-ef05-4c24-a264-c5bc84a4d8d3] DEBUG c.c.c.c.NotificationServiceClient - [NotificationServiceClient#sendClaimStatusNotification] <--- HTTP/1.1 200 (34ms)
2026-03-05 11:55:36.160 [claim-service] [http-nio-8082-exec-10] [corr:9942dd4f-ef05-4c24-a264-c5bc84a4d8d3] DEBUG org.hibernate.SQL - update claims set adjuster_id=?,approved_amount=?,assessor_id=?,claim_amount=?,claim_number=?,claimant_id=?,incident_date=?,incident_description=?,incident_location=?,policy_number=?,status=?,status_changed_at=?,updated_at=?,updated_by=?,vehicle_make=?,vehicle_model=?,vehicle_registration=?,vehicle_year=? where id=?
2026-03-05 11:55:36.713 [claim-service] [http-nio-8082-exec-1] [corr:735c63c8-5844-4639-9a8b-80b9af840d21] DEBUG c.c.c.s.JwtAuthenticationFilter - Authenticated user: manager.20260305-115530, correlationId: 735c63c8-5844-4639-9a8b-80b9af840d21
2026-03-05 11:55:36.718 [claim-service] [http-nio-8082-exec-1] [corr:735c63c8-5844-4639-9a8b-80b9af840d21] DEBUG org.hibernate.SQL - select c1_0.id,c1_0.adjuster_id,c1_0.approved_amount,c1_0.assessor_id,c1_0.claim_amount,c1_0.claim_number,c1_0.claimant_id,c1_0.created_at,c1_0.created_by,c1_0.incident_date,c1_0.incident_description,c1_0.incident_location,c1_0.policy_number,c1_0.status,c1_0.status_changed_at,c1_0.updated_at,c1_0.updated_by,c1_0.vehicle_make,c1_0.vehicle_model,c1_0.vehicle_registration,c1_0.vehicle_year from claims c1_0 where c1_0.id=?
2026-03-05 11:55:37.230 [claim-service] [http-nio-8082-exec-2] [corr:ebab9176-cd85-4d14-9d77-0a90a3bcab86] DEBUG c.c.c.s.JwtAuthenticationFilter - Authenticated user: manager.20260305-115530, correlationId: ebab9176-cd85-4d14-9d77-0a90a3bcab86
2026-03-05 11:55:37.230 [claim-service] [http-nio-8082-exec-2] [corr:ebab9176-cd85-4d14-9d77-0a90a3bcab86] DEBUG org.hibernate.SQL - select c1_0.id,c1_0.adjuster_id,c1_0.approved_amount,c1_0.assessor_id,c1_0.claim_amount,c1_0.claim_number,c1_0.claimant_id,c1_0.created_at,c1_0.created_by,c1_0.incident_date,c1_0.incident_description,c1_0.incident_location,c1_0.policy_number,c1_0.status,c1_0.status_changed_at,c1_0.updated_at,c1_0.updated_by,c1_0.vehicle_make,c1_0.vehicle_model,c1_0.vehicle_registration,c1_0.vehicle_year from claims c1_0
2026-03-05 11:55:37.325 [claim-service] [http-nio-8082-exec-3] [corr:950dd3d1-2df0-43c4-ac80-ba3d63257ff8] DEBUG c.c.c.s.JwtAuthenticationFilter - Authenticated user: manager.20260305-115530, correlationId: 950dd3d1-2df0-43c4-ac80-ba3d63257ff8
2026-03-05 11:55:37.331 [claim-service] [http-nio-8082-exec-3] [corr:950dd3d1-2df0-43c4-ac80-ba3d63257ff8] DEBUG org.hibernate.SQL - select c1_0.id,c1_0.adjuster_id,c1_0.approved_amount,c1_0.assessor_id,c1_0.claim_amount,c1_0.claim_number,c1_0.claimant_id,c1_0.created_at,c1_0.created_by,c1_0.incident_date,c1_0.incident_description,c1_0.incident_location,c1_0.policy_number,c1_0.status,c1_0.status_changed_at,c1_0.updated_at,c1_0.updated_by,c1_0.vehicle_make,c1_0.vehicle_model,c1_0.vehicle_registration,c1_0.vehicle_year from claims c1_0
2026-03-05 11:55:37.593 [claim-service] [http-nio-8082-exec-4] [corr:7031bb7b-b87b-408d-b99f-5be5ca329bab] DEBUG c.c.c.s.JwtAuthenticationFilter - Authenticated user: manager.20260305-115530, correlationId: 7031bb7b-b87b-408d-b99f-5be5ca329bab
2026-03-05 11:55:37.593 [claim-service] [http-nio-8082-exec-4] [corr:7031bb7b-b87b-408d-b99f-5be5ca329bab] DEBUG org.hibernate.SQL - select c1_0.id,c1_0.adjuster_id,c1_0.approved_amount,c1_0.assessor_id,c1_0.claim_amount,c1_0.claim_number,c1_0.claimant_id,c1_0.created_at,c1_0.created_by,c1_0.incident_date,c1_0.incident_description,c1_0.incident_location,c1_0.policy_number,c1_0.status,c1_0.status_changed_at,c1_0.updated_at,c1_0.updated_by,c1_0.vehicle_make,c1_0.vehicle_model,c1_0.vehicle_registration,c1_0.vehicle_year from claims c1_0
2026-03-05 11:55:37.719 [claim-service] [http-nio-8082-exec-5] [corr:a4e08e3a-d9a7-4c2c-ae3c-2833b91d28bb] DEBUG c.c.c.s.JwtAuthenticationFilter - Authenticated user: manager.20260305-115530, correlationId: a4e08e3a-d9a7-4c2c-ae3c-2833b91d28bb
2026-03-05 11:55:37.725 [claim-service] [http-nio-8082-exec-5] [corr:a4e08e3a-d9a7-4c2c-ae3c-2833b91d28bb] DEBUG org.hibernate.SQL - select c1_0.id,c1_0.adjuster_id,c1_0.approved_amount,c1_0.assessor_id,c1_0.claim_amount,c1_0.claim_number,c1_0.claimant_id,c1_0.created_at,c1_0.created_by,c1_0.incident_date,c1_0.incident_description,c1_0.incident_location,c1_0.policy_number,c1_0.status,c1_0.status_changed_at,c1_0.updated_at,c1_0.updated_by,c1_0.vehicle_make,c1_0.vehicle_model,c1_0.vehicle_registration,c1_0.vehicle_year from claims c1_0
2026-03-05 11:56:02.339 [claim-service] [http-nio-8082-exec-7] [corr:3f3c40a2-744f-498d-aa69-02ce88f0cec3] DEBUG c.c.c.s.JwtAuthenticationFilter - Authenticated user: admin.ui.20260305115602, correlationId: 3f3c40a2-744f-498d-aa69-02ce88f0cec3
2026-03-05 11:56:02.357 [claim-service] [http-nio-8082-exec-7] [corr:3f3c40a2-744f-498d-aa69-02ce88f0cec3] DEBUG org.hibernate.SQL - select c1_0.id,c1_0.adjuster_id,c1_0.approved_amount,c1_0.assessor_id,c1_0.claim_amount,c1_0.claim_number,c1_0.claimant_id,c1_0.created_at,c1_0.created_by,c1_0.incident_date,c1_0.incident_description,c1_0.incident_location,c1_0.policy_number,c1_0.status,c1_0.status_changed_at,c1_0.updated_at,c1_0.updated_by,c1_0.vehicle_make,c1_0.vehicle_model,c1_0.vehicle_registration,c1_0.vehicle_year from claims c1_0 order by c1_0.created_at desc limit ?,?
2026-03-05 11:56:02.360 [claim-service] [http-nio-8082-exec-7] [corr:3f3c40a2-744f-498d-aa69-02ce88f0cec3] DEBUG org.hibernate.SQL - select count(c1_0.id) from claims c1_0
2026-03-05 11:56:02.479 [claim-service] [http-nio-8082-exec-8] [corr:de79f85e-5bae-4d33-8707-a39d4380c1d3] DEBUG c.c.c.s.JwtAuthenticationFilter - Authenticated user: admin.ui.20260305115602, correlationId: de79f85e-5bae-4d33-8707-a39d4380c1d3
2026-03-05 11:56:02.486 [claim-service] [http-nio-8082-exec-8] [corr:de79f85e-5bae-4d33-8707-a39d4380c1d3] DEBUG org.hibernate.SQL - select c1_0.id,c1_0.adjuster_id,c1_0.approved_amount,c1_0.assessor_id,c1_0.claim_amount,c1_0.claim_number,c1_0.claimant_id,c1_0.created_at,c1_0.created_by,c1_0.incident_date,c1_0.incident_description,c1_0.incident_location,c1_0.policy_number,c1_0.status,c1_0.status_changed_at,c1_0.updated_at,c1_0.updated_by,c1_0.vehicle_make,c1_0.vehicle_model,c1_0.vehicle_registration,c1_0.vehicle_year from claims c1_0
2026-03-05 11:56:02.705 [claim-service] [http-nio-8082-exec-9] [corr:a8d37692-5040-4a9e-abc1-b225d8d4e607] DEBUG c.c.c.s.JwtAuthenticationFilter - Authenticated user: policy.20260305-115530, correlationId: a8d37692-5040-4a9e-abc1-b225d8d4e607
2026-03-05 11:56:02.710 [claim-service] [http-nio-8082-exec-9] [corr:a8d37692-5040-4a9e-abc1-b225d8d4e607] DEBUG org.hibernate.SQL - select c1_0.id,c1_0.adjuster_id,c1_0.approved_amount,c1_0.assessor_id,c1_0.claim_amount,c1_0.claim_number,c1_0.claimant_id,c1_0.created_at,c1_0.created_by,c1_0.incident_date,c1_0.incident_description,c1_0.incident_location,c1_0.policy_number,c1_0.status,c1_0.status_changed_at,c1_0.updated_at,c1_0.updated_by,c1_0.vehicle_make,c1_0.vehicle_model,c1_0.vehicle_registration,c1_0.vehicle_year from claims c1_0 where c1_0.claimant_id=?
2026-03-05 11:56:02.802 [claim-service] [http-nio-8082-exec-10] [corr:bda8da4b-bd6b-4971-981a-84f1896a9cbe] DEBUG c.c.c.s.JwtAuthenticationFilter - Authenticated user: policy.20260305-115530, correlationId: bda8da4b-bd6b-4971-981a-84f1896a9cbe
2026-03-05 11:56:02.826 [claim-service] [http-nio-8082-exec-10] [corr:bda8da4b-bd6b-4971-981a-84f1896a9cbe] WARN  c.c.c.e.GlobalExceptionHandler - Access denied: Access Denied
2026-03-05 11:56:14.455 [claim-service] [http-nio-8082-exec-1] [corr:12c86aa0-9eca-4ad3-b50e-ccbc0b1a4acb] DEBUG c.c.c.s.JwtAuthenticationFilter - Authenticated user: manager.20260305-115530, correlationId: 12c86aa0-9eca-4ad3-b50e-ccbc0b1a4acb
2026-03-05 11:56:14.468 [claim-service] [http-nio-8082-exec-1] [corr:12c86aa0-9eca-4ad3-b50e-ccbc0b1a4acb] DEBUG org.hibernate.SQL - select c1_0.id,c1_0.adjuster_id,c1_0.approved_amount,c1_0.assessor_id,c1_0.claim_amount,c1_0.claim_number,c1_0.claimant_id,c1_0.created_at,c1_0.created_by,c1_0.incident_date,c1_0.incident_description,c1_0.incident_location,c1_0.policy_number,c1_0.status,c1_0.status_changed_at,c1_0.updated_at,c1_0.updated_by,c1_0.vehicle_make,c1_0.vehicle_model,c1_0.vehicle_registration,c1_0.vehicle_year from claims c1_0 order by c1_0.created_at desc limit ?,?
2026-03-05 11:56:14.476 [claim-service] [http-nio-8082-exec-1] [corr:12c86aa0-9eca-4ad3-b50e-ccbc0b1a4acb] DEBUG org.hibernate.SQL - select count(c1_0.id) from claims c1_0
2026-03-05 11:57:25.582 [claim-service] [AsyncResolver-bootstrap-executor-0] [corr:na] INFO  c.n.d.s.r.aws.ConfigClusterResolver - Resolving eureka endpoints via configuration
2026-03-05 11:58:45.035 [claim-service] [http-nio-8082-exec-5] [corr:8105ee79-db04-43a2-8d8e-d0ce28850197] DEBUG c.c.c.s.JwtAuthenticationFilter - Authenticated user: vikas123, correlationId: 8105ee79-db04-43a2-8d8e-d0ce28850197
2026-03-05 11:58:45.040 [claim-service] [http-nio-8082-exec-5] [corr:8105ee79-db04-43a2-8d8e-d0ce28850197] DEBUG org.hibernate.SQL - select c1_0.id,c1_0.adjuster_id,c1_0.approved_amount,c1_0.assessor_id,c1_0.claim_amount,c1_0.claim_number,c1_0.claimant_id,c1_0.created_at,c1_0.created_by,c1_0.incident_date,c1_0.incident_description,c1_0.incident_location,c1_0.policy_number,c1_0.status,c1_0.status_changed_at,c1_0.updated_at,c1_0.updated_by,c1_0.vehicle_make,c1_0.vehicle_model,c1_0.vehicle_registration,c1_0.vehicle_year from claims c1_0 where c1_0.claimant_id=?
2026-03-05 11:59:02.485 [claim-service] [http-nio-8082-exec-6] [corr:1fcdc29a-5969-4bd0-a6e9-c59c28514229] DEBUG c.c.c.s.JwtAuthenticationFilter - Authenticated user: vikas123, correlationId: 1fcdc29a-5969-4bd0-a6e9-c59c28514229
2026-03-05 11:59:02.490 [claim-service] [http-nio-8082-exec-6] [corr:1fcdc29a-5969-4bd0-a6e9-c59c28514229] DEBUG org.hibernate.SQL - select c1_0.id,c1_0.adjuster_id,c1_0.approved_amount,c1_0.assessor_id,c1_0.claim_amount,c1_0.claim_number,c1_0.claimant_id,c1_0.created_at,c1_0.created_by,c1_0.incident_date,c1_0.incident_description,c1_0.incident_location,c1_0.policy_number,c1_0.status,c1_0.status_changed_at,c1_0.updated_at,c1_0.updated_by,c1_0.vehicle_make,c1_0.vehicle_model,c1_0.vehicle_registration,c1_0.vehicle_year from claims c1_0 where c1_0.claimant_id=?
2026-03-05 12:00:18.931 [claim-service] [http-nio-8082-exec-8] [corr:349a7456-c121-471f-b5dc-58be3b94517b] DEBUG c.c.c.s.JwtAuthenticationFilter - Authenticated user: vikas123, correlationId: 349a7456-c121-471f-b5dc-58be3b94517b
2026-03-05 12:00:18.946 [claim-service] [http-nio-8082-exec-8] [corr:349a7456-c121-471f-b5dc-58be3b94517b] DEBUG org.hibernate.SQL - insert into claims (adjuster_id,approved_amount,assessor_id,claim_amount,claim_number,claimant_id,created_at,created_by,incident_date,incident_description,incident_location,policy_number,status,status_changed_at,updated_at,updated_by,vehicle_make,vehicle_model,vehicle_registration,vehicle_year) values (?,?,?,?,?,?,?,?,?,?,?,?,?,?,?,?,?,?,?,?)
2026-03-05 12:00:18.952 [claim-service] [http-nio-8082-exec-8] [corr:349a7456-c121-471f-b5dc-58be3b94517b] INFO  c.c.c.service.ClaimService - Claim submitted: CLM-72A35E4B
2026-03-05 12:00:18.955 [claim-service] [http-nio-8082-exec-8] [corr:349a7456-c121-471f-b5dc-58be3b94517b] DEBUG c.c.claimservice.config.FeignConfig - Feign request to: /api/reports/claim-event
2026-03-05 12:00:18.956 [claim-service] [http-nio-8082-exec-8] [corr:349a7456-c121-471f-b5dc-58be3b94517b] DEBUG c.c.c.client.ReportingServiceClient - [ReportingServiceClient#reportClaimEvent] ---> POST http://reporting-service/api/reports/claim-event HTTP/1.1
2026-03-05 12:00:18.976 [claim-service] [http-nio-8082-exec-8] [corr:349a7456-c121-471f-b5dc-58be3b94517b] DEBUG c.c.c.client.ReportingServiceClient - [ReportingServiceClient#reportClaimEvent] <--- HTTP/1.1 200 (29ms)
2026-03-05 12:00:18.991 [claim-service] [http-nio-8082-exec-8] [corr:349a7456-c121-471f-b5dc-58be3b94517b] DEBUG c.c.claimservice.config.FeignConfig - Feign request to: /api/notifications/internal/claim-status
2026-03-05 12:00:18.992 [claim-service] [http-nio-8082-exec-8] [corr:349a7456-c121-471f-b5dc-58be3b94517b] DEBUG c.c.c.c.NotificationServiceClient - [NotificationServiceClient#sendClaimStatusNotification] ---> POST http://notification-service/api/notifications/internal/claim-status HTTP/1.1
2026-03-05 12:00:19.025 [claim-service] [http-nio-8082-exec-8] [corr:349a7456-c121-471f-b5dc-58be3b94517b] DEBUG c.c.c.c.NotificationServiceClient - [NotificationServiceClient#sendClaimStatusNotification] <--- HTTP/1.1 200 (39ms)
2026-03-05 12:00:37.531 [claim-service] [http-nio-8082-exec-9] [corr:6d27d5ca-fcb8-4d13-b253-62244455fc36] DEBUG c.c.c.s.JwtAuthenticationFilter - Authenticated user: vikas123, correlationId: 6d27d5ca-fcb8-4d13-b253-62244455fc36
2026-03-05 12:00:37.537 [claim-service] [http-nio-8082-exec-9] [corr:6d27d5ca-fcb8-4d13-b253-62244455fc36] DEBUG org.hibernate.SQL - select c1_0.id,c1_0.adjuster_id,c1_0.approved_amount,c1_0.assessor_id,c1_0.claim_amount,c1_0.claim_number,c1_0.claimant_id,c1_0.created_at,c1_0.created_by,c1_0.incident_date,c1_0.incident_description,c1_0.incident_location,c1_0.policy_number,c1_0.status,c1_0.status_changed_at,c1_0.updated_at,c1_0.updated_by,c1_0.vehicle_make,c1_0.vehicle_model,c1_0.vehicle_registration,c1_0.vehicle_year from claims c1_0 where c1_0.id=?
2026-03-05 12:00:53.870 [claim-service] [http-nio-8082-exec-10] [corr:896c66b8-2a7f-488c-ae25-00c5cae5ccf2] DEBUG c.c.c.s.JwtAuthenticationFilter - Authenticated user: vikas123, correlationId: 896c66b8-2a7f-488c-ae25-00c5cae5ccf2
2026-03-05 12:00:53.875 [claim-service] [http-nio-8082-exec-10] [corr:896c66b8-2a7f-488c-ae25-00c5cae5ccf2] DEBUG org.hibernate.SQL - select c1_0.id,c1_0.adjuster_id,c1_0.approved_amount,c1_0.assessor_id,c1_0.claim_amount,c1_0.claim_number,c1_0.claimant_id,c1_0.created_at,c1_0.created_by,c1_0.incident_date,c1_0.incident_description,c1_0.incident_location,c1_0.policy_number,c1_0.status,c1_0.status_changed_at,c1_0.updated_at,c1_0.updated_by,c1_0.vehicle_make,c1_0.vehicle_model,c1_0.vehicle_registration,c1_0.vehicle_year from claims c1_0 where c1_0.id=?
2026-03-05 12:01:27.880 [claim-service] [http-nio-8082-exec-1] [corr:141383d8-195b-44ce-915f-315f1fac48e6] DEBUG c.c.c.s.JwtAuthenticationFilter - Authenticated user: shashank123, correlationId: 141383d8-195b-44ce-915f-315f1fac48e6
2026-03-05 12:01:27.894 [claim-service] [http-nio-8082-exec-1] [corr:141383d8-195b-44ce-915f-315f1fac48e6] DEBUG org.hibernate.SQL - select c1_0.id,c1_0.adjuster_id,c1_0.approved_amount,c1_0.assessor_id,c1_0.claim_amount,c1_0.claim_number,c1_0.claimant_id,c1_0.created_at,c1_0.created_by,c1_0.incident_date,c1_0.incident_description,c1_0.incident_location,c1_0.policy_number,c1_0.status,c1_0.status_changed_at,c1_0.updated_at,c1_0.updated_by,c1_0.vehicle_make,c1_0.vehicle_model,c1_0.vehicle_registration,c1_0.vehicle_year from claims c1_0 order by c1_0.created_at desc limit ?,?
2026-03-05 12:01:29.727 [claim-service] [http-nio-8082-exec-2] [corr:f404f8b7-05d4-456b-ad0f-95c2f4e6feec] DEBUG c.c.c.s.JwtAuthenticationFilter - Authenticated user: shashank123, correlationId: f404f8b7-05d4-456b-ad0f-95c2f4e6feec
2026-03-05 12:01:29.734 [claim-service] [http-nio-8082-exec-3] [corr:3545851f-e576-427d-b3e0-86d020a50e27] DEBUG c.c.c.s.JwtAuthenticationFilter - Authenticated user: shashank123, correlationId: 3545851f-e576-427d-b3e0-86d020a50e27
2026-03-05 12:01:29.739 [claim-service] [http-nio-8082-exec-2] [corr:f404f8b7-05d4-456b-ad0f-95c2f4e6feec] DEBUG org.hibernate.SQL - select c1_0.id,c1_0.adjuster_id,c1_0.approved_amount,c1_0.assessor_id,c1_0.claim_amount,c1_0.claim_number,c1_0.claimant_id,c1_0.created_at,c1_0.created_by,c1_0.incident_date,c1_0.incident_description,c1_0.incident_location,c1_0.policy_number,c1_0.status,c1_0.status_changed_at,c1_0.updated_at,c1_0.updated_by,c1_0.vehicle_make,c1_0.vehicle_model,c1_0.vehicle_registration,c1_0.vehicle_year from claims c1_0 order by c1_0.created_at desc limit ?,?
2026-03-05 12:01:29.740 [claim-service] [http-nio-8082-exec-3] [corr:3545851f-e576-427d-b3e0-86d020a50e27] DEBUG org.hibernate.SQL - select count(*) from claims c1_0
2026-03-05 12:01:29.743 [claim-service] [http-nio-8082-exec-3] [corr:3545851f-e576-427d-b3e0-86d020a50e27] DEBUG org.hibernate.SQL - select count(c1_0.id) from claims c1_0 where c1_0.status=?
2026-03-05 12:01:29.743 [claim-service] [http-nio-8082-exec-2] [corr:f404f8b7-05d4-456b-ad0f-95c2f4e6feec] DEBUG org.hibernate.SQL - select count(c1_0.id) from claims c1_0
2026-03-05 12:01:29.746 [claim-service] [http-nio-8082-exec-3] [corr:3545851f-e576-427d-b3e0-86d020a50e27] DEBUG org.hibernate.SQL - select count(c1_0.id) from claims c1_0 where c1_0.status=?
2026-03-05 12:01:29.750 [claim-service] [http-nio-8082-exec-3] [corr:3545851f-e576-427d-b3e0-86d020a50e27] DEBUG org.hibernate.SQL - select count(c1_0.id) from claims c1_0 where c1_0.status=?
2026-03-05 12:01:29.754 [claim-service] [http-nio-8082-exec-3] [corr:3545851f-e576-427d-b3e0-86d020a50e27] DEBUG org.hibernate.SQL - select count(c1_0.id) from claims c1_0 where c1_0.status=?
2026-03-05 12:01:29.757 [claim-service] [http-nio-8082-exec-3] [corr:3545851f-e576-427d-b3e0-86d020a50e27] DEBUG org.hibernate.SQL - select count(c1_0.id) from claims c1_0 where c1_0.status=?
2026-03-05 12:01:29.759 [claim-service] [http-nio-8082-exec-3] [corr:3545851f-e576-427d-b3e0-86d020a50e27] DEBUG org.hibernate.SQL - select count(c1_0.id) from claims c1_0 where c1_0.status=?
2026-03-05 12:01:29.763 [claim-service] [http-nio-8082-exec-3] [corr:3545851f-e576-427d-b3e0-86d020a50e27] DEBUG org.hibernate.SQL - select count(c1_0.id) from claims c1_0 where c1_0.status=?
2026-03-05 12:01:29.767 [claim-service] [http-nio-8082-exec-3] [corr:3545851f-e576-427d-b3e0-86d020a50e27] DEBUG org.hibernate.SQL - select count(c1_0.id) from claims c1_0 where c1_0.status=?
2026-03-05 12:01:29.771 [claim-service] [http-nio-8082-exec-3] [corr:3545851f-e576-427d-b3e0-86d020a50e27] DEBUG org.hibernate.SQL - select coalesce(sum(c1_0.approved_amount),0) from claims c1_0 where c1_0.status='APPROVED'
2026-03-05 12:01:37.332 [claim-service] [http-nio-8082-exec-4] [corr:224ff3fc-18de-4703-8207-ad831999dc53] DEBUG c.c.c.s.JwtAuthenticationFilter - Authenticated user: shashank123, correlationId: 224ff3fc-18de-4703-8207-ad831999dc53
2026-03-05 12:01:37.339 [claim-service] [http-nio-8082-exec-4] [corr:224ff3fc-18de-4703-8207-ad831999dc53] DEBUG org.hibernate.SQL - select c1_0.id,c1_0.adjuster_id,c1_0.approved_amount,c1_0.assessor_id,c1_0.claim_amount,c1_0.claim_number,c1_0.claimant_id,c1_0.created_at,c1_0.created_by,c1_0.incident_date,c1_0.incident_description,c1_0.incident_location,c1_0.policy_number,c1_0.status,c1_0.status_changed_at,c1_0.updated_at,c1_0.updated_by,c1_0.vehicle_make,c1_0.vehicle_model,c1_0.vehicle_registration,c1_0.vehicle_year from claims c1_0 where c1_0.id=?
2026-03-05 12:01:46.699 [claim-service] [http-nio-8082-exec-5] [corr:fdbc02f9-fb73-4d40-8099-0d53e0552117] DEBUG c.c.c.s.JwtAuthenticationFilter - Authenticated user: shashank123, correlationId: fdbc02f9-fb73-4d40-8099-0d53e0552117
2026-03-05 12:01:46.707 [claim-service] [http-nio-8082-exec-5] [corr:fdbc02f9-fb73-4d40-8099-0d53e0552117] DEBUG org.hibernate.SQL - select count(*) from claims c1_0
2026-03-05 12:01:46.707 [claim-service] [http-nio-8082-exec-6] [corr:7593cec5-1f30-4107-80d0-b1a115b291f4] DEBUG c.c.c.s.JwtAuthenticationFilter - Authenticated user: shashank123, correlationId: 7593cec5-1f30-4107-80d0-b1a115b291f4
2026-03-05 12:01:46.710 [claim-service] [http-nio-8082-exec-5] [corr:fdbc02f9-fb73-4d40-8099-0d53e0552117] DEBUG org.hibernate.SQL - select count(c1_0.id) from claims c1_0 where c1_0.status=?
2026-03-05 12:01:46.713 [claim-service] [http-nio-8082-exec-5] [corr:fdbc02f9-fb73-4d40-8099-0d53e0552117] DEBUG org.hibernate.SQL - select count(c1_0.id) from claims c1_0 where c1_0.status=?
2026-03-05 12:01:46.713 [claim-service] [http-nio-8082-exec-6] [corr:7593cec5-1f30-4107-80d0-b1a115b291f4] DEBUG org.hibernate.SQL - select c1_0.id,c1_0.adjuster_id,c1_0.approved_amount,c1_0.assessor_id,c1_0.claim_amount,c1_0.claim_number,c1_0.claimant_id,c1_0.created_at,c1_0.created_by,c1_0.incident_date,c1_0.incident_description,c1_0.incident_location,c1_0.policy_number,c1_0.status,c1_0.status_changed_at,c1_0.updated_at,c1_0.updated_by,c1_0.vehicle_make,c1_0.vehicle_model,c1_0.vehicle_registration,c1_0.vehicle_year from claims c1_0 where c1_0.status=?
2026-03-05 12:01:46.716 [claim-service] [http-nio-8082-exec-5] [corr:fdbc02f9-fb73-4d40-8099-0d53e0552117] DEBUG org.hibernate.SQL - select count(c1_0.id) from claims c1_0 where c1_0.status=?
2026-03-05 12:01:46.721 [claim-service] [http-nio-8082-exec-5] [corr:fdbc02f9-fb73-4d40-8099-0d53e0552117] DEBUG org.hibernate.SQL - select count(c1_0.id) from claims c1_0 where c1_0.status=?
2026-03-05 12:01:46.725 [claim-service] [http-nio-8082-exec-5] [corr:fdbc02f9-fb73-4d40-8099-0d53e0552117] DEBUG org.hibernate.SQL - select count(c1_0.id) from claims c1_0 where c1_0.status=?
2026-03-05 12:01:46.729 [claim-service] [http-nio-8082-exec-5] [corr:fdbc02f9-fb73-4d40-8099-0d53e0552117] DEBUG org.hibernate.SQL - select count(c1_0.id) from claims c1_0 where c1_0.status=?
2026-03-05 12:01:46.731 [claim-service] [http-nio-8082-exec-5] [corr:fdbc02f9-fb73-4d40-8099-0d53e0552117] DEBUG org.hibernate.SQL - select count(c1_0.id) from claims c1_0 where c1_0.status=?
2026-03-05 12:01:46.737 [claim-service] [http-nio-8082-exec-5] [corr:fdbc02f9-fb73-4d40-8099-0d53e0552117] DEBUG org.hibernate.SQL - select count(c1_0.id) from claims c1_0 where c1_0.status=?
2026-03-05 12:01:46.739 [claim-service] [http-nio-8082-exec-5] [corr:fdbc02f9-fb73-4d40-8099-0d53e0552117] DEBUG org.hibernate.SQL - select coalesce(sum(c1_0.approved_amount),0) from claims c1_0 where c1_0.status='APPROVED'
2026-03-05 12:01:49.425 [claim-service] [http-nio-8082-exec-7] [corr:96ba3bd2-3774-408f-bb61-7e7bb05d3741] DEBUG c.c.c.s.JwtAuthenticationFilter - Authenticated user: shashank123, correlationId: 96ba3bd2-3774-408f-bb61-7e7bb05d3741
2026-03-05 12:01:49.434 [claim-service] [http-nio-8082-exec-7] [corr:96ba3bd2-3774-408f-bb61-7e7bb05d3741] DEBUG org.hibernate.SQL - select c1_0.id,c1_0.adjuster_id,c1_0.approved_amount,c1_0.assessor_id,c1_0.claim_amount,c1_0.claim_number,c1_0.claimant_id,c1_0.created_at,c1_0.created_by,c1_0.incident_date,c1_0.incident_description,c1_0.incident_location,c1_0.policy_number,c1_0.status,c1_0.status_changed_at,c1_0.updated_at,c1_0.updated_by,c1_0.vehicle_make,c1_0.vehicle_model,c1_0.vehicle_registration,c1_0.vehicle_year from claims c1_0 order by c1_0.created_at desc limit ?,?
2026-03-05 12:02:18.730 [claim-service] [http-nio-8082-exec-8] [corr:d56c1aff-c323-4a71-85a7-cd880069f76a] DEBUG c.c.c.s.JwtAuthenticationFilter - Authenticated user: shashank123, correlationId: d56c1aff-c323-4a71-85a7-cd880069f76a
2026-03-05 12:02:18.749 [claim-service] [http-nio-8082-exec-8] [corr:d56c1aff-c323-4a71-85a7-cd880069f76a] DEBUG org.hibernate.SQL - select c1_0.id,c1_0.adjuster_id,c1_0.approved_amount,c1_0.assessor_id,c1_0.claim_amount,c1_0.claim_number,c1_0.claimant_id,c1_0.created_at,c1_0.created_by,c1_0.incident_date,c1_0.incident_description,c1_0.incident_location,c1_0.policy_number,c1_0.status,c1_0.status_changed_at,c1_0.updated_at,c1_0.updated_by,c1_0.vehicle_make,c1_0.vehicle_model,c1_0.vehicle_registration,c1_0.vehicle_year from claims c1_0 where c1_0.id=?
2026-03-05 12:02:18.753 [claim-service] [http-nio-8082-exec-8] [corr:d56c1aff-c323-4a71-85a7-cd880069f76a] DEBUG org.hibernate.SQL - update claims set adjuster_id=?,approved_amount=?,assessor_id=?,claim_amount=?,claim_number=?,claimant_id=?,incident_date=?,incident_description=?,incident_location=?,policy_number=?,status=?,status_changed_at=?,updated_at=?,updated_by=?,vehicle_make=?,vehicle_model=?,vehicle_registration=?,vehicle_year=? where id=?
2026-03-05 12:02:25.585 [claim-service] [AsyncResolver-bootstrap-executor-0] [corr:na] INFO  c.n.d.s.r.aws.ConfigClusterResolver - Resolving eureka endpoints via configuration
2026-03-05 12:02:30.473 [claim-service] [http-nio-8082-exec-9] [corr:2c57e684-8d8e-42d6-ac74-833003c72f05] DEBUG c.c.c.s.JwtAuthenticationFilter - Authenticated user: vikas123, correlationId: 2c57e684-8d8e-42d6-ac74-833003c72f05
2026-03-05 12:02:30.479 [claim-service] [http-nio-8082-exec-9] [corr:2c57e684-8d8e-42d6-ac74-833003c72f05] DEBUG org.hibernate.SQL - select c1_0.id,c1_0.adjuster_id,c1_0.approved_amount,c1_0.assessor_id,c1_0.claim_amount,c1_0.claim_number,c1_0.claimant_id,c1_0.created_at,c1_0.created_by,c1_0.incident_date,c1_0.incident_description,c1_0.incident_location,c1_0.policy_number,c1_0.status,c1_0.status_changed_at,c1_0.updated_at,c1_0.updated_by,c1_0.vehicle_make,c1_0.vehicle_model,c1_0.vehicle_registration,c1_0.vehicle_year from claims c1_0 where c1_0.claimant_id=?
2026-03-05 12:02:34.273 [claim-service] [http-nio-8082-exec-10] [corr:ea2485a2-4c36-421c-ae59-6937e913b268] DEBUG c.c.c.s.JwtAuthenticationFilter - Authenticated user: vikas123, correlationId: ea2485a2-4c36-421c-ae59-6937e913b268
2026-03-05 12:02:34.280 [claim-service] [http-nio-8082-exec-10] [corr:ea2485a2-4c36-421c-ae59-6937e913b268] DEBUG org.hibernate.SQL - select c1_0.id,c1_0.adjuster_id,c1_0.approved_amount,c1_0.assessor_id,c1_0.claim_amount,c1_0.claim_number,c1_0.claimant_id,c1_0.created_at,c1_0.created_by,c1_0.incident_date,c1_0.incident_description,c1_0.incident_location,c1_0.policy_number,c1_0.status,c1_0.status_changed_at,c1_0.updated_at,c1_0.updated_by,c1_0.vehicle_make,c1_0.vehicle_model,c1_0.vehicle_registration,c1_0.vehicle_year from claims c1_0 where c1_0.claimant_id=?
2026-03-05 12:02:54.510 [claim-service] [http-nio-8082-exec-1] [corr:47b3a669-9509-462f-b122-cb7798a76d51] DEBUG c.c.c.s.JwtAuthenticationFilter - Authenticated user: naveen123, correlationId: 47b3a669-9509-462f-b122-cb7798a76d51
2026-03-05 12:02:54.519 [claim-service] [http-nio-8082-exec-1] [corr:47b3a669-9509-462f-b122-cb7798a76d51] DEBUG org.hibernate.SQL - select c1_0.id,c1_0.adjuster_id,c1_0.approved_amount,c1_0.assessor_id,c1_0.claim_amount,c1_0.claim_number,c1_0.claimant_id,c1_0.created_at,c1_0.created_by,c1_0.incident_date,c1_0.incident_description,c1_0.incident_location,c1_0.policy_number,c1_0.status,c1_0.status_changed_at,c1_0.updated_at,c1_0.updated_by,c1_0.vehicle_make,c1_0.vehicle_model,c1_0.vehicle_registration,c1_0.vehicle_year from claims c1_0 where c1_0.status=? and c1_0.adjuster_id=?
2026-03-05 12:03:00.679 [claim-service] [http-nio-8082-exec-2] [corr:fa2e2a7f-f5dd-46f4-8d29-f56e9c901bcf] DEBUG c.c.c.s.JwtAuthenticationFilter - Authenticated user: naveen123, correlationId: fa2e2a7f-f5dd-46f4-8d29-f56e9c901bcf
2026-03-05 12:03:00.682 [claim-service] [http-nio-8082-exec-2] [corr:fa2e2a7f-f5dd-46f4-8d29-f56e9c901bcf] DEBUG org.hibernate.SQL - select c1_0.id,c1_0.adjuster_id,c1_0.approved_amount,c1_0.assessor_id,c1_0.claim_amount,c1_0.claim_number,c1_0.claimant_id,c1_0.created_at,c1_0.created_by,c1_0.incident_date,c1_0.incident_description,c1_0.incident_location,c1_0.policy_number,c1_0.status,c1_0.status_changed_at,c1_0.updated_at,c1_0.updated_by,c1_0.vehicle_make,c1_0.vehicle_model,c1_0.vehicle_registration,c1_0.vehicle_year from claims c1_0 where c1_0.id=?
2026-03-05 12:04:02.302 [claim-service] [http-nio-8082-exec-6] [corr:0c700dae-51a0-4661-9831-8f61ddf6b763] DEBUG c.c.c.s.JwtAuthenticationFilter - Authenticated user: naveen123, correlationId: 0c700dae-51a0-4661-9831-8f61ddf6b763
2026-03-05 12:04:02.309 [claim-service] [http-nio-8082-exec-6] [corr:0c700dae-51a0-4661-9831-8f61ddf6b763] DEBUG org.hibernate.SQL - select c1_0.id,c1_0.adjuster_id,c1_0.approved_amount,c1_0.assessor_id,c1_0.claim_amount,c1_0.claim_number,c1_0.claimant_id,c1_0.created_at,c1_0.created_by,c1_0.incident_date,c1_0.incident_description,c1_0.incident_location,c1_0.policy_number,c1_0.status,c1_0.status_changed_at,c1_0.updated_at,c1_0.updated_by,c1_0.vehicle_make,c1_0.vehicle_model,c1_0.vehicle_registration,c1_0.vehicle_year from claims c1_0 where c1_0.id=?
2026-03-05 12:04:02.309 [claim-service] [http-nio-8082-exec-6] [corr:0c700dae-51a0-4661-9831-8f61ddf6b763] WARN  c.c.c.e.GlobalExceptionHandler - Invalid argument: Invalid claim status transition from UNDER_REVIEW to UNDER_REVIEW
2026-03-05 12:04:16.377 [claim-service] [http-nio-8082-exec-5] [corr:63d3d385-f039-470a-84ba-b518fd04e321] DEBUG c.c.c.s.JwtAuthenticationFilter - Authenticated user: naveen123, correlationId: 63d3d385-f039-470a-84ba-b518fd04e321
2026-03-05 12:04:16.378 [claim-service] [http-nio-8082-exec-5] [corr:63d3d385-f039-470a-84ba-b518fd04e321] DEBUG org.hibernate.SQL - select c1_0.id,c1_0.adjuster_id,c1_0.approved_amount,c1_0.assessor_id,c1_0.claim_amount,c1_0.claim_number,c1_0.claimant_id,c1_0.created_at,c1_0.created_by,c1_0.incident_date,c1_0.incident_description,c1_0.incident_location,c1_0.policy_number,c1_0.status,c1_0.status_changed_at,c1_0.updated_at,c1_0.updated_by,c1_0.vehicle_make,c1_0.vehicle_model,c1_0.vehicle_registration,c1_0.vehicle_year from claims c1_0 where c1_0.id=?
2026-03-05 12:04:16.395 [claim-service] [http-nio-8082-exec-5] [corr:63d3d385-f039-470a-84ba-b518fd04e321] WARN  c.c.c.e.GlobalExceptionHandler - Invalid argument: Invalid claim status transition from UNDER_REVIEW to UNDER_REVIEW
2026-03-05 12:04:23.865 [claim-service] [http-nio-8082-exec-7] [corr:e9583625-0172-4812-ae4e-6e9d4e00577d] DEBUG c.c.c.s.JwtAuthenticationFilter - Authenticated user: naveen123, correlationId: e9583625-0172-4812-ae4e-6e9d4e00577d
2026-03-05 12:04:23.872 [claim-service] [http-nio-8082-exec-7] [corr:e9583625-0172-4812-ae4e-6e9d4e00577d] DEBUG org.hibernate.SQL - select c1_0.id,c1_0.adjuster_id,c1_0.approved_amount,c1_0.assessor_id,c1_0.claim_amount,c1_0.claim_number,c1_0.claimant_id,c1_0.created_at,c1_0.created_by,c1_0.incident_date,c1_0.incident_description,c1_0.incident_location,c1_0.policy_number,c1_0.status,c1_0.status_changed_at,c1_0.updated_at,c1_0.updated_by,c1_0.vehicle_make,c1_0.vehicle_model,c1_0.vehicle_registration,c1_0.vehicle_year from claims c1_0 where c1_0.id=?
2026-03-05 12:04:23.872 [claim-service] [http-nio-8082-exec-7] [corr:e9583625-0172-4812-ae4e-6e9d4e00577d] WARN  c.c.c.e.GlobalExceptionHandler - Invalid argument: Invalid claim status transition from UNDER_REVIEW to UNDER_REVIEW
2026-03-05 12:04:27.818 [claim-service] [http-nio-8082-exec-8] [corr:b3fa2456-ab10-47f0-88e1-f3c65724a570] DEBUG c.c.c.s.JwtAuthenticationFilter - Authenticated user: naveen123, correlationId: b3fa2456-ab10-47f0-88e1-f3c65724a570
2026-03-05 12:04:27.818 [claim-service] [http-nio-8082-exec-8] [corr:b3fa2456-ab10-47f0-88e1-f3c65724a570] DEBUG org.hibernate.SQL - select c1_0.id,c1_0.adjuster_id,c1_0.approved_amount,c1_0.assessor_id,c1_0.claim_amount,c1_0.claim_number,c1_0.claimant_id,c1_0.created_at,c1_0.created_by,c1_0.incident_date,c1_0.incident_description,c1_0.incident_location,c1_0.policy_number,c1_0.status,c1_0.status_changed_at,c1_0.updated_at,c1_0.updated_by,c1_0.vehicle_make,c1_0.vehicle_model,c1_0.vehicle_registration,c1_0.vehicle_year from claims c1_0 where c1_0.id=?
2026-03-05 12:04:27.835 [claim-service] [http-nio-8082-exec-8] [corr:b3fa2456-ab10-47f0-88e1-f3c65724a570] INFO  c.c.c.service.ClaimService - Claim CLM-72A35E4B status updated from UNDER_REVIEW to APPROVED
2026-03-05 12:04:27.835 [claim-service] [http-nio-8082-exec-8] [corr:b3fa2456-ab10-47f0-88e1-f3c65724a570] DEBUG c.c.claimservice.config.FeignConfig - Feign request to: /api/reports/status-change
2026-03-05 12:04:27.835 [claim-service] [http-nio-8082-exec-8] [corr:b3fa2456-ab10-47f0-88e1-f3c65724a570] DEBUG c.c.c.client.ReportingServiceClient - [ReportingServiceClient#reportStatusChange] ---> POST http://reporting-service/api/reports/status-change HTTP/1.1
2026-03-05 12:04:27.867 [claim-service] [http-nio-8082-exec-8] [corr:b3fa2456-ab10-47f0-88e1-f3c65724a570] DEBUG c.c.c.client.ReportingServiceClient - [ReportingServiceClient#reportStatusChange] <--- HTTP/1.1 200 (29ms)
2026-03-05 12:04:27.869 [claim-service] [http-nio-8082-exec-8] [corr:b3fa2456-ab10-47f0-88e1-f3c65724a570] DEBUG c.c.claimservice.config.FeignConfig - Feign request to: /api/notifications/internal/claim-status
2026-03-05 12:04:27.869 [claim-service] [http-nio-8082-exec-8] [corr:b3fa2456-ab10-47f0-88e1-f3c65724a570] DEBUG c.c.c.c.NotificationServiceClient - [NotificationServiceClient#sendClaimStatusNotification] ---> POST http://notification-service/api/notifications/internal/claim-status HTTP/1.1
2026-03-05 12:04:27.903 [claim-service] [http-nio-8082-exec-8] [corr:b3fa2456-ab10-47f0-88e1-f3c65724a570] DEBUG c.c.c.c.NotificationServiceClient - [NotificationServiceClient#sendClaimStatusNotification] <--- HTTP/1.1 200 (33ms)
2026-03-05 12:04:27.903 [claim-service] [http-nio-8082-exec-8] [corr:b3fa2456-ab10-47f0-88e1-f3c65724a570] DEBUG c.c.claimservice.config.FeignConfig - Feign request to: /api/assessments/notify-complete
2026-03-05 12:04:27.903 [claim-service] [http-nio-8082-exec-8] [corr:b3fa2456-ab10-47f0-88e1-f3c65724a570] DEBUG c.c.c.client.AssessmentServiceClient - [AssessmentServiceClient#notifyAssessmentComplete] ---> POST http://assessment-service/api/assessments/notify-complete HTTP/1.1
2026-03-05 12:04:27.919 [claim-service] [http-nio-8082-exec-8] [corr:b3fa2456-ab10-47f0-88e1-f3c65724a570] DEBUG c.c.c.client.AssessmentServiceClient - [AssessmentServiceClient#notifyAssessmentComplete] <--- HTTP/1.1 200 (13ms)
2026-03-05 12:04:27.919 [claim-service] [http-nio-8082-exec-8] [corr:b3fa2456-ab10-47f0-88e1-f3c65724a570] DEBUG org.hibernate.SQL - update claims set adjuster_id=?,approved_amount=?,assessor_id=?,claim_amount=?,claim_number=?,claimant_id=?,incident_date=?,incident_description=?,incident_location=?,policy_number=?,status=?,status_changed_at=?,updated_at=?,updated_by=?,vehicle_make=?,vehicle_model=?,vehicle_registration=?,vehicle_year=? where id=?
2026-03-05 12:04:27.938 [claim-service] [http-nio-8082-exec-9] [corr:b3fa2456-ab10-47f0-88e1-f3c65724a570] DEBUG c.c.c.s.JwtAuthenticationFilter - Authenticated user: naveen123, correlationId: b3fa2456-ab10-47f0-88e1-f3c65724a570
2026-03-05 12:04:27.943 [claim-service] [http-nio-8082-exec-9] [corr:b3fa2456-ab10-47f0-88e1-f3c65724a570] DEBUG org.hibernate.SQL - select c1_0.id,c1_0.adjuster_id,c1_0.approved_amount,c1_0.assessor_id,c1_0.claim_amount,c1_0.claim_number,c1_0.claimant_id,c1_0.created_at,c1_0.created_by,c1_0.incident_date,c1_0.incident_description,c1_0.incident_location,c1_0.policy_number,c1_0.status,c1_0.status_changed_at,c1_0.updated_at,c1_0.updated_by,c1_0.vehicle_make,c1_0.vehicle_model,c1_0.vehicle_registration,c1_0.vehicle_year from claims c1_0 where c1_0.id=?
2026-03-05 12:04:28.016 [claim-service] [http-nio-8082-exec-10] [corr:b3fa2456-ab10-47f0-88e1-f3c65724a570] DEBUG c.c.c.s.JwtAuthenticationFilter - Authenticated user: naveen123, correlationId: b3fa2456-ab10-47f0-88e1-f3c65724a570
2026-03-05 12:04:28.022 [claim-service] [http-nio-8082-exec-10] [corr:b3fa2456-ab10-47f0-88e1-f3c65724a570] DEBUG org.hibernate.SQL - select c1_0.id,c1_0.adjuster_id,c1_0.approved_amount,c1_0.assessor_id,c1_0.claim_amount,c1_0.claim_number,c1_0.claimant_id,c1_0.created_at,c1_0.created_by,c1_0.incident_date,c1_0.incident_description,c1_0.incident_location,c1_0.policy_number,c1_0.status,c1_0.status_changed_at,c1_0.updated_at,c1_0.updated_by,c1_0.vehicle_make,c1_0.vehicle_model,c1_0.vehicle_registration,c1_0.vehicle_year from claims c1_0 where c1_0.id=?
2026-03-05 12:04:28.024 [claim-service] [http-nio-8082-exec-10] [corr:b3fa2456-ab10-47f0-88e1-f3c65724a570] INFO  c.c.c.service.ClaimService - Claim CLM-72A35E4B status updated from APPROVED to PAID
2026-03-05 12:04:28.026 [claim-service] [http-nio-8082-exec-10] [corr:b3fa2456-ab10-47f0-88e1-f3c65724a570] DEBUG c.c.claimservice.config.FeignConfig - Feign request to: /api/reports/status-change
2026-03-05 12:04:28.026 [claim-service] [http-nio-8082-exec-10] [corr:b3fa2456-ab10-47f0-88e1-f3c65724a570] DEBUG c.c.c.client.ReportingServiceClient - [ReportingServiceClient#reportStatusChange] ---> POST http://reporting-service/api/reports/status-change HTTP/1.1
2026-03-05 12:04:28.032 [claim-service] [http-nio-8082-exec-10] [corr:b3fa2456-ab10-47f0-88e1-f3c65724a570] DEBUG c.c.c.client.ReportingServiceClient - [ReportingServiceClient#reportStatusChange] <--- HTTP/1.1 200 (16ms)
2026-03-05 12:04:28.032 [claim-service] [http-nio-8082-exec-10] [corr:b3fa2456-ab10-47f0-88e1-f3c65724a570] DEBUG c.c.claimservice.config.FeignConfig - Feign request to: /api/notifications/internal/claim-status
2026-03-05 12:04:28.048 [claim-service] [http-nio-8082-exec-10] [corr:b3fa2456-ab10-47f0-88e1-f3c65724a570] DEBUG c.c.c.c.NotificationServiceClient - [NotificationServiceClient#sendClaimStatusNotification] ---> POST http://notification-service/api/notifications/internal/claim-status HTTP/1.1
2026-03-05 12:04:28.064 [claim-service] [http-nio-8082-exec-10] [corr:b3fa2456-ab10-47f0-88e1-f3c65724a570] DEBUG c.c.c.c.NotificationServiceClient - [NotificationServiceClient#sendClaimStatusNotification] <--- HTTP/1.1 200 (26ms)
2026-03-05 12:04:28.064 [claim-service] [http-nio-8082-exec-10] [corr:b3fa2456-ab10-47f0-88e1-f3c65724a570] DEBUG org.hibernate.SQL - update claims set adjuster_id=?,approved_amount=?,assessor_id=?,claim_amount=?,claim_number=?,claimant_id=?,incident_date=?,incident_description=?,incident_location=?,policy_number=?,status=?,status_changed_at=?,updated_at=?,updated_by=?,vehicle_make=?,vehicle_model=?,vehicle_registration=?,vehicle_year=? where id=?
2026-03-05 12:04:28.178 [claim-service] [http-nio-8082-exec-1] [corr:e8de86cd-d59a-4ff8-82ab-9497e5360f51] DEBUG c.c.c.s.JwtAuthenticationFilter - Authenticated user: naveen123, correlationId: e8de86cd-d59a-4ff8-82ab-9497e5360f51
2026-03-05 12:04:28.186 [claim-service] [http-nio-8082-exec-1] [corr:e8de86cd-d59a-4ff8-82ab-9497e5360f51] DEBUG org.hibernate.SQL - select c1_0.id,c1_0.adjuster_id,c1_0.approved_amount,c1_0.assessor_id,c1_0.claim_amount,c1_0.claim_number,c1_0.claimant_id,c1_0.created_at,c1_0.created_by,c1_0.incident_date,c1_0.incident_description,c1_0.incident_location,c1_0.policy_number,c1_0.status,c1_0.status_changed_at,c1_0.updated_at,c1_0.updated_by,c1_0.vehicle_make,c1_0.vehicle_model,c1_0.vehicle_registration,c1_0.vehicle_year from claims c1_0 where c1_0.id=?
2026-03-05 12:04:47.555 [claim-service] [http-nio-8082-exec-2] [corr:53d0999c-4a4b-4358-937b-e524ea4649b7] DEBUG c.c.c.s.JwtAuthenticationFilter - Authenticated user: naveen123, correlationId: 53d0999c-4a4b-4358-937b-e524ea4649b7
2026-03-05 12:04:47.564 [claim-service] [http-nio-8082-exec-2] [corr:53d0999c-4a4b-4358-937b-e524ea4649b7] DEBUG org.hibernate.SQL - select c1_0.id,c1_0.adjuster_id,c1_0.approved_amount,c1_0.assessor_id,c1_0.claim_amount,c1_0.claim_number,c1_0.claimant_id,c1_0.created_at,c1_0.created_by,c1_0.incident_date,c1_0.incident_description,c1_0.incident_location,c1_0.policy_number,c1_0.status,c1_0.status_changed_at,c1_0.updated_at,c1_0.updated_by,c1_0.vehicle_make,c1_0.vehicle_model,c1_0.vehicle_registration,c1_0.vehicle_year from claims c1_0 where c1_0.status=? and c1_0.adjuster_id=?
2026-03-05 12:04:49.877 [claim-service] [http-nio-8082-exec-3] [corr:fdf030c6-d2d0-498b-8af4-63f330f5ff81] DEBUG c.c.c.s.JwtAuthenticationFilter - Authenticated user: naveen123, correlationId: fdf030c6-d2d0-498b-8af4-63f330f5ff81
2026-03-05 12:04:49.884 [claim-service] [http-nio-8082-exec-3] [corr:fdf030c6-d2d0-498b-8af4-63f330f5ff81] DEBUG org.hibernate.SQL - select c1_0.id,c1_0.adjuster_id,c1_0.approved_amount,c1_0.assessor_id,c1_0.claim_amount,c1_0.claim_number,c1_0.claimant_id,c1_0.created_at,c1_0.created_by,c1_0.incident_date,c1_0.incident_description,c1_0.incident_location,c1_0.policy_number,c1_0.status,c1_0.status_changed_at,c1_0.updated_at,c1_0.updated_by,c1_0.vehicle_make,c1_0.vehicle_model,c1_0.vehicle_registration,c1_0.vehicle_year from claims c1_0 order by c1_0.created_at desc limit ?,?
2026-03-05 12:05:05.721 [claim-service] [http-nio-8082-exec-4] [corr:901f103e-215a-466c-8882-f195b8087ecb] DEBUG c.c.c.s.JwtAuthenticationFilter - Authenticated user: shashank123, correlationId: 901f103e-215a-466c-8882-f195b8087ecb
2026-03-05 12:05:05.738 [claim-service] [http-nio-8082-exec-4] [corr:901f103e-215a-466c-8882-f195b8087ecb] DEBUG org.hibernate.SQL - select c1_0.id,c1_0.adjuster_id,c1_0.approved_amount,c1_0.assessor_id,c1_0.claim_amount,c1_0.claim_number,c1_0.claimant_id,c1_0.created_at,c1_0.created_by,c1_0.incident_date,c1_0.incident_description,c1_0.incident_location,c1_0.policy_number,c1_0.status,c1_0.status_changed_at,c1_0.updated_at,c1_0.updated_by,c1_0.vehicle_make,c1_0.vehicle_model,c1_0.vehicle_registration,c1_0.vehicle_year from claims c1_0 order by c1_0.created_at desc limit ?,?
2026-03-05 12:05:12.446 [claim-service] [http-nio-8082-exec-6] [corr:678503d9-5ccd-4916-9620-72fb0b3cefe2] DEBUG c.c.c.s.JwtAuthenticationFilter - Authenticated user: shashank123, correlationId: 678503d9-5ccd-4916-9620-72fb0b3cefe2
2026-03-05 12:05:12.450 [claim-service] [http-nio-8082-exec-6] [corr:678503d9-5ccd-4916-9620-72fb0b3cefe2] DEBUG org.hibernate.SQL - select c1_0.id,c1_0.adjuster_id,c1_0.approved_amount,c1_0.assessor_id,c1_0.claim_amount,c1_0.claim_number,c1_0.claimant_id,c1_0.created_at,c1_0.created_by,c1_0.incident_date,c1_0.incident_description,c1_0.incident_location,c1_0.policy_number,c1_0.status,c1_0.status_changed_at,c1_0.updated_at,c1_0.updated_by,c1_0.vehicle_make,c1_0.vehicle_model,c1_0.vehicle_registration,c1_0.vehicle_year from claims c1_0 where c1_0.id=?
2026-03-05 12:05:12.450 [claim-service] [http-nio-8082-exec-6] [corr:678503d9-5ccd-4916-9620-72fb0b3cefe2] WARN  c.c.c.e.GlobalExceptionHandler - Invalid argument: Invalid claim status transition from PAID to ADJUSTED
2026-03-05 12:05:36.864 [claim-service] [http-nio-8082-exec-9] [corr:61fa8e4a-a51b-42c8-846e-7c3ae531b1dc] DEBUG c.c.c.s.JwtAuthenticationFilter - Authenticated user: shashank123, correlationId: 61fa8e4a-a51b-42c8-846e-7c3ae531b1dc
2026-03-05 12:05:36.864 [claim-service] [http-nio-8082-exec-8] [corr:94dc46d1-998b-4d00-868d-9f63246d5bb0] DEBUG c.c.c.s.JwtAuthenticationFilter - Authenticated user: shashank123, correlationId: 94dc46d1-998b-4d00-868d-9f63246d5bb0
2026-03-05 12:05:36.873 [claim-service] [http-nio-8082-exec-9] [corr:61fa8e4a-a51b-42c8-846e-7c3ae531b1dc] DEBUG org.hibernate.SQL - select c1_0.id,c1_0.adjuster_id,c1_0.approved_amount,c1_0.assessor_id,c1_0.claim_amount,c1_0.claim_number,c1_0.claimant_id,c1_0.created_at,c1_0.created_by,c1_0.incident_date,c1_0.incident_description,c1_0.incident_location,c1_0.policy_number,c1_0.status,c1_0.status_changed_at,c1_0.updated_at,c1_0.updated_by,c1_0.vehicle_make,c1_0.vehicle_model,c1_0.vehicle_registration,c1_0.vehicle_year from claims c1_0
2026-03-05 12:05:36.873 [claim-service] [http-nio-8082-exec-8] [corr:94dc46d1-998b-4d00-868d-9f63246d5bb0] DEBUG org.hibernate.SQL - select c1_0.id,c1_0.adjuster_id,c1_0.approved_amount,c1_0.assessor_id,c1_0.claim_amount,c1_0.claim_number,c1_0.claimant_id,c1_0.created_at,c1_0.created_by,c1_0.incident_date,c1_0.incident_description,c1_0.incident_location,c1_0.policy_number,c1_0.status,c1_0.status_changed_at,c1_0.updated_at,c1_0.updated_by,c1_0.vehicle_make,c1_0.vehicle_model,c1_0.vehicle_registration,c1_0.vehicle_year from claims c1_0
2026-03-05 12:05:44.824 [claim-service] [http-nio-8082-exec-10] [corr:42125711-d08f-4742-bddc-9c7337b626e8] DEBUG c.c.c.s.JwtAuthenticationFilter - Authenticated user: shashank123, correlationId: 42125711-d08f-4742-bddc-9c7337b626e8
2026-03-05 12:05:44.825 [claim-service] [http-nio-8082-exec-1] [corr:667ed7c1-dceb-49f4-9de3-cad845d4d2dd] DEBUG c.c.c.s.JwtAuthenticationFilter - Authenticated user: shashank123, correlationId: 667ed7c1-dceb-49f4-9de3-cad845d4d2dd
2026-03-05 12:05:44.830 [claim-service] [http-nio-8082-exec-1] [corr:667ed7c1-dceb-49f4-9de3-cad845d4d2dd] DEBUG org.hibernate.SQL - select count(*) from claims c1_0
2026-03-05 12:05:44.831 [claim-service] [http-nio-8082-exec-10] [corr:42125711-d08f-4742-bddc-9c7337b626e8] DEBUG org.hibernate.SQL - select c1_0.id,c1_0.adjuster_id,c1_0.approved_amount,c1_0.assessor_id,c1_0.claim_amount,c1_0.claim_number,c1_0.claimant_id,c1_0.created_at,c1_0.created_by,c1_0.incident_date,c1_0.incident_description,c1_0.incident_location,c1_0.policy_number,c1_0.status,c1_0.status_changed_at,c1_0.updated_at,c1_0.updated_by,c1_0.vehicle_make,c1_0.vehicle_model,c1_0.vehicle_registration,c1_0.vehicle_year from claims c1_0 order by c1_0.created_at desc limit ?,?
2026-03-05 12:05:44.834 [claim-service] [http-nio-8082-exec-1] [corr:667ed7c1-dceb-49f4-9de3-cad845d4d2dd] DEBUG org.hibernate.SQL - select count(c1_0.id) from claims c1_0 where c1_0.status=?
2026-03-05 12:05:44.835 [claim-service] [http-nio-8082-exec-10] [corr:42125711-d08f-4742-bddc-9c7337b626e8] DEBUG org.hibernate.SQL - select count(c1_0.id) from claims c1_0
2026-03-05 12:05:44.839 [claim-service] [http-nio-8082-exec-1] [corr:667ed7c1-dceb-49f4-9de3-cad845d4d2dd] DEBUG org.hibernate.SQL - select count(c1_0.id) from claims c1_0 where c1_0.status=?
2026-03-05 12:05:44.843 [claim-service] [http-nio-8082-exec-1] [corr:667ed7c1-dceb-49f4-9de3-cad845d4d2dd] DEBUG org.hibernate.SQL - select count(c1_0.id) from claims c1_0 where c1_0.status=?
2026-03-05 12:05:44.846 [claim-service] [http-nio-8082-exec-1] [corr:667ed7c1-dceb-49f4-9de3-cad845d4d2dd] DEBUG org.hibernate.SQL - select count(c1_0.id) from claims c1_0 where c1_0.status=?
2026-03-05 12:05:44.846 [claim-service] [http-nio-8082-exec-1] [corr:667ed7c1-dceb-49f4-9de3-cad845d4d2dd] DEBUG org.hibernate.SQL - select count(c1_0.id) from claims c1_0 where c1_0.status=?
2026-03-05 12:05:44.854 [claim-service] [http-nio-8082-exec-1] [corr:667ed7c1-dceb-49f4-9de3-cad845d4d2dd] DEBUG org.hibernate.SQL - select count(c1_0.id) from claims c1_0 where c1_0.status=?
2026-03-05 12:05:44.857 [claim-service] [http-nio-8082-exec-1] [corr:667ed7c1-dceb-49f4-9de3-cad845d4d2dd] DEBUG org.hibernate.SQL - select count(c1_0.id) from claims c1_0 where c1_0.status=?
2026-03-05 12:05:44.860 [claim-service] [http-nio-8082-exec-1] [corr:667ed7c1-dceb-49f4-9de3-cad845d4d2dd] DEBUG org.hibernate.SQL - select count(c1_0.id) from claims c1_0 where c1_0.status=?
2026-03-05 12:05:44.865 [claim-service] [http-nio-8082-exec-1] [corr:667ed7c1-dceb-49f4-9de3-cad845d4d2dd] DEBUG org.hibernate.SQL - select coalesce(sum(c1_0.approved_amount),0) from claims c1_0 where c1_0.status='APPROVED'
2026-03-05 12:05:47.187 [claim-service] [http-nio-8082-exec-2] [corr:0087f68a-9aa7-4c82-a8e3-3b3a0567f866] DEBUG c.c.c.s.JwtAuthenticationFilter - Authenticated user: shashank123, correlationId: 0087f68a-9aa7-4c82-a8e3-3b3a0567f866
2026-03-05 12:05:47.192 [claim-service] [http-nio-8082-exec-2] [corr:0087f68a-9aa7-4c82-a8e3-3b3a0567f866] DEBUG org.hibernate.SQL - select c1_0.id,c1_0.adjuster_id,c1_0.approved_amount,c1_0.assessor_id,c1_0.claim_amount,c1_0.claim_number,c1_0.claimant_id,c1_0.created_at,c1_0.created_by,c1_0.incident_date,c1_0.incident_description,c1_0.incident_location,c1_0.policy_number,c1_0.status,c1_0.status_changed_at,c1_0.updated_at,c1_0.updated_by,c1_0.vehicle_make,c1_0.vehicle_model,c1_0.vehicle_registration,c1_0.vehicle_year from claims c1_0 where c1_0.id=?
2026-03-05 12:06:00.084 [claim-service] [http-nio-8082-exec-3] [corr:b7d3d4f1-691b-47fe-917b-b1b79671de3c] DEBUG c.c.c.s.JwtAuthenticationFilter - Authenticated user: shashank123, correlationId: b7d3d4f1-691b-47fe-917b-b1b79671de3c
2026-03-05 12:06:00.084 [claim-service] [http-nio-8082-exec-4] [corr:a18b56ba-b8ba-461f-934b-915c45ca2647] DEBUG c.c.c.s.JwtAuthenticationFilter - Authenticated user: shashank123, correlationId: a18b56ba-b8ba-461f-934b-915c45ca2647
2026-03-05 12:06:00.090 [claim-service] [http-nio-8082-exec-3] [corr:b7d3d4f1-691b-47fe-917b-b1b79671de3c] DEBUG org.hibernate.SQL - select count(*) from claims c1_0
2026-03-05 12:06:00.093 [claim-service] [http-nio-8082-exec-4] [corr:a18b56ba-b8ba-461f-934b-915c45ca2647] DEBUG org.hibernate.SQL - select c1_0.id,c1_0.adjuster_id,c1_0.approved_amount,c1_0.assessor_id,c1_0.claim_amount,c1_0.claim_number,c1_0.claimant_id,c1_0.created_at,c1_0.created_by,c1_0.incident_date,c1_0.incident_description,c1_0.incident_location,c1_0.policy_number,c1_0.status,c1_0.status_changed_at,c1_0.updated_at,c1_0.updated_by,c1_0.vehicle_make,c1_0.vehicle_model,c1_0.vehicle_registration,c1_0.vehicle_year from claims c1_0 order by c1_0.created_at desc limit ?,?
2026-03-05 12:06:00.095 [claim-service] [http-nio-8082-exec-3] [corr:b7d3d4f1-691b-47fe-917b-b1b79671de3c] DEBUG org.hibernate.SQL - select count(c1_0.id) from claims c1_0 where c1_0.status=?
2026-03-05 12:06:00.098 [claim-service] [http-nio-8082-exec-3] [corr:b7d3d4f1-691b-47fe-917b-b1b79671de3c] DEBUG org.hibernate.SQL - select count(c1_0.id) from claims c1_0 where c1_0.status=?
2026-03-05 12:06:00.098 [claim-service] [http-nio-8082-exec-4] [corr:a18b56ba-b8ba-461f-934b-915c45ca2647] DEBUG org.hibernate.SQL - select count(c1_0.id) from claims c1_0
2026-03-05 12:06:00.102 [claim-service] [http-nio-8082-exec-3] [corr:b7d3d4f1-691b-47fe-917b-b1b79671de3c] DEBUG org.hibernate.SQL - select count(c1_0.id) from claims c1_0 where c1_0.status=?
2026-03-05 12:06:00.107 [claim-service] [http-nio-8082-exec-3] [corr:b7d3d4f1-691b-47fe-917b-b1b79671de3c] DEBUG org.hibernate.SQL - select count(c1_0.id) from claims c1_0 where c1_0.status=?
2026-03-05 12:06:00.110 [claim-service] [http-nio-8082-exec-3] [corr:b7d3d4f1-691b-47fe-917b-b1b79671de3c] DEBUG org.hibernate.SQL - select count(c1_0.id) from claims c1_0 where c1_0.status=?
2026-03-05 12:06:00.112 [claim-service] [http-nio-8082-exec-3] [corr:b7d3d4f1-691b-47fe-917b-b1b79671de3c] DEBUG org.hibernate.SQL - select count(c1_0.id) from claims c1_0 where c1_0.status=?
2026-03-05 12:06:00.119 [claim-service] [http-nio-8082-exec-3] [corr:b7d3d4f1-691b-47fe-917b-b1b79671de3c] DEBUG org.hibernate.SQL - select count(c1_0.id) from claims c1_0 where c1_0.status=?
2026-03-05 12:06:00.121 [claim-service] [http-nio-8082-exec-3] [corr:b7d3d4f1-691b-47fe-917b-b1b79671de3c] DEBUG org.hibernate.SQL - select count(c1_0.id) from claims c1_0 where c1_0.status=?
2026-03-05 12:06:00.127 [claim-service] [http-nio-8082-exec-3] [corr:b7d3d4f1-691b-47fe-917b-b1b79671de3c] DEBUG org.hibernate.SQL - select coalesce(sum(c1_0.approved_amount),0) from claims c1_0 where c1_0.status='APPROVED'
2026-03-05 12:06:04.023 [claim-service] [http-nio-8082-exec-6] [corr:85e18ff7-ccf3-4c50-a447-4dcdfa565240] DEBUG c.c.c.s.JwtAuthenticationFilter - Authenticated user: shashank123, correlationId: 85e18ff7-ccf3-4c50-a447-4dcdfa565240
2026-03-05 12:06:04.023 [claim-service] [http-nio-8082-exec-6] [corr:85e18ff7-ccf3-4c50-a447-4dcdfa565240] DEBUG org.hibernate.SQL - select c1_0.id,c1_0.adjuster_id,c1_0.approved_amount,c1_0.assessor_id,c1_0.claim_amount,c1_0.claim_number,c1_0.claimant_id,c1_0.created_at,c1_0.created_by,c1_0.incident_date,c1_0.incident_description,c1_0.incident_location,c1_0.policy_number,c1_0.status,c1_0.status_changed_at,c1_0.updated_at,c1_0.updated_by,c1_0.vehicle_make,c1_0.vehicle_model,c1_0.vehicle_registration,c1_0.vehicle_year from claims c1_0 where c1_0.id=?
2026-03-05 12:06:14.748 [claim-service] [http-nio-8082-exec-5] [corr:aa84b62d-cb12-4e38-b755-a8a171407921] DEBUG c.c.c.s.JwtAuthenticationFilter - Authenticated user: shashank123, correlationId: aa84b62d-cb12-4e38-b755-a8a171407921
2026-03-05 12:06:14.748 [claim-service] [http-nio-8082-exec-5] [corr:aa84b62d-cb12-4e38-b755-a8a171407921] DEBUG org.hibernate.SQL - select c1_0.id,c1_0.adjuster_id,c1_0.approved_amount,c1_0.assessor_id,c1_0.claim_amount,c1_0.claim_number,c1_0.claimant_id,c1_0.created_at,c1_0.created_by,c1_0.incident_date,c1_0.incident_description,c1_0.incident_location,c1_0.policy_number,c1_0.status,c1_0.status_changed_at,c1_0.updated_at,c1_0.updated_by,c1_0.vehicle_make,c1_0.vehicle_model,c1_0.vehicle_registration,c1_0.vehicle_year from claims c1_0 where c1_0.id=?
2026-03-05 12:06:14.764 [claim-service] [http-nio-8082-exec-5] [corr:aa84b62d-cb12-4e38-b755-a8a171407921] WARN  c.c.c.e.GlobalExceptionHandler - Invalid argument: Invalid claim status transition from SUBMITTED to ADJUSTED
2026-03-05 12:06:21.110 [claim-service] [http-nio-8082-exec-7] [corr:e7e216bf-eb2d-4633-ba71-4d9361ee484d] DEBUG c.c.c.s.JwtAuthenticationFilter - Authenticated user: shashank123, correlationId: e7e216bf-eb2d-4633-ba71-4d9361ee484d
2026-03-05 12:06:21.110 [claim-service] [http-nio-8082-exec-7] [corr:e7e216bf-eb2d-4633-ba71-4d9361ee484d] DEBUG org.hibernate.SQL - select c1_0.id,c1_0.adjuster_id,c1_0.approved_amount,c1_0.assessor_id,c1_0.claim_amount,c1_0.claim_number,c1_0.claimant_id,c1_0.created_at,c1_0.created_by,c1_0.incident_date,c1_0.incident_description,c1_0.incident_location,c1_0.policy_number,c1_0.status,c1_0.status_changed_at,c1_0.updated_at,c1_0.updated_by,c1_0.vehicle_make,c1_0.vehicle_model,c1_0.vehicle_registration,c1_0.vehicle_year from claims c1_0 where c1_0.id=?
2026-03-05 12:06:21.125 [claim-service] [http-nio-8082-exec-7] [corr:e7e216bf-eb2d-4633-ba71-4d9361ee484d] WARN  c.c.c.e.GlobalExceptionHandler - Invalid argument: Invalid claim status transition from SUBMITTED to REJECTED
2026-03-05 12:06:27.701 [claim-service] [http-nio-8082-exec-9] [corr:43e36bbf-f05d-4d53-8819-62332d2bd00d] DEBUG c.c.c.s.JwtAuthenticationFilter - Authenticated user: shashank123, correlationId: 43e36bbf-f05d-4d53-8819-62332d2bd00d
2026-03-05 12:06:27.711 [claim-service] [http-nio-8082-exec-9] [corr:43e36bbf-f05d-4d53-8819-62332d2bd00d] DEBUG org.hibernate.SQL - select c1_0.id,c1_0.adjuster_id,c1_0.approved_amount,c1_0.assessor_id,c1_0.claim_amount,c1_0.claim_number,c1_0.claimant_id,c1_0.created_at,c1_0.created_by,c1_0.incident_date,c1_0.incident_description,c1_0.incident_location,c1_0.policy_number,c1_0.status,c1_0.status_changed_at,c1_0.updated_at,c1_0.updated_by,c1_0.vehicle_make,c1_0.vehicle_model,c1_0.vehicle_registration,c1_0.vehicle_year from claims c1_0 order by c1_0.created_at desc limit ?,?
2026-03-05 12:06:43.233 [claim-service] [http-nio-8082-exec-8] [corr:fd84ed5e-a305-491f-b5c1-83103970d36d] DEBUG c.c.c.s.JwtAuthenticationFilter - Authenticated user: shashank123, correlationId: fd84ed5e-a305-491f-b5c1-83103970d36d
2026-03-05 12:06:43.235 [claim-service] [http-nio-8082-exec-10] [corr:7da3271a-76d4-4330-829c-b9d2c9bfd5eb] DEBUG c.c.c.s.JwtAuthenticationFilter - Authenticated user: shashank123, correlationId: 7da3271a-76d4-4330-829c-b9d2c9bfd5eb
2026-03-05 12:06:43.238 [claim-service] [http-nio-8082-exec-8] [corr:fd84ed5e-a305-491f-b5c1-83103970d36d] DEBUG org.hibernate.SQL - select c1_0.id,c1_0.adjuster_id,c1_0.approved_amount,c1_0.assessor_id,c1_0.claim_amount,c1_0.claim_number,c1_0.claimant_id,c1_0.created_at,c1_0.created_by,c1_0.incident_date,c1_0.incident_description,c1_0.incident_location,c1_0.policy_number,c1_0.status,c1_0.status_changed_at,c1_0.updated_at,c1_0.updated_by,c1_0.vehicle_make,c1_0.vehicle_model,c1_0.vehicle_registration,c1_0.vehicle_year from claims c1_0 order by c1_0.created_at desc limit ?,?
2026-03-05 12:06:43.238 [claim-service] [http-nio-8082-exec-10] [corr:7da3271a-76d4-4330-829c-b9d2c9bfd5eb] DEBUG org.hibernate.SQL - select count(*) from claims c1_0
2026-03-05 12:06:43.243 [claim-service] [http-nio-8082-exec-10] [corr:7da3271a-76d4-4330-829c-b9d2c9bfd5eb] DEBUG org.hibernate.SQL - select count(c1_0.id) from claims c1_0 where c1_0.status=?
2026-03-05 12:06:43.245 [claim-service] [http-nio-8082-exec-8] [corr:fd84ed5e-a305-491f-b5c1-83103970d36d] DEBUG org.hibernate.SQL - select count(c1_0.id) from claims c1_0
2026-03-05 12:06:43.247 [claim-service] [http-nio-8082-exec-10] [corr:7da3271a-76d4-4330-829c-b9d2c9bfd5eb] DEBUG org.hibernate.SQL - select count(c1_0.id) from claims c1_0 where c1_0.status=?
2026-03-05 12:06:43.251 [claim-service] [http-nio-8082-exec-10] [corr:7da3271a-76d4-4330-829c-b9d2c9bfd5eb] DEBUG org.hibernate.SQL - select count(c1_0.id) from claims c1_0 where c1_0.status=?
2026-03-05 12:06:43.254 [claim-service] [http-nio-8082-exec-10] [corr:7da3271a-76d4-4330-829c-b9d2c9bfd5eb] DEBUG org.hibernate.SQL - select count(c1_0.id) from claims c1_0 where c1_0.status=?
2026-03-05 12:06:43.255 [claim-service] [http-nio-8082-exec-10] [corr:7da3271a-76d4-4330-829c-b9d2c9bfd5eb] DEBUG org.hibernate.SQL - select count(c1_0.id) from claims c1_0 where c1_0.status=?
2026-03-05 12:06:43.261 [claim-service] [http-nio-8082-exec-10] [corr:7da3271a-76d4-4330-829c-b9d2c9bfd5eb] DEBUG org.hibernate.SQL - select count(c1_0.id) from claims c1_0 where c1_0.status=?
2026-03-05 12:06:43.265 [claim-service] [http-nio-8082-exec-10] [corr:7da3271a-76d4-4330-829c-b9d2c9bfd5eb] DEBUG org.hibernate.SQL - select count(c1_0.id) from claims c1_0 where c1_0.status=?
2026-03-05 12:06:43.267 [claim-service] [http-nio-8082-exec-10] [corr:7da3271a-76d4-4330-829c-b9d2c9bfd5eb] DEBUG org.hibernate.SQL - select count(c1_0.id) from claims c1_0 where c1_0.status=?
2026-03-05 12:06:43.270 [claim-service] [http-nio-8082-exec-10] [corr:7da3271a-76d4-4330-829c-b9d2c9bfd5eb] DEBUG org.hibernate.SQL - select coalesce(sum(c1_0.approved_amount),0) from claims c1_0 where c1_0.status='APPROVED'
2026-03-05 12:06:49.274 [claim-service] [http-nio-8082-exec-1] [corr:a8f6520f-d39f-4630-b094-0f86cf5c7b8e] DEBUG c.c.c.s.JwtAuthenticationFilter - Authenticated user: naveen123, correlationId: a8f6520f-d39f-4630-b094-0f86cf5c7b8e
2026-03-05 12:06:49.289 [claim-service] [http-nio-8082-exec-1] [corr:a8f6520f-d39f-4630-b094-0f86cf5c7b8e] WARN  c.c.c.e.GlobalExceptionHandler - Access denied: Access Denied
2026-03-05 12:06:52.202 [claim-service] [http-nio-8082-exec-2] [corr:878639a2-6666-4721-9131-6cb032fd780f] DEBUG c.c.c.s.JwtAuthenticationFilter - Authenticated user: shashank123, correlationId: 878639a2-6666-4721-9131-6cb032fd780f
2026-03-05 12:06:52.202 [claim-service] [http-nio-8082-exec-4] [corr:44ca5b7f-5123-4ce6-b840-2c4fc9746195] DEBUG c.c.c.s.JwtAuthenticationFilter - Authenticated user: shashank123, correlationId: 44ca5b7f-5123-4ce6-b840-2c4fc9746195
2026-03-05 12:06:52.207 [claim-service] [http-nio-8082-exec-4] [corr:44ca5b7f-5123-4ce6-b840-2c4fc9746195] DEBUG org.hibernate.SQL - select count(*) from claims c1_0
2026-03-05 12:06:52.208 [claim-service] [http-nio-8082-exec-2] [corr:878639a2-6666-4721-9131-6cb032fd780f] DEBUG org.hibernate.SQL - select c1_0.id,c1_0.adjuster_id,c1_0.approved_amount,c1_0.assessor_id,c1_0.claim_amount,c1_0.claim_number,c1_0.claimant_id,c1_0.created_at,c1_0.created_by,c1_0.incident_date,c1_0.incident_description,c1_0.incident_location,c1_0.policy_number,c1_0.status,c1_0.status_changed_at,c1_0.updated_at,c1_0.updated_by,c1_0.vehicle_make,c1_0.vehicle_model,c1_0.vehicle_registration,c1_0.vehicle_year from claims c1_0 where c1_0.status=?
2026-03-05 12:06:52.209 [claim-service] [http-nio-8082-exec-4] [corr:44ca5b7f-5123-4ce6-b840-2c4fc9746195] DEBUG org.hibernate.SQL - select count(c1_0.id) from claims c1_0 where c1_0.status=?
2026-03-05 12:06:52.211 [claim-service] [http-nio-8082-exec-4] [corr:44ca5b7f-5123-4ce6-b840-2c4fc9746195] DEBUG org.hibernate.SQL - select count(c1_0.id) from claims c1_0 where c1_0.status=?
2026-03-05 12:06:52.215 [claim-service] [http-nio-8082-exec-4] [corr:44ca5b7f-5123-4ce6-b840-2c4fc9746195] DEBUG org.hibernate.SQL - select count(c1_0.id) from claims c1_0 where c1_0.status=?
2026-03-05 12:06:52.217 [claim-service] [http-nio-8082-exec-4] [corr:44ca5b7f-5123-4ce6-b840-2c4fc9746195] DEBUG org.hibernate.SQL - select count(c1_0.id) from claims c1_0 where c1_0.status=?
2026-03-05 12:06:52.220 [claim-service] [http-nio-8082-exec-4] [corr:44ca5b7f-5123-4ce6-b840-2c4fc9746195] DEBUG org.hibernate.SQL - select count(c1_0.id) from claims c1_0 where c1_0.status=?
2026-03-05 12:06:52.220 [claim-service] [http-nio-8082-exec-4] [corr:44ca5b7f-5123-4ce6-b840-2c4fc9746195] DEBUG org.hibernate.SQL - select count(c1_0.id) from claims c1_0 where c1_0.status=?
2026-03-05 12:06:52.220 [claim-service] [http-nio-8082-exec-4] [corr:44ca5b7f-5123-4ce6-b840-2c4fc9746195] DEBUG org.hibernate.SQL - select count(c1_0.id) from claims c1_0 where c1_0.status=?
2026-03-05 12:06:52.233 [claim-service] [http-nio-8082-exec-4] [corr:44ca5b7f-5123-4ce6-b840-2c4fc9746195] DEBUG org.hibernate.SQL - select count(c1_0.id) from claims c1_0 where c1_0.status=?
2026-03-05 12:06:52.235 [claim-service] [http-nio-8082-exec-4] [corr:44ca5b7f-5123-4ce6-b840-2c4fc9746195] DEBUG org.hibernate.SQL - select coalesce(sum(c1_0.approved_amount),0) from claims c1_0 where c1_0.status='APPROVED'
2026-03-05 12:06:53.725 [claim-service] [http-nio-8082-exec-3] [corr:b52318c2-5471-4784-bc3a-e1e0cdb59f5b] DEBUG c.c.c.s.JwtAuthenticationFilter - Authenticated user: shashank123, correlationId: b52318c2-5471-4784-bc3a-e1e0cdb59f5b
2026-03-05 12:06:53.735 [claim-service] [http-nio-8082-exec-3] [corr:b52318c2-5471-4784-bc3a-e1e0cdb59f5b] DEBUG org.hibernate.SQL - select c1_0.id,c1_0.adjuster_id,c1_0.approved_amount,c1_0.assessor_id,c1_0.claim_amount,c1_0.claim_number,c1_0.claimant_id,c1_0.created_at,c1_0.created_by,c1_0.incident_date,c1_0.incident_description,c1_0.incident_location,c1_0.policy_number,c1_0.status,c1_0.status_changed_at,c1_0.updated_at,c1_0.updated_by,c1_0.vehicle_make,c1_0.vehicle_model,c1_0.vehicle_registration,c1_0.vehicle_year from claims c1_0 order by c1_0.created_at desc limit ?,?
2026-03-05 12:06:56.458 [claim-service] [http-nio-8082-exec-6] [corr:368f21eb-47a9-4b22-835e-01f770b68b17] DEBUG c.c.c.s.JwtAuthenticationFilter - Authenticated user: shashank123, correlationId: 368f21eb-47a9-4b22-835e-01f770b68b17
2026-03-05 12:06:56.465 [claim-service] [http-nio-8082-exec-6] [corr:368f21eb-47a9-4b22-835e-01f770b68b17] DEBUG org.hibernate.SQL - select c1_0.id,c1_0.adjuster_id,c1_0.approved_amount,c1_0.assessor_id,c1_0.claim_amount,c1_0.claim_number,c1_0.claimant_id,c1_0.created_at,c1_0.created_by,c1_0.incident_date,c1_0.incident_description,c1_0.incident_location,c1_0.policy_number,c1_0.status,c1_0.status_changed_at,c1_0.updated_at,c1_0.updated_by,c1_0.vehicle_make,c1_0.vehicle_model,c1_0.vehicle_registration,c1_0.vehicle_year from claims c1_0 where c1_0.id=?
2026-03-05 12:06:56.467 [claim-service] [http-nio-8082-exec-6] [corr:368f21eb-47a9-4b22-835e-01f770b68b17] DEBUG org.hibernate.SQL - update claims set adjuster_id=?,approved_amount=?,assessor_id=?,claim_amount=?,claim_number=?,claimant_id=?,incident_date=?,incident_description=?,incident_location=?,policy_number=?,status=?,status_changed_at=?,updated_at=?,updated_by=?,vehicle_make=?,vehicle_model=?,vehicle_registration=?,vehicle_year=? where id=?
2026-03-05 12:06:57.914 [claim-service] [http-nio-8082-exec-5] [corr:513c6558-5ab4-4a45-a0af-dcf3d21a5519] DEBUG c.c.c.s.JwtAuthenticationFilter - Authenticated user: shashank123, correlationId: 513c6558-5ab4-4a45-a0af-dcf3d21a5519
2026-03-05 12:06:57.917 [claim-service] [http-nio-8082-exec-5] [corr:513c6558-5ab4-4a45-a0af-dcf3d21a5519] DEBUG org.hibernate.SQL - select c1_0.id,c1_0.adjuster_id,c1_0.approved_amount,c1_0.assessor_id,c1_0.claim_amount,c1_0.claim_number,c1_0.claimant_id,c1_0.created_at,c1_0.created_by,c1_0.incident_date,c1_0.incident_description,c1_0.incident_location,c1_0.policy_number,c1_0.status,c1_0.status_changed_at,c1_0.updated_at,c1_0.updated_by,c1_0.vehicle_make,c1_0.vehicle_model,c1_0.vehicle_registration,c1_0.vehicle_year from claims c1_0 where c1_0.id=?
2026-03-05 12:06:57.917 [claim-service] [http-nio-8082-exec-5] [corr:513c6558-5ab4-4a45-a0af-dcf3d21a5519] DEBUG org.hibernate.SQL - update claims set adjuster_id=?,approved_amount=?,assessor_id=?,claim_amount=?,claim_number=?,claimant_id=?,incident_date=?,incident_description=?,incident_location=?,policy_number=?,status=?,status_changed_at=?,updated_at=?,updated_by=?,vehicle_make=?,vehicle_model=?,vehicle_registration=?,vehicle_year=? where id=?
2026-03-05 12:07:05.606 [claim-service] [http-nio-8082-exec-7] [corr:fd6c07c7-707f-4694-a17c-809c71745d60] DEBUG c.c.c.s.JwtAuthenticationFilter - Authenticated user: shashank123, correlationId: fd6c07c7-707f-4694-a17c-809c71745d60
2026-03-05 12:07:05.609 [claim-service] [http-nio-8082-exec-7] [corr:fd6c07c7-707f-4694-a17c-809c71745d60] DEBUG org.hibernate.SQL - select c1_0.id,c1_0.adjuster_id,c1_0.approved_amount,c1_0.assessor_id,c1_0.claim_amount,c1_0.claim_number,c1_0.claimant_id,c1_0.created_at,c1_0.created_by,c1_0.incident_date,c1_0.incident_description,c1_0.incident_location,c1_0.policy_number,c1_0.status,c1_0.status_changed_at,c1_0.updated_at,c1_0.updated_by,c1_0.vehicle_make,c1_0.vehicle_model,c1_0.vehicle_registration,c1_0.vehicle_year from claims c1_0 where c1_0.id=?
2026-03-05 12:07:05.622 [claim-service] [http-nio-8082-exec-7] [corr:fd6c07c7-707f-4694-a17c-809c71745d60] DEBUG org.hibernate.SQL - update claims set adjuster_id=?,approved_amount=?,assessor_id=?,claim_amount=?,claim_number=?,claimant_id=?,incident_date=?,incident_description=?,incident_location=?,policy_number=?,status=?,status_changed_at=?,updated_at=?,updated_by=?,vehicle_make=?,vehicle_model=?,vehicle_registration=?,vehicle_year=? where id=?
2026-03-05 12:07:09.307 [claim-service] [http-nio-8082-exec-9] [corr:0520614e-78ea-4b31-912e-64e88f35e39b] DEBUG c.c.c.s.JwtAuthenticationFilter - Authenticated user: shashank123, correlationId: 0520614e-78ea-4b31-912e-64e88f35e39b
2026-03-05 12:07:09.321 [claim-service] [http-nio-8082-exec-9] [corr:0520614e-78ea-4b31-912e-64e88f35e39b] DEBUG org.hibernate.SQL - select c1_0.id,c1_0.adjuster_id,c1_0.approved_amount,c1_0.assessor_id,c1_0.claim_amount,c1_0.claim_number,c1_0.claimant_id,c1_0.created_at,c1_0.created_by,c1_0.incident_date,c1_0.incident_description,c1_0.incident_location,c1_0.policy_number,c1_0.status,c1_0.status_changed_at,c1_0.updated_at,c1_0.updated_by,c1_0.vehicle_make,c1_0.vehicle_model,c1_0.vehicle_registration,c1_0.vehicle_year from claims c1_0 where c1_0.id=?
2026-03-05 12:07:09.330 [claim-service] [http-nio-8082-exec-9] [corr:0520614e-78ea-4b31-912e-64e88f35e39b] WARN  c.c.c.e.GlobalExceptionHandler - Invalid argument: Invalid claim status transition from PAID to UNDER_REVIEW
2026-03-05 12:07:12.934 [claim-service] [http-nio-8082-exec-8] [corr:6f311804-515d-49c8-9d6b-896d454f59d6] DEBUG c.c.c.s.JwtAuthenticationFilter - Authenticated user: shashank123, correlationId: 6f311804-515d-49c8-9d6b-896d454f59d6
2026-03-05 12:07:12.934 [claim-service] [http-nio-8082-exec-8] [corr:6f311804-515d-49c8-9d6b-896d454f59d6] DEBUG org.hibernate.SQL - select c1_0.id,c1_0.adjuster_id,c1_0.approved_amount,c1_0.assessor_id,c1_0.claim_amount,c1_0.claim_number,c1_0.claimant_id,c1_0.created_at,c1_0.created_by,c1_0.incident_date,c1_0.incident_description,c1_0.incident_location,c1_0.policy_number,c1_0.status,c1_0.status_changed_at,c1_0.updated_at,c1_0.updated_by,c1_0.vehicle_make,c1_0.vehicle_model,c1_0.vehicle_registration,c1_0.vehicle_year from claims c1_0 where c1_0.id=?
2026-03-05 12:07:12.934 [claim-service] [http-nio-8082-exec-8] [corr:6f311804-515d-49c8-9d6b-896d454f59d6] WARN  c.c.c.e.GlobalExceptionHandler - Invalid argument: Invalid claim status transition from PAID to APPROVED
2026-03-05 12:07:13.894 [claim-service] [http-nio-8082-exec-10] [corr:fee6cf99-1a21-469b-ba8b-0dbee5f623ea] DEBUG c.c.c.s.JwtAuthenticationFilter - Authenticated user: shashank123, correlationId: fee6cf99-1a21-469b-ba8b-0dbee5f623ea
2026-03-05 12:07:13.900 [claim-service] [http-nio-8082-exec-10] [corr:fee6cf99-1a21-469b-ba8b-0dbee5f623ea] DEBUG org.hibernate.SQL - select c1_0.id,c1_0.adjuster_id,c1_0.approved_amount,c1_0.assessor_id,c1_0.claim_amount,c1_0.claim_number,c1_0.claimant_id,c1_0.created_at,c1_0.created_by,c1_0.incident_date,c1_0.incident_description,c1_0.incident_location,c1_0.policy_number,c1_0.status,c1_0.status_changed_at,c1_0.updated_at,c1_0.updated_by,c1_0.vehicle_make,c1_0.vehicle_model,c1_0.vehicle_registration,c1_0.vehicle_year from claims c1_0 where c1_0.id=?
2026-03-05 12:07:13.904 [claim-service] [http-nio-8082-exec-10] [corr:fee6cf99-1a21-469b-ba8b-0dbee5f623ea] WARN  c.c.c.e.GlobalExceptionHandler - Invalid argument: Invalid claim status transition from PAID to REJECTED
2026-03-05 12:07:14.566 [claim-service] [http-nio-8082-exec-1] [corr:24c13a0d-73aa-49f1-89e9-26074989d29f] DEBUG c.c.c.s.JwtAuthenticationFilter - Authenticated user: shashank123, correlationId: 24c13a0d-73aa-49f1-89e9-26074989d29f
2026-03-05 12:07:14.574 [claim-service] [http-nio-8082-exec-1] [corr:24c13a0d-73aa-49f1-89e9-26074989d29f] DEBUG org.hibernate.SQL - select c1_0.id,c1_0.adjuster_id,c1_0.approved_amount,c1_0.assessor_id,c1_0.claim_amount,c1_0.claim_number,c1_0.claimant_id,c1_0.created_at,c1_0.created_by,c1_0.incident_date,c1_0.incident_description,c1_0.incident_location,c1_0.policy_number,c1_0.status,c1_0.status_changed_at,c1_0.updated_at,c1_0.updated_by,c1_0.vehicle_make,c1_0.vehicle_model,c1_0.vehicle_registration,c1_0.vehicle_year from claims c1_0 where c1_0.id=?
2026-03-05 12:07:14.578 [claim-service] [http-nio-8082-exec-1] [corr:24c13a0d-73aa-49f1-89e9-26074989d29f] WARN  c.c.c.e.GlobalExceptionHandler - Invalid argument: Invalid claim status transition from PAID to ADJUSTED
2026-03-05 12:07:15.736 [claim-service] [http-nio-8082-exec-2] [corr:e2df9b46-3c48-4a86-8b86-6b7d56d2b182] DEBUG c.c.c.s.JwtAuthenticationFilter - Authenticated user: shashank123, correlationId: e2df9b46-3c48-4a86-8b86-6b7d56d2b182
2026-03-05 12:07:15.741 [claim-service] [http-nio-8082-exec-2] [corr:e2df9b46-3c48-4a86-8b86-6b7d56d2b182] DEBUG org.hibernate.SQL - select c1_0.id,c1_0.adjuster_id,c1_0.approved_amount,c1_0.assessor_id,c1_0.claim_amount,c1_0.claim_number,c1_0.claimant_id,c1_0.created_at,c1_0.created_by,c1_0.incident_date,c1_0.incident_description,c1_0.incident_location,c1_0.policy_number,c1_0.status,c1_0.status_changed_at,c1_0.updated_at,c1_0.updated_by,c1_0.vehicle_make,c1_0.vehicle_model,c1_0.vehicle_registration,c1_0.vehicle_year from claims c1_0 where c1_0.id=?
2026-03-05 12:07:15.749 [claim-service] [http-nio-8082-exec-2] [corr:e2df9b46-3c48-4a86-8b86-6b7d56d2b182] WARN  c.c.c.e.GlobalExceptionHandler - Invalid argument: Invalid claim status transition from PAID to UNDER_REVIEW
2026-03-05 12:07:22.045 [claim-service] [http-nio-8082-exec-4] [corr:837a1add-db09-47eb-bcf1-d1e581451840] DEBUG c.c.c.s.JwtAuthenticationFilter - Authenticated user: shashank123, correlationId: 837a1add-db09-47eb-bcf1-d1e581451840
2026-03-05 12:07:22.045 [claim-service] [http-nio-8082-exec-4] [corr:837a1add-db09-47eb-bcf1-d1e581451840] DEBUG org.hibernate.SQL - select c1_0.id,c1_0.adjuster_id,c1_0.approved_amount,c1_0.assessor_id,c1_0.claim_amount,c1_0.claim_number,c1_0.claimant_id,c1_0.created_at,c1_0.created_by,c1_0.incident_date,c1_0.incident_description,c1_0.incident_location,c1_0.policy_number,c1_0.status,c1_0.status_changed_at,c1_0.updated_at,c1_0.updated_by,c1_0.vehicle_make,c1_0.vehicle_model,c1_0.vehicle_registration,c1_0.vehicle_year from claims c1_0 where c1_0.id=?
2026-03-05 12:07:22.061 [claim-service] [http-nio-8082-exec-4] [corr:837a1add-db09-47eb-bcf1-d1e581451840] WARN  c.c.c.e.GlobalExceptionHandler - Invalid argument: Invalid claim status transition from PAID to UNDER_REVIEW
2026-03-05 12:07:23.057 [claim-service] [http-nio-8082-exec-3] [corr:85fcd2c4-3753-48e4-a3dc-a390b78f3f10] DEBUG c.c.c.s.JwtAuthenticationFilter - Authenticated user: shashank123, correlationId: 85fcd2c4-3753-48e4-a3dc-a390b78f3f10
2026-03-05 12:07:23.064 [claim-service] [http-nio-8082-exec-3] [corr:85fcd2c4-3753-48e4-a3dc-a390b78f3f10] DEBUG org.hibernate.SQL - select c1_0.id,c1_0.adjuster_id,c1_0.approved_amount,c1_0.assessor_id,c1_0.claim_amount,c1_0.claim_number,c1_0.claimant_id,c1_0.created_at,c1_0.created_by,c1_0.incident_date,c1_0.incident_description,c1_0.incident_location,c1_0.policy_number,c1_0.status,c1_0.status_changed_at,c1_0.updated_at,c1_0.updated_by,c1_0.vehicle_make,c1_0.vehicle_model,c1_0.vehicle_registration,c1_0.vehicle_year from claims c1_0 where c1_0.id=?
2026-03-05 12:07:23.070 [claim-service] [http-nio-8082-exec-3] [corr:85fcd2c4-3753-48e4-a3dc-a390b78f3f10] WARN  c.c.c.e.GlobalExceptionHandler - Invalid argument: Invalid claim status transition from PAID to UNDER_REVIEW
2026-03-05 12:07:23.868 [claim-service] [http-nio-8082-exec-6] [corr:21e75329-e9ca-4432-a489-9e3352e21376] DEBUG c.c.c.s.JwtAuthenticationFilter - Authenticated user: shashank123, correlationId: 21e75329-e9ca-4432-a489-9e3352e21376
2026-03-05 12:07:23.875 [claim-service] [http-nio-8082-exec-6] [corr:21e75329-e9ca-4432-a489-9e3352e21376] DEBUG org.hibernate.SQL - select c1_0.id,c1_0.adjuster_id,c1_0.approved_amount,c1_0.assessor_id,c1_0.claim_amount,c1_0.claim_number,c1_0.claimant_id,c1_0.created_at,c1_0.created_by,c1_0.incident_date,c1_0.incident_description,c1_0.incident_location,c1_0.policy_number,c1_0.status,c1_0.status_changed_at,c1_0.updated_at,c1_0.updated_by,c1_0.vehicle_make,c1_0.vehicle_model,c1_0.vehicle_registration,c1_0.vehicle_year from claims c1_0 where c1_0.id=?
2026-03-05 12:07:23.880 [claim-service] [http-nio-8082-exec-6] [corr:21e75329-e9ca-4432-a489-9e3352e21376] WARN  c.c.c.e.GlobalExceptionHandler - Invalid argument: Invalid claim status transition from PAID to APPROVED
2026-03-05 12:07:24.580 [claim-service] [http-nio-8082-exec-5] [corr:0a858df4-9f34-437e-99dd-97c0d892e314] DEBUG c.c.c.s.JwtAuthenticationFilter - Authenticated user: shashank123, correlationId: 0a858df4-9f34-437e-99dd-97c0d892e314
2026-03-05 12:07:24.589 [claim-service] [http-nio-8082-exec-5] [corr:0a858df4-9f34-437e-99dd-97c0d892e314] DEBUG org.hibernate.SQL - select c1_0.id,c1_0.adjuster_id,c1_0.approved_amount,c1_0.assessor_id,c1_0.claim_amount,c1_0.claim_number,c1_0.claimant_id,c1_0.created_at,c1_0.created_by,c1_0.incident_date,c1_0.incident_description,c1_0.incident_location,c1_0.policy_number,c1_0.status,c1_0.status_changed_at,c1_0.updated_at,c1_0.updated_by,c1_0.vehicle_make,c1_0.vehicle_model,c1_0.vehicle_registration,c1_0.vehicle_year from claims c1_0 where c1_0.id=?
2026-03-05 12:07:24.594 [claim-service] [http-nio-8082-exec-5] [corr:0a858df4-9f34-437e-99dd-97c0d892e314] WARN  c.c.c.e.GlobalExceptionHandler - Invalid argument: Invalid claim status transition from PAID to REJECTED
2026-03-05 12:07:25.365 [claim-service] [http-nio-8082-exec-7] [corr:5dc073a7-9e1f-40f6-9e3e-035dc7b1e9c5] DEBUG c.c.c.s.JwtAuthenticationFilter - Authenticated user: shashank123, correlationId: 5dc073a7-9e1f-40f6-9e3e-035dc7b1e9c5
2026-03-05 12:07:25.372 [claim-service] [http-nio-8082-exec-7] [corr:5dc073a7-9e1f-40f6-9e3e-035dc7b1e9c5] DEBUG org.hibernate.SQL - select c1_0.id,c1_0.adjuster_id,c1_0.approved_amount,c1_0.assessor_id,c1_0.claim_amount,c1_0.claim_number,c1_0.claimant_id,c1_0.created_at,c1_0.created_by,c1_0.incident_date,c1_0.incident_description,c1_0.incident_location,c1_0.policy_number,c1_0.status,c1_0.status_changed_at,c1_0.updated_at,c1_0.updated_by,c1_0.vehicle_make,c1_0.vehicle_model,c1_0.vehicle_registration,c1_0.vehicle_year from claims c1_0 where c1_0.id=?
2026-03-05 12:07:25.376 [claim-service] [http-nio-8082-exec-7] [corr:5dc073a7-9e1f-40f6-9e3e-035dc7b1e9c5] WARN  c.c.c.e.GlobalExceptionHandler - Invalid argument: Invalid claim status transition from PAID to ADJUSTED
2026-03-05 12:07:25.591 [claim-service] [AsyncResolver-bootstrap-executor-0] [corr:na] INFO  c.n.d.s.r.aws.ConfigClusterResolver - Resolving eureka endpoints via configuration
2026-03-05 12:07:41.472 [claim-service] [http-nio-8082-exec-9] [corr:6bfb3047-d7a6-4f3c-83ae-cf6d5403d230] DEBUG c.c.c.s.JwtAuthenticationFilter - Authenticated user: vikas123, correlationId: 6bfb3047-d7a6-4f3c-83ae-cf6d5403d230
2026-03-05 12:07:41.482 [claim-service] [http-nio-8082-exec-9] [corr:6bfb3047-d7a6-4f3c-83ae-cf6d5403d230] DEBUG org.hibernate.SQL - select c1_0.id,c1_0.adjuster_id,c1_0.approved_amount,c1_0.assessor_id,c1_0.claim_amount,c1_0.claim_number,c1_0.claimant_id,c1_0.created_at,c1_0.created_by,c1_0.incident_date,c1_0.incident_description,c1_0.incident_location,c1_0.policy_number,c1_0.status,c1_0.status_changed_at,c1_0.updated_at,c1_0.updated_by,c1_0.vehicle_make,c1_0.vehicle_model,c1_0.vehicle_registration,c1_0.vehicle_year from claims c1_0 where c1_0.claimant_id=?
2026-03-05 12:08:19.961 [claim-service] [http-nio-8082-exec-8] [corr:e4fae812-0a77-4040-8124-300841f1eeb4] DEBUG c.c.c.s.JwtAuthenticationFilter - Authenticated user: vikas123, correlationId: e4fae812-0a77-4040-8124-300841f1eeb4
2026-03-05 12:08:19.968 [claim-service] [http-nio-8082-exec-8] [corr:e4fae812-0a77-4040-8124-300841f1eeb4] DEBUG org.hibernate.SQL - select c1_0.id,c1_0.adjuster_id,c1_0.approved_amount,c1_0.assessor_id,c1_0.claim_amount,c1_0.claim_number,c1_0.claimant_id,c1_0.created_at,c1_0.created_by,c1_0.incident_date,c1_0.incident_description,c1_0.incident_location,c1_0.policy_number,c1_0.status,c1_0.status_changed_at,c1_0.updated_at,c1_0.updated_by,c1_0.vehicle_make,c1_0.vehicle_model,c1_0.vehicle_registration,c1_0.vehicle_year from claims c1_0 where c1_0.claimant_id=?
2026-03-05 12:08:25.119 [claim-service] [http-nio-8082-exec-10] [corr:bf91b3ba-7883-47ce-adb1-b9eab46d30dd] DEBUG c.c.c.s.JwtAuthenticationFilter - Authenticated user: vikas123, correlationId: bf91b3ba-7883-47ce-adb1-b9eab46d30dd
2026-03-05 12:08:25.125 [claim-service] [http-nio-8082-exec-10] [corr:bf91b3ba-7883-47ce-adb1-b9eab46d30dd] DEBUG org.hibernate.SQL - select c1_0.id,c1_0.adjuster_id,c1_0.approved_amount,c1_0.assessor_id,c1_0.claim_amount,c1_0.claim_number,c1_0.claimant_id,c1_0.created_at,c1_0.created_by,c1_0.incident_date,c1_0.incident_description,c1_0.incident_location,c1_0.policy_number,c1_0.status,c1_0.status_changed_at,c1_0.updated_at,c1_0.updated_by,c1_0.vehicle_make,c1_0.vehicle_model,c1_0.vehicle_registration,c1_0.vehicle_year from claims c1_0 where c1_0.claimant_id=?
2026-03-05 12:08:33.105 [claim-service] [http-nio-8082-exec-1] [corr:a34ea8fb-ddac-4021-a275-9be3ebcab005] DEBUG c.c.c.s.JwtAuthenticationFilter - Authenticated user: vikas123, correlationId: a34ea8fb-ddac-4021-a275-9be3ebcab005
2026-03-05 12:08:33.107 [claim-service] [http-nio-8082-exec-1] [corr:a34ea8fb-ddac-4021-a275-9be3ebcab005] DEBUG org.hibernate.SQL - select c1_0.id,c1_0.adjuster_id,c1_0.approved_amount,c1_0.assessor_id,c1_0.claim_amount,c1_0.claim_number,c1_0.claimant_id,c1_0.created_at,c1_0.created_by,c1_0.incident_date,c1_0.incident_description,c1_0.incident_location,c1_0.policy_number,c1_0.status,c1_0.status_changed_at,c1_0.updated_at,c1_0.updated_by,c1_0.vehicle_make,c1_0.vehicle_model,c1_0.vehicle_registration,c1_0.vehicle_year from claims c1_0 where c1_0.id=?
2026-03-05 12:08:37.756 [claim-service] [http-nio-8082-exec-2] [corr:7b623a61-fabe-400b-a937-e6d5a16c7a14] DEBUG c.c.c.s.JwtAuthenticationFilter - Authenticated user: vikas123, correlationId: 7b623a61-fabe-400b-a937-e6d5a16c7a14
2026-03-05 12:08:37.764 [claim-service] [http-nio-8082-exec-2] [corr:7b623a61-fabe-400b-a937-e6d5a16c7a14] DEBUG org.hibernate.SQL - select c1_0.id,c1_0.adjuster_id,c1_0.approved_amount,c1_0.assessor_id,c1_0.claim_amount,c1_0.claim_number,c1_0.claimant_id,c1_0.created_at,c1_0.created_by,c1_0.incident_date,c1_0.incident_description,c1_0.incident_location,c1_0.policy_number,c1_0.status,c1_0.status_changed_at,c1_0.updated_at,c1_0.updated_by,c1_0.vehicle_make,c1_0.vehicle_model,c1_0.vehicle_registration,c1_0.vehicle_year from claims c1_0 where c1_0.id=?
2026-03-05 12:09:34.810 [claim-service] [http-nio-8082-exec-4] [corr:c8d29c7b-527e-4460-8e84-104dd375cdd9] DEBUG c.c.c.s.JwtAuthenticationFilter - Authenticated user: vikas123, correlationId: c8d29c7b-527e-4460-8e84-104dd375cdd9
2026-03-05 12:09:34.818 [claim-service] [http-nio-8082-exec-4] [corr:c8d29c7b-527e-4460-8e84-104dd375cdd9] DEBUG org.hibernate.SQL - select c1_0.id,c1_0.adjuster_id,c1_0.approved_amount,c1_0.assessor_id,c1_0.claim_amount,c1_0.claim_number,c1_0.claimant_id,c1_0.created_at,c1_0.created_by,c1_0.incident_date,c1_0.incident_description,c1_0.incident_location,c1_0.policy_number,c1_0.status,c1_0.status_changed_at,c1_0.updated_at,c1_0.updated_by,c1_0.vehicle_make,c1_0.vehicle_model,c1_0.vehicle_registration,c1_0.vehicle_year from claims c1_0 where c1_0.claimant_id=?
2026-03-05 12:12:25.604 [claim-service] [AsyncResolver-bootstrap-executor-0] [corr:na] INFO  c.n.d.s.r.aws.ConfigClusterResolver - Resolving eureka endpoints via configuration
2026-03-05 12:12:30.147 [claim-service] [http-nio-8082-exec-6] [corr:8df718a0-2032-4a53-ac25-1d8c39fed8cc] DEBUG c.c.c.s.JwtAuthenticationFilter - Authenticated user: vikas123, correlationId: 8df718a0-2032-4a53-ac25-1d8c39fed8cc
2026-03-05 12:12:30.155 [claim-service] [http-nio-8082-exec-6] [corr:8df718a0-2032-4a53-ac25-1d8c39fed8cc] DEBUG org.hibernate.SQL - select c1_0.id,c1_0.adjuster_id,c1_0.approved_amount,c1_0.assessor_id,c1_0.claim_amount,c1_0.claim_number,c1_0.claimant_id,c1_0.created_at,c1_0.created_by,c1_0.incident_date,c1_0.incident_description,c1_0.incident_location,c1_0.policy_number,c1_0.status,c1_0.status_changed_at,c1_0.updated_at,c1_0.updated_by,c1_0.vehicle_make,c1_0.vehicle_model,c1_0.vehicle_registration,c1_0.vehicle_year from claims c1_0 where c1_0.claimant_id=?
2026-03-05 12:12:34.221 [claim-service] [http-nio-8082-exec-5] [corr:4c7f4c16-8931-40f8-9832-ce79888a44a3] DEBUG c.c.c.s.JwtAuthenticationFilter - Authenticated user: vikas123, correlationId: 4c7f4c16-8931-40f8-9832-ce79888a44a3
2026-03-05 12:12:34.226 [claim-service] [http-nio-8082-exec-5] [corr:4c7f4c16-8931-40f8-9832-ce79888a44a3] DEBUG org.hibernate.SQL - select c1_0.id,c1_0.adjuster_id,c1_0.approved_amount,c1_0.assessor_id,c1_0.claim_amount,c1_0.claim_number,c1_0.claimant_id,c1_0.created_at,c1_0.created_by,c1_0.incident_date,c1_0.incident_description,c1_0.incident_location,c1_0.policy_number,c1_0.status,c1_0.status_changed_at,c1_0.updated_at,c1_0.updated_by,c1_0.vehicle_make,c1_0.vehicle_model,c1_0.vehicle_registration,c1_0.vehicle_year from claims c1_0 where c1_0.claimant_id=?
2026-03-05 12:12:36.508 [claim-service] [http-nio-8082-exec-7] [corr:21189ff9-c7d8-4ffb-b7b1-6f6eecfe6aa7] DEBUG c.c.c.s.JwtAuthenticationFilter - Authenticated user: vikas123, correlationId: 21189ff9-c7d8-4ffb-b7b1-6f6eecfe6aa7
2026-03-05 12:12:36.516 [claim-service] [http-nio-8082-exec-7] [corr:21189ff9-c7d8-4ffb-b7b1-6f6eecfe6aa7] DEBUG org.hibernate.SQL - select c1_0.id,c1_0.adjuster_id,c1_0.approved_amount,c1_0.assessor_id,c1_0.claim_amount,c1_0.claim_number,c1_0.claimant_id,c1_0.created_at,c1_0.created_by,c1_0.incident_date,c1_0.incident_description,c1_0.incident_location,c1_0.policy_number,c1_0.status,c1_0.status_changed_at,c1_0.updated_at,c1_0.updated_by,c1_0.vehicle_make,c1_0.vehicle_model,c1_0.vehicle_registration,c1_0.vehicle_year from claims c1_0 where c1_0.claimant_id=?
2026-03-05 12:13:00.366 [claim-service] [http-nio-8082-exec-9] [corr:510f95b5-2658-49d8-86d0-189223fb7551] DEBUG c.c.c.s.JwtAuthenticationFilter - Authenticated user: shashank123, correlationId: 510f95b5-2658-49d8-86d0-189223fb7551
2026-03-05 12:13:00.382 [claim-service] [http-nio-8082-exec-9] [corr:510f95b5-2658-49d8-86d0-189223fb7551] DEBUG org.hibernate.SQL - select c1_0.id,c1_0.adjuster_id,c1_0.approved_amount,c1_0.assessor_id,c1_0.claim_amount,c1_0.claim_number,c1_0.claimant_id,c1_0.created_at,c1_0.created_by,c1_0.incident_date,c1_0.incident_description,c1_0.incident_location,c1_0.policy_number,c1_0.status,c1_0.status_changed_at,c1_0.updated_at,c1_0.updated_by,c1_0.vehicle_make,c1_0.vehicle_model,c1_0.vehicle_registration,c1_0.vehicle_year from claims c1_0 where c1_0.id=?
2026-03-05 12:13:00.383 [claim-service] [http-nio-8082-exec-9] [corr:510f95b5-2658-49d8-86d0-189223fb7551] WARN  c.c.c.e.GlobalExceptionHandler - Invalid argument: Invalid claim status transition from PAID to APPROVED
2026-03-05 12:13:17.668 [claim-service] [http-nio-8082-exec-8] [corr:5cfbe862-0744-4cf3-8cd2-e44c828777ec] DEBUG c.c.c.s.JwtAuthenticationFilter - Authenticated user: shashank123, correlationId: 5cfbe862-0744-4cf3-8cd2-e44c828777ec
2026-03-05 12:13:17.668 [claim-service] [http-nio-8082-exec-8] [corr:5cfbe862-0744-4cf3-8cd2-e44c828777ec] DEBUG org.hibernate.SQL - select c1_0.id,c1_0.adjuster_id,c1_0.approved_amount,c1_0.assessor_id,c1_0.claim_amount,c1_0.claim_number,c1_0.claimant_id,c1_0.created_at,c1_0.created_by,c1_0.incident_date,c1_0.incident_description,c1_0.incident_location,c1_0.policy_number,c1_0.status,c1_0.status_changed_at,c1_0.updated_at,c1_0.updated_by,c1_0.vehicle_make,c1_0.vehicle_model,c1_0.vehicle_registration,c1_0.vehicle_year from claims c1_0 order by c1_0.created_at desc limit ?,?
