2026-03-05T11:53:30.136+05:30 DEBUG 24200 --- [           main] o.s.boot.SpringApplication               : Loading source class org.springframework.cloud.bootstrap.BootstrapImportSelectorConfiguration
2026-03-05T11:53:31.226+05:30 DEBUG 24200 --- [           main] .s.b.a.l.ConditionEvaluationReportLogger : 


============================
CONDITIONS EVALUATION REPORT
============================


Positive matches:
-----------------

   ConfigServiceBootstrapConfiguration#configClientProperties matched:
      - @ConditionalOnMissingBean (types: org.springframework.cloud.config.client.ConfigClientProperties; SearchStrategy: all) did not find any beans (OnBeanCondition)

   ConfigServiceBootstrapConfiguration#configServicePropertySource matched:
      - @ConditionalOnProperty (spring.cloud.config.enabled) matched (OnPropertyCondition)
      - @ConditionalOnMissingBean (types: org.springframework.cloud.config.client.ConfigServicePropertySourceLocator; SearchStrategy: all) did not find any beans (OnBeanCondition)

   ConfigurationPropertiesRebinderAutoConfiguration matched:
      - @ConditionalOnBean (types: org.springframework.boot.context.properties.ConfigurationPropertiesBindingPostProcessor; SearchStrategy: all) found bean 'org.springframework.boot.context.properties.ConfigurationPropertiesBindingPostProcessor' (OnBeanCondition)

   ConfigurationPropertiesRebinderAutoConfiguration#configurationPropertiesBeans matched:
      - @ConditionalOnMissingBean (types: org.springframework.cloud.context.properties.ConfigurationPropertiesBeans; SearchStrategy: current) did not find any beans (OnBeanCondition)

   ConfigurationPropertiesRebinderAutoConfiguration#configurationPropertiesRebinder matched:
      - @ConditionalOnMissingBean (types: org.springframework.cloud.context.properties.ConfigurationPropertiesRebinder; SearchStrategy: current) did not find any beans (OnBeanCondition)

   EncryptionBootstrapConfiguration matched:
      - @ConditionalOnClass found required class 'org.springframework.security.crypto.encrypt.TextEncryptor' (OnClassCondition)

   EncryptionBootstrapConfiguration#keyProperties matched:
      - @ConditionalOnMissingBean (types: org.springframework.cloud.bootstrap.encrypt.KeyProperties; SearchStrategy: all) did not find any beans (OnBeanCondition)

   PropertyPlaceholderAutoConfiguration#propertySourcesPlaceholderConfigurer matched:
      - @ConditionalOnMissingBean (types: org.springframework.context.support.PropertySourcesPlaceholderConfigurer; SearchStrategy: current) did not find any beans (OnBeanCondition)


Negative matches:
-----------------

   ConfigServiceBootstrapConfiguration.RetryConfiguration:
      Did not match:
         - @ConditionalOnProperty (spring.cloud.config.fail-fast) did not find property 'spring.cloud.config.fail-fast' (OnPropertyCondition)
      Matched:
         - @ConditionalOnClass found required classes 'org.springframework.retry.annotation.Retryable', 'org.aspectj.lang.annotation.Aspect', 'org.springframework.boot.autoconfigure.aop.AopAutoConfiguration' (OnClassCondition)

   DiscoveryClientConfigServiceBootstrapConfiguration:
      Did not match:
         - @ConditionalOnProperty (spring.cloud.config.discovery.enabled) did not find property 'spring.cloud.config.discovery.enabled' (OnPropertyCondition)

   EncryptionBootstrapConfiguration.RsaEncryptionConfiguration:
      Did not match:
         - Keystore nor key found in Environment (EncryptionBootstrapConfiguration.KeyCondition)
      Matched:
         - @ConditionalOnClass found required class 'org.springframework.security.rsa.crypto.RsaSecretEncryptor' (OnClassCondition)

   EncryptionBootstrapConfiguration.VanillaEncryptionConfiguration:
      Did not match:
         - @ConditionalOnMissingClass found unwanted class 'org.springframework.security.rsa.crypto.RsaSecretEncryptor' (OnClassCondition)

   EurekaConfigServerBootstrapConfiguration:
      Did not match:
         - AllNestedConditions 1 matched 1 did not; NestedCondition on EurekaConfigServerBootstrapConfiguration.EurekaConfigServerBootstrapCondition.OnEurekaClient @ConditionalOnProperty (eureka.client.enabled) matched; NestedCondition on EurekaConfigServerBootstrapConfiguration.EurekaConfigServerBootstrapCondition.OnCloudConfigProperty @ConditionalOnProperty (spring.cloud.config.discovery.enabled) did not find property 'spring.cloud.config.discovery.enabled' (EurekaConfigServerBootstrapConfiguration.EurekaConfigServerBootstrapCondition)
      Matched:
         - @ConditionalOnClass found required class 'org.springframework.cloud.config.client.ConfigServicePropertySourceLocator' (OnClassCondition)

   EurekaConfigServerBootstrapConfiguration.WebClientConfiguration:
      Did not match:
         - @ConditionalOnClass did not find required class 'org.springframework.web.reactive.function.client.WebClient' (OnClassCondition)
         - Ancestor org.springframework.cloud.netflix.eureka.config.EurekaConfigServerBootstrapConfiguration did not match (ConditionEvaluationReport.AncestorsMatchedCondition)


Exclusions:
-----------

    None


Unconditional classes:
----------------------

    None



2026-03-05T11:53:31.413+05:30 DEBUG 24200 --- [           main] .s.b.w.s.c.ApplicationServletEnvironment : Activating profiles []

  .   ____          _            __ _ _
 /\\ / ___'_ __ _ _(_)_ __  __ _ \ \ \ \
( ( )\___ | '_ | '_| | '_ \/ _` | \ \ \ \
 \\/  ___)| |_)| | | | | || (_| |  ) ) ) )
  '  |____| .__|_| |_|_| |_\__, | / / / /
 =========|_|==============|___/=/_/_/_/
 :: Spring Boot ::                (v3.2.0)

2026-03-05 11:53:32 [] [main] INFO  o.s.c.c.c.ConfigServicePropertySourceLocator - Fetching config from server at : http://localhost:8888
2026-03-05 11:53:32 [] [main] WARN  o.s.c.c.c.ConfigServicePropertySourceLocator - Could not locate PropertySource: 401 : [no body]
2026-03-05 11:53:32 [] [main] INFO  c.c.n.NotificationServiceApplication - No active profile set, falling back to 1 default profile: "default"
2026-03-05 11:53:32 [] [main] DEBUG o.s.boot.SpringApplication - Loading source class com.claimswift.notificationservice.NotificationServiceApplication,class org.springframework.cloud.bootstrap.BootstrapApplicationListener$BootstrapMarkerConfiguration
2026-03-05 11:53:32 [] [main] INFO  o.s.c.c.c.ConfigServerConfigDataLoader - Fetching config from server at : http://localhost:8888
2026-03-05 11:53:32 [] [main] INFO  o.s.c.c.c.ConfigServerConfigDataLoader - Located environment: name=notification-service, profiles=[default], label=null, version=null, state=null
2026-03-05 11:53:32 [] [main] DEBUG o.s.b.w.s.c.AnnotationConfigServletWebServerApplicationContext - Refreshing org.springframework.boot.web.servlet.context.AnnotationConfigServletWebServerApplicationContext@49798e84
2026-03-05 11:53:34 [] [main] INFO  o.s.d.r.c.RepositoryConfigurationDelegate - Bootstrapping Spring Data JPA repositories in DEFAULT mode.
2026-03-05 11:53:34 [] [main] DEBUG o.s.b.a.AutoConfigurationPackages - @EnableAutoConfiguration was declared on a class in the package 'com.claimswift.notificationservice'. Automatic @Repository and @Entity scanning is enabled.
2026-03-05 11:53:34 [] [main] INFO  o.s.d.r.c.RepositoryConfigurationDelegate - Finished Spring Data repository scanning in 317 ms. Found 1 JPA repository interface.
2026-03-05 11:53:35 [] [main] INFO  o.s.cloud.context.scope.GenericScope - BeanFactory id=abb384bc-0baa-304f-86e3-e11396eec178
2026-03-05 11:53:35 [] [main] WARN  o.s.c.s.PostProcessorRegistrationDelegate$BeanPostProcessorChecker - Bean 'org.springframework.cloud.client.loadbalancer.LoadBalancerAutoConfiguration$RetryInterceptorAutoConfiguration' of type [org.springframework.cloud.client.loadbalancer.LoadBalancerAutoConfiguration$RetryInterceptorAutoConfiguration] is not eligible for getting processed by all BeanPostProcessors (for example: not eligible for auto-proxying). The currently created BeanPostProcessor [lbRestClientPostProcessor] is declared through a non-static factory method on that class; consider declaring it as static instead.
2026-03-05 11:53:35 [] [main] WARN  o.s.c.s.PostProcessorRegistrationDelegate$BeanPostProcessorChecker - Bean 'org.springframework.cloud.loadbalancer.config.BlockingLoadBalancerClientAutoConfiguration' of type [org.springframework.cloud.loadbalancer.config.BlockingLoadBalancerClientAutoConfiguration] is not eligible for getting processed by all BeanPostProcessors (for example: not eligible for auto-proxying). Is this bean getting eagerly injected into a currently created BeanPostProcessor [lbRestClientPostProcessor]? Check the corresponding BeanPostProcessor declaration and its dependencies.
2026-03-05 11:53:35 [] [main] WARN  o.s.c.s.PostProcessorRegistrationDelegate$BeanPostProcessorChecker - Bean 'org.springframework.cloud.loadbalancer.config.LoadBalancerAutoConfiguration' of type [org.springframework.cloud.loadbalancer.config.LoadBalancerAutoConfiguration] is not eligible for getting processed by all BeanPostProcessors (for example: not eligible for auto-proxying). Is this bean getting eagerly injected into a currently created BeanPostProcessor [lbRestClientPostProcessor]? Check the corresponding BeanPostProcessor declaration and its dependencies.
2026-03-05 11:53:35 [] [main] WARN  o.s.c.s.PostProcessorRegistrationDelegate$BeanPostProcessorChecker - Bean 'org.springframework.cloud.commons.config.CommonsConfigAutoConfiguration' of type [org.springframework.cloud.commons.config.CommonsConfigAutoConfiguration] is not eligible for getting processed by all BeanPostProcessors (for example: not eligible for auto-proxying). Is this bean getting eagerly injected into a currently created BeanPostProcessor [lbRestClientPostProcessor]? Check the corresponding BeanPostProcessor declaration and its dependencies.
2026-03-05 11:53:35 [] [main] WARN  o.s.c.s.PostProcessorRegistrationDelegate$BeanPostProcessorChecker - Bean 'org.springframework.cloud.client.loadbalancer.LoadBalancerDefaultMappingsProviderAutoConfiguration' of type [org.springframework.cloud.client.loadbalancer.LoadBalancerDefaultMappingsProviderAutoConfiguration] is not eligible for getting processed by all BeanPostProcessors (for example: not eligible for auto-proxying). Is this bean getting eagerly injected into a currently created BeanPostProcessor [lbRestClientPostProcessor]? Check the corresponding BeanPostProcessor declaration and its dependencies.
2026-03-05 11:53:35 [] [main] WARN  o.s.c.s.PostProcessorRegistrationDelegate$BeanPostProcessorChecker - Bean 'loadBalancerClientsDefaultsMappingsProvider' of type [org.springframework.cloud.client.loadbalancer.LoadBalancerDefaultMappingsProviderAutoConfiguration$$Lambda/0x000001d24b56ee40] is not eligible for getting processed by all BeanPostProcessors (for example: not eligible for auto-proxying). Is this bean getting eagerly injected into a currently created BeanPostProcessor [lbRestClientPostProcessor]? Check the corresponding BeanPostProcessor declaration and its dependencies.
2026-03-05 11:53:35 [] [main] WARN  o.s.c.s.PostProcessorRegistrationDelegate$BeanPostProcessorChecker - Bean 'defaultsBindHandlerAdvisor' of type [org.springframework.cloud.commons.config.DefaultsBindHandlerAdvisor] is not eligible for getting processed by all BeanPostProcessors (for example: not eligible for auto-proxying). Is this bean getting eagerly injected into a currently created BeanPostProcessor [lbRestClientPostProcessor]? Check the corresponding BeanPostProcessor declaration and its dependencies.
2026-03-05 11:53:35 [] [main] WARN  o.s.c.s.PostProcessorRegistrationDelegate$BeanPostProcessorChecker - Bean 'spring.cloud.loadbalancer-org.springframework.cloud.client.loadbalancer.LoadBalancerClientsProperties' of type [org.springframework.cloud.client.loadbalancer.LoadBalancerClientsProperties] is not eligible for getting processed by all BeanPostProcessors (for example: not eligible for auto-proxying). Is this bean getting eagerly injected into a currently created BeanPostProcessor [lbRestClientPostProcessor]? Check the corresponding BeanPostProcessor declaration and its dependencies.
2026-03-05 11:53:36 [] [main] WARN  o.s.c.s.PostProcessorRegistrationDelegate$BeanPostProcessorChecker - Bean 'default.org.springframework.cloud.loadbalancer.config.LoadBalancerAutoConfiguration.LoadBalancerClientSpecification' of type [org.springframework.cloud.loadbalancer.annotation.LoadBalancerClientSpecification] is not eligible for getting processed by all BeanPostProcessors (for example: not eligible for auto-proxying). Is this bean getting eagerly injected into a currently created BeanPostProcessor [lbRestClientPostProcessor]? Check the corresponding BeanPostProcessor declaration and its dependencies.
2026-03-05 11:53:36 [] [main] WARN  o.s.c.s.PostProcessorRegistrationDelegate$BeanPostProcessorChecker - Bean 'default.org.springframework.cloud.loadbalancer.config.BlockingLoadBalancerClientAutoConfiguration.LoadBalancerClientSpecification' of type [org.springframework.cloud.loadbalancer.annotation.LoadBalancerClientSpecification] is not eligible for getting processed by all BeanPostProcessors (for example: not eligible for auto-proxying). Is this bean getting eagerly injected into a currently created BeanPostProcessor [lbRestClientPostProcessor]? Check the corresponding BeanPostProcessor declaration and its dependencies.
2026-03-05 11:53:36 [] [main] WARN  o.s.c.s.PostProcessorRegistrationDelegate$BeanPostProcessorChecker - Bean 'default.org.springframework.cloud.netflix.eureka.loadbalancer.LoadBalancerEurekaAutoConfiguration.LoadBalancerClientSpecification' of type [org.springframework.cloud.loadbalancer.annotation.LoadBalancerClientSpecification] is not eligible for getting processed by all BeanPostProcessors (for example: not eligible for auto-proxying). Is this bean getting eagerly injected into a currently created BeanPostProcessor [lbRestClientPostProcessor]? Check the corresponding BeanPostProcessor declaration and its dependencies.
2026-03-05 11:53:36 [] [main] WARN  o.s.c.s.PostProcessorRegistrationDelegate$BeanPostProcessorChecker - Bean 'loadBalancerClientFactory' of type [org.springframework.cloud.loadbalancer.support.LoadBalancerClientFactory] is not eligible for getting processed by all BeanPostProcessors (for example: not eligible for auto-proxying). Is this bean getting eagerly injected into a currently created BeanPostProcessor [lbRestClientPostProcessor]? Check the corresponding BeanPostProcessor declaration and its dependencies.
2026-03-05 11:53:36 [] [main] WARN  o.s.c.s.PostProcessorRegistrationDelegate$BeanPostProcessorChecker - Bean 'blockingLoadBalancerClient' of type [org.springframework.cloud.loadbalancer.blocking.client.BlockingLoadBalancerClient] is not eligible for getting processed by all BeanPostProcessors (for example: not eligible for auto-proxying). Is this bean getting eagerly injected into a currently created BeanPostProcessor [lbRestClientPostProcessor]? Check the corresponding BeanPostProcessor declaration and its dependencies.
2026-03-05 11:53:36 [] [main] WARN  o.s.c.s.PostProcessorRegistrationDelegate$BeanPostProcessorChecker - Bean 'loadBalancerServiceInstanceCookieTransformer' of type [org.springframework.cloud.loadbalancer.core.LoadBalancerServiceInstanceCookieTransformer] is not eligible for getting processed by all BeanPostProcessors (for example: not eligible for auto-proxying). Is this bean getting eagerly injected into a currently created BeanPostProcessor [lbRestClientPostProcessor]? Check the corresponding BeanPostProcessor declaration and its dependencies.
2026-03-05 11:53:36 [] [main] WARN  o.s.c.s.PostProcessorRegistrationDelegate$BeanPostProcessorChecker - Bean 'xForwarderHeadersTransformer' of type [org.springframework.cloud.loadbalancer.blocking.XForwardedHeadersTransformer] is not eligible for getting processed by all BeanPostProcessors (for example: not eligible for auto-proxying). Is this bean getting eagerly injected into a currently created BeanPostProcessor [lbRestClientPostProcessor]? Check the corresponding BeanPostProcessor declaration and its dependencies.
2026-03-05 11:53:36 [] [main] WARN  o.s.c.s.PostProcessorRegistrationDelegate$BeanPostProcessorChecker - Bean 'org.springframework.cloud.client.loadbalancer.LoadBalancerAutoConfiguration' of type [org.springframework.cloud.client.loadbalancer.LoadBalancerAutoConfiguration] is not eligible for getting processed by all BeanPostProcessors (for example: not eligible for auto-proxying). Is this bean getting eagerly injected into a currently created BeanPostProcessor [lbRestClientPostProcessor]? Check the corresponding BeanPostProcessor declaration and its dependencies.
2026-03-05 11:53:36 [] [main] WARN  o.s.c.s.PostProcessorRegistrationDelegate$BeanPostProcessorChecker - Bean 'loadBalancerRequestFactory' of type [org.springframework.cloud.client.loadbalancer.LoadBalancerRequestFactory] is not eligible for getting processed by all BeanPostProcessors (for example: not eligible for auto-proxying). Is this bean getting eagerly injected into a currently created BeanPostProcessor [lbRestClientPostProcessor]? Check the corresponding BeanPostProcessor declaration and its dependencies.
2026-03-05 11:53:36 [] [main] WARN  o.s.c.s.PostProcessorRegistrationDelegate$BeanPostProcessorChecker - Bean 'org.springframework.cloud.loadbalancer.config.BlockingLoadBalancerClientAutoConfiguration$BlockingLoadBalancerRetryConfig' of type [org.springframework.cloud.loadbalancer.config.BlockingLoadBalancerClientAutoConfiguration$BlockingLoadBalancerRetryConfig$$SpringCGLIB$$0] is not eligible for getting processed by all BeanPostProcessors (for example: not eligible for auto-proxying). Is this bean getting eagerly injected into a currently created BeanPostProcessor [lbRestClientPostProcessor]? Check the corresponding BeanPostProcessor declaration and its dependencies.
2026-03-05 11:53:36 [] [main] WARN  o.s.c.s.PostProcessorRegistrationDelegate$BeanPostProcessorChecker - Bean 'loadBalancedRetryFactory' of type [org.springframework.cloud.loadbalancer.blocking.retry.BlockingLoadBalancedRetryFactory] is not eligible for getting processed by all BeanPostProcessors (for example: not eligible for auto-proxying). Is this bean getting eagerly injected into a currently created BeanPostProcessor [lbRestClientPostProcessor]? Check the corresponding BeanPostProcessor declaration and its dependencies.
2026-03-05 11:53:36 [] [main] WARN  o.s.c.s.PostProcessorRegistrationDelegate$BeanPostProcessorChecker - Bean 'loadBalancerInterceptor' of type [org.springframework.cloud.client.loadbalancer.RetryLoadBalancerInterceptor] is not eligible for getting processed by all BeanPostProcessors (for example: not eligible for auto-proxying). Is this bean getting eagerly injected into a currently created BeanPostProcessor [lbRestClientPostProcessor]? Check the corresponding BeanPostProcessor declaration and its dependencies.
2026-03-05 11:53:36 [] [main] DEBUG o.s.b.w.e.t.TomcatServletWebServerFactory - Code archive: C:\Users\shashank.nath\Desktop\Claimswift\notification-service\target\notification-service-1.0.0.jar
2026-03-05 11:53:36 [] [main] DEBUG o.s.b.w.e.t.TomcatServletWebServerFactory - Code archive: C:\Users\shashank.nath\Desktop\Claimswift\notification-service\target\notification-service-1.0.0.jar
2026-03-05 11:53:36 [] [main] DEBUG o.s.b.w.e.t.TomcatServletWebServerFactory - None of the document roots [src/main/webapp, public, static] point to a directory and will be ignored.
2026-03-05 11:53:36 [] [main] INFO  o.s.b.w.e.tomcat.TomcatWebServer - Tomcat initialized with port 8086 (http)
2026-03-05 11:53:36 [] [main] INFO  o.a.catalina.core.StandardService - Starting service [Tomcat]
2026-03-05 11:53:36 [] [main] INFO  o.a.catalina.core.StandardEngine - Starting Servlet engine: [Apache Tomcat/10.1.16]
2026-03-05 11:53:36 [] [main] INFO  o.a.c.c.C.[Tomcat].[localhost].[/] - Initializing Spring embedded WebApplicationContext
2026-03-05 11:53:36 [] [main] DEBUG o.s.b.w.s.c.ServletWebServerApplicationContext - Published root WebApplicationContext as ServletContext attribute with name [org.springframework.web.context.WebApplicationContext.ROOT]
2026-03-05 11:53:36 [] [main] INFO  o.s.b.w.s.c.ServletWebServerApplicationContext - Root WebApplicationContext: initialization completed in 4463 ms
2026-03-05 11:53:37 [] [main] DEBUG o.s.b.w.s.ServletContextInitializerBeans - Mapping filters: webMvcObservationFilter urls=[/*] order=-2147483647, springSecurityFilterChain urls=[/*] order=-100, correlationIdFilter urls=[/*] order=-2147483648, characterEncodingFilter urls=[/*] order=-2147483648, formContentFilter urls=[/*] order=-9900, requestContextFilter urls=[/*] order=-105, jwtAuthenticationFilter urls=[/*] order=2147483647
2026-03-05 11:53:37 [] [main] DEBUG o.s.b.w.s.ServletContextInitializerBeans - Mapping servlets: dispatcherServlet urls=[/]
2026-03-05 11:53:37 [] [main] DEBUG o.s.b.w.s.f.OrderedRequestContextFilter - Filter 'requestContextFilter' configured for use
2026-03-05 11:53:37 [] [main] DEBUG c.c.n.s.JwtAuthenticationFilter - Filter 'jwtAuthenticationFilter' configured for use
2026-03-05 11:53:37 [] [main] DEBUG c.c.n.filter.CorrelationIdFilter - Filter 'correlationIdFilter' configured for use
2026-03-05 11:53:37 [] [main] DEBUG o.s.b.w.s.f.OrderedCharacterEncodingFilter - Filter 'characterEncodingFilter' configured for use
2026-03-05 11:53:37 [] [main] DEBUG o.s.b.w.s.DelegatingFilterProxyRegistrationBean$1 - Filter 'springSecurityFilterChain' configured for use
2026-03-05 11:53:37 [] [main] DEBUG o.s.b.w.s.f.OrderedFormContentFilter - Filter 'formContentFilter' configured for use
2026-03-05 11:53:37 [] [main] INFO  o.h.jpa.internal.util.LogHelper - HHH000204: Processing PersistenceUnitInfo [name: default]
2026-03-05 11:53:37 [] [main] INFO  org.hibernate.Version - HHH000412: Hibernate ORM core version 6.3.1.Final
2026-03-05 11:53:38 [] [main] INFO  o.h.c.i.RegionFactoryInitiator - HHH000026: Second-level cache disabled
2026-03-05 11:53:38 [] [main] INFO  o.s.o.j.p.SpringPersistenceUnitInfo - No LoadTimeWeaver setup: ignoring JPA class transformer
2026-03-05 11:53:38 [] [main] INFO  com.zaxxer.hikari.HikariDataSource - HikariPool-1 - Starting...
2026-03-05 11:53:39 [] [main] INFO  com.zaxxer.hikari.pool.HikariPool - HikariPool-1 - Added connection com.mysql.cj.jdbc.ConnectionImpl@2acbe46d
2026-03-05 11:53:39 [] [main] INFO  com.zaxxer.hikari.HikariDataSource - HikariPool-1 - Start completed.
2026-03-05 11:53:39 [] [main] WARN  org.hibernate.orm.deprecation - HHH90000025: MySQLDialect does not need to be specified explicitly using 'hibernate.dialect' (remove the property setting and it will be selected by default)
2026-03-05 11:53:40 [] [main] INFO  o.h.e.t.j.p.i.JtaPlatformInitiator - HHH000489: No JTA platform available (set 'hibernate.transaction.jta.platform' to enable JTA platform integration)
2026-03-05 11:53:40 [] [main] INFO  o.s.o.j.LocalContainerEntityManagerFactoryBean - Initialized JPA EntityManagerFactory for persistence unit 'default'
2026-03-05 11:53:40 [] [main] INFO  o.s.d.j.r.query.QueryEnhancerFactory - Hibernate is in classpath; If applicable, HQL parser will be used.
2026-03-05 11:53:42 [] [main] DEBUG o.s.w.s.s.s.WebSocketHandlerMapping - Patterns [/ws/notifications/**] in 'stompWebSocketHandlerMapping'
2026-03-05 11:53:42 [] [main] WARN  o.s.b.a.o.j.JpaBaseConfiguration$JpaWebConfiguration - spring.jpa.open-in-view is enabled by default. Therefore, database queries may be performed during view rendering. Explicitly configure spring.jpa.open-in-view to disable this warning
2026-03-05 11:53:42 [] [main] DEBUG o.s.w.s.m.WebSocketAnnotationMethodMessageHandler - 
	c.c.n.c.NotificationController:
	
2026-03-05 11:53:42 [] [main] DEBUG o.s.w.s.m.WebSocketAnnotationMethodMessageHandler - 
	o.s.b.a.w.s.e.BasicErrorController:
	
2026-03-05 11:53:42 [] [main] WARN  o.s.b.a.s.s.UserDetailsServiceAutoConfiguration - 

Using generated security password: 491fe373-7554-4997-8056-eb7fa0a37e8e

This generated password is for development use only. Your security configuration must be updated before running your application in production.

2026-03-05 11:53:43 [] [main] INFO  o.s.b.a.e.web.EndpointLinksResolver - Exposing 4 endpoint(s) beneath base path '/actuator'
2026-03-05 11:53:43 [] [main] INFO  o.s.s.web.DefaultSecurityFilterChain - Will secure any request with [org.springframework.security.web.session.DisableEncodeUrlFilter@47d6d2a7, org.springframework.security.web.context.request.async.WebAsyncManagerIntegrationFilter@61f56074, org.springframework.security.web.context.SecurityContextHolderFilter@22881b1c, org.springframework.security.web.header.HeaderWriterFilter@5c97d5d, org.springframework.web.filter.CorsFilter@95d1ba6, org.springframework.security.web.authentication.logout.LogoutFilter@6dd01bfb, com.claimswift.notificationservice.security.JwtAuthenticationFilter@5c740c5a, org.springframework.security.web.savedrequest.RequestCacheAwareFilter@3a907c78, org.springframework.security.web.servletapi.SecurityContextHolderAwareRequestFilter@325f9758, org.springframework.security.web.authentication.AnonymousAuthenticationFilter@637798b4, org.springframework.security.web.session.SessionManagementFilter@1f5b3ef2, org.springframework.security.web.access.ExceptionTranslationFilter@3033bb96, org.springframework.security.web.access.intercept.AuthorizationFilter@1c09a369]
2026-03-05 11:53:44 [] [main] INFO  o.s.c.n.e.c.DiscoveryClientOptionalArgsConfiguration - Eureka HTTP Client uses RestTemplate.
2026-03-05 11:53:44 [] [main] WARN  o.s.c.l.c.LoadBalancerCacheAutoConfiguration$LoadBalancerCaffeineWarnLogger - Spring Cloud LoadBalancer is currently working with the default cache. While this cache implementation is useful for development and tests, it's recommended to use Caffeine cache in production.You can switch to using Caffeine cache, by adding it and org.springframework.cache.caffeine.CaffeineCacheManager to the classpath.
2026-03-05 11:53:44 [] [main] INFO  o.s.c.n.eureka.InstanceInfoFactory - Setting initial instance status as: STARTING
2026-03-05 11:53:44 [] [main] INFO  c.netflix.discovery.DiscoveryClient - Initializing Eureka in region us-east-1
2026-03-05 11:53:44 [] [main] INFO  c.n.d.s.r.aws.ConfigClusterResolver - Resolving eureka endpoints via configuration
2026-03-05 11:53:44 [] [main] INFO  c.netflix.discovery.DiscoveryClient - Disable delta property : false
2026-03-05 11:53:44 [] [main] INFO  c.netflix.discovery.DiscoveryClient - Single vip registry refresh property : null
2026-03-05 11:53:44 [] [main] INFO  c.netflix.discovery.DiscoveryClient - Force full registry fetch : false
2026-03-05 11:53:44 [] [main] INFO  c.netflix.discovery.DiscoveryClient - Application is null : false
2026-03-05 11:53:44 [] [main] INFO  c.netflix.discovery.DiscoveryClient - Registered Applications size is zero : true
2026-03-05 11:53:44 [] [main] INFO  c.netflix.discovery.DiscoveryClient - Application version is -1: true
2026-03-05 11:53:44 [] [main] INFO  c.netflix.discovery.DiscoveryClient - Getting all instance registry info from the eureka server
2026-03-05 11:53:45 [] [main] INFO  c.netflix.discovery.DiscoveryClient - The response status is 200
2026-03-05 11:53:45 [] [main] INFO  c.netflix.discovery.DiscoveryClient - Starting heartbeat executor: renew interval is: 30
2026-03-05 11:53:45 [] [main] INFO  c.n.discovery.InstanceInfoReplicator - InstanceInfoReplicator onDemand update allowed rate per min is 4
2026-03-05 11:53:45 [] [main] INFO  c.netflix.discovery.DiscoveryClient - Discovery Client initialized at timestamp 1772691825142 with initial instances count: 8
2026-03-05 11:53:45 [] [main] INFO  o.s.c.n.e.s.EurekaServiceRegistry - Registering application NOTIFICATION-SERVICE with eureka with status UP
2026-03-05 11:53:45 [] [main] INFO  c.netflix.discovery.DiscoveryClient - Saw local status change event StatusChangeEvent [timestamp=1772691825151, current=UP, previous=STARTING]
2026-03-05 11:53:45 [] [main] WARN  c.n.discovery.InstanceInfoReplicator - Ignoring onDemand update due to rate limiter
2026-03-05 11:53:45 [] [DiscoveryClient-InstanceInfoReplicator-0] INFO  c.netflix.discovery.DiscoveryClient - DiscoveryClient_NOTIFICATION-SERVICE/notification-service:8086: registering service...
2026-03-05 11:53:45 [] [main] INFO  o.s.b.w.e.tomcat.TomcatWebServer - Tomcat started on port 8086 (http) with context path ''
2026-03-05 11:53:45 [] [main] INFO  o.s.c.n.e.s.EurekaAutoServiceRegistration - Updating port to 8086
2026-03-05 11:53:45 [] [main] DEBUG o.s.m.s.ExecutorSubscribableChannel - clientOutboundChannel added SubProtocolWebSocketHandler[StompSubProtocolHandler[v10.stomp, v11.stomp, v12.stomp]]
2026-03-05 11:53:45 [] [main] DEBUG o.s.m.s.ExecutorSubscribableChannel - clientInboundChannel added WebSocketAnnotationMethodMessageHandler[prefixes=[/app/]]
2026-03-05 11:53:45 [] [main] INFO  o.s.m.s.b.SimpleBrokerMessageHandler - Starting...
2026-03-05 11:53:45 [] [main] DEBUG o.s.m.s.ExecutorSubscribableChannel - clientInboundChannel added SimpleBrokerMessageHandler [org.springframework.messaging.simp.broker.DefaultSubscriptionRegistry@b50cfa7]
2026-03-05 11:53:45 [] [main] DEBUG o.s.m.s.ExecutorSubscribableChannel - brokerChannel added SimpleBrokerMessageHandler [org.springframework.messaging.simp.broker.DefaultSubscriptionRegistry@b50cfa7]
2026-03-05 11:53:45 [] [main] INFO  o.s.m.s.b.SimpleBrokerMessageHandler - BrokerAvailabilityEvent[available=true, SimpleBrokerMessageHandler [org.springframework.messaging.simp.broker.DefaultSubscriptionRegistry@b50cfa7]]
2026-03-05 11:53:45 [] [main] INFO  o.s.m.s.b.SimpleBrokerMessageHandler - Started.
2026-03-05 11:53:45 [] [main] DEBUG o.s.m.s.ExecutorSubscribableChannel - clientInboundChannel added UserDestinationMessageHandler[DefaultUserDestinationResolver[prefix=/user/]]
2026-03-05 11:53:45 [] [main] DEBUG o.s.m.s.ExecutorSubscribableChannel - brokerChannel added UserDestinationMessageHandler[DefaultUserDestinationResolver[prefix=/user/]]
2026-03-05 11:53:45 [] [main] DEBUG o.s.b.a.l.ConditionEvaluationReportLogger - 


============================
CONDITIONS EVALUATION REPORT
============================


Positive matches:
-----------------

   AopAutoConfiguration matched:
      - @ConditionalOnProperty (spring.aop.auto=true) matched (OnPropertyCondition)

   AopAutoConfiguration.AspectJAutoProxyingConfiguration matched:
      - @ConditionalOnClass found required class 'org.aspectj.weaver.Advice' (OnClassCondition)

   AopAutoConfiguration.AspectJAutoProxyingConfiguration.CglibAutoProxyConfiguration matched:
      - @ConditionalOnProperty (spring.aop.proxy-target-class=true) matched (OnPropertyCondition)

   ApplicationAvailabilityAutoConfiguration#applicationAvailability matched:
      - @ConditionalOnMissingBean (types: org.springframework.boot.availability.ApplicationAvailability; SearchStrategy: all) did not find any beans (OnBeanCondition)

   AutoServiceRegistrationAutoConfiguration matched:
      - @ConditionalOnProperty (spring.cloud.service-registry.auto-registration.enabled) matched (OnPropertyCondition)

   AutoServiceRegistrationConfiguration matched:
      - @ConditionalOnProperty (spring.cloud.service-registry.auto-registration.enabled) matched (OnPropertyCondition)

   BlockingLoadBalancerClientAutoConfiguration matched:
      - @ConditionalOnProperty (spring.cloud.loadbalancer.enabled=true) matched (OnPropertyCondition)
      - AnyNestedCondition 2 matched 0 did not; NestedCondition on BlockingRestClassesPresentCondition.RestClientPresent @ConditionalOnClass found required class 'org.springframework.web.client.RestClient'; NestedCondition on BlockingRestClassesPresentCondition.RestTemplatePresent @ConditionalOnClass found required class 'org.springframework.web.client.RestTemplate' (BlockingRestClassesPresentCondition)

   BlockingLoadBalancerClientAutoConfiguration#blockingLoadBalancerClient matched:
      - @ConditionalOnBean (types: org.springframework.cloud.loadbalancer.support.LoadBalancerClientFactory; SearchStrategy: all) found bean 'loadBalancerClientFactory'; @ConditionalOnMissingBean (types: org.springframework.cloud.client.loadbalancer.LoadBalancerClient; SearchStrategy: all) did not find any beans (OnBeanCondition)

   BlockingLoadBalancerClientAutoConfiguration#loadBalancerServiceInstanceCookieTransformer matched:
      - @ConditionalOnBean (types: org.springframework.cloud.loadbalancer.support.LoadBalancerClientFactory; SearchStrategy: all) found bean 'loadBalancerClientFactory'; @ConditionalOnMissingBean (types: org.springframework.cloud.loadbalancer.core.LoadBalancerServiceInstanceCookieTransformer; SearchStrategy: all) did not find any beans (OnBeanCondition)

   BlockingLoadBalancerClientAutoConfiguration#xForwarderHeadersTransformer matched:
      - @ConditionalOnBean (types: org.springframework.cloud.loadbalancer.support.LoadBalancerClientFactory; SearchStrategy: all) found bean 'loadBalancerClientFactory'; @ConditionalOnMissingBean (types: org.springframework.cloud.loadbalancer.blocking.XForwardedHeadersTransformer; SearchStrategy: all) did not find any beans (OnBeanCondition)

   BlockingLoadBalancerClientAutoConfiguration.BlockingLoadBalancerRetryConfig matched:
      - @ConditionalOnClass found required class 'org.springframework.retry.support.RetryTemplate' (OnClassCondition)

   BlockingLoadBalancerClientAutoConfiguration.BlockingLoadBalancerRetryConfig#loadBalancedRetryFactory matched:
      - @ConditionalOnMissingBean (types: org.springframework.cloud.client.loadbalancer.LoadBalancedRetryFactory; SearchStrategy: all) did not find any beans (OnBeanCondition)

   CacheMeterBinderProvidersConfiguration matched:
      - @ConditionalOnClass found required class 'io.micrometer.core.instrument.binder.MeterBinder' (OnClassCondition)

   CommonsClientAutoConfiguration.ActuatorConfiguration matched:
      - @ConditionalOnClass found required class 'org.springframework.boot.actuate.endpoint.annotation.Endpoint' (OnClassCondition)
      - @ConditionalOnProperty (spring.cloud.features.enabled) matched (OnPropertyCondition)

   CommonsClientAutoConfiguration.DiscoveryLoadBalancerConfiguration matched:
      - @ConditionalOnClass found required class 'org.springframework.boot.actuate.health.HealthIndicator' (OnClassCondition)
      - @ConditionalOnProperty (spring.cloud.discovery.enabled) matched; @ConditionalOnProperty (spring.cloud.discovery.blocking.enabled) matched (OnPropertyCondition)
      - @ConditionalOnBean (types: org.springframework.cloud.client.discovery.DiscoveryClient; SearchStrategy: all) found beans 'discoveryClient', 'simpleDiscoveryClient', 'compositeDiscoveryClient' (OnBeanCondition)

   CommonsClientAutoConfiguration.DiscoveryLoadBalancerConfiguration#discoveryClientHealthIndicator matched:
      - @ConditionalOnProperty (spring.cloud.discovery.client.health-indicator.enabled) matched (OnPropertyCondition)

   CommonsClientAutoConfiguration.DiscoveryLoadBalancerConfiguration#discoveryCompositeHealthContributor matched:
      - @ConditionalOnProperty (spring.cloud.discovery.client.composite-indicator.enabled) matched (OnPropertyCondition)
      - @ConditionalOnBean (types: org.springframework.cloud.client.discovery.health.DiscoveryHealthIndicator; SearchStrategy: all) found beans 'eurekaHealthIndicator', 'discoveryClientHealthIndicator' (OnBeanCondition)

   CompatibilityVerifierAutoConfiguration matched:
      - @ConditionalOnProperty (spring.cloud.compatibility-verifier.enabled) matched (OnPropertyCondition)

   CompositeMeterRegistryAutoConfiguration matched:
      - @ConditionalOnClass found required class 'io.micrometer.core.instrument.composite.CompositeMeterRegistry' (OnClassCondition)

   ConfigClientAutoConfiguration.ConfigServerHealthIndicatorConfiguration matched:
      - @ConditionalOnClass found required class 'org.springframework.boot.actuate.health.HealthIndicator' (OnClassCondition)
      - @ConditionalOnEnabledHealthIndicator management.health.defaults.enabled is considered true (OnEnabledHealthIndicatorCondition)

   ConfigurationPropertiesRebinderAutoConfiguration matched:
      - @ConditionalOnBean (types: org.springframework.boot.context.properties.ConfigurationPropertiesBindingPostProcessor; SearchStrategy: all) found bean 'org.springframework.boot.context.properties.ConfigurationPropertiesBindingPostProcessor' (OnBeanCondition)

   ConfigurationPropertiesRebinderAutoConfiguration#configurationPropertiesBeans matched:
      - @ConditionalOnMissingBean (types: org.springframework.cloud.context.properties.ConfigurationPropertiesBeans; SearchStrategy: current) did not find any beans (OnBeanCondition)

   ConfigurationPropertiesRebinderAutoConfiguration#configurationPropertiesRebinder matched:
      - @ConditionalOnMissingBean (types: org.springframework.cloud.context.properties.ConfigurationPropertiesRebinder; SearchStrategy: current) did not find any beans (OnBeanCondition)

   DataSourceAutoConfiguration matched:
      - @ConditionalOnClass found required classes 'javax.sql.DataSource', 'org.springframework.jdbc.datasource.embedded.EmbeddedDatabaseType' (OnClassCondition)
      - @ConditionalOnMissingBean (types: io.r2dbc.spi.ConnectionFactory; SearchStrategy: all) did not find any beans (OnBeanCondition)

   DataSourceAutoConfiguration.PooledDataSourceConfiguration matched:
      - AnyNestedCondition 1 matched 1 did not; NestedCondition on DataSourceAutoConfiguration.PooledDataSourceCondition.PooledDataSourceAvailable PooledDataSource found supported DataSource; NestedCondition on DataSourceAutoConfiguration.PooledDataSourceCondition.ExplicitType @ConditionalOnProperty (spring.datasource.type) did not find property 'type' (DataSourceAutoConfiguration.PooledDataSourceCondition)
      - @ConditionalOnMissingBean (types: javax.sql.DataSource,javax.sql.XADataSource; SearchStrategy: all) did not find any beans (OnBeanCondition)

   DataSourceAutoConfiguration.PooledDataSourceConfiguration#jdbcConnectionDetails matched:
      - @ConditionalOnMissingBean (types: org.springframework.boot.autoconfigure.jdbc.JdbcConnectionDetails; SearchStrategy: all) did not find any beans (OnBeanCondition)

   DataSourceConfiguration.Hikari matched:
      - @ConditionalOnClass found required class 'com.zaxxer.hikari.HikariDataSource' (OnClassCondition)
      - @ConditionalOnProperty (spring.datasource.type=com.zaxxer.hikari.HikariDataSource) matched (OnPropertyCondition)
      - @ConditionalOnMissingBean (types: javax.sql.DataSource; SearchStrategy: all) did not find any beans (OnBeanCondition)

   DataSourceHealthContributorAutoConfiguration matched:
      - @ConditionalOnClass found required classes 'org.springframework.jdbc.core.JdbcTemplate', 'org.springframework.jdbc.datasource.lookup.AbstractRoutingDataSource' (OnClassCondition)
      - @ConditionalOnEnabledHealthIndicator management.health.defaults.enabled is considered true (OnEnabledHealthIndicatorCondition)
      - @ConditionalOnBean (types: javax.sql.DataSource; SearchStrategy: all) found bean 'dataSource' (OnBeanCondition)

   DataSourceHealthContributorAutoConfiguration#dbHealthContributor matched:
      - @ConditionalOnMissingBean (names: dbHealthIndicator,dbHealthContributor; SearchStrategy: all) did not find any beans (OnBeanCondition)

   DataSourceInitializationConfiguration matched:
      - @ConditionalOnClass found required class 'org.springframework.jdbc.datasource.init.DatabasePopulator' (OnClassCondition)
      - @ConditionalOnSingleCandidate (types: javax.sql.DataSource; SearchStrategy: all) found a single bean 'dataSource'; @ConditionalOnMissingBean (types: org.springframework.boot.autoconfigure.sql.init.SqlDataSourceScriptDatabaseInitializer,org.springframework.boot.autoconfigure.sql.init.SqlR2dbcScriptDatabaseInitializer; SearchStrategy: all) did not find any beans (OnBeanCondition)

   DataSourceJmxConfiguration matched:
      - @ConditionalOnProperty (spring.jmx.enabled=true) matched (OnPropertyCondition)

   DataSourceJmxConfiguration.Hikari matched:
      - @ConditionalOnClass found required class 'com.zaxxer.hikari.HikariDataSource' (OnClassCondition)
      - @ConditionalOnSingleCandidate (types: javax.sql.DataSource; SearchStrategy: all) found a single bean 'dataSource' (OnBeanCondition)

   DataSourcePoolMetadataProvidersConfiguration.HikariPoolDataSourceMetadataProviderConfiguration matched:
      - @ConditionalOnClass found required class 'com.zaxxer.hikari.HikariDataSource' (OnClassCondition)

   DataSourcePoolMetricsAutoConfiguration matched:
      - @ConditionalOnClass found required classes 'javax.sql.DataSource', 'io.micrometer.core.instrument.MeterRegistry' (OnClassCondition)
      - @ConditionalOnBean (types: javax.sql.DataSource,io.micrometer.core.instrument.MeterRegistry; SearchStrategy: all) found beans 'prometheusMeterRegistry', 'dataSource' (OnBeanCondition)

   DataSourcePoolMetricsAutoConfiguration.DataSourcePoolMetadataMetricsConfiguration matched:
      - @ConditionalOnBean (types: org.springframework.boot.jdbc.metadata.DataSourcePoolMetadataProvider; SearchStrategy: all) found bean 'hikariPoolDataSourceMetadataProvider' (OnBeanCondition)

   DataSourcePoolMetricsAutoConfiguration.HikariDataSourceMetricsConfiguration matched:
      - @ConditionalOnClass found required class 'com.zaxxer.hikari.HikariDataSource' (OnClassCondition)

   DataSourceTransactionManagerAutoConfiguration matched:
      - @ConditionalOnClass found required classes 'org.springframework.jdbc.core.JdbcTemplate', 'org.springframework.transaction.TransactionManager' (OnClassCondition)

   DataSourceTransactionManagerAutoConfiguration.JdbcTransactionManagerConfiguration matched:
      - @ConditionalOnSingleCandidate (types: javax.sql.DataSource; SearchStrategy: all) found a single bean 'dataSource' (OnBeanCondition)

   DiscoveryClientOptionalArgsConfiguration#defaultEurekaClientHttpRequestFactorySupplier matched:
      - @ConditionalOnClass found required class 'org.springframework.web.client.RestTemplate' (OnClassCondition)
      - @ConditionalOnMissingBean (types: org.springframework.cloud.netflix.eureka.http.EurekaClientHttpRequestFactorySupplier; SearchStrategy: all) did not find any beans (OnBeanCondition)

   DiscoveryClientOptionalArgsConfiguration#restTemplateDiscoveryClientOptionalArgs matched:
      - @ConditionalOnClass found required class 'org.springframework.web.client.RestTemplate'; @ConditionalOnMissingClass did not find unwanted class 'org.glassfish.jersey.client.JerseyClient' (OnClassCondition)
      - @ConditionalOnProperty (eureka.client.webclient.enabled=false) matched (OnPropertyCondition)
      - @ConditionalOnMissingBean (types: com.netflix.discovery.AbstractDiscoveryClientOptionalArgs; SearchStrategy: current) did not find any beans (OnBeanCondition)

   DiscoveryClientOptionalArgsConfiguration#restTemplateTransportClientFactories matched:
      - @ConditionalOnClass found required class 'org.springframework.web.client.RestTemplate'; @ConditionalOnMissingClass did not find unwanted class 'org.glassfish.jersey.client.JerseyClient' (OnClassCondition)
      - @ConditionalOnProperty (eureka.client.webclient.enabled=false) matched (OnPropertyCondition)
      - @ConditionalOnMissingBean (types: com.netflix.discovery.shared.transport.jersey.TransportClientFactories; SearchStrategy: current) did not find any beans (OnBeanCondition)

   DiskSpaceHealthContributorAutoConfiguration matched:
      - @ConditionalOnEnabledHealthIndicator management.health.defaults.enabled is considered true (OnEnabledHealthIndicatorCondition)

   DiskSpaceHealthContributorAutoConfiguration#diskSpaceHealthIndicator matched:
      - @ConditionalOnMissingBean (names: diskSpaceHealthIndicator; SearchStrategy: all) did not find any beans (OnBeanCondition)

   DispatcherServletAutoConfiguration matched:
      - @ConditionalOnClass found required class 'org.springframework.web.servlet.DispatcherServlet' (OnClassCondition)
      - found 'session' scope (OnWebApplicationCondition)

   DispatcherServletAutoConfiguration.DispatcherServletConfiguration matched:
      - @ConditionalOnClass found required class 'jakarta.servlet.ServletRegistration' (OnClassCondition)
      - Default DispatcherServlet did not find dispatcher servlet beans (DispatcherServletAutoConfiguration.DefaultDispatcherServletCondition)

   DispatcherServletAutoConfiguration.DispatcherServletRegistrationConfiguration matched:
      - @ConditionalOnClass found required class 'jakarta.servlet.ServletRegistration' (OnClassCondition)
      - DispatcherServlet Registration did not find servlet registration bean (DispatcherServletAutoConfiguration.DispatcherServletRegistrationCondition)

   DispatcherServletAutoConfiguration.DispatcherServletRegistrationConfiguration#dispatcherServletRegistration matched:
      - @ConditionalOnBean (names: dispatcherServlet types: org.springframework.web.servlet.DispatcherServlet; SearchStrategy: all) found bean 'dispatcherServlet' (OnBeanCondition)

   EmbeddedWebServerFactoryCustomizerAutoConfiguration matched:
      - @ConditionalOnWebApplication (required) found 'session' scope (OnWebApplicationCondition)
      - @ConditionalOnWarDeployment the application is not deployed as a WAR file. (OnWarDeploymentCondition)

   EmbeddedWebServerFactoryCustomizerAutoConfiguration.TomcatWebServerFactoryCustomizerConfiguration matched:
      - @ConditionalOnClass found required classes 'org.apache.catalina.startup.Tomcat', 'org.apache.coyote.UpgradeProtocol' (OnClassCondition)

   EndpointAutoConfiguration#endpointCachingOperationInvokerAdvisor matched:
      - @ConditionalOnMissingBean (types: org.springframework.boot.actuate.endpoint.invoker.cache.CachingOperationInvokerAdvisor; SearchStrategy: all) did not find any beans (OnBeanCondition)

   EndpointAutoConfiguration#endpointOperationParameterMapper matched:
      - @ConditionalOnMissingBean (types: org.springframework.boot.actuate.endpoint.invoke.ParameterValueMapper; SearchStrategy: all) did not find any beans (OnBeanCondition)

   ErrorMvcAutoConfiguration matched:
      - @ConditionalOnClass found required classes 'jakarta.servlet.Servlet', 'org.springframework.web.servlet.DispatcherServlet' (OnClassCondition)
      - found 'session' scope (OnWebApplicationCondition)

   ErrorMvcAutoConfiguration#basicErrorController matched:
      - @ConditionalOnMissingBean (types: org.springframework.boot.web.servlet.error.ErrorController; SearchStrategy: current) did not find any beans (OnBeanCondition)

   ErrorMvcAutoConfiguration#errorAttributes matched:
      - @ConditionalOnMissingBean (types: org.springframework.boot.web.servlet.error.ErrorAttributes; SearchStrategy: current) did not find any beans (OnBeanCondition)

   ErrorMvcAutoConfiguration.DefaultErrorViewResolverConfiguration#conventionErrorViewResolver matched:
      - @ConditionalOnBean (types: org.springframework.web.servlet.DispatcherServlet; SearchStrategy: all) found bean 'dispatcherServlet'; @ConditionalOnMissingBean (types: org.springframework.boot.autoconfigure.web.servlet.error.ErrorViewResolver; SearchStrategy: all) did not find any beans (OnBeanCondition)

   EurekaClientAutoConfiguration matched:
      - @ConditionalOnClass found required class 'com.netflix.discovery.EurekaClientConfig' (OnClassCondition)
      - @ConditionalOnProperty (eureka.client.enabled) matched; @ConditionalOnProperty (spring.cloud.discovery.enabled) matched (OnPropertyCondition)

   EurekaClientAutoConfiguration#eurekaAutoServiceRegistration matched:
      - @ConditionalOnProperty (spring.cloud.service-registry.auto-registration.enabled) matched (OnPropertyCondition)
      - @ConditionalOnBean (types: org.springframework.cloud.client.serviceregistry.AutoServiceRegistrationProperties; SearchStrategy: all) found bean 'spring.cloud.service-registry.auto-registration-org.springframework.cloud.client.serviceregistry.AutoServiceRegistrationProperties' (OnBeanCondition)

   EurekaClientAutoConfiguration#eurekaClientConfigBean matched:
      - @ConditionalOnMissingBean (types: com.netflix.discovery.EurekaClientConfig; SearchStrategy: current) did not find any beans (OnBeanCondition)

   EurekaClientAutoConfiguration#eurekaInstanceConfigBean matched:
      - @ConditionalOnMissingBean (types: com.netflix.appinfo.EurekaInstanceConfig; SearchStrategy: current) did not find any beans (OnBeanCondition)

   EurekaClientAutoConfiguration#serviceManagementMetadataProvider matched:
      - @ConditionalOnMissingBean (types: org.springframework.cloud.netflix.eureka.metadata.ManagementMetadataProvider; SearchStrategy: all) did not find any beans (OnBeanCondition)

   EurekaClientAutoConfiguration.EurekaHealthIndicatorConfiguration matched:
      - @ConditionalOnClass found required class 'org.springframework.boot.actuate.health.Health' (OnClassCondition)

   EurekaClientAutoConfiguration.EurekaHealthIndicatorConfiguration#eurekaHealthIndicator matched:
      - @ConditionalOnMissingBean (types: org.springframework.cloud.netflix.eureka.EurekaHealthIndicator; SearchStrategy: all) did not find any beans (OnBeanCondition)
      - @ConditionalOnEnabledHealthIndicator management.health.defaults.enabled is considered true (OnEnabledHealthIndicatorCondition)

   EurekaClientAutoConfiguration.RefreshableEurekaClientConfiguration matched:
      - @ConditionalOnClass found required class 'org.springframework.cloud.context.scope.refresh.RefreshScope' (OnClassCondition)
      - @ConditionalOnProperty (eureka.client.refresh.enable=true) matched (OnPropertyCondition)
      - @ConditionalOnBean (types: org.springframework.cloud.autoconfigure.RefreshAutoConfiguration; SearchStrategy: all) found bean 'org.springframework.cloud.autoconfigure.RefreshAutoConfiguration' (OnBeanCondition)

   EurekaClientAutoConfiguration.RefreshableEurekaClientConfiguration#eurekaApplicationInfoManager matched:
      - @ConditionalOnMissingBean (types: com.netflix.appinfo.ApplicationInfoManager; SearchStrategy: current) did not find any beans (OnBeanCondition)

   EurekaClientAutoConfiguration.RefreshableEurekaClientConfiguration#eurekaClient matched:
      - @ConditionalOnMissingBean (types: com.netflix.discovery.EurekaClient; SearchStrategy: current) did not find any beans (OnBeanCondition)

   EurekaClientAutoConfiguration.RefreshableEurekaClientConfiguration#eurekaRegistration matched:
      - @ConditionalOnProperty (spring.cloud.service-registry.auto-registration.enabled) matched (OnPropertyCondition)
      - @ConditionalOnBean (types: org.springframework.cloud.client.serviceregistry.AutoServiceRegistrationProperties; SearchStrategy: all) found bean 'spring.cloud.service-registry.auto-registration-org.springframework.cloud.client.serviceregistry.AutoServiceRegistrationProperties' (OnBeanCondition)

   EurekaDiscoveryClientConfiguration matched:
      - @ConditionalOnClass found required class 'com.netflix.discovery.EurekaClientConfig' (OnClassCondition)
      - @ConditionalOnProperty (eureka.client.enabled) matched; @ConditionalOnProperty (spring.cloud.discovery.enabled) matched; @ConditionalOnProperty (spring.cloud.discovery.blocking.enabled) matched (OnPropertyCondition)

   EurekaDiscoveryClientConfiguration#discoveryClient matched:
      - @ConditionalOnMissingBean (types: org.springframework.cloud.netflix.eureka.EurekaDiscoveryClient; SearchStrategy: all) did not find any beans (OnBeanCondition)

   EurekaDiscoveryClientConfiguration.EurekaClientConfigurationRefresher matched:
      - @ConditionalOnClass found required class 'org.springframework.cloud.context.scope.refresh.RefreshScopeRefreshedEvent' (OnClassCondition)

   EurekaDiscoveryClientConfiguration.EurekaHealthCheckHandlerConfiguration matched:
      - @ConditionalOnProperty (eureka.client.healthcheck.enabled) matched (OnPropertyCondition)

   EurekaDiscoveryClientConfiguration.EurekaHealthCheckHandlerConfiguration#eurekaHealthCheckHandler matched:
      - @ConditionalOnMissingBean (types: com.netflix.appinfo.HealthCheckHandler; SearchStrategy: all) did not find any beans (OnBeanCondition)

   GenericCacheConfiguration matched:
      - Cache org.springframework.boot.autoconfigure.cache.GenericCacheConfiguration automatic cache type (CacheCondition)

   GsonAutoConfiguration matched:
      - @ConditionalOnClass found required class 'com.google.gson.Gson' (OnClassCondition)

   GsonAutoConfiguration#gson matched:
      - @ConditionalOnMissingBean (types: com.google.gson.Gson; SearchStrategy: all) did not find any beans (OnBeanCondition)

   GsonAutoConfiguration#gsonBuilder matched:
      - @ConditionalOnMissingBean (types: com.google.gson.GsonBuilder; SearchStrategy: all) did not find any beans (OnBeanCondition)

   GsonHttpMessageConvertersConfiguration matched:
      - @ConditionalOnClass found required class 'com.google.gson.Gson' (OnClassCondition)

   HealthContributorAutoConfiguration#pingHealthContributor matched:
      - @ConditionalOnEnabledHealthIndicator management.health.defaults.enabled is considered true (OnEnabledHealthIndicatorCondition)

   HealthEndpointAutoConfiguration matched:
      - @ConditionalOnAvailableEndpoint marked as exposed by a 'management.endpoints.web.exposure' property (OnAvailableEndpointCondition)

   HealthEndpointConfiguration#healthContributorRegistry matched:
      - @ConditionalOnMissingBean (types: org.springframework.boot.actuate.health.HealthContributorRegistry; SearchStrategy: all) did not find any beans (OnBeanCondition)

   HealthEndpointConfiguration#healthEndpoint matched:
      - @ConditionalOnMissingBean (types: org.springframework.boot.actuate.health.HealthEndpoint; SearchStrategy: all) did not find any beans (OnBeanCondition)

   HealthEndpointConfiguration#healthEndpointGroupMembershipValidator matched:
      - @ConditionalOnProperty (management.endpoint.health.validate-group-membership=true) matched (OnPropertyCondition)

   HealthEndpointConfiguration#healthEndpointGroups matched:
      - @ConditionalOnMissingBean (types: org.springframework.boot.actuate.health.HealthEndpointGroups; SearchStrategy: all) did not find any beans (OnBeanCondition)

   HealthEndpointConfiguration#healthHttpCodeStatusMapper matched:
      - @ConditionalOnMissingBean (types: org.springframework.boot.actuate.health.HttpCodeStatusMapper; SearchStrategy: all) did not find any beans (OnBeanCondition)

   HealthEndpointConfiguration#healthStatusAggregator matched:
      - @ConditionalOnMissingBean (types: org.springframework.boot.actuate.health.StatusAggregator; SearchStrategy: all) did not find any beans (OnBeanCondition)

   HealthEndpointWebExtensionConfiguration matched:
      - found 'session' scope (OnWebApplicationCondition)
      - @ConditionalOnAvailableEndpoint marked as exposed by a 'management.endpoints.web.exposure' property (OnAvailableEndpointCondition)
      - @ConditionalOnBean (types: org.springframework.boot.actuate.health.HealthEndpoint; SearchStrategy: all) found bean 'healthEndpoint' (OnBeanCondition)

   HealthEndpointWebExtensionConfiguration#healthEndpointWebExtension matched:
      - @ConditionalOnMissingBean (types: org.springframework.boot.actuate.health.HealthEndpointWebExtension; SearchStrategy: all) did not find any beans (OnBeanCondition)

   HealthEndpointWebExtensionConfiguration.MvcAdditionalHealthEndpointPathsConfiguration matched:
      - @ConditionalOnAvailableEndpoint marked as exposed by a 'management.endpoints.web.exposure' property (OnAvailableEndpointCondition)
      - @ConditionalOnBean (types: org.springframework.web.servlet.DispatcherServlet; SearchStrategy: all) found bean 'dispatcherServlet' (OnBeanCondition)

   HibernateJpaAutoConfiguration matched:
      - @ConditionalOnClass found required classes 'org.springframework.orm.jpa.LocalContainerEntityManagerFactoryBean', 'jakarta.persistence.EntityManager', 'org.hibernate.engine.spi.SessionImplementor' (OnClassCondition)

   HibernateJpaConfiguration matched:
      - @ConditionalOnSingleCandidate (types: javax.sql.DataSource; SearchStrategy: all) found a single bean 'dataSource' (OnBeanCondition)

   HttpClientObservationsAutoConfiguration matched:
      - @ConditionalOnClass found required class 'io.micrometer.observation.Observation' (OnClassCondition)
      - @ConditionalOnBean (types: io.micrometer.observation.ObservationRegistry; SearchStrategy: all) found bean 'observationRegistry' (OnBeanCondition)

   HttpClientObservationsAutoConfiguration.MeterFilterConfiguration matched:
      - @ConditionalOnClass found required class 'io.micrometer.core.instrument.MeterRegistry' (OnClassCondition)
      - @ConditionalOnBean (types: io.micrometer.core.instrument.MeterRegistry; SearchStrategy: all) found bean 'prometheusMeterRegistry' (OnBeanCondition)

   HttpEncodingAutoConfiguration matched:
      - @ConditionalOnClass found required class 'org.springframework.web.filter.CharacterEncodingFilter' (OnClassCondition)
      - found 'session' scope (OnWebApplicationCondition)
      - @ConditionalOnProperty (server.servlet.encoding.enabled) matched (OnPropertyCondition)

   HttpEncodingAutoConfiguration#characterEncodingFilter matched:
      - @ConditionalOnMissingBean (types: org.springframework.web.filter.CharacterEncodingFilter; SearchStrategy: all) did not find any beans (OnBeanCondition)

   HttpMessageConvertersAutoConfiguration matched:
      - @ConditionalOnClass found required class 'org.springframework.http.converter.HttpMessageConverter' (OnClassCondition)
      - NoneNestedConditions 0 matched 1 did not; NestedCondition on HttpMessageConvertersAutoConfiguration.NotReactiveWebApplicationCondition.ReactiveWebApplication did not find reactive web application classes (HttpMessageConvertersAutoConfiguration.NotReactiveWebApplicationCondition)

   HttpMessageConvertersAutoConfiguration#messageConverters matched:
      - @ConditionalOnMissingBean (types: org.springframework.boot.autoconfigure.http.HttpMessageConverters; SearchStrategy: all) did not find any beans (OnBeanCondition)

   HttpMessageConvertersAutoConfiguration.StringHttpMessageConverterConfiguration matched:
      - @ConditionalOnClass found required class 'org.springframework.http.converter.StringHttpMessageConverter' (OnClassCondition)

   HttpMessageConvertersAutoConfiguration.StringHttpMessageConverterConfiguration#stringHttpMessageConverter matched:
      - @ConditionalOnMissingBean (types: org.springframework.http.converter.StringHttpMessageConverter; SearchStrategy: all) did not find any beans (OnBeanCondition)

   InfoContributorAutoConfiguration#envInfoContributor matched:
      - @ConditionalOnEnabledInfoContributor management.info.env.enabled is true (OnEnabledInfoContributorCondition)

   InfoContributorAutoConfiguration#javaInfoContributor matched:
      - @ConditionalOnEnabledInfoContributor management.info.java.enabled is true (OnEnabledInfoContributorCondition)

   InfoEndpointAutoConfiguration matched:
      - @ConditionalOnAvailableEndpoint marked as exposed by a 'management.endpoints.web.exposure' property (OnAvailableEndpointCondition)

   InfoEndpointAutoConfiguration#infoEndpoint matched:
      - @ConditionalOnMissingBean (types: org.springframework.boot.actuate.info.InfoEndpoint; SearchStrategy: all) did not find any beans (OnBeanCondition)

   JacksonAutoConfiguration matched:
      - @ConditionalOnClass found required class 'com.fasterxml.jackson.databind.ObjectMapper' (OnClassCondition)

   JacksonAutoConfiguration.Jackson2ObjectMapperBuilderCustomizerConfiguration matched:
      - @ConditionalOnClass found required class 'org.springframework.http.converter.json.Jackson2ObjectMapperBuilder' (OnClassCondition)

   JacksonAutoConfiguration.JacksonObjectMapperBuilderConfiguration matched:
      - @ConditionalOnClass found required class 'org.springframework.http.converter.json.Jackson2ObjectMapperBuilder' (OnClassCondition)

   JacksonAutoConfiguration.JacksonObjectMapperBuilderConfiguration#jacksonObjectMapperBuilder matched:
      - @ConditionalOnMissingBean (types: org.springframework.http.converter.json.Jackson2ObjectMapperBuilder; SearchStrategy: all) did not find any beans (OnBeanCondition)

   JacksonAutoConfiguration.JacksonObjectMapperConfiguration matched:
      - @ConditionalOnClass found required class 'org.springframework.http.converter.json.Jackson2ObjectMapperBuilder' (OnClassCondition)

   JacksonAutoConfiguration.JacksonObjectMapperConfiguration#jacksonObjectMapper matched:
      - @ConditionalOnMissingBean (types: com.fasterxml.jackson.databind.ObjectMapper; SearchStrategy: all) did not find any beans (OnBeanCondition)

   JacksonAutoConfiguration.ParameterNamesModuleConfiguration matched:
      - @ConditionalOnClass found required class 'com.fasterxml.jackson.module.paramnames.ParameterNamesModule' (OnClassCondition)

   JacksonAutoConfiguration.ParameterNamesModuleConfiguration#parameterNamesModule matched:
      - @ConditionalOnMissingBean (types: com.fasterxml.jackson.module.paramnames.ParameterNamesModule; SearchStrategy: all) did not find any beans (OnBeanCondition)

   JacksonEndpointAutoConfiguration#endpointObjectMapper matched:
      - @ConditionalOnClass found required classes 'com.fasterxml.jackson.databind.ObjectMapper', 'org.springframework.http.converter.json.Jackson2ObjectMapperBuilder' (OnClassCondition)
      - @ConditionalOnProperty (management.endpoints.jackson.isolated-object-mapper) matched (OnPropertyCondition)

   JacksonHttpMessageConvertersConfiguration.MappingJackson2HttpMessageConverterConfiguration matched:
      - @ConditionalOnClass found required class 'com.fasterxml.jackson.databind.ObjectMapper' (OnClassCondition)
      - @ConditionalOnProperty (spring.mvc.converters.preferred-json-mapper=jackson) matched (OnPropertyCondition)
      - @ConditionalOnBean (types: com.fasterxml.jackson.databind.ObjectMapper; SearchStrategy: all) found bean 'jacksonObjectMapper' (OnBeanCondition)

   JacksonHttpMessageConvertersConfiguration.MappingJackson2HttpMessageConverterConfiguration#mappingJackson2HttpMessageConverter matched:
      - @ConditionalOnMissingBean (types: org.springframework.http.converter.json.MappingJackson2HttpMessageConverter ignored: org.springframework.hateoas.server.mvc.TypeConstrainedMappingJackson2HttpMessageConverter,org.springframework.data.rest.webmvc.alps.AlpsJsonHttpMessageConverter; SearchStrategy: all) did not find any beans (OnBeanCondition)

   JdbcClientAutoConfiguration matched:
      - @ConditionalOnSingleCandidate (types: org.springframework.jdbc.core.namedparam.NamedParameterJdbcTemplate; SearchStrategy: all) found a single bean 'namedParameterJdbcTemplate'; @ConditionalOnMissingBean (types: org.springframework.jdbc.core.simple.JdbcClient; SearchStrategy: all) did not find any beans (OnBeanCondition)

   JdbcTemplateAutoConfiguration matched:
      - @ConditionalOnClass found required classes 'javax.sql.DataSource', 'org.springframework.jdbc.core.JdbcTemplate' (OnClassCondition)
      - @ConditionalOnSingleCandidate (types: javax.sql.DataSource; SearchStrategy: all) found a single bean 'dataSource' (OnBeanCondition)

   JdbcTemplateConfiguration matched:
      - @ConditionalOnMissingBean (types: org.springframework.jdbc.core.JdbcOperations; SearchStrategy: all) did not find any beans (OnBeanCondition)

   JpaBaseConfiguration#entityManagerFactory matched:
      - @ConditionalOnMissingBean (types: org.springframework.orm.jpa.LocalContainerEntityManagerFactoryBean,jakarta.persistence.EntityManagerFactory; SearchStrategy: all) did not find any beans (OnBeanCondition)

   JpaBaseConfiguration#entityManagerFactoryBuilder matched:
      - @ConditionalOnMissingBean (types: org.springframework.boot.orm.jpa.EntityManagerFactoryBuilder; SearchStrategy: all) did not find any beans (OnBeanCondition)

   JpaBaseConfiguration#jpaVendorAdapter matched:
      - @ConditionalOnMissingBean (types: org.springframework.orm.jpa.JpaVendorAdapter; SearchStrategy: all) did not find any beans (OnBeanCondition)

   JpaBaseConfiguration#transactionManager matched:
      - @ConditionalOnMissingBean (types: org.springframework.transaction.TransactionManager; SearchStrategy: all) did not find any beans (OnBeanCondition)

   JpaBaseConfiguration.JpaWebConfiguration matched:
      - @ConditionalOnClass found required class 'org.springframework.web.servlet.config.annotation.WebMvcConfigurer' (OnClassCondition)
      - found 'session' scope (OnWebApplicationCondition)
      - @ConditionalOnProperty (spring.jpa.open-in-view=true) matched (OnPropertyCondition)
      - @ConditionalOnMissingBean (types: org.springframework.orm.jpa.support.OpenEntityManagerInViewInterceptor,org.springframework.orm.jpa.support.OpenEntityManagerInViewFilter; SearchStrategy: all) did not find any beans (OnBeanCondition)

   JpaBaseConfiguration.PersistenceManagedTypesConfiguration matched:
      - @ConditionalOnMissingBean (types: org.springframework.orm.jpa.LocalContainerEntityManagerFactoryBean,jakarta.persistence.EntityManagerFactory; SearchStrategy: all) did not find any beans (OnBeanCondition)

   JpaBaseConfiguration.PersistenceManagedTypesConfiguration#persistenceManagedTypes matched:
      - @ConditionalOnMissingBean (types: org.springframework.orm.jpa.persistenceunit.PersistenceManagedTypes; SearchStrategy: all) did not find any beans (OnBeanCondition)

   JpaRepositoriesAutoConfiguration matched:
      - @ConditionalOnClass found required class 'org.springframework.data.jpa.repository.JpaRepository' (OnClassCondition)
      - @ConditionalOnProperty (spring.data.jpa.repositories.enabled=true) matched (OnPropertyCondition)
      - @ConditionalOnBean (types: javax.sql.DataSource; SearchStrategy: all) found bean 'dataSource'; @ConditionalOnMissingBean (types: org.springframework.data.jpa.repository.support.JpaRepositoryFactoryBean,org.springframework.data.jpa.repository.config.JpaRepositoryConfigExtension; SearchStrategy: all) did not find any beans (OnBeanCondition)

   JtaAutoConfiguration matched:
      - @ConditionalOnClass found required class 'jakarta.transaction.Transaction' (OnClassCondition)
      - @ConditionalOnProperty (spring.jta.enabled) matched (OnPropertyCondition)

   JvmMetricsAutoConfiguration matched:
      - @ConditionalOnClass found required class 'io.micrometer.core.instrument.MeterRegistry' (OnClassCondition)
      - @ConditionalOnBean (types: io.micrometer.core.instrument.MeterRegistry; SearchStrategy: all) found bean 'prometheusMeterRegistry' (OnBeanCondition)

   JvmMetricsAutoConfiguration#classLoaderMetrics matched:
      - @ConditionalOnMissingBean (types: io.micrometer.core.instrument.binder.jvm.ClassLoaderMetrics; SearchStrategy: all) did not find any beans (OnBeanCondition)

   JvmMetricsAutoConfiguration#jvmCompilationMetrics matched:
      - @ConditionalOnMissingBean (types: io.micrometer.core.instrument.binder.jvm.JvmCompilationMetrics; SearchStrategy: all) did not find any beans (OnBeanCondition)

   JvmMetricsAutoConfiguration#jvmGcMetrics matched:
      - @ConditionalOnMissingBean (types: io.micrometer.core.instrument.binder.jvm.JvmGcMetrics; SearchStrategy: all) did not find any beans (OnBeanCondition)

   JvmMetricsAutoConfiguration#jvmHeapPressureMetrics matched:
      - @ConditionalOnMissingBean (types: io.micrometer.core.instrument.binder.jvm.JvmHeapPressureMetrics; SearchStrategy: all) did not find any beans (OnBeanCondition)

   JvmMetricsAutoConfiguration#jvmInfoMetrics matched:
      - @ConditionalOnMissingBean (types: io.micrometer.core.instrument.binder.jvm.JvmInfoMetrics; SearchStrategy: all) did not find any beans (OnBeanCondition)

   JvmMetricsAutoConfiguration#jvmMemoryMetrics matched:
      - @ConditionalOnMissingBean (types: io.micrometer.core.instrument.binder.jvm.JvmMemoryMetrics; SearchStrategy: all) did not find any beans (OnBeanCondition)

   JvmMetricsAutoConfiguration#jvmThreadMetrics matched:
      - @ConditionalOnMissingBean (types: io.micrometer.core.instrument.binder.jvm.JvmThreadMetrics; SearchStrategy: all) did not find any beans (OnBeanCondition)

   LifecycleAutoConfiguration#defaultLifecycleProcessor matched:
      - @ConditionalOnMissingBean (names: lifecycleProcessor; SearchStrategy: current) did not find any beans (OnBeanCondition)

   LifecycleMvcEndpointAutoConfiguration#environmentManager matched:
      - @ConditionalOnMissingBean (types: org.springframework.cloud.context.environment.EnvironmentManager; SearchStrategy: all) did not find any beans (OnBeanCondition)

   org.springframework.cloud.client.loadbalancer.LoadBalancerAutoConfiguration matched:
      - AnyNestedCondition 2 matched 0 did not; NestedCondition on BlockingRestClassesPresentCondition.RestClientPresent @ConditionalOnClass found required class 'org.springframework.web.client.RestClient'; NestedCondition on BlockingRestClassesPresentCondition.RestTemplatePresent @ConditionalOnClass found required class 'org.springframework.web.client.RestTemplate' (BlockingRestClassesPresentCondition)
      - @ConditionalOnBean (types: org.springframework.cloud.client.loadbalancer.LoadBalancerClient; SearchStrategy: all) found bean 'blockingLoadBalancerClient' (OnBeanCondition)

   org.springframework.cloud.loadbalancer.config.LoadBalancerAutoConfiguration matched:
      - @ConditionalOnProperty (spring.cloud.loadbalancer.enabled=true) matched (OnPropertyCondition)

   LoadBalancerAutoConfiguration#loadBalancerClientFactory matched:
      - @ConditionalOnMissingBean (types: org.springframework.cloud.loadbalancer.support.LoadBalancerClientFactory; SearchStrategy: all) did not find any beans (OnBeanCondition)

   LoadBalancerAutoConfiguration#loadBalancerRequestFactory matched:
      - @ConditionalOnMissingBean (types: org.springframework.cloud.client.loadbalancer.LoadBalancerRequestFactory; SearchStrategy: all) did not find any beans (OnBeanCondition)

   LoadBalancerAutoConfiguration#zoneConfig matched:
      - @ConditionalOnMissingBean (types: org.springframework.cloud.loadbalancer.config.LoadBalancerZoneConfig; SearchStrategy: all) did not find any beans (OnBeanCondition)

   LoadBalancerAutoConfiguration.RetryAutoConfiguration matched:
      - @ConditionalOnClass found required class 'org.springframework.retry.support.RetryTemplate' (OnClassCondition)

   LoadBalancerAutoConfiguration.RetryInterceptorAutoConfiguration matched:
      - @ConditionalOnClass found required class 'org.springframework.retry.support.RetryTemplate' (OnClassCondition)
      - @ConditionalOnProperty (spring.cloud.loadbalancer.retry.enabled) matched (OnPropertyCondition)
      - @ConditionalOnBean (types: org.springframework.cloud.client.loadbalancer.reactive.ReactiveLoadBalancer$Factory; SearchStrategy: all) found bean 'loadBalancerClientFactory' (OnBeanCondition)

   LoadBalancerAutoConfiguration.RetryInterceptorAutoConfiguration#lbRestClientPostProcessor matched:
      - @ConditionalOnBean (types: org.springframework.cloud.client.loadbalancer.RetryLoadBalancerInterceptor; SearchStrategy: all) found bean 'loadBalancerInterceptor'; @ConditionalOnMissingBean (types: org.springframework.cloud.client.loadbalancer.LoadBalancerRestClientBuilderBeanPostProcessor; SearchStrategy: all) did not find any beans (OnBeanCondition)

   LoadBalancerAutoConfiguration.RetryInterceptorAutoConfiguration#loadBalancerInterceptor matched:
      - @ConditionalOnMissingBean (types: org.springframework.cloud.client.loadbalancer.RetryLoadBalancerInterceptor; SearchStrategy: all) did not find any beans (OnBeanCondition)

   LoadBalancerAutoConfiguration.RetryInterceptorAutoConfiguration#restTemplateCustomizer matched:
      - @ConditionalOnMissingBean (types: org.springframework.cloud.client.loadbalancer.RestTemplateCustomizer; SearchStrategy: all) did not find any beans (OnBeanCondition)

   LoadBalancerCacheAutoConfiguration matched:
      - @ConditionalOnClass found required classes 'org.springframework.cache.CacheManager', 'org.springframework.boot.autoconfigure.cache.CacheAutoConfiguration' (OnClassCondition)
      - AllNestedConditions 2 matched 0 did not; NestedCondition on LoadBalancerCacheAutoConfiguration.OnLoadBalancerCachingEnabledCondition.LoadBalancerCacheEnabled @ConditionalOnProperty (spring.cloud.loadbalancer.cache.enabled) matched; NestedCondition on LoadBalancerCacheAutoConfiguration.OnLoadBalancerCachingEnabledCondition.LoadBalancerEnabled @ConditionalOnProperty (spring.cloud.loadbalancer.enabled=true) matched (LoadBalancerCacheAutoConfiguration.OnLoadBalancerCachingEnabledCondition)

   LoadBalancerCacheAutoConfiguration.DefaultLoadBalancerCacheManagerConfiguration matched:
      - @ConditionalOnClass found required class 'com.stoyanr.evictor.ConcurrentMapWithTimedEviction' (OnClassCondition)
      - AnyNestedCondition 1 matched 1 did not; NestedCondition on LoadBalancerCacheAutoConfiguration.OnCaffeineCacheMissingCondition.CaffeineCacheManagerClassMissing @ConditionalOnMissingClass found unwanted class 'org.springframework.cache.caffeine.CaffeineCacheManager'; NestedCondition on LoadBalancerCacheAutoConfiguration.OnCaffeineCacheMissingCondition.CaffeineClassMissing @ConditionalOnMissingClass did not find unwanted class 'com.github.benmanes.caffeine.cache.Caffeine' (LoadBalancerCacheAutoConfiguration.OnCaffeineCacheMissingCondition)

   LoadBalancerCacheAutoConfiguration.DefaultLoadBalancerCacheManagerConfiguration#defaultLoadBalancerCacheManager matched:
      - @ConditionalOnMissingBean (types: org.springframework.cloud.loadbalancer.cache.LoadBalancerCacheManager; SearchStrategy: all) did not find any beans (OnBeanCondition)

   LoadBalancerCacheAutoConfiguration.LoadBalancerCacheManagerWarnConfiguration matched:
      - AnyNestedCondition 1 matched 1 did not; NestedCondition on LoadBalancerCacheAutoConfiguration.OnCaffeineCacheMissingCondition.CaffeineCacheManagerClassMissing @ConditionalOnMissingClass found unwanted class 'org.springframework.cache.caffeine.CaffeineCacheManager'; NestedCondition on LoadBalancerCacheAutoConfiguration.OnCaffeineCacheMissingCondition.CaffeineClassMissing @ConditionalOnMissingClass did not find unwanted class 'com.github.benmanes.caffeine.cache.Caffeine' (LoadBalancerCacheAutoConfiguration.OnCaffeineCacheMissingCondition)

   LoadBalancerEurekaAutoConfiguration matched:
      - @ConditionalOnClass found required class 'org.springframework.cloud.loadbalancer.annotation.LoadBalancerClientConfigurationRegistrar' (OnClassCondition)
      - @ConditionalOnProperty (eureka.client.enabled) matched (OnPropertyCondition)

   LoadBalancerEurekaAutoConfiguration#eurekaLoadBalancerProperties matched:
      - @ConditionalOnMissingBean (types: org.springframework.cloud.netflix.eureka.loadbalancer.EurekaLoadBalancerProperties; SearchStrategy: all) did not find any beans (OnBeanCondition)

   LogbackMetricsAutoConfiguration matched:
      - @ConditionalOnClass found required classes 'io.micrometer.core.instrument.MeterRegistry', 'ch.qos.logback.classic.LoggerContext', 'org.slf4j.LoggerFactory' (OnClassCondition)
      - LogbackLoggingCondition ILoggerFactory is a Logback LoggerContext (LogbackMetricsAutoConfiguration.LogbackLoggingCondition)
      - @ConditionalOnBean (types: io.micrometer.core.instrument.MeterRegistry; SearchStrategy: all) found bean 'prometheusMeterRegistry' (OnBeanCondition)

   LogbackMetricsAutoConfiguration#logbackMetrics matched:
      - @ConditionalOnMissingBean (types: io.micrometer.core.instrument.binder.logging.LogbackMetrics; SearchStrategy: all) did not find any beans (OnBeanCondition)

   ManagementContextAutoConfiguration.SameManagementContextConfiguration matched:
      - Management Port actual port type (SAME) matched required type (OnManagementPortCondition)

   MetricsAspectsAutoConfiguration matched:
      - @ConditionalOnClass found required classes 'io.micrometer.core.instrument.MeterRegistry', 'org.aspectj.weaver.Advice' (OnClassCondition)
      - @ConditionalOnBean (types: io.micrometer.core.instrument.MeterRegistry; SearchStrategy: all) found bean 'prometheusMeterRegistry' (OnBeanCondition)

   MetricsAspectsAutoConfiguration#countedAspect matched:
      - @ConditionalOnMissingBean (types: io.micrometer.core.aop.CountedAspect; SearchStrategy: all) did not find any beans (OnBeanCondition)

   MetricsAspectsAutoConfiguration#timedAspect matched:
      - @ConditionalOnMissingBean (types: io.micrometer.core.aop.TimedAspect; SearchStrategy: all) did not find any beans (OnBeanCondition)

   MetricsAutoConfiguration matched:
      - @ConditionalOnClass found required class 'io.micrometer.core.annotation.Timed' (OnClassCondition)

   MetricsAutoConfiguration#micrometerClock matched:
      - @ConditionalOnMissingBean (types: io.micrometer.core.instrument.Clock; SearchStrategy: all) did not find any beans (OnBeanCondition)

   MetricsEndpointAutoConfiguration matched:
      - @ConditionalOnClass found required class 'io.micrometer.core.annotation.Timed' (OnClassCondition)
      - @ConditionalOnAvailableEndpoint marked as exposed by a 'management.endpoints.web.exposure' property (OnAvailableEndpointCondition)

   MetricsEndpointAutoConfiguration#metricsEndpoint matched:
      - @ConditionalOnBean (types: io.micrometer.core.instrument.MeterRegistry; SearchStrategy: all) found bean 'prometheusMeterRegistry'; @ConditionalOnMissingBean (types: org.springframework.boot.actuate.metrics.MetricsEndpoint; SearchStrategy: all) did not find any beans (OnBeanCondition)

   MultipartAutoConfiguration matched:
      - @ConditionalOnClass found required classes 'jakarta.servlet.Servlet', 'org.springframework.web.multipart.support.StandardServletMultipartResolver', 'jakarta.servlet.MultipartConfigElement' (OnClassCondition)
      - found 'session' scope (OnWebApplicationCondition)
      - @ConditionalOnProperty (spring.servlet.multipart.enabled) matched (OnPropertyCondition)

   MultipartAutoConfiguration#multipartConfigElement matched:
      - @ConditionalOnMissingBean (types: jakarta.servlet.MultipartConfigElement; SearchStrategy: all) did not find any beans (OnBeanCondition)

   MultipartAutoConfiguration#multipartResolver matched:
      - @ConditionalOnMissingBean (types: org.springframework.web.multipart.MultipartResolver; SearchStrategy: all) did not find any beans (OnBeanCondition)

   NamedParameterJdbcTemplateConfiguration matched:
      - @ConditionalOnSingleCandidate (types: org.springframework.jdbc.core.JdbcTemplate; SearchStrategy: all) found a single bean 'jdbcTemplate'; @ConditionalOnMissingBean (types: org.springframework.jdbc.core.namedparam.NamedParameterJdbcOperations; SearchStrategy: all) did not find any beans (OnBeanCondition)

   NoOpCacheConfiguration matched:
      - Cache org.springframework.boot.autoconfigure.cache.NoOpCacheConfiguration automatic cache type (CacheCondition)

   ObservationAutoConfiguration matched:
      - @ConditionalOnClass found required class 'io.micrometer.observation.ObservationRegistry' (OnClassCondition)

   ObservationAutoConfiguration#observationRegistry matched:
      - @ConditionalOnMissingBean (types: io.micrometer.observation.ObservationRegistry; SearchStrategy: all) did not find any beans (OnBeanCondition)

   ObservationAutoConfiguration.MeterObservationHandlerConfiguration matched:
      - @ConditionalOnBean (types: io.micrometer.core.instrument.MeterRegistry; SearchStrategy: all) found bean 'prometheusMeterRegistry'; @ConditionalOnMissingBean (types: io.micrometer.core.instrument.observation.MeterObservationHandler; SearchStrategy: all) did not find any beans (OnBeanCondition)

   ObservationAutoConfiguration.MeterObservationHandlerConfiguration.OnlyMetricsMeterObservationHandlerConfiguration matched:
      - @ConditionalOnMissingBean (types: io.micrometer.tracing.Tracer; SearchStrategy: all) did not find any beans (OnBeanCondition)

   ObservationAutoConfiguration.ObservedAspectConfiguration matched:
      - @ConditionalOnClass found required class 'org.aspectj.weaver.Advice' (OnClassCondition)

   ObservationAutoConfiguration.ObservedAspectConfiguration#observedAspect matched:
      - @ConditionalOnMissingBean (types: io.micrometer.observation.aop.ObservedAspect; SearchStrategy: all) did not find any beans (OnBeanCondition)

   ObservationAutoConfiguration.OnlyMetricsConfiguration matched:
      - @ConditionalOnClass found required class 'io.micrometer.core.instrument.MeterRegistry'; @ConditionalOnMissingClass did not find unwanted class 'io.micrometer.tracing.Tracer' (OnClassCondition)

   PersistenceExceptionTranslationAutoConfiguration matched:
      - @ConditionalOnClass found required class 'org.springframework.dao.annotation.PersistenceExceptionTranslationPostProcessor' (OnClassCondition)

   PersistenceExceptionTranslationAutoConfiguration#persistenceExceptionTranslationPostProcessor matched:
      - @ConditionalOnProperty (spring.dao.exceptiontranslation.enabled) matched (OnPropertyCondition)
      - @ConditionalOnMissingBean (types: org.springframework.dao.annotation.PersistenceExceptionTranslationPostProcessor; SearchStrategy: all) did not find any beans (OnBeanCondition)

   PrometheusMetricsExportAutoConfiguration matched:
      - @ConditionalOnClass found required class 'io.micrometer.prometheus.PrometheusMeterRegistry' (OnClassCondition)
      - @ConditionalOnEnabledMetricsExport management.defaults.metrics.export.enabled is considered true (OnMetricsExportEnabledCondition)
      - @ConditionalOnBean (types: io.micrometer.core.instrument.Clock; SearchStrategy: all) found bean 'micrometerClock' (OnBeanCondition)

   PrometheusMetricsExportAutoConfiguration#collectorRegistry matched:
      - @ConditionalOnMissingBean (types: io.prometheus.client.CollectorRegistry; SearchStrategy: all) did not find any beans (OnBeanCondition)

   PrometheusMetricsExportAutoConfiguration#prometheusConfig matched:
      - @ConditionalOnMissingBean (types: io.micrometer.prometheus.PrometheusConfig; SearchStrategy: all) did not find any beans (OnBeanCondition)

   PrometheusMetricsExportAutoConfiguration#prometheusMeterRegistry matched:
      - @ConditionalOnMissingBean (types: io.micrometer.prometheus.PrometheusMeterRegistry; SearchStrategy: all) did not find any beans (OnBeanCondition)

   PrometheusMetricsExportAutoConfiguration.PrometheusScrapeEndpointConfiguration matched:
      - @ConditionalOnAvailableEndpoint marked as exposed by a 'management.endpoints.web.exposure' property (OnAvailableEndpointCondition)

   PrometheusMetricsExportAutoConfiguration.PrometheusScrapeEndpointConfiguration#prometheusEndpoint matched:
      - @ConditionalOnMissingBean (types: org.springframework.boot.actuate.metrics.export.prometheus.PrometheusScrapeEndpoint; SearchStrategy: all) did not find any beans (OnBeanCondition)

   PropertyPlaceholderAutoConfiguration#propertySourcesPlaceholderConfigurer matched:
      - @ConditionalOnMissingBean (types: org.springframework.context.support.PropertySourcesPlaceholderConfigurer; SearchStrategy: current) did not find any beans (OnBeanCondition)

   ReactiveHealthEndpointConfiguration matched:
      - @ConditionalOnClass found required class 'reactor.core.publisher.Flux' (OnClassCondition)
      - @ConditionalOnBean (types: org.springframework.boot.actuate.health.HealthEndpoint; SearchStrategy: all) found bean 'healthEndpoint' (OnBeanCondition)

   ReactiveHealthEndpointConfiguration#reactiveHealthContributorRegistry matched:
      - @ConditionalOnMissingBean (types: org.springframework.boot.actuate.health.ReactiveHealthContributorRegistry; SearchStrategy: all) did not find any beans (OnBeanCondition)

   ReactorAutoConfiguration matched:
      - @ConditionalOnClass found required class 'reactor.core.publisher.Hooks' (OnClassCondition)

   RefreshAutoConfiguration matched:
      - @ConditionalOnClass found required class 'org.springframework.cloud.context.scope.refresh.RefreshScope' (OnClassCondition)
      - @ConditionalOnProperty (spring.cloud.refresh.enabled) matched (OnPropertyCondition)

   RefreshAutoConfiguration#legacyContextRefresher matched:
      - AnyNestedCondition 1 matched 2 did not; NestedCondition on ConditionalOnBootstrapEnabled.OnBootstrapEnabledCondition.OnBootstrapEnabled @ConditionalOnProperty (spring.cloud.bootstrap.enabled) did not find property 'spring.cloud.bootstrap.enabled'; NestedCondition on ConditionalOnBootstrapEnabled.OnBootstrapEnabledCondition.OnUseLegacyProcessingEnabled @ConditionalOnProperty (spring.config.use-legacy-processing) did not find property 'spring.config.use-legacy-processing'; NestedCondition on ConditionalOnBootstrapEnabled.OnBootstrapEnabledCondition.OnBootstrapMarkerClassPresent @ConditionalOnClass found required class 'org.springframework.cloud.bootstrap.marker.Marker' (ConditionalOnBootstrapEnabled.OnBootstrapEnabledCondition)
      - @ConditionalOnMissingBean (types: org.springframework.cloud.context.refresh.LegacyContextRefresher; SearchStrategy: all) did not find any beans (OnBeanCondition)

   RefreshAutoConfiguration#loggingRebinder matched:
      - @ConditionalOnMissingBean (types: org.springframework.cloud.logging.LoggingRebinder; SearchStrategy: all) did not find any beans (OnBeanCondition)

   RefreshAutoConfiguration#refreshScope matched:
      - @ConditionalOnMissingBean (types: org.springframework.cloud.context.scope.refresh.RefreshScope; SearchStrategy: all) did not find any beans (OnBeanCondition)

   RefreshAutoConfiguration#refreshScopeLifecycle matched:
      - @ConditionalOnProperty (spring.cloud.refresh.on-restart.enabled) matched (OnPropertyCondition)

   RefreshEndpointAutoConfiguration matched:
      - @ConditionalOnClass found required classes 'org.springframework.boot.actuate.autoconfigure.endpoint.EndpointAutoConfiguration', 'org.springframework.boot.actuate.health.Health' (OnClassCondition)

   RefreshEndpointAutoConfiguration#refreshScopeHealthIndicator matched:
      - @ConditionalOnMissingBean (types: org.springframework.cloud.health.RefreshScopeHealthIndicator; SearchStrategy: all) did not find any beans (OnBeanCondition)
      - @ConditionalOnEnabledHealthIndicator management.health.defaults.enabled is considered true (OnEnabledHealthIndicatorCondition)

   RepositoryMetricsAutoConfiguration matched:
      - @ConditionalOnClass found required class 'org.springframework.data.repository.Repository' (OnClassCondition)
      - @ConditionalOnBean (types: io.micrometer.core.instrument.MeterRegistry; SearchStrategy: all) found bean 'prometheusMeterRegistry' (OnBeanCondition)

   RepositoryMetricsAutoConfiguration#metricsRepositoryMethodInvocationListener matched:
      - @ConditionalOnMissingBean (types: org.springframework.boot.actuate.metrics.data.MetricsRepositoryMethodInvocationListener; SearchStrategy: all) did not find any beans (OnBeanCondition)

   RepositoryMetricsAutoConfiguration#repositoryTagsProvider matched:
      - @ConditionalOnMissingBean (types: org.springframework.boot.actuate.metrics.data.RepositoryTagsProvider; SearchStrategy: all) did not find any beans (OnBeanCondition)

   ResourceServerTokenRelayAutoConfiguration matched:
      - @ConditionalOnClass found required class 'org.springframework.web.servlet.config.annotation.WebMvcConfigurer' (OnClassCondition)
      - found 'session' scope (OnWebApplicationCondition)
      - @ConditionalOnProperty (spring.cloud.mvc.token-relay.enabled) matched (OnPropertyCondition)

   RestClientAutoConfiguration matched:
      - @ConditionalOnClass found required class 'org.springframework.web.client.RestClient' (OnClassCondition)
      - NoneNestedConditions 0 matched 1 did not; NestedCondition on NotReactiveWebApplicationCondition.ReactiveWebApplication did not find reactive web application classes (NotReactiveWebApplicationCondition)

   RestClientAutoConfiguration#httpMessageConvertersRestClientCustomizer matched:
      - @ConditionalOnMissingBean (types: org.springframework.boot.autoconfigure.web.client.HttpMessageConvertersRestClientCustomizer; SearchStrategy: all) did not find any beans (OnBeanCondition)

   RestClientAutoConfiguration#restClientBuilder matched:
      - @ConditionalOnMissingBean (types: org.springframework.web.client.RestClient$Builder; SearchStrategy: all) did not find any beans (OnBeanCondition)

   RestClientAutoConfiguration#restClientBuilderConfigurer matched:
      - @ConditionalOnMissingBean (types: org.springframework.boot.autoconfigure.web.client.RestClientBuilderConfigurer; SearchStrategy: all) did not find any beans (OnBeanCondition)

   RestClientAutoConfiguration#restClientSsl matched:
      - @ConditionalOnBean (types: org.springframework.boot.ssl.SslBundles; SearchStrategy: all) found bean 'sslBundleRegistry'; @ConditionalOnMissingBean (types: org.springframework.boot.autoconfigure.web.client.RestClientSsl; SearchStrategy: all) did not find any beans (OnBeanCondition)

   RestClientObservationConfiguration matched:
      - @ConditionalOnClass found required class 'org.springframework.web.client.RestClient' (OnClassCondition)
      - @ConditionalOnBean (types: org.springframework.web.client.RestClient$Builder; SearchStrategy: all) found bean 'restClientBuilder' (OnBeanCondition)

   RestTemplateAutoConfiguration matched:
      - @ConditionalOnClass found required class 'org.springframework.web.client.RestTemplate' (OnClassCondition)
      - NoneNestedConditions 0 matched 1 did not; NestedCondition on NotReactiveWebApplicationCondition.ReactiveWebApplication did not find reactive web application classes (NotReactiveWebApplicationCondition)

   RestTemplateAutoConfiguration#restTemplateBuilder matched:
      - @ConditionalOnMissingBean (types: org.springframework.boot.web.client.RestTemplateBuilder; SearchStrategy: all) did not find any beans (OnBeanCondition)

   RestTemplateObservationConfiguration matched:
      - @ConditionalOnClass found required class 'org.springframework.web.client.RestTemplate' (OnClassCondition)
      - @ConditionalOnBean (types: org.springframework.boot.web.client.RestTemplateBuilder; SearchStrategy: all) found bean 'restTemplateBuilder' (OnBeanCondition)

   RestartEndpointWithoutIntegrationConfiguration matched:
      - @ConditionalOnMissingClass did not find unwanted class 'org.springframework.integration.monitor.IntegrationMBeanExporter' (OnClassCondition)

   ScheduledTasksObservabilityAutoConfiguration matched:
      - @ConditionalOnClass found required class 'org.springframework.scheduling.concurrent.ThreadPoolTaskScheduler' (OnClassCondition)
      - @ConditionalOnBean (types: io.micrometer.observation.ObservationRegistry; SearchStrategy: all) found bean 'observationRegistry' (OnBeanCondition)

   SecurityAutoConfiguration matched:
      - @ConditionalOnClass found required class 'org.springframework.security.authentication.DefaultAuthenticationEventPublisher' (OnClassCondition)

   SecurityAutoConfiguration#authenticationEventPublisher matched:
      - @ConditionalOnMissingBean (types: org.springframework.security.authentication.AuthenticationEventPublisher; SearchStrategy: all) did not find any beans (OnBeanCondition)

   SecurityFilterAutoConfiguration matched:
      - @ConditionalOnClass found required classes 'org.springframework.security.web.context.AbstractSecurityWebApplicationInitializer', 'org.springframework.security.config.http.SessionCreationPolicy' (OnClassCondition)
      - found 'session' scope (OnWebApplicationCondition)

   SecurityFilterAutoConfiguration#securityFilterChainRegistration matched:
      - @ConditionalOnBean (names: springSecurityFilterChain; SearchStrategy: all) found bean 'springSecurityFilterChain' (OnBeanCondition)

   SecurityRequestMatchersManagementContextConfiguration matched:
      - @ConditionalOnClass found required class 'org.springframework.security.web.util.matcher.RequestMatcher' (OnClassCondition)
      - found 'session' scope (OnWebApplicationCondition)

   SecurityRequestMatchersManagementContextConfiguration.MvcRequestMatcherConfiguration matched:
      - @ConditionalOnClass found required class 'org.springframework.web.servlet.DispatcherServlet' (OnClassCondition)
      - @ConditionalOnBean (types: org.springframework.boot.autoconfigure.web.servlet.DispatcherServletPath; SearchStrategy: all) found bean 'dispatcherServletRegistration' (OnBeanCondition)

   SecurityRequestMatchersManagementContextConfiguration.MvcRequestMatcherConfiguration#requestMatcherProvider matched:
      - @ConditionalOnClass found required class 'org.springframework.web.servlet.DispatcherServlet' (OnClassCondition)
      - @ConditionalOnMissingBean (types: org.springframework.boot.autoconfigure.security.servlet.RequestMatcherProvider; SearchStrategy: all) did not find any beans (OnBeanCondition)

   ServiceRegistryAutoConfiguration.ServiceRegistryEndpointConfiguration matched:
      - @ConditionalOnClass found required class 'org.springframework.boot.actuate.endpoint.annotation.Endpoint' (OnClassCondition)
      - @ConditionalOnBean (types: org.springframework.cloud.client.serviceregistry.ServiceRegistry; SearchStrategy: all) found bean 'eurekaServiceRegistry' (OnBeanCondition)

   ServletEndpointManagementContextConfiguration matched:
      - found 'session' scope (OnWebApplicationCondition)

   ServletEndpointManagementContextConfiguration.WebMvcServletEndpointManagementContextConfiguration matched:
      - @ConditionalOnClass found required class 'org.springframework.web.servlet.DispatcherServlet' (OnClassCondition)

   ServletManagementContextAutoConfiguration matched:
      - @ConditionalOnClass found required class 'jakarta.servlet.Servlet' (OnClassCondition)
      - found 'session' scope (OnWebApplicationCondition)

   ServletWebServerFactoryAutoConfiguration matched:
      - @ConditionalOnClass found required class 'jakarta.servlet.ServletRequest' (OnClassCondition)
      - found 'session' scope (OnWebApplicationCondition)

   ServletWebServerFactoryAutoConfiguration#tomcatServletWebServerFactoryCustomizer matched:
      - @ConditionalOnClass found required class 'org.apache.catalina.startup.Tomcat' (OnClassCondition)

   ServletWebServerFactoryConfiguration.EmbeddedTomcat matched:
      - @ConditionalOnClass found required classes 'jakarta.servlet.Servlet', 'org.apache.catalina.startup.Tomcat', 'org.apache.coyote.UpgradeProtocol' (OnClassCondition)
      - @ConditionalOnMissingBean (types: org.springframework.boot.web.servlet.server.ServletWebServerFactory; SearchStrategy: current) did not find any beans (OnBeanCondition)

   SimpleCacheConfiguration matched:
      - Cache org.springframework.boot.autoconfigure.cache.SimpleCacheConfiguration automatic cache type (CacheCondition)

   SimpleDiscoveryClientAutoConfiguration#simpleDiscoveryProperties matched:
      - @ConditionalOnMissingBean (types: org.springframework.cloud.client.discovery.simple.SimpleDiscoveryProperties; SearchStrategy: all) did not find any beans (OnBeanCondition)

   SpringBootWebSecurityConfiguration matched:
      - found 'session' scope (OnWebApplicationCondition)

   SpringDataWebAutoConfiguration matched:
      - @ConditionalOnClass found required classes 'org.springframework.data.web.PageableHandlerMethodArgumentResolver', 'org.springframework.web.servlet.config.annotation.WebMvcConfigurer' (OnClassCondition)
      - found 'session' scope (OnWebApplicationCondition)
      - @ConditionalOnMissingBean (types: org.springframework.data.web.PageableHandlerMethodArgumentResolver; SearchStrategy: all) did not find any beans (OnBeanCondition)

   SpringDataWebAutoConfiguration#pageableCustomizer matched:
      - @ConditionalOnMissingBean (types: org.springframework.data.web.config.PageableHandlerMethodArgumentResolverCustomizer; SearchStrategy: all) did not find any beans (OnBeanCondition)

   SpringDataWebAutoConfiguration#sortCustomizer matched:
      - @ConditionalOnMissingBean (types: org.springframework.data.web.config.SortHandlerMethodArgumentResolverCustomizer; SearchStrategy: all) did not find any beans (OnBeanCondition)

   SqlInitializationAutoConfiguration matched:
      - @ConditionalOnProperty (spring.sql.init.enabled) matched (OnPropertyCondition)
      - NoneNestedConditions 0 matched 1 did not; NestedCondition on SqlInitializationAutoConfiguration.SqlInitializationModeCondition.ModeIsNever @ConditionalOnProperty (spring.sql.init.mode=never) did not find property 'mode' (SqlInitializationAutoConfiguration.SqlInitializationModeCondition)

   SslAutoConfiguration#sslBundleRegistry matched:
      - @ConditionalOnMissingBean (types: org.springframework.boot.ssl.SslBundleRegistry,org.springframework.boot.ssl.SslBundles; SearchStrategy: all) did not find any beans (OnBeanCondition)

   StartupTimeMetricsListenerAutoConfiguration matched:
      - @ConditionalOnClass found required class 'io.micrometer.core.instrument.MeterRegistry' (OnClassCondition)
      - @ConditionalOnBean (types: io.micrometer.core.instrument.MeterRegistry; SearchStrategy: all) found bean 'prometheusMeterRegistry' (OnBeanCondition)

   StartupTimeMetricsListenerAutoConfiguration#startupTimeMetrics matched:
      - @ConditionalOnMissingBean (types: org.springframework.boot.actuate.metrics.startup.StartupTimeMetricsListener; SearchStrategy: all) did not find any beans (OnBeanCondition)

   SystemMetricsAutoConfiguration matched:
      - @ConditionalOnClass found required class 'io.micrometer.core.instrument.MeterRegistry' (OnClassCondition)
      - @ConditionalOnBean (types: io.micrometer.core.instrument.MeterRegistry; SearchStrategy: all) found bean 'prometheusMeterRegistry' (OnBeanCondition)

   SystemMetricsAutoConfiguration#diskSpaceMetrics matched:
      - @ConditionalOnMissingBean (types: org.springframework.boot.actuate.metrics.system.DiskSpaceMetricsBinder; SearchStrategy: all) did not find any beans (OnBeanCondition)

   SystemMetricsAutoConfiguration#fileDescriptorMetrics matched:
      - @ConditionalOnMissingBean (types: io.micrometer.core.instrument.binder.system.FileDescriptorMetrics; SearchStrategy: all) did not find any beans (OnBeanCondition)

   SystemMetricsAutoConfiguration#processorMetrics matched:
      - @ConditionalOnMissingBean (types: io.micrometer.core.instrument.binder.system.ProcessorMetrics; SearchStrategy: all) did not find any beans (OnBeanCondition)

   SystemMetricsAutoConfiguration#uptimeMetrics matched:
      - @ConditionalOnMissingBean (types: io.micrometer.core.instrument.binder.system.UptimeMetrics; SearchStrategy: all) did not find any beans (OnBeanCondition)

   TaskExecutionAutoConfiguration matched:
      - @ConditionalOnClass found required class 'org.springframework.scheduling.concurrent.ThreadPoolTaskExecutor' (OnClassCondition)

   TaskExecutorConfigurations.SimpleAsyncTaskExecutorBuilderConfiguration#simpleAsyncTaskExecutorBuilder matched:
      - @ConditionalOnMissingBean (types: org.springframework.boot.task.SimpleAsyncTaskExecutorBuilder; SearchStrategy: all) did not find any beans (OnBeanCondition)
      - @ConditionalOnThreading found PLATFORM (OnThreadingCondition)

   TaskExecutorConfigurations.TaskExecutorBuilderConfiguration#taskExecutorBuilder matched:
      - @ConditionalOnMissingBean (types: org.springframework.boot.task.TaskExecutorBuilder; SearchStrategy: all) did not find any beans (OnBeanCondition)

   TaskExecutorConfigurations.ThreadPoolTaskExecutorBuilderConfiguration#threadPoolTaskExecutorBuilder matched:
      - @ConditionalOnMissingBean (types: org.springframework.boot.task.TaskExecutorBuilder,org.springframework.boot.task.ThreadPoolTaskExecutorBuilder; SearchStrategy: all) did not find any beans (OnBeanCondition)

   TaskExecutorMetricsAutoConfiguration matched:
      - @ConditionalOnClass found required class 'io.micrometer.core.instrument.binder.jvm.ExecutorServiceMetrics' (OnClassCondition)
      - @ConditionalOnBean (types: java.util.concurrent.Executor,io.micrometer.core.instrument.MeterRegistry; SearchStrategy: all) found beans 'clientOutboundChannelExecutor', 'prometheusMeterRegistry', 'clientInboundChannelExecutor', 'brokerChannelExecutor' (OnBeanCondition)

   TaskSchedulingAutoConfiguration matched:
      - @ConditionalOnClass found required class 'org.springframework.scheduling.concurrent.ThreadPoolTaskScheduler' (OnClassCondition)

   TaskSchedulingConfigurations.SimpleAsyncTaskSchedulerBuilderConfiguration#simpleAsyncTaskSchedulerBuilder matched:
      - @ConditionalOnMissingBean (types: org.springframework.boot.task.SimpleAsyncTaskSchedulerBuilder; SearchStrategy: all) did not find any beans (OnBeanCondition)
      - @ConditionalOnThreading found PLATFORM (OnThreadingCondition)

   TaskSchedulingConfigurations.TaskSchedulerBuilderConfiguration#taskSchedulerBuilder matched:
      - @ConditionalOnMissingBean (types: org.springframework.boot.task.TaskSchedulerBuilder; SearchStrategy: all) did not find any beans (OnBeanCondition)

   TaskSchedulingConfigurations.ThreadPoolTaskSchedulerBuilderConfiguration#threadPoolTaskSchedulerBuilder matched:
      - @ConditionalOnMissingBean (types: org.springframework.boot.task.TaskSchedulerBuilder,org.springframework.boot.task.ThreadPoolTaskSchedulerBuilder; SearchStrategy: all) did not find any beans (OnBeanCondition)

   TomcatMetricsAutoConfiguration matched:
      - @ConditionalOnClass found required classes 'io.micrometer.core.instrument.binder.tomcat.TomcatMetrics', 'org.apache.catalina.Manager' (OnClassCondition)
      - @ConditionalOnWebApplication (required) found 'session' scope (OnWebApplicationCondition)

   TomcatMetricsAutoConfiguration#tomcatMetricsBinder matched:
      - @ConditionalOnBean (types: io.micrometer.core.instrument.MeterRegistry; SearchStrategy: all) found bean 'prometheusMeterRegistry'; @ConditionalOnMissingBean (types: io.micrometer.core.instrument.binder.tomcat.TomcatMetrics,org.springframework.boot.actuate.metrics.web.tomcat.TomcatMetricsBinder; SearchStrategy: all) did not find any beans (OnBeanCondition)

   TransactionAutoConfiguration matched:
      - @ConditionalOnClass found required class 'org.springframework.transaction.PlatformTransactionManager' (OnClassCondition)

   TransactionAutoConfiguration.EnableTransactionManagementConfiguration matched:
      - @ConditionalOnBean (types: org.springframework.transaction.TransactionManager; SearchStrategy: all) found bean 'transactionManager'; @ConditionalOnMissingBean (types: org.springframework.transaction.annotation.AbstractTransactionManagementConfiguration; SearchStrategy: all) did not find any beans (OnBeanCondition)

   TransactionAutoConfiguration.EnableTransactionManagementConfiguration.CglibAutoProxyConfiguration matched:
      - @ConditionalOnProperty (spring.aop.proxy-target-class=true) matched (OnPropertyCondition)

   TransactionAutoConfiguration.TransactionTemplateConfiguration matched:
      - @ConditionalOnSingleCandidate (types: org.springframework.transaction.PlatformTransactionManager; SearchStrategy: all) found a single bean 'transactionManager' (OnBeanCondition)

   TransactionAutoConfiguration.TransactionTemplateConfiguration#transactionTemplate matched:
      - @ConditionalOnMissingBean (types: org.springframework.transaction.support.TransactionOperations; SearchStrategy: all) did not find any beans (OnBeanCondition)

   TransactionManagerCustomizationAutoConfiguration matched:
      - @ConditionalOnClass found required class 'org.springframework.transaction.PlatformTransactionManager' (OnClassCondition)

   TransactionManagerCustomizationAutoConfiguration#platformTransactionManagerCustomizers matched:
      - @ConditionalOnMissingBean (types: org.springframework.boot.autoconfigure.transaction.TransactionManagerCustomizers; SearchStrategy: all) did not find any beans (OnBeanCondition)

   UserDetailsServiceAutoConfiguration matched:
      - @ConditionalOnClass found required class 'org.springframework.security.authentication.AuthenticationManager'; @ConditionalOnMissingClass did not find unwanted classes 'org.springframework.security.oauth2.client.registration.ClientRegistrationRepository', 'org.springframework.security.oauth2.server.resource.introspection.OpaqueTokenIntrospector', 'org.springframework.security.saml2.provider.service.registration.RelyingPartyRegistrationRepository' (OnClassCondition)
      - @ConditionalOnBean (types: org.springframework.security.config.annotation.ObjectPostProcessor; SearchStrategy: all) found bean 'objectPostProcessor'; @ConditionalOnMissingBean (types: org.springframework.security.authentication.AuthenticationManager,org.springframework.security.authentication.AuthenticationProvider,org.springframework.security.core.userdetails.UserDetailsService,org.springframework.security.authentication.AuthenticationManagerResolver,org.springframework.security.oauth2.jwt.JwtDecoder; SearchStrategy: all) did not find any beans (OnBeanCondition)

   UtilAutoConfiguration matched:
      - @ConditionalOnProperty (spring.cloud.util.enabled) matched (OnPropertyCondition)

   UtilAutoConfiguration#inetUtils matched:
      - @ConditionalOnMissingBean (types: org.springframework.cloud.commons.util.InetUtils; SearchStrategy: all) did not find any beans (OnBeanCondition)

   ValidationAutoConfiguration matched:
      - @ConditionalOnClass found required class 'jakarta.validation.executable.ExecutableValidator' (OnClassCondition)
      - @ConditionalOnResource found location classpath:META-INF/services/jakarta.validation.spi.ValidationProvider (OnResourceCondition)

   ValidationAutoConfiguration#defaultValidator matched:
      - @ConditionalOnMissingBean (types: jakarta.validation.Validator; SearchStrategy: all) did not find any beans (OnBeanCondition)

   ValidationAutoConfiguration#methodValidationPostProcessor matched:
      - @ConditionalOnMissingBean (types: org.springframework.validation.beanvalidation.MethodValidationPostProcessor; SearchStrategy: current) did not find any beans (OnBeanCondition)

   WebEndpointAutoConfiguration matched:
      - @ConditionalOnWebApplication (required) found 'session' scope (OnWebApplicationCondition)

   WebEndpointAutoConfiguration#controllerEndpointDiscoverer matched:
      - @ConditionalOnMissingBean (types: org.springframework.boot.actuate.endpoint.web.annotation.ControllerEndpointsSupplier; SearchStrategy: all) did not find any beans (OnBeanCondition)

   WebEndpointAutoConfiguration#endpointMediaTypes matched:
      - @ConditionalOnMissingBean (types: org.springframework.boot.actuate.endpoint.web.EndpointMediaTypes; SearchStrategy: all) did not find any beans (OnBeanCondition)

   WebEndpointAutoConfiguration#pathMappedEndpoints matched:
      - @ConditionalOnMissingBean (types: org.springframework.boot.actuate.endpoint.web.PathMappedEndpoints; SearchStrategy: all) did not find any beans (OnBeanCondition)

   WebEndpointAutoConfiguration#webEndpointDiscoverer matched:
      - @ConditionalOnMissingBean (types: org.springframework.boot.actuate.endpoint.web.WebEndpointsSupplier; SearchStrategy: all) did not find any beans (OnBeanCondition)

   WebEndpointAutoConfiguration.WebEndpointServletConfiguration matched:
      - found 'session' scope (OnWebApplicationCondition)

   WebEndpointAutoConfiguration.WebEndpointServletConfiguration#servletEndpointDiscoverer matched:
      - @ConditionalOnMissingBean (types: org.springframework.boot.actuate.endpoint.web.annotation.ServletEndpointsSupplier; SearchStrategy: all) did not find any beans (OnBeanCondition)

   WebMvcAutoConfiguration matched:
      - @ConditionalOnClass found required classes 'jakarta.servlet.Servlet', 'org.springframework.web.servlet.DispatcherServlet', 'org.springframework.web.servlet.config.annotation.WebMvcConfigurer' (OnClassCondition)
      - found 'session' scope (OnWebApplicationCondition)
      - @ConditionalOnMissingBean (types: org.springframework.web.servlet.config.annotation.WebMvcConfigurationSupport; SearchStrategy: all) did not find any beans (OnBeanCondition)

   WebMvcAutoConfiguration#formContentFilter matched:
      - @ConditionalOnProperty (spring.mvc.formcontent.filter.enabled) matched (OnPropertyCondition)
      - @ConditionalOnMissingBean (types: org.springframework.web.filter.FormContentFilter; SearchStrategy: all) did not find any beans (OnBeanCondition)

   WebMvcAutoConfiguration.EnableWebMvcConfiguration#flashMapManager matched:
      - @ConditionalOnMissingBean (names: flashMapManager; SearchStrategy: all) did not find any beans (OnBeanCondition)

   WebMvcAutoConfiguration.EnableWebMvcConfiguration#localeResolver matched:
      - @ConditionalOnMissingBean (names: localeResolver; SearchStrategy: all) did not find any beans (OnBeanCondition)

   WebMvcAutoConfiguration.EnableWebMvcConfiguration#themeResolver matched:
      - @ConditionalOnMissingBean (names: themeResolver; SearchStrategy: all) did not find any beans (OnBeanCondition)

   WebMvcAutoConfiguration.WebMvcAutoConfigurationAdapter#defaultViewResolver matched:
      - @ConditionalOnMissingBean (types: org.springframework.web.servlet.view.InternalResourceViewResolver; SearchStrategy: all) did not find any beans (OnBeanCondition)

   WebMvcAutoConfiguration.WebMvcAutoConfigurationAdapter#requestContextFilter matched:
      - @ConditionalOnMissingBean (types: org.springframework.web.context.request.RequestContextListener,org.springframework.web.filter.RequestContextFilter; SearchStrategy: all) did not find any beans (OnBeanCondition)

   WebMvcAutoConfiguration.WebMvcAutoConfigurationAdapter#viewResolver matched:
      - @ConditionalOnBean (types: org.springframework.web.servlet.ViewResolver; SearchStrategy: all) found beans 'defaultViewResolver', 'mvcViewResolver'; @ConditionalOnMissingBean (names: viewResolver types: org.springframework.web.servlet.view.ContentNegotiatingViewResolver; SearchStrategy: all) did not find any beans (OnBeanCondition)

   WebMvcEndpointManagementContextConfiguration matched:
      - @ConditionalOnClass found required class 'org.springframework.web.servlet.DispatcherServlet' (OnClassCondition)
      - found 'session' scope (OnWebApplicationCondition)
      - @ConditionalOnBean (types: org.springframework.web.servlet.DispatcherServlet,org.springframework.boot.actuate.endpoint.web.WebEndpointsSupplier; SearchStrategy: all) found beans 'webEndpointDiscoverer', 'dispatcherServlet' (OnBeanCondition)

   WebMvcEndpointManagementContextConfiguration#controllerEndpointHandlerMapping matched:
      - @ConditionalOnMissingBean (types: org.springframework.boot.actuate.endpoint.web.servlet.ControllerEndpointHandlerMapping; SearchStrategy: all) did not find any beans (OnBeanCondition)

   WebMvcEndpointManagementContextConfiguration#endpointObjectMapperWebMvcConfigurer matched:
      - @ConditionalOnBean (types: org.springframework.boot.actuate.endpoint.jackson.EndpointObjectMapper; SearchStrategy: all) found bean 'endpointObjectMapper' (OnBeanCondition)

   WebMvcEndpointManagementContextConfiguration#webEndpointServletHandlerMapping matched:
      - @ConditionalOnMissingBean (types: org.springframework.boot.actuate.endpoint.web.servlet.WebMvcEndpointHandlerMapping; SearchStrategy: all) did not find any beans (OnBeanCondition)

   WebMvcObservationAutoConfiguration matched:
      - @ConditionalOnClass found required classes 'org.springframework.web.servlet.DispatcherServlet', 'io.micrometer.observation.Observation' (OnClassCondition)
      - found 'session' scope (OnWebApplicationCondition)
      - @ConditionalOnBean (types: io.micrometer.observation.ObservationRegistry; SearchStrategy: all) found bean 'observationRegistry' (OnBeanCondition)

   WebMvcObservationAutoConfiguration#webMvcObservationFilter matched:
      - @ConditionalOnMissingBean (types: org.springframework.web.filter.ServerHttpObservationFilter; SearchStrategy: all) did not find any beans (OnBeanCondition)

   WebMvcObservationAutoConfiguration.MeterFilterConfiguration matched:
      - @ConditionalOnClass found required class 'io.micrometer.core.instrument.MeterRegistry' (OnClassCondition)
      - @ConditionalOnBean (types: io.micrometer.core.instrument.MeterRegistry; SearchStrategy: all) found bean 'prometheusMeterRegistry' (OnBeanCondition)

   WebSocketMessagingAutoConfiguration matched:
      - @ConditionalOnClass found required class 'org.springframework.web.socket.config.annotation.WebSocketMessageBrokerConfigurer' (OnClassCondition)
      - found 'session' scope (OnWebApplicationCondition)

   WebSocketMessagingAutoConfiguration.WebSocketMessageConverterConfiguration matched:
      - @ConditionalOnClass found required classes 'com.fasterxml.jackson.databind.ObjectMapper', 'org.springframework.messaging.simp.config.AbstractMessageBrokerConfiguration' (OnClassCondition)
      - @ConditionalOnBean (types: org.springframework.web.socket.config.annotation.DelegatingWebSocketMessageBrokerConfiguration,com.fasterxml.jackson.databind.ObjectMapper; SearchStrategy: all) found beans 'jacksonObjectMapper', 'org.springframework.web.socket.config.annotation.DelegatingWebSocketMessageBrokerConfiguration' (OnBeanCondition)

   WebSocketServletAutoConfiguration matched:
      - @ConditionalOnClass found required classes 'jakarta.servlet.Servlet', 'jakarta.websocket.server.ServerContainer' (OnClassCondition)
      - found 'session' scope (OnWebApplicationCondition)

   WebSocketServletAutoConfiguration.TomcatWebSocketConfiguration matched:
      - @ConditionalOnClass found required classes 'org.apache.catalina.startup.Tomcat', 'org.apache.tomcat.websocket.server.WsSci' (OnClassCondition)

   WebSocketServletAutoConfiguration.TomcatWebSocketConfiguration#websocketServletWebServerCustomizer matched:
      - @ConditionalOnMissingBean (names: websocketServletWebServerCustomizer; SearchStrategy: all) did not find any beans (OnBeanCondition)


Negative matches:
-----------------

   ActiveMQAutoConfiguration:
      Did not match:
         - @ConditionalOnClass did not find required class 'jakarta.jms.ConnectionFactory' (OnClassCondition)

   AopAutoConfiguration.AspectJAutoProxyingConfiguration.JdkDynamicAutoProxyConfiguration:
      Did not match:
         - @ConditionalOnProperty (spring.aop.proxy-target-class=false) did not find property 'proxy-target-class' (OnPropertyCondition)

   AopAutoConfiguration.ClassProxyingConfiguration:
      Did not match:
         - @ConditionalOnMissingClass found unwanted class 'org.aspectj.weaver.Advice' (OnClassCondition)

   AppOpticsMetricsExportAutoConfiguration:
      Did not match:
         - @ConditionalOnClass did not find required class 'io.micrometer.appoptics.AppOpticsMeterRegistry' (OnClassCondition)

   ArtemisAutoConfiguration:
      Did not match:
         - @ConditionalOnClass did not find required class 'jakarta.jms.ConnectionFactory' (OnClassCondition)

   AtlasMetricsExportAutoConfiguration:
      Did not match:
         - @ConditionalOnClass did not find required class 'io.micrometer.atlas.AtlasMeterRegistry' (OnClassCondition)

   AuditAutoConfiguration:
      Did not match:
         - @ConditionalOnBean (types: org.springframework.boot.actuate.audit.AuditEventRepository; SearchStrategy: all) did not find any beans of type org.springframework.boot.actuate.audit.AuditEventRepository (OnBeanCondition)
      Matched:
         - @ConditionalOnProperty (management.auditevents.enabled) matched (OnPropertyCondition)

   AuditEventsEndpointAutoConfiguration:
      Did not match:
         - @ConditionalOnAvailableEndpoint no 'management.endpoints' property marked it as exposed (OnAvailableEndpointCondition)

   AvailabilityHealthContributorAutoConfiguration#livenessStateHealthIndicator:
      Did not match:
         - @ConditionalOnProperty (management.health.livenessstate.enabled=true) did not find property 'enabled' (OnPropertyCondition)

   AvailabilityHealthContributorAutoConfiguration#readinessStateHealthIndicator:
      Did not match:
         - @ConditionalOnProperty (management.health.readinessstate.enabled=true) did not find property 'enabled' (OnPropertyCondition)

   AvailabilityProbesAutoConfiguration:
      Did not match:
         - Probes availability not running on a supported cloud platform (AvailabilityProbesAutoConfiguration.ProbesCondition)

   BatchAutoConfiguration:
      Did not match:
         - @ConditionalOnClass did not find required class 'org.springframework.batch.core.launch.JobLauncher' (OnClassCondition)

   BatchObservationAutoConfiguration:
      Did not match:
         - @ConditionalOnClass did not find required class 'org.springframework.batch.core.configuration.annotation.BatchObservabilityBeanPostProcessor' (OnClassCondition)

   BeansEndpointAutoConfiguration:
      Did not match:
         - @ConditionalOnAvailableEndpoint no 'management.endpoints' property marked it as exposed (OnAvailableEndpointCondition)

   BraveAutoConfiguration:
      Did not match:
         - @ConditionalOnClass did not find required class 'brave.Tracer' (OnClassCondition)

   Cache2kCacheConfiguration:
      Did not match:
         - @ConditionalOnClass did not find required class 'org.cache2k.Cache2kBuilder' (OnClassCondition)

   CacheAutoConfiguration:
      Did not match:
         - @ConditionalOnBean (types: org.springframework.cache.interceptor.CacheAspectSupport; SearchStrategy: all) did not find any beans of type org.springframework.cache.interceptor.CacheAspectSupport (OnBeanCondition)
      Matched:
         - @ConditionalOnClass found required class 'org.springframework.cache.CacheManager' (OnClassCondition)

   CacheAutoConfiguration.CacheManagerEntityManagerFactoryDependsOnPostProcessor:
      Did not match:
         - Ancestor org.springframework.boot.autoconfigure.cache.CacheAutoConfiguration did not match (ConditionEvaluationReport.AncestorsMatchedCondition)
      Matched:
         - @ConditionalOnClass found required class 'org.springframework.orm.jpa.LocalContainerEntityManagerFactoryBean' (OnClassCondition)

   CacheMeterBinderProvidersConfiguration.Cache2kCacheMeterBinderProviderConfiguration:
      Did not match:
         - @ConditionalOnClass did not find required classes 'org.cache2k.Cache2kBuilder', 'org.cache2k.extra.spring.SpringCache2kCache', 'org.cache2k.extra.micrometer.Cache2kCacheMetrics' (OnClassCondition)

   CacheMeterBinderProvidersConfiguration.CaffeineCacheMeterBinderProviderConfiguration:
      Did not match:
         - @ConditionalOnClass did not find required class 'com.github.benmanes.caffeine.cache.Cache' (OnClassCondition)

   CacheMeterBinderProvidersConfiguration.HazelcastCacheMeterBinderProviderConfiguration:
      Did not match:
         - @ConditionalOnClass did not find required classes 'com.hazelcast.spring.cache.HazelcastCache', 'com.hazelcast.core.Hazelcast' (OnClassCondition)

   CacheMeterBinderProvidersConfiguration.JCacheCacheMeterBinderProviderConfiguration:
      Did not match:
         - @ConditionalOnClass did not find required class 'javax.cache.CacheManager' (OnClassCondition)

   CacheMeterBinderProvidersConfiguration.RedisCacheMeterBinderProviderConfiguration:
      Did not match:
         - @ConditionalOnClass did not find required class 'org.springframework.data.redis.cache.RedisCache' (OnClassCondition)

   CacheMetricsAutoConfiguration:
      Did not match:
         - @ConditionalOnBean (types: org.springframework.cache.CacheManager; SearchStrategy: all) did not find any beans of type org.springframework.cache.CacheManager (OnBeanCondition)

   CachesEndpointAutoConfiguration:
      Did not match:
         - @ConditionalOnAvailableEndpoint no 'management.endpoints' property marked it as exposed (OnAvailableEndpointCondition)
      Matched:
         - @ConditionalOnClass found required class 'org.springframework.cache.CacheManager' (OnClassCondition)

   CaffeineCacheConfiguration:
      Did not match:
         - @ConditionalOnClass did not find required class 'com.github.benmanes.caffeine.cache.Caffeine' (OnClassCondition)

   CassandraAutoConfiguration:
      Did not match:
         - @ConditionalOnClass did not find required class 'com.datastax.oss.driver.api.core.CqlSession' (OnClassCondition)

   CassandraDataAutoConfiguration:
      Did not match:
         - @ConditionalOnClass did not find required class 'com.datastax.oss.driver.api.core.CqlSession' (OnClassCondition)

   CassandraHealthContributorAutoConfiguration:
      Did not match:
         - @ConditionalOnClass did not find required class 'com.datastax.oss.driver.api.core.CqlSession' (OnClassCondition)

   CassandraReactiveDataAutoConfiguration:
      Did not match:
         - @ConditionalOnClass did not find required class 'com.datastax.oss.driver.api.core.CqlSession' (OnClassCondition)

   CassandraReactiveHealthContributorAutoConfiguration:
      Did not match:
         - @ConditionalOnClass did not find required class 'com.datastax.oss.driver.api.core.CqlSession' (OnClassCondition)

   CassandraReactiveRepositoriesAutoConfiguration:
      Did not match:
         - @ConditionalOnClass did not find required class 'org.springframework.data.cassandra.ReactiveSession' (OnClassCondition)

   CassandraRepositoriesAutoConfiguration:
      Did not match:
         - @ConditionalOnClass did not find required class 'com.datastax.oss.driver.api.core.CqlSession' (OnClassCondition)

   ClientHttpConnectorAutoConfiguration:
      Did not match:
         - @ConditionalOnClass did not find required class 'org.springframework.web.reactive.function.client.WebClient' (OnClassCondition)

   CloudFoundryActuatorAutoConfiguration:
      Did not match:
         - @ConditionalOnCloudPlatform did not find CLOUD_FOUNDRY (OnCloudPlatformCondition)
      Matched:
         - @ConditionalOnClass found required class 'org.springframework.web.servlet.DispatcherServlet' (OnClassCondition)
         - found 'session' scope (OnWebApplicationCondition)
         - @ConditionalOnProperty (management.cloudfoundry.enabled) matched (OnPropertyCondition)

   CloudHypermediaAutoConfiguration:
      Did not match:
         - @ConditionalOnClass did not find required class 'org.springframework.hateoas.Link' (OnClassCondition)

   CodecsAutoConfiguration:
      Did not match:
         - @ConditionalOnClass did not find required class 'org.springframework.web.reactive.function.client.WebClient' (OnClassCondition)

   CommonsClientAutoConfiguration.ActuatorConfiguration#featuresEndpoint:
      Did not match:
         - @ConditionalOnAvailableEndpoint no 'management.endpoints' property marked it as exposed (OnAvailableEndpointCondition)

   CompositeMeterRegistryConfiguration:
      Did not match:
         - NoneNestedConditions 1 matched 1 did not; NestedCondition on CompositeMeterRegistryConfiguration.MultipleNonPrimaryMeterRegistriesCondition.SingleInjectableMeterRegistry @ConditionalOnSingleCandidate (types: io.micrometer.core.instrument.MeterRegistry; SearchStrategy: all) found a single bean 'prometheusMeterRegistry'; NestedCondition on CompositeMeterRegistryConfiguration.MultipleNonPrimaryMeterRegistriesCondition.NoMeterRegistryCondition @ConditionalOnMissingBean (types: io.micrometer.core.instrument.MeterRegistry; SearchStrategy: all) found beans of type 'io.micrometer.core.instrument.MeterRegistry' prometheusMeterRegistry (CompositeMeterRegistryConfiguration.MultipleNonPrimaryMeterRegistriesCondition)

   ConditionsReportEndpointAutoConfiguration:
      Did not match:
         - @ConditionalOnAvailableEndpoint no 'management.endpoints' property marked it as exposed (OnAvailableEndpointCondition)

   ConfigClientAutoConfiguration#configClientProperties:
      Did not match:
         - @ConditionalOnMissingBean (types: org.springframework.cloud.config.client.ConfigClientProperties; SearchStrategy: all) found beans of type 'org.springframework.cloud.config.client.ConfigClientProperties' configDataConfigClientProperties, configClientProperties (OnBeanCondition)

   ConfigClientAutoConfiguration.ConfigClientWatchConfiguration:
      Did not match:
         - @ConditionalOnProperty (spring.cloud.config.watch.enabled) did not find property 'spring.cloud.config.watch.enabled' (OnPropertyCondition)
      Matched:
         - @ConditionalOnClass found required class 'org.springframework.cloud.context.refresh.ContextRefresher' (OnClassCondition)

   ConfigurationPropertiesReportEndpointAutoConfiguration:
      Did not match:
         - @ConditionalOnAvailableEndpoint no 'management.endpoints' property marked it as exposed (OnAvailableEndpointCondition)

   ConnectionFactoryHealthContributorAutoConfiguration:
      Did not match:
         - @ConditionalOnClass did not find required class 'io.r2dbc.spi.ConnectionFactory' (OnClassCondition)

   ConnectionPoolMetricsAutoConfiguration:
      Did not match:
         - @ConditionalOnClass did not find required class 'io.r2dbc.pool.ConnectionPool' (OnClassCondition)

   CouchbaseAutoConfiguration:
      Did not match:
         - @ConditionalOnClass did not find required class 'com.couchbase.client.java.Cluster' (OnClassCondition)

   CouchbaseCacheConfiguration:
      Did not match:
         - @ConditionalOnClass did not find required class 'com.couchbase.client.java.Cluster' (OnClassCondition)

   CouchbaseDataAutoConfiguration:
      Did not match:
         - @ConditionalOnClass did not find required class 'com.couchbase.client.java.Bucket' (OnClassCondition)

   CouchbaseHealthContributorAutoConfiguration:
      Did not match:
         - @ConditionalOnClass did not find required class 'com.couchbase.client.java.Cluster' (OnClassCondition)

   CouchbaseReactiveDataAutoConfiguration:
      Did not match:
         - @ConditionalOnClass did not find required class 'com.couchbase.client.java.Cluster' (OnClassCondition)

   CouchbaseReactiveHealthContributorAutoConfiguration:
      Did not match:
         - @ConditionalOnClass did not find required class 'com.couchbase.client.java.Cluster' (OnClassCondition)

   CouchbaseReactiveRepositoriesAutoConfiguration:
      Did not match:
         - @ConditionalOnClass did not find required class 'com.couchbase.client.java.Cluster' (OnClassCondition)

   CouchbaseRepositoriesAutoConfiguration:
      Did not match:
         - @ConditionalOnClass did not find required class 'com.couchbase.client.java.Bucket' (OnClassCondition)

   DataSourceAutoConfiguration.EmbeddedDatabaseConfiguration:
      Did not match:
         - EmbeddedDataSource spring.datasource.url is set (DataSourceAutoConfiguration.EmbeddedDatabaseCondition)

   DataSourceCheckpointRestoreConfiguration:
      Did not match:
         - @ConditionalOnClass did not find required class 'org.crac.Resource' (OnClassCondition)

   DataSourceConfiguration.Dbcp2:
      Did not match:
         - @ConditionalOnClass did not find required class 'org.apache.commons.dbcp2.BasicDataSource' (OnClassCondition)

   DataSourceConfiguration.Generic:
      Did not match:
         - @ConditionalOnProperty (spring.datasource.type) did not find property 'spring.datasource.type' (OnPropertyCondition)

   DataSourceConfiguration.OracleUcp:
      Did not match:
         - @ConditionalOnClass did not find required classes 'oracle.ucp.jdbc.PoolDataSourceImpl', 'oracle.jdbc.OracleConnection' (OnClassCondition)

   DataSourceConfiguration.Tomcat:
      Did not match:
         - @ConditionalOnClass did not find required class 'org.apache.tomcat.jdbc.pool.DataSource' (OnClassCondition)

   DataSourceJmxConfiguration.TomcatDataSourceJmxConfiguration:
      Did not match:
         - @ConditionalOnClass did not find required class 'org.apache.tomcat.jdbc.pool.DataSourceProxy' (OnClassCondition)

   DataSourcePoolMetadataProvidersConfiguration.CommonsDbcp2PoolDataSourceMetadataProviderConfiguration:
      Did not match:
         - @ConditionalOnClass did not find required class 'org.apache.commons.dbcp2.BasicDataSource' (OnClassCondition)

   DataSourcePoolMetadataProvidersConfiguration.OracleUcpPoolDataSourceMetadataProviderConfiguration:
      Did not match:
         - @ConditionalOnClass did not find required classes 'oracle.ucp.jdbc.PoolDataSource', 'oracle.jdbc.OracleConnection' (OnClassCondition)

   DataSourcePoolMetadataProvidersConfiguration.TomcatDataSourcePoolMetadataProviderConfiguration:
      Did not match:
         - @ConditionalOnClass did not find required class 'org.apache.tomcat.jdbc.pool.DataSource' (OnClassCondition)

   DataSourceTransactionManagerAutoConfiguration.JdbcTransactionManagerConfiguration#transactionManager:
      Did not match:
         - @ConditionalOnMissingBean (types: org.springframework.transaction.TransactionManager; SearchStrategy: all) found beans of type 'org.springframework.transaction.TransactionManager' transactionManager (OnBeanCondition)

   DatadogMetricsExportAutoConfiguration:
      Did not match:
         - @ConditionalOnClass did not find required class 'io.micrometer.datadog.DatadogMeterRegistry' (OnClassCondition)

   DiscoveryClientOptionalArgsConfiguration.DiscoveryClientOptionalArgsTlsConfiguration:
      Did not match:
         - @ConditionalOnClass did not find required class 'org.glassfish.jersey.client.JerseyClient' (OnClassCondition)

   DiscoveryClientOptionalArgsConfiguration.WebClientConfiguration:
      Did not match:
         - @ConditionalOnClass did not find required class 'org.springframework.web.reactive.function.client.WebClient' (OnClassCondition)

   DiscoveryClientOptionalArgsConfiguration.WebClientNotFoundConfiguration:
      Did not match:
         - @ConditionalOnProperty (eureka.client.webclient.enabled=true) did not find property 'webclient.enabled' (OnPropertyCondition)
      Matched:
         - @ConditionalOnMissingClass did not find unwanted classes 'org.glassfish.jersey.client.JerseyClient', 'org.springframework.web.reactive.function.client.WebClient' (OnClassCondition)

   DispatcherServletAutoConfiguration.DispatcherServletConfiguration#multipartResolver:
      Did not match:
         - @ConditionalOnBean (types: org.springframework.web.multipart.MultipartResolver; SearchStrategy: all) did not find any beans of type org.springframework.web.multipart.MultipartResolver (OnBeanCondition)

   DynatraceMetricsExportAutoConfiguration:
      Did not match:
         - @ConditionalOnClass did not find required class 'io.micrometer.dynatrace.DynatraceMeterRegistry' (OnClassCondition)

   ElasticMetricsExportAutoConfiguration:
      Did not match:
         - @ConditionalOnClass did not find required class 'io.micrometer.elastic.ElasticMeterRegistry' (OnClassCondition)

   ElasticsearchClientAutoConfiguration:
      Did not match:
         - @ConditionalOnClass did not find required class 'co.elastic.clients.elasticsearch.ElasticsearchClient' (OnClassCondition)

   ElasticsearchDataAutoConfiguration:
      Did not match:
         - @ConditionalOnClass did not find required class 'org.springframework.data.elasticsearch.client.elc.ElasticsearchTemplate' (OnClassCondition)

   ElasticsearchReactiveHealthContributorAutoConfiguration:
      Did not match:
         - @ConditionalOnClass did not find required class 'org.springframework.data.elasticsearch.client.elc.ReactiveElasticsearchClient' (OnClassCondition)

   ElasticsearchRepositoriesAutoConfiguration:
      Did not match:
         - @ConditionalOnClass did not find required class 'org.springframework.data.elasticsearch.repository.ElasticsearchRepository' (OnClassCondition)

   ElasticsearchRestClientAutoConfiguration:
      Did not match:
         - @ConditionalOnClass did not find required class 'org.elasticsearch.client.RestClientBuilder' (OnClassCondition)

   ElasticsearchRestHealthContributorAutoConfiguration:
      Did not match:
         - @ConditionalOnClass did not find required class 'org.elasticsearch.client.RestClient' (OnClassCondition)

   EmbeddedLdapAutoConfiguration:
      Did not match:
         - @ConditionalOnClass did not find required class 'com.unboundid.ldap.listener.InMemoryDirectoryServer' (OnClassCondition)

   EmbeddedWebServerFactoryCustomizerAutoConfiguration.JettyWebServerFactoryCustomizerConfiguration:
      Did not match:
         - @ConditionalOnClass did not find required classes 'org.eclipse.jetty.server.Server', 'org.eclipse.jetty.util.Loader', 'org.eclipse.jetty.ee10.webapp.WebAppContext' (OnClassCondition)

   EmbeddedWebServerFactoryCustomizerAutoConfiguration.NettyWebServerFactoryCustomizerConfiguration:
      Did not match:
         - @ConditionalOnClass did not find required class 'reactor.netty.http.server.HttpServer' (OnClassCondition)

   EmbeddedWebServerFactoryCustomizerAutoConfiguration.TomcatWebServerFactoryCustomizerConfiguration#tomcatVirtualThreadsProtocolHandlerCustomizer:
      Did not match:
         - @ConditionalOnThreading did not find VIRTUAL (OnThreadingCondition)

   EmbeddedWebServerFactoryCustomizerAutoConfiguration.UndertowWebServerFactoryCustomizerConfiguration:
      Did not match:
         - @ConditionalOnClass did not find required classes 'io.undertow.Undertow', 'org.xnio.SslClientAuthMode' (OnClassCondition)

   EnvironmentEndpointAutoConfiguration:
      Did not match:
         - @ConditionalOnAvailableEndpoint no 'management.endpoints' property marked it as exposed (OnAvailableEndpointCondition)

   ErrorMvcAutoConfiguration.WhitelabelErrorViewConfiguration:
      Did not match:
         - @ConditionalOnProperty (server.error.whitelabel.enabled) found different value in property 'enabled' (OnPropertyCondition)

   ErrorWebFluxAutoConfiguration:
      Did not match:
         - @ConditionalOnClass did not find required class 'org.springframework.web.reactive.config.WebFluxConfigurer' (OnClassCondition)

   EurekaClientAutoConfiguration.EurekaClientConfiguration:
      Did not match:
         - AnyNestedCondition 0 matched 3 did not; NestedCondition on EurekaClientAutoConfiguration.OnMissingRefreshScopeCondition.OnPropertyDisabled @ConditionalOnProperty (eureka.client.refresh.enable=false) did not find property 'eureka.client.refresh.enable'; NestedCondition on EurekaClientAutoConfiguration.OnMissingRefreshScopeCondition.MissingScope @ConditionalOnMissingBean (types: org.springframework.cloud.autoconfigure.RefreshAutoConfiguration; SearchStrategy: all) found beans of type 'org.springframework.cloud.autoconfigure.RefreshAutoConfiguration' org.springframework.cloud.autoconfigure.RefreshAutoConfiguration; NestedCondition on EurekaClientAutoConfiguration.OnMissingRefreshScopeCondition.MissingClass @ConditionalOnMissingClass found unwanted class 'org.springframework.cloud.context.scope.refresh.RefreshScope' (EurekaClientAutoConfiguration.OnMissingRefreshScopeCondition)

   EurekaClientConfigServerAutoConfiguration:
      Did not match:
         - @ConditionalOnClass did not find required class 'org.springframework.cloud.config.server.config.ConfigServerProperties' (OnClassCondition)

   EurekaReactiveDiscoveryClientConfiguration:
      Did not match:
         - @ConditionalOnClass did not find required class 'org.springframework.web.reactive.function.client.WebClient' (OnClassCondition)

   FlywayAutoConfiguration:
      Did not match:
         - @ConditionalOnClass did not find required class 'org.flywaydb.core.Flyway' (OnClassCondition)

   FlywayEndpointAutoConfiguration:
      Did not match:
         - @ConditionalOnClass did not find required class 'org.flywaydb.core.Flyway' (OnClassCondition)

   FreeMarkerAutoConfiguration:
      Did not match:
         - @ConditionalOnClass did not find required class 'freemarker.template.Configuration' (OnClassCondition)

   GangliaMetricsExportAutoConfiguration:
      Did not match:
         - @ConditionalOnClass did not find required class 'io.micrometer.ganglia.GangliaMeterRegistry' (OnClassCondition)

   GraphQlAutoConfiguration:
      Did not match:
         - @ConditionalOnClass did not find required class 'graphql.GraphQL' (OnClassCondition)

   GraphQlObservationAutoConfiguration:
      Did not match:
         - @ConditionalOnClass did not find required class 'graphql.GraphQL' (OnClassCondition)

   GraphQlQueryByExampleAutoConfiguration:
      Did not match:
         - @ConditionalOnClass did not find required class 'graphql.GraphQL' (OnClassCondition)

   GraphQlQuerydslAutoConfiguration:
      Did not match:
         - @ConditionalOnClass did not find required class 'com.querydsl.core.Query' (OnClassCondition)

   GraphQlRSocketAutoConfiguration:
      Did not match:
         - @ConditionalOnClass did not find required class 'graphql.GraphQL' (OnClassCondition)

   GraphQlReactiveQueryByExampleAutoConfiguration:
      Did not match:
         - @ConditionalOnClass did not find required class 'graphql.GraphQL' (OnClassCondition)

   GraphQlReactiveQuerydslAutoConfiguration:
      Did not match:
         - @ConditionalOnClass did not find required class 'com.querydsl.core.Query' (OnClassCondition)

   GraphQlWebFluxAutoConfiguration:
      Did not match:
         - @ConditionalOnClass did not find required class 'graphql.GraphQL' (OnClassCondition)

   GraphQlWebFluxSecurityAutoConfiguration:
      Did not match:
         - @ConditionalOnClass did not find required class 'graphql.GraphQL' (OnClassCondition)

   GraphQlWebMvcAutoConfiguration:
      Did not match:
         - @ConditionalOnClass did not find required class 'graphql.GraphQL' (OnClassCondition)

   GraphQlWebMvcSecurityAutoConfiguration:
      Did not match:
         - @ConditionalOnClass did not find required class 'graphql.GraphQL' (OnClassCondition)

   GraphiteMetricsExportAutoConfiguration:
      Did not match:
         - @ConditionalOnClass did not find required class 'io.micrometer.graphite.GraphiteMeterRegistry' (OnClassCondition)

   GroovyTemplateAutoConfiguration:
      Did not match:
         - @ConditionalOnClass did not find required class 'groovy.text.markup.MarkupTemplateEngine' (OnClassCondition)

   GsonHttpMessageConvertersConfiguration.GsonHttpMessageConverterConfiguration:
      Did not match:
         - AnyNestedCondition 0 matched 2 did not; NestedCondition on GsonHttpMessageConvertersConfiguration.PreferGsonOrJacksonAndJsonbUnavailableCondition.JacksonJsonbUnavailable NoneNestedConditions 1 matched 1 did not; NestedCondition on GsonHttpMessageConvertersConfiguration.JacksonAndJsonbUnavailableCondition.JsonbPreferred @ConditionalOnProperty (spring.mvc.converters.preferred-json-mapper=jsonb) did not find property 'spring.mvc.converters.preferred-json-mapper'; NestedCondition on GsonHttpMessageConvertersConfiguration.JacksonAndJsonbUnavailableCondition.JacksonAvailable @ConditionalOnBean (types: org.springframework.http.converter.json.MappingJackson2HttpMessageConverter; SearchStrategy: all) found bean 'mappingJackson2HttpMessageConverter'; NestedCondition on GsonHttpMessageConvertersConfiguration.PreferGsonOrJacksonAndJsonbUnavailableCondition.GsonPreferred @ConditionalOnProperty (spring.mvc.converters.preferred-json-mapper=gson) did not find property 'spring.mvc.converters.preferred-json-mapper' (GsonHttpMessageConvertersConfiguration.PreferGsonOrJacksonAndJsonbUnavailableCondition)

   H2ConsoleAutoConfiguration:
      Did not match:
         - @ConditionalOnClass did not find required class 'org.h2.server.web.JakartaWebServlet' (OnClassCondition)

   HazelcastAutoConfiguration:
      Did not match:
         - @ConditionalOnClass did not find required class 'com.hazelcast.core.HazelcastInstance' (OnClassCondition)

   HazelcastCacheConfiguration:
      Did not match:
         - @ConditionalOnClass did not find required class 'com.hazelcast.core.HazelcastInstance' (OnClassCondition)

   HazelcastHealthContributorAutoConfiguration:
      Did not match:
         - @ConditionalOnClass did not find required class 'com.hazelcast.core.HazelcastInstance' (OnClassCondition)

   HazelcastJpaDependencyAutoConfiguration:
      Did not match:
         - @ConditionalOnClass did not find required class 'com.hazelcast.core.HazelcastInstance' (OnClassCondition)

   HealthEndpointReactiveWebExtensionConfiguration:
      Did not match:
         - did not find reactive web application classes (OnWebApplicationCondition)

   HealthEndpointWebExtensionConfiguration.JerseyAdditionalHealthEndpointPathsConfiguration:
      Did not match:
         - @ConditionalOnClass did not find required class 'org.glassfish.jersey.server.ResourceConfig' (OnClassCondition)

   HeapDumpWebEndpointAutoConfiguration:
      Did not match:
         - @ConditionalOnAvailableEndpoint no 'management.endpoints' property marked it as exposed (OnAvailableEndpointCondition)

   HibernateMetricsAutoConfiguration:
      Did not match:
         - @ConditionalOnClass did not find required class 'org.hibernate.stat.HibernateMetrics' (OnClassCondition)

   HttpExchangesAutoConfiguration:
      Did not match:
         - @ConditionalOnBean (types: org.springframework.boot.actuate.web.exchanges.HttpExchangeRepository; SearchStrategy: all) did not find any beans of type org.springframework.boot.actuate.web.exchanges.HttpExchangeRepository (OnBeanCondition)
      Matched:
         - @ConditionalOnWebApplication (required) found 'session' scope (OnWebApplicationCondition)
         - @ConditionalOnProperty (management.httpexchanges.recording.enabled) matched (OnPropertyCondition)

   HttpExchangesAutoConfiguration.ReactiveHttpExchangesConfiguration:
      Did not match:
         - did not find reactive web application classes (OnWebApplicationCondition)
         - Ancestor org.springframework.boot.actuate.autoconfigure.web.exchanges.HttpExchangesAutoConfiguration did not match (ConditionEvaluationReport.AncestorsMatchedCondition)

   HttpExchangesAutoConfiguration.ServletHttpExchangesConfiguration:
      Did not match:
         - Ancestor org.springframework.boot.actuate.autoconfigure.web.exchanges.HttpExchangesAutoConfiguration did not match (ConditionEvaluationReport.AncestorsMatchedCondition)
      Matched:
         - found 'session' scope (OnWebApplicationCondition)

   HttpExchangesEndpointAutoConfiguration:
      Did not match:
         - @ConditionalOnAvailableEndpoint no 'management.endpoints' property marked it as exposed (OnAvailableEndpointCondition)

   HttpHandlerAutoConfiguration:
      Did not match:
         - @ConditionalOnClass did not find required class 'org.springframework.web.reactive.DispatcherHandler' (OnClassCondition)

   HumioMetricsExportAutoConfiguration:
      Did not match:
         - @ConditionalOnClass did not find required class 'io.micrometer.humio.HumioMeterRegistry' (OnClassCondition)

   HypermediaAutoConfiguration:
      Did not match:
         - @ConditionalOnClass did not find required class 'org.springframework.hateoas.EntityModel' (OnClassCondition)

   InfinispanCacheConfiguration:
      Did not match:
         - @ConditionalOnClass did not find required class 'org.infinispan.spring.embedded.provider.SpringEmbeddedCacheManager' (OnClassCondition)

   InfluxDbAutoConfiguration:
      Did not match:
         - @ConditionalOnClass did not find required class 'org.influxdb.InfluxDB' (OnClassCondition)

   InfluxDbHealthContributorAutoConfiguration:
      Did not match:
         - @ConditionalOnClass did not find required class 'org.influxdb.InfluxDB' (OnClassCondition)

   InfluxMetricsExportAutoConfiguration:
      Did not match:
         - @ConditionalOnClass did not find required class 'io.micrometer.influx.InfluxMeterRegistry' (OnClassCondition)

   InfoContributorAutoConfiguration#buildInfoContributor:
      Did not match:
         - @ConditionalOnSingleCandidate (types: org.springframework.boot.info.BuildProperties; SearchStrategy: all) did not find any beans (OnBeanCondition)
      Matched:
         - @ConditionalOnEnabledInfoContributor management.info.defaults.enabled is considered true (OnEnabledInfoContributorCondition)

   InfoContributorAutoConfiguration#gitInfoContributor:
      Did not match:
         - @ConditionalOnSingleCandidate (types: org.springframework.boot.info.GitProperties; SearchStrategy: all) did not find any beans (OnBeanCondition)
      Matched:
         - @ConditionalOnEnabledInfoContributor management.info.defaults.enabled is considered true (OnEnabledInfoContributorCondition)

   InfoContributorAutoConfiguration#osInfoContributor:
      Did not match:
         - @ConditionalOnEnabledInfoContributor management.info.os.enabled is not true (OnEnabledInfoContributorCondition)

   IntegrationAutoConfiguration:
      Did not match:
         - @ConditionalOnClass did not find required class 'org.springframework.integration.config.EnableIntegration' (OnClassCondition)

   IntegrationGraphEndpointAutoConfiguration:
      Did not match:
         - @ConditionalOnClass did not find required class 'org.springframework.integration.graph.IntegrationGraphServer' (OnClassCondition)

   JCacheCacheConfiguration:
      Did not match:
         - @ConditionalOnClass did not find required class 'javax.cache.Caching' (OnClassCondition)

   JacksonHttpMessageConvertersConfiguration.MappingJackson2XmlHttpMessageConverterConfiguration:
      Did not match:
         - @ConditionalOnClass did not find required class 'com.fasterxml.jackson.dataformat.xml.XmlMapper' (OnClassCondition)

   JdbcRepositoriesAutoConfiguration:
      Did not match:
         - @ConditionalOnClass did not find required class 'org.springframework.data.jdbc.repository.config.AbstractJdbcConfiguration' (OnClassCondition)

   JerseyAutoConfiguration:
      Did not match:
         - @ConditionalOnClass did not find required class 'org.glassfish.jersey.server.spring.SpringComponentProvider' (OnClassCondition)

   JerseySameManagementContextConfiguration:
      Did not match:
         - @ConditionalOnClass did not find required class 'org.glassfish.jersey.server.ResourceConfig' (OnClassCondition)

   JerseyServerMetricsAutoConfiguration:
      Did not match:
         - @ConditionalOnClass did not find required class 'io.micrometer.core.instrument.binder.jersey.server.MetricsApplicationEventListener' (OnClassCondition)

   JerseyWebEndpointManagementContextConfiguration:
      Did not match:
         - @ConditionalOnClass did not find required class 'org.glassfish.jersey.server.ResourceConfig' (OnClassCondition)

   JettyMetricsAutoConfiguration:
      Did not match:
         - @ConditionalOnClass did not find required class 'org.eclipse.jetty.server.Server' (OnClassCondition)

   JmsAutoConfiguration:
      Did not match:
         - @ConditionalOnClass did not find required class 'jakarta.jms.Message' (OnClassCondition)

   JmsHealthContributorAutoConfiguration:
      Did not match:
         - @ConditionalOnClass did not find required class 'jakarta.jms.ConnectionFactory' (OnClassCondition)

   JmsTemplateObservationAutoConfiguration:
      Did not match:
         - @ConditionalOnClass did not find required class 'jakarta.jms.Message' (OnClassCondition)

   JmxAutoConfiguration:
      Did not match:
         - @ConditionalOnProperty (spring.jmx.enabled=true) did not find property 'enabled' (OnPropertyCondition)
      Matched:
         - @ConditionalOnClass found required class 'org.springframework.jmx.export.MBeanExporter' (OnClassCondition)

   JmxEndpointAutoConfiguration:
      Did not match:
         - @ConditionalOnProperty (spring.jmx.enabled=true) did not find property 'enabled' (OnPropertyCondition)

   JmxMetricsExportAutoConfiguration:
      Did not match:
         - @ConditionalOnClass did not find required class 'io.micrometer.jmx.JmxMeterRegistry' (OnClassCondition)

   JndiConnectionFactoryAutoConfiguration:
      Did not match:
         - @ConditionalOnClass did not find required class 'org.springframework.jms.core.JmsTemplate' (OnClassCondition)

   JndiDataSourceAutoConfiguration:
      Did not match:
         - @ConditionalOnProperty (spring.datasource.jndi-name) did not find property 'jndi-name' (OnPropertyCondition)
      Matched:
         - @ConditionalOnClass found required classes 'javax.sql.DataSource', 'org.springframework.jdbc.datasource.embedded.EmbeddedDatabaseType' (OnClassCondition)

   JndiJtaConfiguration:
      Did not match:
         - @ConditionalOnJndi JNDI environment is not available (OnJndiCondition)
      Matched:
         - @ConditionalOnClass found required class 'org.springframework.transaction.jta.JtaTransactionManager' (OnClassCondition)

   JooqAutoConfiguration:
      Did not match:
         - @ConditionalOnClass did not find required class 'org.jooq.DSLContext' (OnClassCondition)

   JpaRepositoriesAutoConfiguration#entityManagerFactoryBootstrapExecutorCustomizer:
      Did not match:
         - AnyNestedCondition 0 matched 2 did not; NestedCondition on JpaRepositoriesAutoConfiguration.BootstrapExecutorCondition.LazyBootstrapMode @ConditionalOnProperty (spring.data.jpa.repositories.bootstrap-mode=lazy) did not find property 'bootstrap-mode'; NestedCondition on JpaRepositoriesAutoConfiguration.BootstrapExecutorCondition.DeferredBootstrapMode @ConditionalOnProperty (spring.data.jpa.repositories.bootstrap-mode=deferred) did not find property 'bootstrap-mode' (JpaRepositoriesAutoConfiguration.BootstrapExecutorCondition)

   JsonbAutoConfiguration:
      Did not match:
         - @ConditionalOnClass did not find required class 'jakarta.json.bind.Jsonb' (OnClassCondition)

   JsonbHttpMessageConvertersConfiguration:
      Did not match:
         - @ConditionalOnClass did not find required class 'jakarta.json.bind.Jsonb' (OnClassCondition)

   KafkaAutoConfiguration:
      Did not match:
         - @ConditionalOnClass did not find required class 'org.springframework.kafka.core.KafkaTemplate' (OnClassCondition)

   KafkaMetricsAutoConfiguration:
      Did not match:
         - @ConditionalOnClass did not find required class 'org.springframework.kafka.core.ProducerFactory' (OnClassCondition)

   KairosMetricsExportAutoConfiguration:
      Did not match:
         - @ConditionalOnClass did not find required class 'io.micrometer.kairos.KairosMeterRegistry' (OnClassCondition)

   LdapAutoConfiguration:
      Did not match:
         - @ConditionalOnClass did not find required class 'org.springframework.ldap.core.ContextSource' (OnClassCondition)

   LdapHealthContributorAutoConfiguration:
      Did not match:
         - @ConditionalOnClass did not find required class 'org.springframework.ldap.core.LdapOperations' (OnClassCondition)

   LdapRepositoriesAutoConfiguration:
      Did not match:
         - @ConditionalOnClass did not find required class 'org.springframework.data.ldap.repository.LdapRepository' (OnClassCondition)

   LettuceMetricsAutoConfiguration:
      Did not match:
         - @ConditionalOnClass did not find required class 'io.lettuce.core.metrics.MicrometerCommandLatencyRecorder' (OnClassCondition)

   LiquibaseAutoConfiguration:
      Did not match:
         - @ConditionalOnClass did not find required class 'liquibase.change.DatabaseChange' (OnClassCondition)

   LiquibaseEndpointAutoConfiguration:
      Did not match:
         - @ConditionalOnClass did not find required class 'liquibase.integration.spring.SpringLiquibase' (OnClassCondition)

   LoadBalancerAutoConfiguration.LoadBalancerInterceptorConfig:
      Did not match:
         - AnyNestedCondition 0 matched 2 did not; NestedCondition on LoadBalancerAutoConfiguration.RetryMissingOrDisabledCondition.RetryDisabled @ConditionalOnProperty (spring.cloud.loadbalancer.retry.enabled=false) did not find property 'spring.cloud.loadbalancer.retry.enabled'; NestedCondition on LoadBalancerAutoConfiguration.RetryMissingOrDisabledCondition.RetryTemplateMissing @ConditionalOnMissingClass found unwanted class 'org.springframework.retry.support.RetryTemplate' (LoadBalancerAutoConfiguration.RetryMissingOrDisabledCondition)

   LoadBalancerAutoConfiguration.RetryAutoConfiguration#loadBalancedRetryFactory:
      Did not match:
         - @ConditionalOnMissingBean (types: org.springframework.cloud.client.loadbalancer.LoadBalancedRetryFactory; SearchStrategy: all) found beans of type 'org.springframework.cloud.client.loadbalancer.LoadBalancedRetryFactory' loadBalancedRetryFactory (OnBeanCondition)

   LoadBalancerBeanPostProcessorAutoConfiguration:
      Did not match:
         - @ConditionalOnClass did not find required class 'org.springframework.web.reactive.function.client.WebClient' (OnClassCondition)

   LoadBalancerCacheAutoConfiguration.CaffeineLoadBalancerCacheManagerConfiguration:
      Did not match:
         - @ConditionalOnClass did not find required class 'com.github.benmanes.caffeine.cache.Caffeine' (OnClassCondition)

   LoadBalancerEurekaAutoConfiguration#zoneConfig:
      Did not match:
         - @ConditionalOnMissingBean (types: org.springframework.cloud.loadbalancer.config.LoadBalancerZoneConfig; SearchStrategy: all) found beans of type 'org.springframework.cloud.loadbalancer.config.LoadBalancerZoneConfig' zoneConfig (OnBeanCondition)

   LoadBalancerStatsAutoConfiguration:
      Did not match:
         - @ConditionalOnProperty (spring.cloud.loadbalancer.stats.micrometer.enabled=true) did not find property 'spring.cloud.loadbalancer.stats.micrometer.enabled' (OnPropertyCondition)
      Matched:
         - @ConditionalOnClass found required class 'io.micrometer.core.instrument.MeterRegistry' (OnClassCondition)

   Log4J2MetricsAutoConfiguration:
      Did not match:
         - @ConditionalOnClass did not find required class 'org.apache.logging.log4j.core.LoggerContext' (OnClassCondition)

   LogFileWebEndpointAutoConfiguration:
      Did not match:
         - @ConditionalOnAvailableEndpoint no 'management.endpoints' property marked it as exposed (OnAvailableEndpointCondition)

   LoggersEndpointAutoConfiguration:
      Did not match:
         - @ConditionalOnAvailableEndpoint no 'management.endpoints' property marked it as exposed (OnAvailableEndpointCondition)

   MailHealthContributorAutoConfiguration:
      Did not match:
         - @ConditionalOnBean (types: org.springframework.mail.javamail.JavaMailSenderImpl; SearchStrategy: all) did not find any beans of type org.springframework.mail.javamail.JavaMailSenderImpl (OnBeanCondition)
      Matched:
         - @ConditionalOnClass found required class 'org.springframework.mail.javamail.JavaMailSenderImpl' (OnClassCondition)
         - @ConditionalOnEnabledHealthIndicator management.health.defaults.enabled is considered true (OnEnabledHealthIndicatorCondition)

   MailSenderAutoConfiguration:
      Did not match:
         - @ConditionalOnClass did not find required class 'jakarta.mail.internet.MimeMessage' (OnClassCondition)

   MailSenderValidatorAutoConfiguration:
      Did not match:
         - @ConditionalOnProperty (spring.mail.test-connection) did not find property 'test-connection' (OnPropertyCondition)

   ManagementContextAutoConfiguration.DifferentManagementContextConfiguration:
      Did not match:
         - Management Port actual port type (SAME) did not match required type (DIFFERENT) (OnManagementPortCondition)

   ManagementWebSecurityAutoConfiguration:
      Did not match:
         - AllNestedConditions 1 matched 1 did not; NestedCondition on DefaultWebSecurityCondition.Beans @ConditionalOnMissingBean (types: org.springframework.security.web.SecurityFilterChain; SearchStrategy: all) found beans of type 'org.springframework.security.web.SecurityFilterChain' securityFilterChain; NestedCondition on DefaultWebSecurityCondition.Classes @ConditionalOnClass found required classes 'org.springframework.security.web.SecurityFilterChain', 'org.springframework.security.config.annotation.web.builders.HttpSecurity' (DefaultWebSecurityCondition)
      Matched:
         - found 'session' scope (OnWebApplicationCondition)

   MappingsEndpointAutoConfiguration:
      Did not match:
         - @ConditionalOnAvailableEndpoint no 'management.endpoints' property marked it as exposed (OnAvailableEndpointCondition)

   MessageSourceAutoConfiguration:
      Did not match:
         - ResourceBundle did not find bundle with basename messages (MessageSourceAutoConfiguration.ResourceBundleCondition)

   MicrometerTracingAutoConfiguration:
      Did not match:
         - @ConditionalOnClass did not find required class 'io.micrometer.tracing.Tracer' (OnClassCondition)

   MongoAutoConfiguration:
      Did not match:
         - @ConditionalOnClass did not find required class 'com.mongodb.client.MongoClient' (OnClassCondition)

   MongoDataAutoConfiguration:
      Did not match:
         - @ConditionalOnClass did not find required class 'com.mongodb.client.MongoClient' (OnClassCondition)

   MongoHealthContributorAutoConfiguration:
      Did not match:
         - @ConditionalOnClass did not find required class 'org.springframework.data.mongodb.core.MongoTemplate' (OnClassCondition)

   MongoMetricsAutoConfiguration:
      Did not match:
         - @ConditionalOnClass did not find required class 'com.mongodb.MongoClientSettings' (OnClassCondition)

   MongoReactiveAutoConfiguration:
      Did not match:
         - @ConditionalOnClass did not find required class 'com.mongodb.reactivestreams.client.MongoClient' (OnClassCondition)

   MongoReactiveDataAutoConfiguration:
      Did not match:
         - @ConditionalOnClass did not find required class 'com.mongodb.reactivestreams.client.MongoClient' (OnClassCondition)

   MongoReactiveHealthContributorAutoConfiguration:
      Did not match:
         - @ConditionalOnClass did not find required class 'org.springframework.data.mongodb.core.ReactiveMongoTemplate' (OnClassCondition)

   MongoReactiveRepositoriesAutoConfiguration:
      Did not match:
         - @ConditionalOnClass did not find required class 'com.mongodb.reactivestreams.client.MongoClient' (OnClassCondition)

   MongoRepositoriesAutoConfiguration:
      Did not match:
         - @ConditionalOnClass did not find required class 'com.mongodb.client.MongoClient' (OnClassCondition)

   MustacheAutoConfiguration:
      Did not match:
         - @ConditionalOnClass did not find required class 'com.samskivert.mustache.Mustache' (OnClassCondition)

   Neo4jAutoConfiguration:
      Did not match:
         - @ConditionalOnClass did not find required class 'org.neo4j.driver.Driver' (OnClassCondition)

   Neo4jDataAutoConfiguration:
      Did not match:
         - @ConditionalOnClass did not find required class 'org.neo4j.driver.Driver' (OnClassCondition)

   Neo4jHealthContributorAutoConfiguration:
      Did not match:
         - @ConditionalOnClass did not find required class 'org.neo4j.driver.Driver' (OnClassCondition)

   Neo4jReactiveDataAutoConfiguration:
      Did not match:
         - @ConditionalOnClass did not find required class 'org.neo4j.driver.Driver' (OnClassCondition)

   Neo4jReactiveRepositoriesAutoConfiguration:
      Did not match:
         - @ConditionalOnClass did not find required class 'org.neo4j.driver.Driver' (OnClassCondition)

   Neo4jRepositoriesAutoConfiguration:
      Did not match:
         - @ConditionalOnClass did not find required class 'org.neo4j.driver.Driver' (OnClassCondition)

   NettyAutoConfiguration:
      Did not match:
         - @ConditionalOnClass did not find required class 'io.netty.util.NettyRuntime' (OnClassCondition)

   NewRelicMetricsExportAutoConfiguration:
      Did not match:
         - @ConditionalOnClass did not find required class 'io.micrometer.newrelic.NewRelicMeterRegistry' (OnClassCondition)

   NoOpMeterRegistryConfiguration:
      Did not match:
         - @ConditionalOnMissingBean (types: io.micrometer.core.instrument.MeterRegistry; SearchStrategy: all) found beans of type 'io.micrometer.core.instrument.MeterRegistry' prometheusMeterRegistry (OnBeanCondition)

   OAuth2AuthorizationServerAutoConfiguration:
      Did not match:
         - @ConditionalOnClass did not find required class 'org.springframework.security.oauth2.server.authorization.OAuth2Authorization' (OnClassCondition)

   OAuth2AuthorizationServerJwtAutoConfiguration:
      Did not match:
         - @ConditionalOnClass did not find required class 'org.springframework.security.oauth2.server.authorization.OAuth2Authorization' (OnClassCondition)

   OAuth2ClientAutoConfiguration:
      Did not match:
         - @ConditionalOnClass did not find required class 'org.springframework.security.oauth2.client.registration.ClientRegistration' (OnClassCondition)

   OAuth2LoadBalancerClientAutoConfiguration:
      Did not match:
         - @ConditionalOnProperty (spring.cloud.oauth2.load-balanced.enabled) did not find property 'spring.cloud.oauth2.load-balanced.enabled' (OnPropertyCondition)

   OAuth2ResourceServerAutoConfiguration:
      Did not match:
         - @ConditionalOnClass did not find required class 'org.springframework.security.oauth2.server.resource.authentication.BearerTokenAuthenticationToken' (OnClassCondition)

   ObservationAutoConfiguration.MeterObservationHandlerConfiguration.TracingAndMetricsObservationHandlerConfiguration:
      Did not match:
         - @ConditionalOnBean did not find required type 'io.micrometer.tracing.Tracer' (OnBeanCondition)
         - @ConditionalOnBean (types: io.micrometer.tracing.Tracer; SearchStrategy: all) did not find any beans of type io.micrometer.tracing.Tracer (OnBeanCondition)

   ObservationAutoConfiguration.MetricsWithTracingConfiguration:
      Did not match:
         - @ConditionalOnClass did not find required class 'io.micrometer.tracing.Tracer' (OnClassCondition)

   ObservationAutoConfiguration.OnlyTracingConfiguration:
      Did not match:
         - @ConditionalOnClass did not find required class 'io.micrometer.tracing.Tracer' (OnClassCondition)

   org.springframework.boot.actuate.autoconfigure.opentelemetry.OpenTelemetryAutoConfiguration:
      Did not match:
         - @ConditionalOnClass did not find required class 'io.opentelemetry.sdk.OpenTelemetrySdk' (OnClassCondition)

   org.springframework.boot.actuate.autoconfigure.tracing.OpenTelemetryAutoConfiguration:
      Did not match:
         - @ConditionalOnClass did not find required class 'io.micrometer.tracing.otel.bridge.OtelTracer' (OnClassCondition)

   OtlpAutoConfiguration:
      Did not match:
         - @ConditionalOnClass did not find required class 'io.micrometer.tracing.otel.bridge.OtelTracer' (OnClassCondition)

   OtlpMetricsExportAutoConfiguration:
      Did not match:
         - @ConditionalOnClass did not find required class 'io.micrometer.registry.otlp.OtlpMeterRegistry' (OnClassCondition)

   PauseResumeEndpointsConfiguration#pauseEndpoint:
      Did not match:
         - @ConditionalOnBean (types: org.springframework.cloud.context.restart.RestartEndpoint; SearchStrategy: all) did not find any beans of type org.springframework.cloud.context.restart.RestartEndpoint (OnBeanCondition)

   PauseResumeEndpointsConfiguration#resumeEndpoint:
      Did not match:
         - @ConditionalOnBean (types: org.springframework.cloud.context.restart.RestartEndpoint; SearchStrategy: all) did not find any beans of type org.springframework.cloud.context.restart.RestartEndpoint (OnBeanCondition)

   ProjectInfoAutoConfiguration#buildProperties:
      Did not match:
         - @ConditionalOnResource did not find resource '${spring.info.build.location:classpath:META-INF/build-info.properties}' (OnResourceCondition)

   ProjectInfoAutoConfiguration#gitProperties:
      Did not match:
         - GitResource did not find git info at classpath:git.properties (ProjectInfoAutoConfiguration.GitResourceAvailableCondition)

   PrometheusExemplarsAutoConfiguration:
      Did not match:
         - @ConditionalOnClass did not find required class 'io.micrometer.tracing.Tracer' (OnClassCondition)

   PrometheusMetricsExportAutoConfiguration#exemplarSampler:
      Did not match:
         - @ConditionalOnBean (types: io.prometheus.client.exemplars.tracer.common.SpanContextSupplier; SearchStrategy: all) did not find any beans of type io.prometheus.client.exemplars.tracer.common.SpanContextSupplier (OnBeanCondition)

   PrometheusMetricsExportAutoConfiguration.PrometheusPushGatewayConfiguration:
      Did not match:
         - @ConditionalOnClass did not find required class 'io.prometheus.client.exporter.PushGateway' (OnClassCondition)

   PulsarAutoConfiguration:
      Did not match:
         - @ConditionalOnClass did not find required class 'org.apache.pulsar.client.api.PulsarClient' (OnClassCondition)

   PulsarReactiveAutoConfiguration:
      Did not match:
         - @ConditionalOnClass did not find required class 'org.apache.pulsar.client.api.PulsarClient' (OnClassCondition)

   QuartzAutoConfiguration:
      Did not match:
         - @ConditionalOnClass did not find required class 'org.quartz.Scheduler' (OnClassCondition)

   QuartzEndpointAutoConfiguration:
      Did not match:
         - @ConditionalOnClass did not find required class 'org.quartz.Scheduler' (OnClassCondition)

   R2dbcAutoConfiguration:
      Did not match:
         - @ConditionalOnClass did not find required class 'io.r2dbc.spi.ConnectionFactory' (OnClassCondition)

   R2dbcDataAutoConfiguration:
      Did not match:
         - @ConditionalOnClass did not find required class 'org.springframework.data.r2dbc.core.R2dbcEntityTemplate' (OnClassCondition)

   R2dbcInitializationConfiguration:
      Did not match:
         - @ConditionalOnClass did not find required classes 'io.r2dbc.spi.ConnectionFactory', 'org.springframework.r2dbc.connection.init.DatabasePopulator' (OnClassCondition)

   R2dbcObservationAutoConfiguration:
      Did not match:
         - @ConditionalOnClass did not find required class 'io.r2dbc.proxy.ProxyConnectionFactory' (OnClassCondition)

   R2dbcRepositoriesAutoConfiguration:
      Did not match:
         - @ConditionalOnClass did not find required class 'io.r2dbc.spi.ConnectionFactory' (OnClassCondition)

   R2dbcTransactionManagerAutoConfiguration:
      Did not match:
         - @ConditionalOnClass did not find required class 'org.springframework.r2dbc.connection.R2dbcTransactionManager' (OnClassCondition)

   RSocketGraphQlClientAutoConfiguration:
      Did not match:
         - @ConditionalOnClass did not find required class 'graphql.GraphQL' (OnClassCondition)

   RSocketMessagingAutoConfiguration:
      Did not match:
         - @ConditionalOnClass did not find required class 'io.rsocket.RSocket' (OnClassCondition)

   RSocketRequesterAutoConfiguration:
      Did not match:
         - @ConditionalOnClass did not find required class 'io.rsocket.RSocket' (OnClassCondition)

   RSocketSecurityAutoConfiguration:
      Did not match:
         - @ConditionalOnClass did not find required class 'org.springframework.security.rsocket.core.SecuritySocketAcceptorInterceptor' (OnClassCondition)

   RSocketServerAutoConfiguration:
      Did not match:
         - @ConditionalOnClass did not find required class 'io.rsocket.core.RSocketServer' (OnClassCondition)

   RSocketStrategiesAutoConfiguration:
      Did not match:
         - @ConditionalOnClass did not find required class 'io.netty.buffer.PooledByteBufAllocator' (OnClassCondition)

   RabbitAutoConfiguration:
      Did not match:
         - @ConditionalOnClass did not find required class 'com.rabbitmq.client.Channel' (OnClassCondition)

   RabbitHealthContributorAutoConfiguration:
      Did not match:
         - @ConditionalOnClass did not find required class 'org.springframework.amqp.rabbit.core.RabbitTemplate' (OnClassCondition)

   RabbitMetricsAutoConfiguration:
      Did not match:
         - @ConditionalOnClass did not find required class 'com.rabbitmq.client.ConnectionFactory' (OnClassCondition)

   ReactiveCloudFoundryActuatorAutoConfiguration:
      Did not match:
         - @ConditionalOnWebApplication did not find reactive web application classes (OnWebApplicationCondition)

   ReactiveCommonsClientAutoConfiguration.ReactiveDiscoveryLoadBalancerConfiguration:
      Did not match:
         - @ConditionalOnClass did not find required class 'org.springframework.web.reactive.function.client.WebClient' (OnClassCondition)

   ReactiveCompositeDiscoveryClientAutoConfiguration:
      Did not match:
         - @ConditionalOnClass did not find required class 'org.springframework.web.reactive.function.client.WebClient' (OnClassCondition)

   ReactiveElasticsearchClientAutoConfiguration:
      Did not match:
         - @ConditionalOnClass did not find required class 'co.elastic.clients.transport.ElasticsearchTransport' (OnClassCondition)

   ReactiveElasticsearchRepositoriesAutoConfiguration:
      Did not match:
         - @ConditionalOnClass did not find required class 'org.springframework.data.elasticsearch.client.elc.ReactiveElasticsearchClient' (OnClassCondition)

   ReactiveManagementContextAutoConfiguration:
      Did not match:
         - @ConditionalOnWebApplication did not find reactive web application classes (OnWebApplicationCondition)

   ReactiveManagementWebSecurityAutoConfiguration:
      Did not match:
         - @ConditionalOnWebApplication did not find reactive web application classes (OnWebApplicationCondition)

   ReactiveMultipartAutoConfiguration:
      Did not match:
         - @ConditionalOnClass did not find required class 'org.springframework.web.reactive.config.WebFluxConfigurer' (OnClassCondition)

   ReactiveOAuth2ClientAutoConfiguration:
      Did not match:
         - @ConditionalOnClass did not find required class 'org.springframework.security.oauth2.client.registration.ClientRegistration' (OnClassCondition)

   ReactiveOAuth2ResourceServerAutoConfiguration:
      Did not match:
         - @ConditionalOnWebApplication did not find reactive web application classes (OnWebApplicationCondition)

   ReactiveSecurityAutoConfiguration:
      Did not match:
         - @ConditionalOnClass did not find required class 'org.springframework.web.reactive.config.WebFluxConfigurer' (OnClassCondition)

   ReactiveUserDetailsServiceAutoConfiguration:
      Did not match:
         - AnyNestedCondition 0 matched 2 did not; NestedCondition on ReactiveUserDetailsServiceAutoConfiguration.ReactiveUserDetailsServiceCondition.ReactiveWebApplicationCondition did not find reactive web application classes; NestedCondition on ReactiveUserDetailsServiceAutoConfiguration.ReactiveUserDetailsServiceCondition.RSocketSecurityEnabledCondition @ConditionalOnBean (types: org.springframework.messaging.rsocket.annotation.support.RSocketMessageHandler; SearchStrategy: all) did not find any beans of type org.springframework.messaging.rsocket.annotation.support.RSocketMessageHandler (ReactiveUserDetailsServiceAutoConfiguration.ReactiveUserDetailsServiceCondition)
      Matched:
         - @ConditionalOnClass found required class 'org.springframework.security.authentication.ReactiveAuthenticationManager'; @ConditionalOnMissingClass did not find unwanted classes 'org.springframework.security.oauth2.client.registration.ClientRegistrationRepository', 'org.springframework.security.oauth2.server.resource.introspection.ReactiveOpaqueTokenIntrospector' (OnClassCondition)

   ReactiveWebServerFactoryAutoConfiguration:
      Did not match:
         - @ConditionalOnWebApplication did not find reactive web application classes (OnWebApplicationCondition)

   ReactorLoadBalancerClientAutoConfiguration:
      Did not match:
         - @ConditionalOnClass did not find required class 'org.springframework.web.reactive.function.client.WebClient' (OnClassCondition)

   RedisAutoConfiguration:
      Did not match:
         - @ConditionalOnClass did not find required class 'org.springframework.data.redis.core.RedisOperations' (OnClassCondition)

   RedisCacheConfiguration:
      Did not match:
         - @ConditionalOnClass did not find required class 'org.springframework.data.redis.connection.RedisConnectionFactory' (OnClassCondition)

   RedisHealthContributorAutoConfiguration:
      Did not match:
         - @ConditionalOnClass did not find required class 'org.springframework.data.redis.connection.RedisConnectionFactory' (OnClassCondition)

   RedisReactiveAutoConfiguration:
      Did not match:
         - @ConditionalOnClass did not find required class 'org.springframework.data.redis.connection.ReactiveRedisConnectionFactory' (OnClassCondition)

   RedisReactiveHealthContributorAutoConfiguration:
      Did not match:
         - @ConditionalOnClass did not find required class 'org.springframework.data.redis.connection.ReactiveRedisConnectionFactory' (OnClassCondition)

   RedisRepositoriesAutoConfiguration:
      Did not match:
         - @ConditionalOnClass did not find required class 'org.springframework.data.redis.repository.configuration.EnableRedisRepositories' (OnClassCondition)

   RefreshAutoConfiguration#configDataContextRefresher:
      Did not match:
         - NoneNestedConditions 1 matched 2 did not; NestedCondition on ConditionalOnBootstrapDisabled.OnBootstrapDisabledCondition.OnBootstrapEnabled @ConditionalOnProperty (spring.cloud.bootstrap.enabled) did not find property 'spring.cloud.bootstrap.enabled'; NestedCondition on ConditionalOnBootstrapDisabled.OnBootstrapDisabledCondition.OnUseLegacyProcessingEnabled @ConditionalOnProperty (spring.config.use-legacy-processing) did not find property 'spring.config.use-legacy-processing'; NestedCondition on ConditionalOnBootstrapDisabled.OnBootstrapDisabledCondition.OnBootstrapMarkerClassPresent @ConditionalOnClass found required class 'org.springframework.cloud.bootstrap.marker.Marker' (ConditionalOnBootstrapDisabled.OnBootstrapDisabledCondition)
      Matched:
         - @ConditionalOnMissingBean (types: org.springframework.cloud.context.refresh.ConfigDataContextRefresher; SearchStrategy: all) did not find any beans (OnBeanCondition)

   RefreshAutoConfiguration.JpaInvokerConfiguration:
      Did not match:
         - @ConditionalOnClass did not find required class 'javax.persistence.EntityManagerFactory' (OnClassCondition)

   RefreshEndpointAutoConfiguration.RefreshEndpointConfiguration#refreshEndpoint:
      Did not match:
         - @ConditionalOnAvailableEndpoint no 'management.endpoints' property marked it as exposed (OnAvailableEndpointCondition)
      Matched:
         - @ConditionalOnBean (types: org.springframework.cloud.context.refresh.ContextRefresher; SearchStrategy: all) found bean 'legacyContextRefresher'; @ConditionalOnMissingBean (types: org.springframework.cloud.endpoint.RefreshEndpoint; SearchStrategy: all) did not find any beans (OnBeanCondition)

   RepositoryRestMvcAutoConfiguration:
      Did not match:
         - @ConditionalOnClass did not find required class 'org.springframework.data.rest.webmvc.config.RepositoryRestMvcConfiguration' (OnClassCondition)

   RestartEndpointWithIntegrationConfiguration:
      Did not match:
         - @ConditionalOnClass did not find required class 'org.springframework.integration.monitor.IntegrationMBeanExporter' (OnClassCondition)

   RestartEndpointWithoutIntegrationConfiguration#restartEndpointWithoutIntegration:
      Did not match:
         - @ConditionalOnAvailableEndpoint no property management.endpoint.restart.enabled found so using endpoint default of false (OnAvailableEndpointCondition)

   Saml2RelyingPartyAutoConfiguration:
      Did not match:
         - @ConditionalOnClass did not find required class 'org.springframework.security.saml2.provider.service.registration.RelyingPartyRegistrationRepository' (OnClassCondition)

   ScheduledTasksEndpointAutoConfiguration:
      Did not match:
         - @ConditionalOnAvailableEndpoint no 'management.endpoints' property marked it as exposed (OnAvailableEndpointCondition)

   SecurityDataConfiguration:
      Did not match:
         - @ConditionalOnClass did not find required class 'org.springframework.security.data.repository.query.SecurityEvaluationContextExtension' (OnClassCondition)

   SecurityRequestMatchersManagementContextConfiguration.JerseyRequestMatcherConfiguration:
      Did not match:
         - @ConditionalOnClass did not find required class 'org.glassfish.jersey.server.ResourceConfig' (OnClassCondition)

   SendGridAutoConfiguration:
      Did not match:
         - @ConditionalOnClass did not find required class 'com.sendgrid.SendGrid' (OnClassCondition)

   ServiceRegistryAutoConfiguration.ServiceRegistryEndpointConfiguration#serviceRegistryEndpoint:
      Did not match:
         - @ConditionalOnAvailableEndpoint no 'management.endpoints' property marked it as exposed (OnAvailableEndpointCondition)

   ServletEndpointManagementContextConfiguration.JerseyServletEndpointManagementContextConfiguration:
      Did not match:
         - @ConditionalOnClass did not find required class 'org.glassfish.jersey.server.ResourceConfig' (OnClassCondition)

   ServletManagementContextAutoConfiguration.ApplicationContextFilterConfiguration:
      Did not match:
         - @ConditionalOnProperty (management.server.add-application-context-header=true) did not find property 'add-application-context-header' (OnPropertyCondition)

   ServletWebServerFactoryAutoConfiguration.ForwardedHeaderFilterConfiguration:
      Did not match:
         - @ConditionalOnProperty (server.forward-headers-strategy=framework) did not find property 'server.forward-headers-strategy' (OnPropertyCondition)

   ServletWebServerFactoryConfiguration.EmbeddedJetty:
      Did not match:
         - @ConditionalOnClass did not find required classes 'org.eclipse.jetty.server.Server', 'org.eclipse.jetty.util.Loader', 'org.eclipse.jetty.ee10.webapp.WebAppContext' (OnClassCondition)

   ServletWebServerFactoryConfiguration.EmbeddedUndertow:
      Did not match:
         - @ConditionalOnClass did not find required classes 'io.undertow.Undertow', 'org.xnio.SslClientAuthMode' (OnClassCondition)

   SessionAutoConfiguration:
      Did not match:
         - @ConditionalOnClass did not find required class 'org.springframework.session.Session' (OnClassCondition)

   SessionsEndpointAutoConfiguration:
      Did not match:
         - @ConditionalOnClass did not find required class 'org.springframework.session.FindByIndexNameSessionRepository' (OnClassCondition)

   ShutdownEndpointAutoConfiguration:
      Did not match:
         - @ConditionalOnAvailableEndpoint no property management.endpoint.shutdown.enabled found so using endpoint default of false (OnAvailableEndpointCondition)

   SignalFxMetricsExportAutoConfiguration:
      Did not match:
         - @ConditionalOnClass did not find required class 'io.micrometer.signalfx.SignalFxMeterRegistry' (OnClassCondition)

   SimpleMetricsExportAutoConfiguration:
      Did not match:
         - @ConditionalOnMissingBean (types: io.micrometer.core.instrument.MeterRegistry; SearchStrategy: all) found beans of type 'io.micrometer.core.instrument.MeterRegistry' prometheusMeterRegistry (OnBeanCondition)
      Matched:
         - @ConditionalOnEnabledMetricsExport management.defaults.metrics.export.enabled is considered true (OnMetricsExportEnabledCondition)

   SimpleReactiveDiscoveryClientAutoConfiguration:
      Did not match:
         - @ConditionalOnClass did not find required class 'org.springframework.web.reactive.function.client.WebClient' (OnClassCondition)

   SpringApplicationAdminJmxAutoConfiguration:
      Did not match:
         - @ConditionalOnProperty (spring.application.admin.enabled=true) did not find property 'enabled' (OnPropertyCondition)

   SpringBootWebSecurityConfiguration.SecurityFilterChainConfiguration:
      Did not match:
         - AllNestedConditions 1 matched 1 did not; NestedCondition on DefaultWebSecurityCondition.Beans @ConditionalOnMissingBean (types: org.springframework.security.web.SecurityFilterChain; SearchStrategy: all) found beans of type 'org.springframework.security.web.SecurityFilterChain' securityFilterChain; NestedCondition on DefaultWebSecurityCondition.Classes @ConditionalOnClass found required classes 'org.springframework.security.web.SecurityFilterChain', 'org.springframework.security.config.annotation.web.builders.HttpSecurity' (DefaultWebSecurityCondition)

   SpringBootWebSecurityConfiguration.WebSecurityEnablerConfiguration:
      Did not match:
         - @ConditionalOnMissingBean (names: springSecurityFilterChain; SearchStrategy: all) found beans named springSecurityFilterChain (OnBeanCondition)
      Matched:
         - @ConditionalOnClass found required class 'org.springframework.security.config.annotation.web.configuration.EnableWebSecurity' (OnClassCondition)

   StackdriverMetricsExportAutoConfiguration:
      Did not match:
         - @ConditionalOnClass did not find required class 'io.micrometer.stackdriver.StackdriverMeterRegistry' (OnClassCondition)

   StartupEndpointAutoConfiguration:
      Did not match:
         - ApplicationStartup configured applicationStartup is of type class org.springframework.core.metrics.DefaultApplicationStartup, expected BufferingApplicationStartup. (StartupEndpointAutoConfiguration.ApplicationStartupCondition)

   StatsdMetricsExportAutoConfiguration:
      Did not match:
         - @ConditionalOnClass did not find required class 'io.micrometer.statsd.StatsdMeterRegistry' (OnClassCondition)

   TaskExecutorConfigurations.SimpleAsyncTaskExecutorBuilderConfiguration#simpleAsyncTaskExecutorBuilderVirtualThreads:
      Did not match:
         - @ConditionalOnMissingBean (types: org.springframework.boot.task.SimpleAsyncTaskExecutorBuilder; SearchStrategy: all) found beans of type 'org.springframework.boot.task.SimpleAsyncTaskExecutorBuilder' simpleAsyncTaskExecutorBuilder (OnBeanCondition)

   TaskExecutorConfigurations.TaskExecutorConfiguration:
      Did not match:
         - @ConditionalOnMissingBean (types: java.util.concurrent.Executor; SearchStrategy: all) found beans of type 'java.util.concurrent.Executor' clientInboundChannelExecutor, clientOutboundChannelExecutor, brokerChannelExecutor (OnBeanCondition)

   TaskSchedulingAutoConfiguration#scheduledBeanLazyInitializationExcludeFilter:
      Did not match:
         - @ConditionalOnBean (names: org.springframework.context.annotation.internalScheduledAnnotationProcessor; SearchStrategy: all) did not find any beans named org.springframework.context.annotation.internalScheduledAnnotationProcessor (OnBeanCondition)

   TaskSchedulingConfigurations.SimpleAsyncTaskSchedulerBuilderConfiguration#simpleAsyncTaskSchedulerBuilderVirtualThreads:
      Did not match:
         - @ConditionalOnMissingBean (types: org.springframework.boot.task.SimpleAsyncTaskSchedulerBuilder; SearchStrategy: all) found beans of type 'org.springframework.boot.task.SimpleAsyncTaskSchedulerBuilder' simpleAsyncTaskSchedulerBuilder (OnBeanCondition)

   TaskSchedulingConfigurations.TaskSchedulerConfiguration:
      Did not match:
         - @ConditionalOnBean (names: org.springframework.context.annotation.internalScheduledAnnotationProcessor; SearchStrategy: all) did not find any beans named org.springframework.context.annotation.internalScheduledAnnotationProcessor (OnBeanCondition)

   ThreadDumpEndpointAutoConfiguration:
      Did not match:
         - @ConditionalOnAvailableEndpoint no 'management.endpoints' property marked it as exposed (OnAvailableEndpointCondition)

   ThymeleafAutoConfiguration:
      Did not match:
         - @ConditionalOnClass did not find required class 'org.thymeleaf.spring6.SpringTemplateEngine' (OnClassCondition)

   TransactionAutoConfiguration#transactionalOperator:
      Did not match:
         - @ConditionalOnSingleCandidate (types: org.springframework.transaction.ReactiveTransactionManager; SearchStrategy: all) did not find any beans (OnBeanCondition)

   TransactionAutoConfiguration.AspectJTransactionManagementConfiguration:
      Did not match:
         - @ConditionalOnBean (types: org.springframework.transaction.aspectj.AbstractTransactionAspect; SearchStrategy: all) did not find any beans of type org.springframework.transaction.aspectj.AbstractTransactionAspect (OnBeanCondition)

   TransactionAutoConfiguration.EnableTransactionManagementConfiguration.JdkDynamicAutoProxyConfiguration:
      Did not match:
         - @ConditionalOnProperty (spring.aop.proxy-target-class=false) did not find property 'proxy-target-class' (OnPropertyCondition)

   WavefrontAutoConfiguration:
      Did not match:
         - @ConditionalOnClass did not find required class 'com.wavefront.sdk.common.application.ApplicationTags' (OnClassCondition)

   WavefrontMetricsExportAutoConfiguration:
      Did not match:
         - @ConditionalOnClass did not find required class 'com.wavefront.sdk.common.WavefrontSender' (OnClassCondition)

   WavefrontTracingAutoConfiguration:
      Did not match:
         - @ConditionalOnClass did not find required class 'com.wavefront.sdk.common.WavefrontSender' (OnClassCondition)

   WebClientAutoConfiguration:
      Did not match:
         - @ConditionalOnClass did not find required class 'org.springframework.web.reactive.function.client.WebClient' (OnClassCondition)

   WebClientObservationConfiguration:
      Did not match:
         - @ConditionalOnClass did not find required class 'org.springframework.web.reactive.function.client.WebClient' (OnClassCondition)

   WebFluxAutoConfiguration:
      Did not match:
         - @ConditionalOnClass did not find required class 'org.springframework.web.reactive.config.WebFluxConfigurer' (OnClassCondition)

   WebFluxEndpointManagementContextConfiguration:
      Did not match:
         - @ConditionalOnClass did not find required class 'org.springframework.web.reactive.DispatcherHandler' (OnClassCondition)

   WebFluxObservationAutoConfiguration:
      Did not match:
         - @ConditionalOnWebApplication did not find reactive web application classes (OnWebApplicationCondition)

   WebMvcAutoConfiguration#hiddenHttpMethodFilter:
      Did not match:
         - @ConditionalOnProperty (spring.mvc.hiddenmethod.filter.enabled) did not find property 'enabled' (OnPropertyCondition)

   WebMvcAutoConfiguration.ProblemDetailsErrorHandlingConfiguration:
      Did not match:
         - @ConditionalOnProperty (spring.mvc.problemdetails.enabled=true) did not find property 'enabled' (OnPropertyCondition)

   WebMvcAutoConfiguration.ResourceChainCustomizerConfiguration:
      Did not match:
         - @ConditionalOnEnabledResourceChain did not find class org.webjars.WebJarAssetLocator (OnEnabledResourceChainCondition)

   WebMvcAutoConfiguration.WebMvcAutoConfigurationAdapter#beanNameViewResolver:
      Did not match:
         - @ConditionalOnBean (types: org.springframework.web.servlet.View; SearchStrategy: all) did not find any beans of type org.springframework.web.servlet.View (OnBeanCondition)

   WebMvcEndpointManagementContextConfiguration#managementHealthEndpointWebMvcHandlerMapping:
      Did not match:
         - Management Port actual port type (SAME) did not match required type (DIFFERENT) (OnManagementPortCondition)

   WebServiceTemplateAutoConfiguration:
      Did not match:
         - @ConditionalOnClass did not find required class 'org.springframework.oxm.Marshaller' (OnClassCondition)

   WebServicesAutoConfiguration:
      Did not match:
         - @ConditionalOnClass did not find required class 'org.springframework.ws.transport.http.MessageDispatcherServlet' (OnClassCondition)

   WebSessionIdResolverAutoConfiguration:
      Did not match:
         - @ConditionalOnWebApplication did not find reactive web application classes (OnWebApplicationCondition)

   WebSocketReactiveAutoConfiguration:
      Did not match:
         - @ConditionalOnWebApplication did not find reactive web application classes (OnWebApplicationCondition)

   WebSocketServletAutoConfiguration.JettyWebSocketConfiguration:
      Did not match:
         - @ConditionalOnClass did not find required class 'org.eclipse.jetty.ee10.websocket.jakarta.server.config.JakartaWebSocketServletContainerInitializer' (OnClassCondition)

   WebSocketServletAutoConfiguration.UndertowWebSocketConfiguration:
      Did not match:
         - @ConditionalOnClass did not find required class 'io.undertow.websockets.jsr.Bootstrap' (OnClassCondition)

   WritableEnvironmentEndpointAutoConfiguration:
      Did not match:
         - @ConditionalOnProperty (management.endpoint.env.post.enabled) did not find property 'management.endpoint.env.post.enabled' (OnPropertyCondition)
      Matched:
         - @ConditionalOnClass found required classes 'org.springframework.boot.actuate.env.EnvironmentEndpoint', 'org.springframework.boot.actuate.autoconfigure.env.EnvironmentEndpointProperties' (OnClassCondition)

   XADataSourceAutoConfiguration:
      Did not match:
         - @ConditionalOnBean (types: org.springframework.boot.jdbc.XADataSourceWrapper; SearchStrategy: all) did not find any beans of type org.springframework.boot.jdbc.XADataSourceWrapper (OnBeanCondition)
      Matched:
         - @ConditionalOnClass found required classes 'javax.sql.DataSource', 'jakarta.transaction.TransactionManager', 'org.springframework.jdbc.datasource.embedded.EmbeddedDatabaseType' (OnClassCondition)

   ZipkinAutoConfiguration:
      Did not match:
         - @ConditionalOnClass did not find required class 'zipkin2.reporter.Sender' (OnClassCondition)


Exclusions:
-----------

    None


Unconditional classes:
----------------------

    org.springframework.boot.autoconfigure.context.ConfigurationPropertiesAutoConfiguration

    org.springframework.cloud.client.ReactiveCommonsClientAutoConfiguration

    org.springframework.boot.actuate.autoconfigure.availability.AvailabilityHealthContributorAutoConfiguration

    org.springframework.boot.autoconfigure.ssl.SslAutoConfiguration

    org.springframework.boot.actuate.autoconfigure.info.InfoContributorAutoConfiguration

    org.springframework.cloud.client.discovery.simple.SimpleDiscoveryClientAutoConfiguration

    org.springframework.boot.autoconfigure.context.PropertyPlaceholderAutoConfiguration

    org.springframework.boot.autoconfigure.context.LifecycleAutoConfiguration

    org.springframework.cloud.client.CommonsClientAutoConfiguration

    org.springframework.boot.actuate.autoconfigure.metrics.integration.IntegrationMetricsAutoConfiguration

    org.springframework.boot.actuate.autoconfigure.endpoint.EndpointAutoConfiguration

    org.springframework.cloud.commons.config.CommonsConfigAutoConfiguration

    org.springframework.cloud.netflix.eureka.config.DiscoveryClientOptionalArgsConfiguration

    org.springframework.boot.actuate.autoconfigure.web.server.ManagementContextAutoConfiguration

    org.springframework.cloud.client.loadbalancer.LoadBalancerDefaultMappingsProviderAutoConfiguration

    org.springframework.cloud.config.client.ConfigClientAutoConfiguration

    org.springframework.cloud.client.discovery.composite.CompositeDiscoveryClientAutoConfiguration

    org.springframework.boot.actuate.autoconfigure.health.HealthContributorAutoConfiguration

    org.springframework.cloud.client.serviceregistry.ServiceRegistryAutoConfiguration

    org.springframework.cloud.autoconfigure.LifecycleMvcEndpointAutoConfiguration

    org.springframework.boot.actuate.autoconfigure.endpoint.jackson.JacksonEndpointAutoConfiguration

    org.springframework.boot.autoconfigure.availability.ApplicationAvailabilityAutoConfiguration

    org.springframework.boot.autoconfigure.info.ProjectInfoAutoConfiguration



2026-03-05 11:53:45 [] [main] INFO  c.c.n.NotificationServiceApplication - Started NotificationServiceApplication in 15.975 seconds (process running for 16.945)
2026-03-05 11:53:45 [] [main] DEBUG o.s.b.a.ApplicationAvailabilityBean - Application availability state LivenessState changed to CORRECT
2026-03-05 11:53:45 [] [main] DEBUG o.s.b.a.ApplicationAvailabilityBean - Application availability state ReadinessState changed to ACCEPTING_TRAFFIC
2026-03-05 11:53:45 [] [DiscoveryClient-InstanceInfoReplicator-0] INFO  c.netflix.discovery.DiscoveryClient - DiscoveryClient_NOTIFICATION-SERVICE/notification-service:8086 - registration status: 204
2026-03-05 11:53:45 [] [http-nio-8086-exec-1] INFO  o.a.c.c.C.[Tomcat].[localhost].[/] - Initializing Spring DispatcherServlet 'dispatcherServlet'
2026-03-05 11:53:45 [] [http-nio-8086-exec-1] INFO  o.s.web.servlet.DispatcherServlet - Initializing Servlet 'dispatcherServlet'
2026-03-05 11:53:45 [] [http-nio-8086-exec-1] INFO  o.s.web.servlet.DispatcherServlet - Completed initialization in 1 ms
2026-03-05 11:53:45 [0e391c2c-82bd-4ce0-b617-c717b2f60817] [http-nio-8086-exec-1] WARN  o.s.w.s.h.HandlerMappingIntrospector - Cache miss for REQUEST dispatch to '/actuator/health' (previous null). Performing CorsConfiguration lookup. This is logged once only at WARN level, and every time at TRACE.
2026-03-05 11:53:45 [0e391c2c-82bd-4ce0-b617-c717b2f60817] [http-nio-8086-exec-1] WARN  o.s.w.s.h.HandlerMappingIntrospector - Cache miss for REQUEST dispatch to '/actuator/health' (previous null). Performing MatchableHandlerMapping lookup. This is logged once only at WARN level, and every time at TRACE.
2026-03-05 11:53:45 [0e391c2c-82bd-4ce0-b617-c717b2f60817] [http-nio-8086-exec-1] DEBUG o.s.b.a.e.w.s.WebMvcEndpointHandlerMapping - Mapped to Actuator web endpoint 'health'
2026-03-05 11:54:44 [] [MessageBroker-1] INFO  o.s.w.s.c.WebSocketMessageBrokerStats - WebSocketSession[0 current WS(0)-HttpStream(0)-HttpPoll(0), 0 total, 0 closed abnormally (0 connect failure, 0 send limit, 0 transport error)], stompSubProtocol[processed CONNECT(0)-CONNECTED(0)-DISCONNECT(0)], stompBrokerRelay[null], inboundChannel[pool size = 0, active threads = 0, queued tasks = 0, completed tasks = 0], outboundChannel[pool size = 0, active threads = 0, queued tasks = 0, completed tasks = 0], sockJsScheduler[pool size = 1, active threads = 1, queued tasks = 0, completed tasks = 0]
2026-03-05 11:54:46 [12ed36cc-0f79-4998-9dbd-c72ec08218ed] [http-nio-8086-exec-3] DEBUG o.s.b.a.e.w.s.WebMvcEndpointHandlerMapping - Mapped to Actuator web endpoint 'health'
2026-03-05 11:54:53 [23e614cd-e26d-40d1-84f6-12eb4ed478c8] [http-nio-8086-exec-4] DEBUG c.c.n.s.JwtAuthenticationFilter - Authenticated user: policy.20260305-115445, URI: /api/notifications/internal/claim-status
2026-03-05 11:54:53 [23e614cd-e26d-40d1-84f6-12eb4ed478c8] [http-nio-8086-exec-4] DEBUG org.hibernate.SQL - 
    insert 
    into
        notifications
        (action_url, claim_id, created_at, is_read, message, read_at, sender_id, status, title, type, updated_at, user_id) 
    values
        (?, ?, ?, ?, ?, ?, ?, ?, ?, ?, ?, ?)
2026-03-05 11:54:53 [23e614cd-e26d-40d1-84f6-12eb4ed478c8] [http-nio-8086-exec-4] INFO  c.c.n.service.NotificationService - Notification created for user 112: Claim Status Updated
2026-03-05 11:54:53 [23e614cd-e26d-40d1-84f6-12eb4ed478c8] [http-nio-8086-exec-4] DEBUG o.s.m.s.b.SimpleBrokerMessageHandler - Processing MESSAGE destination=/topic/notifications/112 session=null payload={
  "id" : 147,
  "userId" : 112,
  "claimId" : 54,
  "title" : "Claim Statu...(truncated)
2026-03-05 11:54:53 [23e614cd-e26d-40d1-84f6-12eb4ed478c8] [http-nio-8086-exec-4] DEBUG c.c.n.service.NotificationService - Notification sent to user 112 at /topic/notifications/112
2026-03-05 11:54:53 [23e614cd-e26d-40d1-84f6-12eb4ed478c8] [http-nio-8086-exec-4] DEBUG org.hibernate.SQL - 
    update
        notifications 
    set
        action_url=?,
        claim_id=?,
        is_read=?,
        message=?,
        read_at=?,
        sender_id=?,
        status=?,
        title=?,
        type=?,
        updated_at=?,
        user_id=? 
    where
        id=?
2026-03-05 11:54:53 [1867e3c8-428f-4441-862e-82bb673d6b32] [http-nio-8086-exec-5] DEBUG c.c.n.s.JwtAuthenticationFilter - Authenticated user: policy.20260305-115445, URI: /api/notifications/internal/claim-status
2026-03-05 11:54:54 [1867e3c8-428f-4441-862e-82bb673d6b32] [http-nio-8086-exec-5] DEBUG org.hibernate.SQL - 
    insert 
    into
        notifications
        (action_url, claim_id, created_at, is_read, message, read_at, sender_id, status, title, type, updated_at, user_id) 
    values
        (?, ?, ?, ?, ?, ?, ?, ?, ?, ?, ?, ?)
2026-03-05 11:54:54 [1867e3c8-428f-4441-862e-82bb673d6b32] [http-nio-8086-exec-5] INFO  c.c.n.service.NotificationService - Notification created for user 112: Claim Status Updated
2026-03-05 11:54:54 [1867e3c8-428f-4441-862e-82bb673d6b32] [http-nio-8086-exec-5] DEBUG o.s.m.s.b.SimpleBrokerMessageHandler - Processing MESSAGE destination=/topic/notifications/112 session=null payload={
  "id" : 148,
  "userId" : 112,
  "claimId" : 55,
  "title" : "Claim Statu...(truncated)
2026-03-05 11:54:54 [1867e3c8-428f-4441-862e-82bb673d6b32] [http-nio-8086-exec-5] DEBUG c.c.n.service.NotificationService - Notification sent to user 112 at /topic/notifications/112
2026-03-05 11:54:54 [1867e3c8-428f-4441-862e-82bb673d6b32] [http-nio-8086-exec-5] DEBUG org.hibernate.SQL - 
    update
        notifications 
    set
        action_url=?,
        claim_id=?,
        is_read=?,
        message=?,
        read_at=?,
        sender_id=?,
        status=?,
        title=?,
        type=?,
        updated_at=?,
        user_id=? 
    where
        id=?
2026-03-05 11:54:55 [9338b578-33ae-4240-8ff5-dce8cf19276e] [http-nio-8086-exec-6] DEBUG c.c.n.s.JwtAuthenticationFilter - Authenticated user: manager.20260305-115445, URI: /api/notifications/internal/claim-status
2026-03-05 11:54:55 [9338b578-33ae-4240-8ff5-dce8cf19276e] [http-nio-8086-exec-6] DEBUG org.hibernate.SQL - 
    insert 
    into
        notifications
        (action_url, claim_id, created_at, is_read, message, read_at, sender_id, status, title, type, updated_at, user_id) 
    values
        (?, ?, ?, ?, ?, ?, ?, ?, ?, ?, ?, ?)
2026-03-05 11:54:55 [9338b578-33ae-4240-8ff5-dce8cf19276e] [http-nio-8086-exec-6] INFO  c.c.n.service.NotificationService - Notification created for user 112: Claim Status Updated
2026-03-05 11:54:55 [9338b578-33ae-4240-8ff5-dce8cf19276e] [http-nio-8086-exec-6] DEBUG o.s.m.s.b.SimpleBrokerMessageHandler - Processing MESSAGE destination=/topic/notifications/112 session=null payload={
  "id" : 149,
  "userId" : 112,
  "claimId" : 54,
  "title" : "Claim Statu...(truncated)
2026-03-05 11:54:55 [9338b578-33ae-4240-8ff5-dce8cf19276e] [http-nio-8086-exec-6] DEBUG c.c.n.service.NotificationService - Notification sent to user 112 at /topic/notifications/112
2026-03-05 11:54:55 [9338b578-33ae-4240-8ff5-dce8cf19276e] [http-nio-8086-exec-6] DEBUG org.hibernate.SQL - 
    update
        notifications 
    set
        action_url=?,
        claim_id=?,
        is_read=?,
        message=?,
        read_at=?,
        sender_id=?,
        status=?,
        title=?,
        type=?,
        updated_at=?,
        user_id=? 
    where
        id=?
2026-03-05 11:54:55 [3c102ad3-042d-4bae-8737-c5bda44c742a] [http-nio-8086-exec-7] DEBUG c.c.n.s.JwtAuthenticationFilter - Authenticated user: manager.20260305-115445, URI: /api/notifications/internal/claim-status
2026-03-05 11:54:55 [3c102ad3-042d-4bae-8737-c5bda44c742a] [http-nio-8086-exec-7] DEBUG org.hibernate.SQL - 
    insert 
    into
        notifications
        (action_url, claim_id, created_at, is_read, message, read_at, sender_id, status, title, type, updated_at, user_id) 
    values
        (?, ?, ?, ?, ?, ?, ?, ?, ?, ?, ?, ?)
2026-03-05 11:54:55 [3c102ad3-042d-4bae-8737-c5bda44c742a] [http-nio-8086-exec-7] INFO  c.c.n.service.NotificationService - Notification created for user 112: Claim Approved
2026-03-05 11:54:55 [3c102ad3-042d-4bae-8737-c5bda44c742a] [http-nio-8086-exec-7] DEBUG o.s.m.s.b.SimpleBrokerMessageHandler - Processing MESSAGE destination=/topic/notifications/112 session=null payload={
  "id" : 150,
  "userId" : 112,
  "claimId" : 54,
  "title" : "Claim Appro...(truncated)
2026-03-05 11:54:55 [3c102ad3-042d-4bae-8737-c5bda44c742a] [http-nio-8086-exec-7] DEBUG c.c.n.service.NotificationService - Notification sent to user 112 at /topic/notifications/112
2026-03-05 11:54:55 [3c102ad3-042d-4bae-8737-c5bda44c742a] [http-nio-8086-exec-7] DEBUG org.hibernate.SQL - 
    update
        notifications 
    set
        action_url=?,
        claim_id=?,
        is_read=?,
        message=?,
        read_at=?,
        sender_id=?,
        status=?,
        title=?,
        type=?,
        updated_at=?,
        user_id=? 
    where
        id=?
2026-03-05 11:55:02 [75f1bac3-27ee-4a52-9627-9c639d88cbf8] [http-nio-8086-exec-8] DEBUG c.c.n.s.JwtAuthenticationFilter - Authenticated user: manager.20260305-115445, URI: /api/notifications/internal/claim-status
2026-03-05 11:55:02 [75f1bac3-27ee-4a52-9627-9c639d88cbf8] [http-nio-8086-exec-8] DEBUG org.hibernate.SQL - 
    insert 
    into
        notifications
        (action_url, claim_id, created_at, is_read, message, read_at, sender_id, status, title, type, updated_at, user_id) 
    values
        (?, ?, ?, ?, ?, ?, ?, ?, ?, ?, ?, ?)
2026-03-05 11:55:02 [75f1bac3-27ee-4a52-9627-9c639d88cbf8] [http-nio-8086-exec-8] INFO  c.c.n.service.NotificationService - Notification created for user 112: Claim Status Updated
2026-03-05 11:55:02 [75f1bac3-27ee-4a52-9627-9c639d88cbf8] [http-nio-8086-exec-8] DEBUG o.s.m.s.b.SimpleBrokerMessageHandler - Processing MESSAGE destination=/topic/notifications/112 session=null payload={
  "id" : 151,
  "userId" : 112,
  "claimId" : 54,
  "title" : "Claim Statu...(truncated)
2026-03-05 11:55:02 [75f1bac3-27ee-4a52-9627-9c639d88cbf8] [http-nio-8086-exec-8] DEBUG c.c.n.service.NotificationService - Notification sent to user 112 at /topic/notifications/112
2026-03-05 11:55:02 [75f1bac3-27ee-4a52-9627-9c639d88cbf8] [http-nio-8086-exec-8] DEBUG org.hibernate.SQL - 
    update
        notifications 
    set
        action_url=?,
        claim_id=?,
        is_read=?,
        message=?,
        read_at=?,
        sender_id=?,
        status=?,
        title=?,
        type=?,
        updated_at=?,
        user_id=? 
    where
        id=?
2026-03-05 11:55:02 [75f1bac3-27ee-4a52-9627-9c639d88cbf8] [http-nio-8086-exec-9] DEBUG c.c.n.s.JwtAuthenticationFilter - Authenticated user: manager.20260305-115445, URI: /api/notifications/internal/payment-processed
2026-03-05 11:55:02 [75f1bac3-27ee-4a52-9627-9c639d88cbf8] [http-nio-8086-exec-9] DEBUG org.hibernate.SQL - 
    insert 
    into
        notifications
        (action_url, claim_id, created_at, is_read, message, read_at, sender_id, status, title, type, updated_at, user_id) 
    values
        (?, ?, ?, ?, ?, ?, ?, ?, ?, ?, ?, ?)
2026-03-05 11:55:02 [75f1bac3-27ee-4a52-9627-9c639d88cbf8] [http-nio-8086-exec-9] INFO  c.c.n.service.NotificationService - Notification created for user 112: Payment Processed
2026-03-05 11:55:02 [75f1bac3-27ee-4a52-9627-9c639d88cbf8] [http-nio-8086-exec-9] DEBUG o.s.m.s.b.SimpleBrokerMessageHandler - Processing MESSAGE destination=/topic/notifications/112 session=null payload={
  "id" : 152,
  "userId" : 112,
  "claimId" : 54,
  "title" : "Payment Pro...(truncated)
2026-03-05 11:55:02 [75f1bac3-27ee-4a52-9627-9c639d88cbf8] [http-nio-8086-exec-9] DEBUG c.c.n.service.NotificationService - Notification sent to user 112 at /topic/notifications/112
2026-03-05 11:55:02 [75f1bac3-27ee-4a52-9627-9c639d88cbf8] [http-nio-8086-exec-9] DEBUG org.hibernate.SQL - 
    update
        notifications 
    set
        action_url=?,
        claim_id=?,
        is_read=?,
        message=?,
        read_at=?,
        sender_id=?,
        status=?,
        title=?,
        type=?,
        updated_at=?,
        user_id=? 
    where
        id=?
2026-03-05 11:55:03 [22face90-d3c8-4087-9a71-ec33517099e7] [http-nio-8086-exec-10] DEBUG c.c.n.s.JwtAuthenticationFilter - Authenticated user: policy.20260305-115445, URI: /api/notifications/test
2026-03-05 11:55:03 [22face90-d3c8-4087-9a71-ec33517099e7] [http-nio-8086-exec-10] DEBUG org.hibernate.SQL - 
    insert 
    into
        notifications
        (action_url, claim_id, created_at, is_read, message, read_at, sender_id, status, title, type, updated_at, user_id) 
    values
        (?, ?, ?, ?, ?, ?, ?, ?, ?, ?, ?, ?)
2026-03-05 11:55:03 [22face90-d3c8-4087-9a71-ec33517099e7] [http-nio-8086-exec-10] INFO  c.c.n.service.NotificationService - Notification created for user 112: Test Notification
2026-03-05 11:55:03 [22face90-d3c8-4087-9a71-ec33517099e7] [http-nio-8086-exec-10] DEBUG o.s.m.s.b.SimpleBrokerMessageHandler - Processing MESSAGE destination=/topic/notifications/112 session=null payload={
  "id" : 153,
  "userId" : 112,
  "title" : "Test Notification",
  "messag...(truncated)
2026-03-05 11:55:03 [22face90-d3c8-4087-9a71-ec33517099e7] [http-nio-8086-exec-10] DEBUG c.c.n.service.NotificationService - Notification sent to user 112 at /topic/notifications/112
2026-03-05 11:55:03 [22face90-d3c8-4087-9a71-ec33517099e7] [http-nio-8086-exec-10] DEBUG org.hibernate.SQL - 
    update
        notifications 
    set
        action_url=?,
        claim_id=?,
        is_read=?,
        message=?,
        read_at=?,
        sender_id=?,
        status=?,
        title=?,
        type=?,
        updated_at=?,
        user_id=? 
    where
        id=?
2026-03-05 11:55:03 [83365e3c-8a6d-4354-8ff2-e37ca2d7a413] [http-nio-8086-exec-1] DEBUG c.c.n.s.JwtAuthenticationFilter - Authenticated user: policy.20260305-115445, URI: /api/notifications
2026-03-05 11:55:03 [83365e3c-8a6d-4354-8ff2-e37ca2d7a413] [http-nio-8086-exec-1] INFO  c.c.n.c.NotificationController - Fetching notifications for user: policy.20260305-115445
2026-03-05 11:55:03 [83365e3c-8a6d-4354-8ff2-e37ca2d7a413] [http-nio-8086-exec-1] DEBUG org.hibernate.SQL - 
    select
        n1_0.id,
        n1_0.action_url,
        n1_0.claim_id,
        n1_0.created_at,
        n1_0.is_read,
        n1_0.message,
        n1_0.read_at,
        n1_0.sender_id,
        n1_0.status,
        n1_0.title,
        n1_0.type,
        n1_0.updated_at,
        n1_0.user_id 
    from
        notifications n1_0 
    where
        n1_0.user_id=? 
    order by
        n1_0.created_at desc
2026-03-05 11:55:03 [193b3e21-4f24-489a-98a7-fc9e8bbd2fae] [http-nio-8086-exec-2] DEBUG c.c.n.s.JwtAuthenticationFilter - Authenticated user: policy.20260305-115445, URI: /api/notifications/unread
2026-03-05 11:55:04 [193b3e21-4f24-489a-98a7-fc9e8bbd2fae] [http-nio-8086-exec-2] DEBUG org.hibernate.SQL - 
    select
        n1_0.id,
        n1_0.action_url,
        n1_0.claim_id,
        n1_0.created_at,
        n1_0.is_read,
        n1_0.message,
        n1_0.read_at,
        n1_0.sender_id,
        n1_0.status,
        n1_0.title,
        n1_0.type,
        n1_0.updated_at,
        n1_0.user_id 
    from
        notifications n1_0 
    where
        n1_0.user_id=? 
        and n1_0.is_read=? 
    order by
        n1_0.created_at desc
2026-03-05 11:55:04 [092a6e80-7ea5-43c4-a128-aeff45d896e5] [http-nio-8086-exec-3] DEBUG c.c.n.s.JwtAuthenticationFilter - Authenticated user: policy.20260305-115445, URI: /api/notifications/unread/count
2026-03-05 11:55:04 [092a6e80-7ea5-43c4-a128-aeff45d896e5] [http-nio-8086-exec-3] DEBUG org.hibernate.SQL - 
    select
        count(n1_0.id) 
    from
        notifications n1_0 
    where
        n1_0.user_id=? 
        and n1_0.is_read=?
2026-03-05 11:55:04 [bee0722c-78d3-417e-8e0f-732defb849d2] [http-nio-8086-exec-4] DEBUG c.c.n.s.JwtAuthenticationFilter - Authenticated user: policy.20260305-115445, URI: /api/notifications/153/read
2026-03-05 11:55:04 [bee0722c-78d3-417e-8e0f-732defb849d2] [http-nio-8086-exec-4] DEBUG org.hibernate.SQL - 
    update
        notifications 
    set
        is_read=1,
        read_at=?,
        status='READ' 
    where
        id=? 
        and user_id=?
2026-03-05 11:55:04 [bee0722c-78d3-417e-8e0f-732defb849d2] [http-nio-8086-exec-4] INFO  c.c.n.service.NotificationService - Notification 153 marked as read by user 112
2026-03-05 11:55:04 [8041d254-ff9d-4ece-85d1-740ed556e369] [http-nio-8086-exec-5] DEBUG c.c.n.s.JwtAuthenticationFilter - Authenticated user: policy.20260305-115445, URI: /api/notifications/read-all
2026-03-05 11:55:04 [8041d254-ff9d-4ece-85d1-740ed556e369] [http-nio-8086-exec-5] DEBUG org.hibernate.SQL - 
    update
        notifications 
    set
        is_read=1,
        read_at=?,
        status='READ' 
    where
        user_id=? 
        and is_read=0
2026-03-05 11:55:04 [8041d254-ff9d-4ece-85d1-740ed556e369] [http-nio-8086-exec-5] INFO  c.c.n.service.NotificationService - 6 notifications marked as read for user 112
2026-03-05 11:55:04 [88780037-f94e-4ef2-b4de-42f05a4a0e28] [http-nio-8086-exec-6] DEBUG c.c.n.s.JwtAuthenticationFilter - Authenticated user: manager.20260305-115445, URI: /api/notifications/send
2026-03-05 11:55:04 [88780037-f94e-4ef2-b4de-42f05a4a0e28] [http-nio-8086-exec-6] INFO  c.c.n.c.NotificationController - Sending notification to user 112
2026-03-05 11:55:04 [88780037-f94e-4ef2-b4de-42f05a4a0e28] [http-nio-8086-exec-6] DEBUG org.hibernate.SQL - 
    insert 
    into
        notifications
        (action_url, claim_id, created_at, is_read, message, read_at, sender_id, status, title, type, updated_at, user_id) 
    values
        (?, ?, ?, ?, ?, ?, ?, ?, ?, ?, ?, ?)
2026-03-05 11:55:04 [88780037-f94e-4ef2-b4de-42f05a4a0e28] [http-nio-8086-exec-6] INFO  c.c.n.service.NotificationService - Notification created for user 112: Smoke Notification
2026-03-05 11:55:04 [88780037-f94e-4ef2-b4de-42f05a4a0e28] [http-nio-8086-exec-6] DEBUG o.s.m.s.b.SimpleBrokerMessageHandler - Processing MESSAGE destination=/topic/notifications/112 session=null payload={
  "id" : 154,
  "userId" : 112,
  "claimId" : 54,
  "title" : "Smoke Notif...(truncated)
2026-03-05 11:55:04 [88780037-f94e-4ef2-b4de-42f05a4a0e28] [http-nio-8086-exec-6] DEBUG c.c.n.service.NotificationService - Notification sent to user 112 at /topic/notifications/112
2026-03-05 11:55:04 [88780037-f94e-4ef2-b4de-42f05a4a0e28] [http-nio-8086-exec-6] DEBUG org.hibernate.SQL - 
    update
        notifications 
    set
        action_url=?,
        claim_id=?,
        is_read=?,
        message=?,
        read_at=?,
        sender_id=?,
        status=?,
        title=?,
        type=?,
        updated_at=?,
        user_id=? 
    where
        id=?
2026-03-05 11:55:04 [7f254a01-ea46-46bf-afb2-01eeff155b1b] [http-nio-8086-exec-7] DEBUG c.c.n.s.JwtAuthenticationFilter - Authenticated user: policy.20260305-115445, URI: /api/notifications/154
2026-03-05 11:55:04 [7f254a01-ea46-46bf-afb2-01eeff155b1b] [http-nio-8086-exec-7] DEBUG org.hibernate.SQL - 
    select
        n1_0.id,
        n1_0.action_url,
        n1_0.claim_id,
        n1_0.created_at,
        n1_0.is_read,
        n1_0.message,
        n1_0.read_at,
        n1_0.sender_id,
        n1_0.status,
        n1_0.title,
        n1_0.type,
        n1_0.updated_at,
        n1_0.user_id 
    from
        notifications n1_0 
    where
        n1_0.id=?
2026-03-05 11:55:04 [7f254a01-ea46-46bf-afb2-01eeff155b1b] [http-nio-8086-exec-7] DEBUG org.hibernate.SQL - 
    delete 
    from
        notifications 
    where
        id=?
2026-03-05 11:55:31 [9551ab7e-8b5e-4697-a9d3-d21074c685b2] [http-nio-8086-exec-9] DEBUG o.s.b.a.e.w.s.WebMvcEndpointHandlerMapping - Mapped to Actuator web endpoint 'health'
2026-03-05 11:55:32 [bd1b04b6-9cbb-4faa-90ba-5729aca67ef0] [http-nio-8086-exec-10] DEBUG c.c.n.s.JwtAuthenticationFilter - Authenticated user: policy.20260305-115530, URI: /api/notifications/internal/claim-status
2026-03-05 11:55:32 [bd1b04b6-9cbb-4faa-90ba-5729aca67ef0] [http-nio-8086-exec-10] DEBUG org.hibernate.SQL - 
    insert 
    into
        notifications
        (action_url, claim_id, created_at, is_read, message, read_at, sender_id, status, title, type, updated_at, user_id) 
    values
        (?, ?, ?, ?, ?, ?, ?, ?, ?, ?, ?, ?)
2026-03-05 11:55:32 [bd1b04b6-9cbb-4faa-90ba-5729aca67ef0] [http-nio-8086-exec-10] INFO  c.c.n.service.NotificationService - Notification created for user 115: Claim Status Updated
2026-03-05 11:55:32 [bd1b04b6-9cbb-4faa-90ba-5729aca67ef0] [http-nio-8086-exec-10] DEBUG o.s.m.s.b.SimpleBrokerMessageHandler - Processing MESSAGE destination=/topic/notifications/115 session=null payload={
  "id" : 155,
  "userId" : 115,
  "claimId" : 56,
  "title" : "Claim Statu...(truncated)
2026-03-05 11:55:32 [bd1b04b6-9cbb-4faa-90ba-5729aca67ef0] [http-nio-8086-exec-10] DEBUG c.c.n.service.NotificationService - Notification sent to user 115 at /topic/notifications/115
2026-03-05 11:55:32 [bd1b04b6-9cbb-4faa-90ba-5729aca67ef0] [http-nio-8086-exec-10] DEBUG org.hibernate.SQL - 
    update
        notifications 
    set
        action_url=?,
        claim_id=?,
        is_read=?,
        message=?,
        read_at=?,
        sender_id=?,
        status=?,
        title=?,
        type=?,
        updated_at=?,
        user_id=? 
    where
        id=?
2026-03-05 11:55:32 [68d733bd-458c-4d02-a4fb-58ea3abe6f25] [http-nio-8086-exec-1] DEBUG c.c.n.s.JwtAuthenticationFilter - Authenticated user: policy.20260305-115530, URI: /api/notifications/internal/claim-status
2026-03-05 11:55:32 [68d733bd-458c-4d02-a4fb-58ea3abe6f25] [http-nio-8086-exec-1] DEBUG org.hibernate.SQL - 
    insert 
    into
        notifications
        (action_url, claim_id, created_at, is_read, message, read_at, sender_id, status, title, type, updated_at, user_id) 
    values
        (?, ?, ?, ?, ?, ?, ?, ?, ?, ?, ?, ?)
2026-03-05 11:55:32 [68d733bd-458c-4d02-a4fb-58ea3abe6f25] [http-nio-8086-exec-1] INFO  c.c.n.service.NotificationService - Notification created for user 115: Claim Status Updated
2026-03-05 11:55:32 [68d733bd-458c-4d02-a4fb-58ea3abe6f25] [http-nio-8086-exec-1] DEBUG o.s.m.s.b.SimpleBrokerMessageHandler - Processing MESSAGE destination=/topic/notifications/115 session=null payload={
  "id" : 156,
  "userId" : 115,
  "claimId" : 57,
  "title" : "Claim Statu...(truncated)
2026-03-05 11:55:32 [68d733bd-458c-4d02-a4fb-58ea3abe6f25] [http-nio-8086-exec-1] DEBUG c.c.n.service.NotificationService - Notification sent to user 115 at /topic/notifications/115
2026-03-05 11:55:32 [68d733bd-458c-4d02-a4fb-58ea3abe6f25] [http-nio-8086-exec-1] DEBUG org.hibernate.SQL - 
    update
        notifications 
    set
        action_url=?,
        claim_id=?,
        is_read=?,
        message=?,
        read_at=?,
        sender_id=?,
        status=?,
        title=?,
        type=?,
        updated_at=?,
        user_id=? 
    where
        id=?
2026-03-05 11:55:33 [91697ae1-f47f-4f85-bb44-bf8c11513214] [http-nio-8086-exec-2] DEBUG c.c.n.s.JwtAuthenticationFilter - Authenticated user: manager.20260305-115530, URI: /api/notifications/internal/claim-status
2026-03-05 11:55:33 [91697ae1-f47f-4f85-bb44-bf8c11513214] [http-nio-8086-exec-2] DEBUG org.hibernate.SQL - 
    insert 
    into
        notifications
        (action_url, claim_id, created_at, is_read, message, read_at, sender_id, status, title, type, updated_at, user_id) 
    values
        (?, ?, ?, ?, ?, ?, ?, ?, ?, ?, ?, ?)
2026-03-05 11:55:33 [91697ae1-f47f-4f85-bb44-bf8c11513214] [http-nio-8086-exec-2] INFO  c.c.n.service.NotificationService - Notification created for user 115: Claim Status Updated
2026-03-05 11:55:33 [91697ae1-f47f-4f85-bb44-bf8c11513214] [http-nio-8086-exec-2] DEBUG o.s.m.s.b.SimpleBrokerMessageHandler - Processing MESSAGE destination=/topic/notifications/115 session=null payload={
  "id" : 157,
  "userId" : 115,
  "claimId" : 56,
  "title" : "Claim Statu...(truncated)
2026-03-05 11:55:33 [91697ae1-f47f-4f85-bb44-bf8c11513214] [http-nio-8086-exec-2] DEBUG c.c.n.service.NotificationService - Notification sent to user 115 at /topic/notifications/115
2026-03-05 11:55:33 [91697ae1-f47f-4f85-bb44-bf8c11513214] [http-nio-8086-exec-2] DEBUG org.hibernate.SQL - 
    update
        notifications 
    set
        action_url=?,
        claim_id=?,
        is_read=?,
        message=?,
        read_at=?,
        sender_id=?,
        status=?,
        title=?,
        type=?,
        updated_at=?,
        user_id=? 
    where
        id=?
2026-03-05 11:55:33 [18b6b15c-49ab-45d8-a007-890348415b82] [http-nio-8086-exec-3] DEBUG c.c.n.s.JwtAuthenticationFilter - Authenticated user: manager.20260305-115530, URI: /api/notifications/internal/claim-status
2026-03-05 11:55:33 [18b6b15c-49ab-45d8-a007-890348415b82] [http-nio-8086-exec-3] DEBUG org.hibernate.SQL - 
    insert 
    into
        notifications
        (action_url, claim_id, created_at, is_read, message, read_at, sender_id, status, title, type, updated_at, user_id) 
    values
        (?, ?, ?, ?, ?, ?, ?, ?, ?, ?, ?, ?)
2026-03-05 11:55:33 [18b6b15c-49ab-45d8-a007-890348415b82] [http-nio-8086-exec-3] INFO  c.c.n.service.NotificationService - Notification created for user 115: Claim Approved
2026-03-05 11:55:33 [18b6b15c-49ab-45d8-a007-890348415b82] [http-nio-8086-exec-3] DEBUG o.s.m.s.b.SimpleBrokerMessageHandler - Processing MESSAGE destination=/topic/notifications/115 session=null payload={
  "id" : 158,
  "userId" : 115,
  "claimId" : 56,
  "title" : "Claim Appro...(truncated)
2026-03-05 11:55:33 [18b6b15c-49ab-45d8-a007-890348415b82] [http-nio-8086-exec-3] DEBUG c.c.n.service.NotificationService - Notification sent to user 115 at /topic/notifications/115
2026-03-05 11:55:33 [18b6b15c-49ab-45d8-a007-890348415b82] [http-nio-8086-exec-3] DEBUG org.hibernate.SQL - 
    update
        notifications 
    set
        action_url=?,
        claim_id=?,
        is_read=?,
        message=?,
        read_at=?,
        sender_id=?,
        status=?,
        title=?,
        type=?,
        updated_at=?,
        user_id=? 
    where
        id=?
2026-03-05 11:55:36 [9942dd4f-ef05-4c24-a264-c5bc84a4d8d3] [http-nio-8086-exec-4] DEBUG c.c.n.s.JwtAuthenticationFilter - Authenticated user: manager.20260305-115530, URI: /api/notifications/internal/claim-status
2026-03-05 11:55:36 [9942dd4f-ef05-4c24-a264-c5bc84a4d8d3] [http-nio-8086-exec-4] DEBUG org.hibernate.SQL - 
    insert 
    into
        notifications
        (action_url, claim_id, created_at, is_read, message, read_at, sender_id, status, title, type, updated_at, user_id) 
    values
        (?, ?, ?, ?, ?, ?, ?, ?, ?, ?, ?, ?)
2026-03-05 11:55:36 [9942dd4f-ef05-4c24-a264-c5bc84a4d8d3] [http-nio-8086-exec-4] INFO  c.c.n.service.NotificationService - Notification created for user 115: Claim Status Updated
2026-03-05 11:55:36 [9942dd4f-ef05-4c24-a264-c5bc84a4d8d3] [http-nio-8086-exec-4] DEBUG o.s.m.s.b.SimpleBrokerMessageHandler - Processing MESSAGE destination=/topic/notifications/115 session=null payload={
  "id" : 159,
  "userId" : 115,
  "claimId" : 56,
  "title" : "Claim Statu...(truncated)
2026-03-05 11:55:36 [9942dd4f-ef05-4c24-a264-c5bc84a4d8d3] [http-nio-8086-exec-4] DEBUG c.c.n.service.NotificationService - Notification sent to user 115 at /topic/notifications/115
2026-03-05 11:55:36 [9942dd4f-ef05-4c24-a264-c5bc84a4d8d3] [http-nio-8086-exec-4] DEBUG org.hibernate.SQL - 
    update
        notifications 
    set
        action_url=?,
        claim_id=?,
        is_read=?,
        message=?,
        read_at=?,
        sender_id=?,
        status=?,
        title=?,
        type=?,
        updated_at=?,
        user_id=? 
    where
        id=?
2026-03-05 11:55:36 [9942dd4f-ef05-4c24-a264-c5bc84a4d8d3] [http-nio-8086-exec-5] DEBUG c.c.n.s.JwtAuthenticationFilter - Authenticated user: manager.20260305-115530, URI: /api/notifications/internal/payment-processed
2026-03-05 11:55:36 [9942dd4f-ef05-4c24-a264-c5bc84a4d8d3] [http-nio-8086-exec-5] DEBUG org.hibernate.SQL - 
    insert 
    into
        notifications
        (action_url, claim_id, created_at, is_read, message, read_at, sender_id, status, title, type, updated_at, user_id) 
    values
        (?, ?, ?, ?, ?, ?, ?, ?, ?, ?, ?, ?)
2026-03-05 11:55:36 [9942dd4f-ef05-4c24-a264-c5bc84a4d8d3] [http-nio-8086-exec-5] INFO  c.c.n.service.NotificationService - Notification created for user 115: Payment Processed
2026-03-05 11:55:36 [9942dd4f-ef05-4c24-a264-c5bc84a4d8d3] [http-nio-8086-exec-5] DEBUG o.s.m.s.b.SimpleBrokerMessageHandler - Processing MESSAGE destination=/topic/notifications/115 session=null payload={
  "id" : 160,
  "userId" : 115,
  "claimId" : 56,
  "title" : "Payment Pro...(truncated)
2026-03-05 11:55:36 [9942dd4f-ef05-4c24-a264-c5bc84a4d8d3] [http-nio-8086-exec-5] DEBUG c.c.n.service.NotificationService - Notification sent to user 115 at /topic/notifications/115
2026-03-05 11:55:36 [9942dd4f-ef05-4c24-a264-c5bc84a4d8d3] [http-nio-8086-exec-5] DEBUG org.hibernate.SQL - 
    update
        notifications 
    set
        action_url=?,
        claim_id=?,
        is_read=?,
        message=?,
        read_at=?,
        sender_id=?,
        status=?,
        title=?,
        type=?,
        updated_at=?,
        user_id=? 
    where
        id=?
2026-03-05 11:55:36 [41f484e9-5859-4b7d-93c5-89d6398aea24] [http-nio-8086-exec-6] DEBUG c.c.n.s.JwtAuthenticationFilter - Authenticated user: policy.20260305-115530, URI: /api/notifications/test
2026-03-05 11:55:36 [41f484e9-5859-4b7d-93c5-89d6398aea24] [http-nio-8086-exec-6] DEBUG org.hibernate.SQL - 
    insert 
    into
        notifications
        (action_url, claim_id, created_at, is_read, message, read_at, sender_id, status, title, type, updated_at, user_id) 
    values
        (?, ?, ?, ?, ?, ?, ?, ?, ?, ?, ?, ?)
2026-03-05 11:55:36 [41f484e9-5859-4b7d-93c5-89d6398aea24] [http-nio-8086-exec-6] INFO  c.c.n.service.NotificationService - Notification created for user 115: Test Notification
2026-03-05 11:55:36 [41f484e9-5859-4b7d-93c5-89d6398aea24] [http-nio-8086-exec-6] DEBUG o.s.m.s.b.SimpleBrokerMessageHandler - Processing MESSAGE destination=/topic/notifications/115 session=null payload={
  "id" : 161,
  "userId" : 115,
  "title" : "Test Notification",
  "messag...(truncated)
2026-03-05 11:55:36 [41f484e9-5859-4b7d-93c5-89d6398aea24] [http-nio-8086-exec-6] DEBUG c.c.n.service.NotificationService - Notification sent to user 115 at /topic/notifications/115
2026-03-05 11:55:36 [41f484e9-5859-4b7d-93c5-89d6398aea24] [http-nio-8086-exec-6] DEBUG org.hibernate.SQL - 
    update
        notifications 
    set
        action_url=?,
        claim_id=?,
        is_read=?,
        message=?,
        read_at=?,
        sender_id=?,
        status=?,
        title=?,
        type=?,
        updated_at=?,
        user_id=? 
    where
        id=?
2026-03-05 11:55:36 [8e2a95c8-c099-4e5c-bc35-6d1742a231fd] [http-nio-8086-exec-7] DEBUG c.c.n.s.JwtAuthenticationFilter - Authenticated user: policy.20260305-115530, URI: /api/notifications
2026-03-05 11:55:36 [8e2a95c8-c099-4e5c-bc35-6d1742a231fd] [http-nio-8086-exec-7] INFO  c.c.n.c.NotificationController - Fetching notifications for user: policy.20260305-115530
2026-03-05 11:55:36 [8e2a95c8-c099-4e5c-bc35-6d1742a231fd] [http-nio-8086-exec-7] DEBUG org.hibernate.SQL - 
    select
        n1_0.id,
        n1_0.action_url,
        n1_0.claim_id,
        n1_0.created_at,
        n1_0.is_read,
        n1_0.message,
        n1_0.read_at,
        n1_0.sender_id,
        n1_0.status,
        n1_0.title,
        n1_0.type,
        n1_0.updated_at,
        n1_0.user_id 
    from
        notifications n1_0 
    where
        n1_0.user_id=? 
    order by
        n1_0.created_at desc
2026-03-05 11:55:36 [90a918da-bbfa-4995-aa96-40db1ca72cab] [http-nio-8086-exec-8] DEBUG c.c.n.s.JwtAuthenticationFilter - Authenticated user: policy.20260305-115530, URI: /api/notifications/unread
2026-03-05 11:55:36 [90a918da-bbfa-4995-aa96-40db1ca72cab] [http-nio-8086-exec-8] DEBUG org.hibernate.SQL - 
    select
        n1_0.id,
        n1_0.action_url,
        n1_0.claim_id,
        n1_0.created_at,
        n1_0.is_read,
        n1_0.message,
        n1_0.read_at,
        n1_0.sender_id,
        n1_0.status,
        n1_0.title,
        n1_0.type,
        n1_0.updated_at,
        n1_0.user_id 
    from
        notifications n1_0 
    where
        n1_0.user_id=? 
        and n1_0.is_read=? 
    order by
        n1_0.created_at desc
2026-03-05 11:55:36 [068780e3-d3af-44b7-a6cd-7f85cdbea212] [http-nio-8086-exec-9] DEBUG c.c.n.s.JwtAuthenticationFilter - Authenticated user: policy.20260305-115530, URI: /api/notifications/unread/count
2026-03-05 11:55:36 [068780e3-d3af-44b7-a6cd-7f85cdbea212] [http-nio-8086-exec-9] DEBUG org.hibernate.SQL - 
    select
        count(n1_0.id) 
    from
        notifications n1_0 
    where
        n1_0.user_id=? 
        and n1_0.is_read=?
2026-03-05 11:55:36 [fd3ba9e6-5094-42b1-93f6-43f3cebb4abe] [http-nio-8086-exec-10] DEBUG c.c.n.s.JwtAuthenticationFilter - Authenticated user: policy.20260305-115530, URI: /api/notifications/161/read
2026-03-05 11:55:36 [fd3ba9e6-5094-42b1-93f6-43f3cebb4abe] [http-nio-8086-exec-10] DEBUG org.hibernate.SQL - 
    update
        notifications 
    set
        is_read=1,
        read_at=?,
        status='READ' 
    where
        id=? 
        and user_id=?
2026-03-05 11:55:36 [fd3ba9e6-5094-42b1-93f6-43f3cebb4abe] [http-nio-8086-exec-10] INFO  c.c.n.service.NotificationService - Notification 161 marked as read by user 115
2026-03-05 11:55:37 [ad9e4aba-da69-4087-ad04-7381ab6b98c7] [http-nio-8086-exec-1] DEBUG c.c.n.s.JwtAuthenticationFilter - Authenticated user: policy.20260305-115530, URI: /api/notifications/read-all
2026-03-05 11:55:37 [ad9e4aba-da69-4087-ad04-7381ab6b98c7] [http-nio-8086-exec-1] DEBUG org.hibernate.SQL - 
    update
        notifications 
    set
        is_read=1,
        read_at=?,
        status='READ' 
    where
        user_id=? 
        and is_read=0
2026-03-05 11:55:37 [ad9e4aba-da69-4087-ad04-7381ab6b98c7] [http-nio-8086-exec-1] INFO  c.c.n.service.NotificationService - 6 notifications marked as read for user 115
2026-03-05 11:55:37 [ee3eda5d-74e5-463e-9cbd-2b93b8916028] [http-nio-8086-exec-2] DEBUG c.c.n.s.JwtAuthenticationFilter - Authenticated user: manager.20260305-115530, URI: /api/notifications/send
2026-03-05 11:55:37 [ee3eda5d-74e5-463e-9cbd-2b93b8916028] [http-nio-8086-exec-2] INFO  c.c.n.c.NotificationController - Sending notification to user 115
2026-03-05 11:55:37 [ee3eda5d-74e5-463e-9cbd-2b93b8916028] [http-nio-8086-exec-2] DEBUG org.hibernate.SQL - 
    insert 
    into
        notifications
        (action_url, claim_id, created_at, is_read, message, read_at, sender_id, status, title, type, updated_at, user_id) 
    values
        (?, ?, ?, ?, ?, ?, ?, ?, ?, ?, ?, ?)
2026-03-05 11:55:37 [ee3eda5d-74e5-463e-9cbd-2b93b8916028] [http-nio-8086-exec-2] INFO  c.c.n.service.NotificationService - Notification created for user 115: Smoke Notification
2026-03-05 11:55:37 [ee3eda5d-74e5-463e-9cbd-2b93b8916028] [http-nio-8086-exec-2] DEBUG o.s.m.s.b.SimpleBrokerMessageHandler - Processing MESSAGE destination=/topic/notifications/115 session=null payload={
  "id" : 162,
  "userId" : 115,
  "claimId" : 56,
  "title" : "Smoke Notif...(truncated)
2026-03-05 11:55:37 [ee3eda5d-74e5-463e-9cbd-2b93b8916028] [http-nio-8086-exec-2] DEBUG c.c.n.service.NotificationService - Notification sent to user 115 at /topic/notifications/115
2026-03-05 11:55:37 [ee3eda5d-74e5-463e-9cbd-2b93b8916028] [http-nio-8086-exec-2] DEBUG org.hibernate.SQL - 
    update
        notifications 
    set
        action_url=?,
        claim_id=?,
        is_read=?,
        message=?,
        read_at=?,
        sender_id=?,
        status=?,
        title=?,
        type=?,
        updated_at=?,
        user_id=? 
    where
        id=?
2026-03-05 11:55:37 [99dc4be6-9cc8-4a8f-9ac8-333f7284f0d5] [http-nio-8086-exec-3] DEBUG c.c.n.s.JwtAuthenticationFilter - Authenticated user: policy.20260305-115530, URI: /api/notifications/162
2026-03-05 11:55:37 [99dc4be6-9cc8-4a8f-9ac8-333f7284f0d5] [http-nio-8086-exec-3] DEBUG org.hibernate.SQL - 
    select
        n1_0.id,
        n1_0.action_url,
        n1_0.claim_id,
        n1_0.created_at,
        n1_0.is_read,
        n1_0.message,
        n1_0.read_at,
        n1_0.sender_id,
        n1_0.status,
        n1_0.title,
        n1_0.type,
        n1_0.updated_at,
        n1_0.user_id 
    from
        notifications n1_0 
    where
        n1_0.id=?
2026-03-05 11:55:37 [99dc4be6-9cc8-4a8f-9ac8-333f7284f0d5] [http-nio-8086-exec-3] DEBUG org.hibernate.SQL - 
    delete 
    from
        notifications 
    where
        id=?
2026-03-05 11:58:31 [bfb7cd08-db6a-4c81-8c4e-25725b62f2e2] [http-nio-8086-exec-5] DEBUG o.s.w.s.s.s.WebSocketHandlerMapping - Mapped to org.springframework.web.socket.sockjs.support.SockJsHttpRequestHandler@31360632
2026-03-05 11:58:31 [bfb7cd08-db6a-4c81-8c4e-25725b62f2e2] [http-nio-8086-exec-5] DEBUG o.s.w.s.s.t.h.DefaultSockJsService - Processing transport request: GET http://localhost:8086/ws/notifications/info?t=1772692111334
2026-03-05 11:58:36 [533160f0-2710-451a-ab56-82d6a294297b] [http-nio-8086-exec-6] DEBUG o.s.w.s.s.s.WebSocketHandlerMapping - Mapped to org.springframework.web.socket.sockjs.support.SockJsHttpRequestHandler@31360632
2026-03-05 11:58:36 [533160f0-2710-451a-ab56-82d6a294297b] [http-nio-8086-exec-6] DEBUG o.s.w.s.s.t.h.DefaultSockJsService - Processing transport request: GET http://localhost:8086/ws/notifications/info?t=1772692116761
2026-03-05 11:58:42 [73130c41-2c75-4882-bec0-2c36caba3af8] [http-nio-8086-exec-7] DEBUG o.s.w.s.s.s.WebSocketHandlerMapping - Mapped to org.springframework.web.socket.sockjs.support.SockJsHttpRequestHandler@31360632
2026-03-05 11:58:42 [73130c41-2c75-4882-bec0-2c36caba3af8] [http-nio-8086-exec-7] DEBUG o.s.w.s.s.t.h.DefaultSockJsService - Processing transport request: GET http://localhost:8086/ws/notifications/info?t=1772692122755
2026-03-05 11:58:44 [] [AsyncResolver-bootstrap-executor-0] INFO  c.n.d.s.r.aws.ConfigClusterResolver - Resolving eureka endpoints via configuration
2026-03-05 11:58:44 [95785832-3188-4e0c-85fd-bed5661ba248] [http-nio-8086-exec-8] DEBUG c.c.n.s.JwtAuthenticationFilter - Authenticated user: vikas123, URI: /api/notifications
2026-03-05 11:58:44 [95785832-3188-4e0c-85fd-bed5661ba248] [http-nio-8086-exec-8] INFO  c.c.n.c.NotificationController - Fetching notifications for user: vikas123
2026-03-05 11:58:44 [95785832-3188-4e0c-85fd-bed5661ba248] [http-nio-8086-exec-8] DEBUG org.hibernate.SQL - 
    select
        n1_0.id,
        n1_0.action_url,
        n1_0.claim_id,
        n1_0.created_at,
        n1_0.is_read,
        n1_0.message,
        n1_0.read_at,
        n1_0.sender_id,
        n1_0.status,
        n1_0.title,
        n1_0.type,
        n1_0.updated_at,
        n1_0.user_id 
    from
        notifications n1_0 
    where
        n1_0.user_id=? 
    order by
        n1_0.created_at desc
2026-03-05 11:58:44 [d20da7d9-a20e-4ce0-b95a-d38f2a804445] [http-nio-8086-exec-9] DEBUG o.s.w.s.s.s.WebSocketHandlerMapping - Mapped to org.springframework.web.socket.sockjs.support.SockJsHttpRequestHandler@31360632
2026-03-05 11:58:44 [d20da7d9-a20e-4ce0-b95a-d38f2a804445] [http-nio-8086-exec-9] DEBUG o.s.w.s.s.t.h.DefaultSockJsService - Processing transport request: GET http://localhost:8086/ws/notifications/info?t=1772692124953
2026-03-05 11:58:44 [9f9e8fe1-55f1-4b06-9088-72c9bf6f9236] [http-nio-8086-exec-10] DEBUG c.c.n.s.JwtAuthenticationFilter - Authenticated user: vikas123, URI: /api/notifications/unread/count
2026-03-05 11:58:45 [9f9e8fe1-55f1-4b06-9088-72c9bf6f9236] [http-nio-8086-exec-10] DEBUG org.hibernate.SQL - 
    select
        count(n1_0.id) 
    from
        notifications n1_0 
    where
        n1_0.user_id=? 
        and n1_0.is_read=?
2026-03-05 11:58:45 [616443fd-91c7-4197-b826-fb1ed142a661] [http-nio-8086-exec-1] DEBUG c.c.n.s.JwtAuthenticationFilter - Authenticated user: vikas123, URI: /api/notifications
2026-03-05 11:58:45 [616443fd-91c7-4197-b826-fb1ed142a661] [http-nio-8086-exec-1] INFO  c.c.n.c.NotificationController - Fetching notifications for user: vikas123
2026-03-05 11:58:45 [616443fd-91c7-4197-b826-fb1ed142a661] [http-nio-8086-exec-1] DEBUG org.hibernate.SQL - 
    select
        n1_0.id,
        n1_0.action_url,
        n1_0.claim_id,
        n1_0.created_at,
        n1_0.is_read,
        n1_0.message,
        n1_0.read_at,
        n1_0.sender_id,
        n1_0.status,
        n1_0.title,
        n1_0.type,
        n1_0.updated_at,
        n1_0.user_id 
    from
        notifications n1_0 
    where
        n1_0.user_id=? 
    order by
        n1_0.created_at desc
2026-03-05 11:58:45 [a57d109a-aba7-4b56-844a-64bfa8598379] [http-nio-8086-exec-2] DEBUG c.c.n.s.JwtAuthenticationFilter - Authenticated user: vikas123, URI: /api/notifications/unread/count
2026-03-05 11:58:45 [a57d109a-aba7-4b56-844a-64bfa8598379] [http-nio-8086-exec-2] DEBUG org.hibernate.SQL - 
    select
        count(n1_0.id) 
    from
        notifications n1_0 
    where
        n1_0.user_id=? 
        and n1_0.is_read=?
2026-03-05 11:58:50 [4301fc5f-003a-4ee8-aed2-8fe22e6539de] [http-nio-8086-exec-3] DEBUG o.s.w.s.s.s.WebSocketHandlerMapping - Mapped to org.springframework.web.socket.sockjs.support.SockJsHttpRequestHandler@31360632
2026-03-05 11:58:50 [4301fc5f-003a-4ee8-aed2-8fe22e6539de] [http-nio-8086-exec-3] DEBUG o.s.w.s.s.t.h.DefaultSockJsService - Processing transport request: GET http://localhost:8086/ws/notifications/info?t=1772692129996
2026-03-05 11:58:55 [7add31b7-0107-48a3-b41d-316d3a07e5a7] [http-nio-8086-exec-4] DEBUG o.s.w.s.s.s.WebSocketHandlerMapping - Mapped to org.springframework.web.socket.sockjs.support.SockJsHttpRequestHandler@31360632
2026-03-05 11:58:55 [7add31b7-0107-48a3-b41d-316d3a07e5a7] [http-nio-8086-exec-4] DEBUG o.s.w.s.s.t.h.DefaultSockJsService - Processing transport request: GET http://localhost:8086/ws/notifications/info?t=1772692135032
2026-03-05 11:59:00 [3a1963f4-95ee-4ccf-82be-b2813243e5ff] [http-nio-8086-exec-5] DEBUG o.s.w.s.s.s.WebSocketHandlerMapping - Mapped to org.springframework.web.socket.sockjs.support.SockJsHttpRequestHandler@31360632
2026-03-05 11:59:00 [3a1963f4-95ee-4ccf-82be-b2813243e5ff] [http-nio-8086-exec-5] DEBUG o.s.w.s.s.t.h.DefaultSockJsService - Processing transport request: GET http://localhost:8086/ws/notifications/info?t=1772692140072
2026-03-05 11:59:05 [348317e5-93cb-447e-8940-19d6aadd3d1e] [http-nio-8086-exec-6] DEBUG o.s.w.s.s.s.WebSocketHandlerMapping - Mapped to org.springframework.web.socket.sockjs.support.SockJsHttpRequestHandler@31360632
2026-03-05 11:59:05 [348317e5-93cb-447e-8940-19d6aadd3d1e] [http-nio-8086-exec-6] DEBUG o.s.w.s.s.t.h.DefaultSockJsService - Processing transport request: GET http://localhost:8086/ws/notifications/info?t=1772692145104
2026-03-05 11:59:10 [e6d30ec5-84a4-4a74-a7f1-df1cc48ea3ce] [http-nio-8086-exec-7] DEBUG o.s.w.s.s.s.WebSocketHandlerMapping - Mapped to org.springframework.web.socket.sockjs.support.SockJsHttpRequestHandler@31360632
2026-03-05 11:59:10 [e6d30ec5-84a4-4a74-a7f1-df1cc48ea3ce] [http-nio-8086-exec-7] DEBUG o.s.w.s.s.t.h.DefaultSockJsService - Processing transport request: GET http://localhost:8086/ws/notifications/info?t=1772692150165
2026-03-05 11:59:15 [28f4624f-9190-4c6e-83fb-7bc44bac6faf] [http-nio-8086-exec-8] DEBUG o.s.w.s.s.s.WebSocketHandlerMapping - Mapped to org.springframework.web.socket.sockjs.support.SockJsHttpRequestHandler@31360632
2026-03-05 11:59:15 [28f4624f-9190-4c6e-83fb-7bc44bac6faf] [http-nio-8086-exec-8] DEBUG o.s.w.s.s.t.h.DefaultSockJsService - Processing transport request: GET http://localhost:8086/ws/notifications/info?t=1772692155211
2026-03-05 11:59:20 [4c33417a-9062-4fdb-ae25-3b991b3706ec] [http-nio-8086-exec-9] DEBUG o.s.w.s.s.s.WebSocketHandlerMapping - Mapped to org.springframework.web.socket.sockjs.support.SockJsHttpRequestHandler@31360632
2026-03-05 11:59:20 [4c33417a-9062-4fdb-ae25-3b991b3706ec] [http-nio-8086-exec-9] DEBUG o.s.w.s.s.t.h.DefaultSockJsService - Processing transport request: GET http://localhost:8086/ws/notifications/info?t=1772692160257
2026-03-05 11:59:25 [0442a195-5d8a-48fb-be66-32b3b28d3808] [http-nio-8086-exec-10] DEBUG o.s.w.s.s.s.WebSocketHandlerMapping - Mapped to org.springframework.web.socket.sockjs.support.SockJsHttpRequestHandler@31360632
2026-03-05 11:59:25 [0442a195-5d8a-48fb-be66-32b3b28d3808] [http-nio-8086-exec-10] DEBUG o.s.w.s.s.t.h.DefaultSockJsService - Processing transport request: GET http://localhost:8086/ws/notifications/info?t=1772692165291
2026-03-05 11:59:30 [974d0867-f27e-4969-880b-0fc8115ed6cd] [http-nio-8086-exec-1] DEBUG o.s.w.s.s.s.WebSocketHandlerMapping - Mapped to org.springframework.web.socket.sockjs.support.SockJsHttpRequestHandler@31360632
2026-03-05 11:59:30 [974d0867-f27e-4969-880b-0fc8115ed6cd] [http-nio-8086-exec-1] DEBUG o.s.w.s.s.t.h.DefaultSockJsService - Processing transport request: GET http://localhost:8086/ws/notifications/info?t=1772692170362
2026-03-05 11:59:35 [f2758d15-020b-4def-85b8-a72452ab82c8] [http-nio-8086-exec-2] DEBUG o.s.w.s.s.s.WebSocketHandlerMapping - Mapped to org.springframework.web.socket.sockjs.support.SockJsHttpRequestHandler@31360632
2026-03-05 11:59:35 [f2758d15-020b-4def-85b8-a72452ab82c8] [http-nio-8086-exec-2] DEBUG o.s.w.s.s.t.h.DefaultSockJsService - Processing transport request: GET http://localhost:8086/ws/notifications/info?t=1772692175410
2026-03-05 11:59:40 [42270755-f78b-47fa-902d-9218f21459ca] [http-nio-8086-exec-3] DEBUG o.s.w.s.s.s.WebSocketHandlerMapping - Mapped to org.springframework.web.socket.sockjs.support.SockJsHttpRequestHandler@31360632
2026-03-05 11:59:40 [42270755-f78b-47fa-902d-9218f21459ca] [http-nio-8086-exec-3] DEBUG o.s.w.s.s.t.h.DefaultSockJsService - Processing transport request: GET http://localhost:8086/ws/notifications/info?t=1772692180442
2026-03-05 11:59:45 [3ed9b73e-2e70-45d6-8a62-b68950148628] [http-nio-8086-exec-4] DEBUG o.s.w.s.s.s.WebSocketHandlerMapping - Mapped to org.springframework.web.socket.sockjs.support.SockJsHttpRequestHandler@31360632
2026-03-05 11:59:45 [3ed9b73e-2e70-45d6-8a62-b68950148628] [http-nio-8086-exec-4] DEBUG o.s.w.s.s.t.h.DefaultSockJsService - Processing transport request: GET http://localhost:8086/ws/notifications/info?t=1772692185501
2026-03-05 11:59:50 [2a8860bd-2f91-4bba-a285-2cf99a2f1cb5] [http-nio-8086-exec-5] DEBUG o.s.w.s.s.s.WebSocketHandlerMapping - Mapped to org.springframework.web.socket.sockjs.support.SockJsHttpRequestHandler@31360632
2026-03-05 11:59:50 [2a8860bd-2f91-4bba-a285-2cf99a2f1cb5] [http-nio-8086-exec-5] DEBUG o.s.w.s.s.t.h.DefaultSockJsService - Processing transport request: GET http://localhost:8086/ws/notifications/info?t=1772692190551
2026-03-05 11:59:55 [d370951d-497c-4d93-8fdb-4275c3a257ae] [http-nio-8086-exec-6] DEBUG o.s.w.s.s.s.WebSocketHandlerMapping - Mapped to org.springframework.web.socket.sockjs.support.SockJsHttpRequestHandler@31360632
2026-03-05 11:59:55 [d370951d-497c-4d93-8fdb-4275c3a257ae] [http-nio-8086-exec-6] DEBUG o.s.w.s.s.t.h.DefaultSockJsService - Processing transport request: GET http://localhost:8086/ws/notifications/info?t=1772692195592
2026-03-05 12:00:00 [4e1c7348-8d73-4cc7-a7ec-2dccd84eb032] [http-nio-8086-exec-7] DEBUG o.s.w.s.s.s.WebSocketHandlerMapping - Mapped to org.springframework.web.socket.sockjs.support.SockJsHttpRequestHandler@31360632
2026-03-05 12:00:00 [4e1c7348-8d73-4cc7-a7ec-2dccd84eb032] [http-nio-8086-exec-7] DEBUG o.s.w.s.s.t.h.DefaultSockJsService - Processing transport request: GET http://localhost:8086/ws/notifications/info?t=1772692200638
2026-03-05 12:00:05 [c34b968a-e27f-440e-b86f-708d112ef4f4] [http-nio-8086-exec-8] DEBUG o.s.w.s.s.s.WebSocketHandlerMapping - Mapped to org.springframework.web.socket.sockjs.support.SockJsHttpRequestHandler@31360632
2026-03-05 12:00:05 [c34b968a-e27f-440e-b86f-708d112ef4f4] [http-nio-8086-exec-8] DEBUG o.s.w.s.s.t.h.DefaultSockJsService - Processing transport request: GET http://localhost:8086/ws/notifications/info?t=1772692205682
2026-03-05 12:00:10 [1d745d1f-623c-4b80-a90c-599819191762] [http-nio-8086-exec-9] DEBUG o.s.w.s.s.s.WebSocketHandlerMapping - Mapped to org.springframework.web.socket.sockjs.support.SockJsHttpRequestHandler@31360632
2026-03-05 12:00:10 [1d745d1f-623c-4b80-a90c-599819191762] [http-nio-8086-exec-9] DEBUG o.s.w.s.s.t.h.DefaultSockJsService - Processing transport request: GET http://localhost:8086/ws/notifications/info?t=1772692210732
2026-03-05 12:00:15 [b8f3385e-8e2b-4e57-8952-8621256b6a4e] [http-nio-8086-exec-10] DEBUG o.s.w.s.s.s.WebSocketHandlerMapping - Mapped to org.springframework.web.socket.sockjs.support.SockJsHttpRequestHandler@31360632
2026-03-05 12:00:15 [b8f3385e-8e2b-4e57-8952-8621256b6a4e] [http-nio-8086-exec-10] DEBUG o.s.w.s.s.t.h.DefaultSockJsService - Processing transport request: GET http://localhost:8086/ws/notifications/info?t=1772692215790
2026-03-05 12:00:19 [349a7456-c121-471f-b5dc-58be3b94517b] [http-nio-8086-exec-1] DEBUG c.c.n.s.JwtAuthenticationFilter - Authenticated user: vikas123, URI: /api/notifications/internal/claim-status
2026-03-05 12:00:19 [349a7456-c121-471f-b5dc-58be3b94517b] [http-nio-8086-exec-1] DEBUG org.hibernate.SQL - 
    insert 
    into
        notifications
        (action_url, claim_id, created_at, is_read, message, read_at, sender_id, status, title, type, updated_at, user_id) 
    values
        (?, ?, ?, ?, ?, ?, ?, ?, ?, ?, ?, ?)
2026-03-05 12:00:19 [349a7456-c121-471f-b5dc-58be3b94517b] [http-nio-8086-exec-1] INFO  c.c.n.service.NotificationService - Notification created for user 99: Claim Status Updated
2026-03-05 12:00:19 [349a7456-c121-471f-b5dc-58be3b94517b] [http-nio-8086-exec-1] DEBUG o.s.m.s.b.SimpleBrokerMessageHandler - Processing MESSAGE destination=/topic/notifications/99 session=null payload={
  "id" : 163,
  "userId" : 99,
  "claimId" : 58,
  "title" : "Claim Status...(truncated)
2026-03-05 12:00:19 [349a7456-c121-471f-b5dc-58be3b94517b] [http-nio-8086-exec-1] DEBUG c.c.n.service.NotificationService - Notification sent to user 99 at /topic/notifications/99
2026-03-05 12:00:19 [349a7456-c121-471f-b5dc-58be3b94517b] [http-nio-8086-exec-1] DEBUG org.hibernate.SQL - 
    update
        notifications 
    set
        action_url=?,
        claim_id=?,
        is_read=?,
        message=?,
        read_at=?,
        sender_id=?,
        status=?,
        title=?,
        type=?,
        updated_at=?,
        user_id=? 
    where
        id=?
2026-03-05 12:00:20 [e0969615-7f08-4734-89b6-00c868781c65] [http-nio-8086-exec-2] DEBUG o.s.w.s.s.s.WebSocketHandlerMapping - Mapped to org.springframework.web.socket.sockjs.support.SockJsHttpRequestHandler@31360632
2026-03-05 12:00:20 [e0969615-7f08-4734-89b6-00c868781c65] [http-nio-8086-exec-2] DEBUG o.s.w.s.s.t.h.DefaultSockJsService - Processing transport request: GET http://localhost:8086/ws/notifications/info?t=1772692220841
2026-03-05 12:00:25 [f55f2c17-ce75-4506-a87f-83efcedcb868] [http-nio-8086-exec-3] DEBUG o.s.w.s.s.s.WebSocketHandlerMapping - Mapped to org.springframework.web.socket.sockjs.support.SockJsHttpRequestHandler@31360632
2026-03-05 12:00:25 [f55f2c17-ce75-4506-a87f-83efcedcb868] [http-nio-8086-exec-3] DEBUG o.s.w.s.s.t.h.DefaultSockJsService - Processing transport request: GET http://localhost:8086/ws/notifications/info?t=1772692225874
2026-03-05 12:00:30 [6c1a19cf-39c9-4c46-937d-03d09920a5d9] [http-nio-8086-exec-4] DEBUG o.s.w.s.s.s.WebSocketHandlerMapping - Mapped to org.springframework.web.socket.sockjs.support.SockJsHttpRequestHandler@31360632
2026-03-05 12:00:30 [6c1a19cf-39c9-4c46-937d-03d09920a5d9] [http-nio-8086-exec-4] DEBUG o.s.w.s.s.t.h.DefaultSockJsService - Processing transport request: GET http://localhost:8086/ws/notifications/info?t=1772692230914
2026-03-05 12:00:35 [752b5e77-11b7-408d-bc29-78a5f09b9fd2] [http-nio-8086-exec-5] DEBUG o.s.w.s.s.s.WebSocketHandlerMapping - Mapped to org.springframework.web.socket.sockjs.support.SockJsHttpRequestHandler@31360632
2026-03-05 12:00:35 [752b5e77-11b7-408d-bc29-78a5f09b9fd2] [http-nio-8086-exec-5] DEBUG o.s.w.s.s.t.h.DefaultSockJsService - Processing transport request: GET http://localhost:8086/ws/notifications/info?t=1772692235950
2026-03-05 12:00:41 [849af187-2852-4a8b-8c72-1d7e9e718957] [http-nio-8086-exec-6] DEBUG o.s.w.s.s.s.WebSocketHandlerMapping - Mapped to org.springframework.web.socket.sockjs.support.SockJsHttpRequestHandler@31360632
2026-03-05 12:00:41 [849af187-2852-4a8b-8c72-1d7e9e718957] [http-nio-8086-exec-6] DEBUG o.s.w.s.s.t.h.DefaultSockJsService - Processing transport request: GET http://localhost:8086/ws/notifications/info?t=1772692240989
2026-03-05 12:00:44 [d0b9e1c9-aa8f-4771-ad0b-bf41ebd5f05b] [http-nio-8086-exec-7] DEBUG c.c.n.s.JwtAuthenticationFilter - Authenticated user: vikas123, URI: /api/notifications
2026-03-05 12:00:44 [d0b9e1c9-aa8f-4771-ad0b-bf41ebd5f05b] [http-nio-8086-exec-7] INFO  c.c.n.c.NotificationController - Fetching notifications for user: vikas123
2026-03-05 12:00:44 [d0b9e1c9-aa8f-4771-ad0b-bf41ebd5f05b] [http-nio-8086-exec-7] DEBUG org.hibernate.SQL - 
    select
        n1_0.id,
        n1_0.action_url,
        n1_0.claim_id,
        n1_0.created_at,
        n1_0.is_read,
        n1_0.message,
        n1_0.read_at,
        n1_0.sender_id,
        n1_0.status,
        n1_0.title,
        n1_0.type,
        n1_0.updated_at,
        n1_0.user_id 
    from
        notifications n1_0 
    where
        n1_0.user_id=? 
    order by
        n1_0.created_at desc
2026-03-05 12:00:44 [d996d238-d2be-4f4b-a427-e7a7f69102ef] [http-nio-8086-exec-8] DEBUG c.c.n.s.JwtAuthenticationFilter - Authenticated user: vikas123, URI: /api/notifications/unread/count
2026-03-05 12:00:44 [d996d238-d2be-4f4b-a427-e7a7f69102ef] [http-nio-8086-exec-8] DEBUG org.hibernate.SQL - 
    select
        count(n1_0.id) 
    from
        notifications n1_0 
    where
        n1_0.user_id=? 
        and n1_0.is_read=?
2026-03-05 12:00:46 [b33bd6d7-925a-4e4d-885f-ba3308d1c752] [http-nio-8086-exec-9] DEBUG o.s.w.s.s.s.WebSocketHandlerMapping - Mapped to org.springframework.web.socket.sockjs.support.SockJsHttpRequestHandler@31360632
2026-03-05 12:00:46 [b33bd6d7-925a-4e4d-885f-ba3308d1c752] [http-nio-8086-exec-9] DEBUG o.s.w.s.s.t.h.DefaultSockJsService - Processing transport request: GET http://localhost:8086/ws/notifications/info?t=1772692246017
2026-03-05 12:00:50 [c7034b39-7d4a-410e-9263-133ee3aeffde] [http-nio-8086-exec-10] DEBUG c.c.n.s.JwtAuthenticationFilter - Authenticated user: vikas123, URI: /api/notifications/163/read
2026-03-05 12:00:50 [c7034b39-7d4a-410e-9263-133ee3aeffde] [http-nio-8086-exec-10] DEBUG org.hibernate.SQL - 
    update
        notifications 
    set
        is_read=1,
        read_at=?,
        status='READ' 
    where
        id=? 
        and user_id=?
2026-03-05 12:00:50 [c7034b39-7d4a-410e-9263-133ee3aeffde] [http-nio-8086-exec-10] INFO  c.c.n.service.NotificationService - Notification 163 marked as read by user 99
2026-03-05 12:00:51 [680633ad-e64b-4857-93e0-076657a299b9] [http-nio-8086-exec-1] DEBUG o.s.w.s.s.s.WebSocketHandlerMapping - Mapped to org.springframework.web.socket.sockjs.support.SockJsHttpRequestHandler@31360632
2026-03-05 12:00:51 [680633ad-e64b-4857-93e0-076657a299b9] [http-nio-8086-exec-1] DEBUG o.s.w.s.s.t.h.DefaultSockJsService - Processing transport request: GET http://localhost:8086/ws/notifications/info?t=1772692251080
2026-03-05 12:00:56 [2d977abd-4c88-46c6-8b84-34e859d60525] [http-nio-8086-exec-2] DEBUG o.s.w.s.s.s.WebSocketHandlerMapping - Mapped to org.springframework.web.socket.sockjs.support.SockJsHttpRequestHandler@31360632
2026-03-05 12:00:56 [2d977abd-4c88-46c6-8b84-34e859d60525] [http-nio-8086-exec-2] DEBUG o.s.w.s.s.t.h.DefaultSockJsService - Processing transport request: GET http://localhost:8086/ws/notifications/info?t=1772692256128
2026-03-05 12:00:56 [19a17ff7-0c58-4b69-86bf-185e05541e91] [http-nio-8086-exec-3] DEBUG c.c.n.s.JwtAuthenticationFilter - Authenticated user: vikas123, URI: /api/notifications
2026-03-05 12:00:56 [19a17ff7-0c58-4b69-86bf-185e05541e91] [http-nio-8086-exec-3] INFO  c.c.n.c.NotificationController - Fetching notifications for user: vikas123
2026-03-05 12:00:56 [19a17ff7-0c58-4b69-86bf-185e05541e91] [http-nio-8086-exec-3] DEBUG org.hibernate.SQL - 
    select
        n1_0.id,
        n1_0.action_url,
        n1_0.claim_id,
        n1_0.created_at,
        n1_0.is_read,
        n1_0.message,
        n1_0.read_at,
        n1_0.sender_id,
        n1_0.status,
        n1_0.title,
        n1_0.type,
        n1_0.updated_at,
        n1_0.user_id 
    from
        notifications n1_0 
    where
        n1_0.user_id=? 
    order by
        n1_0.created_at desc
2026-03-05 12:00:56 [83128d2d-f5a7-4b7c-a689-1441caeb7956] [http-nio-8086-exec-4] DEBUG c.c.n.s.JwtAuthenticationFilter - Authenticated user: vikas123, URI: /api/notifications/unread/count
2026-03-05 12:00:56 [83128d2d-f5a7-4b7c-a689-1441caeb7956] [http-nio-8086-exec-4] DEBUG org.hibernate.SQL - 
    select
        count(n1_0.id) 
    from
        notifications n1_0 
    where
        n1_0.user_id=? 
        and n1_0.is_read=?
2026-03-05 12:00:59 [82455ee8-2319-451c-8dee-11a49dcb0ad2] [http-nio-8086-exec-5] DEBUG c.c.n.s.JwtAuthenticationFilter - Authenticated user: vikas123, URI: /api/notifications/107
2026-03-05 12:00:59 [82455ee8-2319-451c-8dee-11a49dcb0ad2] [http-nio-8086-exec-5] DEBUG org.hibernate.SQL - 
    select
        n1_0.id,
        n1_0.action_url,
        n1_0.claim_id,
        n1_0.created_at,
        n1_0.is_read,
        n1_0.message,
        n1_0.read_at,
        n1_0.sender_id,
        n1_0.status,
        n1_0.title,
        n1_0.type,
        n1_0.updated_at,
        n1_0.user_id 
    from
        notifications n1_0 
    where
        n1_0.id=?
2026-03-05 12:00:59 [82455ee8-2319-451c-8dee-11a49dcb0ad2] [http-nio-8086-exec-5] DEBUG org.hibernate.SQL - 
    delete 
    from
        notifications 
    where
        id=?
2026-03-05 12:01:00 [588010d6-1b89-49bb-abb8-4afed95fceed] [http-nio-8086-exec-6] DEBUG c.c.n.s.JwtAuthenticationFilter - Authenticated user: vikas123, URI: /api/notifications/112
2026-03-05 12:01:00 [588010d6-1b89-49bb-abb8-4afed95fceed] [http-nio-8086-exec-6] DEBUG org.hibernate.SQL - 
    select
        n1_0.id,
        n1_0.action_url,
        n1_0.claim_id,
        n1_0.created_at,
        n1_0.is_read,
        n1_0.message,
        n1_0.read_at,
        n1_0.sender_id,
        n1_0.status,
        n1_0.title,
        n1_0.type,
        n1_0.updated_at,
        n1_0.user_id 
    from
        notifications n1_0 
    where
        n1_0.id=?
2026-03-05 12:01:00 [588010d6-1b89-49bb-abb8-4afed95fceed] [http-nio-8086-exec-6] DEBUG org.hibernate.SQL - 
    delete 
    from
        notifications 
    where
        id=?
2026-03-05 12:01:01 [4b648c98-02a5-4d10-b2ad-18b473536bb4] [http-nio-8086-exec-7] DEBUG o.s.w.s.s.s.WebSocketHandlerMapping - Mapped to org.springframework.web.socket.sockjs.support.SockJsHttpRequestHandler@31360632
2026-03-05 12:01:01 [4b648c98-02a5-4d10-b2ad-18b473536bb4] [http-nio-8086-exec-7] DEBUG o.s.w.s.s.t.h.DefaultSockJsService - Processing transport request: GET http://localhost:8086/ws/notifications/info?t=1772692261172
2026-03-05 12:01:01 [9c25054f-e5ac-46d0-a143-72c9532170f4] [http-nio-8086-exec-8] DEBUG c.c.n.s.JwtAuthenticationFilter - Authenticated user: vikas123, URI: /api/notifications/108
2026-03-05 12:01:01 [9c25054f-e5ac-46d0-a143-72c9532170f4] [http-nio-8086-exec-8] DEBUG org.hibernate.SQL - 
    select
        n1_0.id,
        n1_0.action_url,
        n1_0.claim_id,
        n1_0.created_at,
        n1_0.is_read,
        n1_0.message,
        n1_0.read_at,
        n1_0.sender_id,
        n1_0.status,
        n1_0.title,
        n1_0.type,
        n1_0.updated_at,
        n1_0.user_id 
    from
        notifications n1_0 
    where
        n1_0.id=?
2026-03-05 12:01:01 [9c25054f-e5ac-46d0-a143-72c9532170f4] [http-nio-8086-exec-8] DEBUG org.hibernate.SQL - 
    delete 
    from
        notifications 
    where
        id=?
2026-03-05 12:01:02 [041cdb1d-e099-4b9f-b8b1-f924d78cfb7e] [http-nio-8086-exec-9] DEBUG c.c.n.s.JwtAuthenticationFilter - Authenticated user: vikas123, URI: /api/notifications/106
2026-03-05 12:01:02 [041cdb1d-e099-4b9f-b8b1-f924d78cfb7e] [http-nio-8086-exec-9] DEBUG org.hibernate.SQL - 
    select
        n1_0.id,
        n1_0.action_url,
        n1_0.claim_id,
        n1_0.created_at,
        n1_0.is_read,
        n1_0.message,
        n1_0.read_at,
        n1_0.sender_id,
        n1_0.status,
        n1_0.title,
        n1_0.type,
        n1_0.updated_at,
        n1_0.user_id 
    from
        notifications n1_0 
    where
        n1_0.id=?
2026-03-05 12:01:02 [041cdb1d-e099-4b9f-b8b1-f924d78cfb7e] [http-nio-8086-exec-9] DEBUG org.hibernate.SQL - 
    delete 
    from
        notifications 
    where
        id=?
2026-03-05 12:01:06 [7b6ea0a7-7abe-4df8-8a87-e1177f09a4e2] [http-nio-8086-exec-10] DEBUG o.s.w.s.s.s.WebSocketHandlerMapping - Mapped to org.springframework.web.socket.sockjs.support.SockJsHttpRequestHandler@31360632
2026-03-05 12:01:06 [7b6ea0a7-7abe-4df8-8a87-e1177f09a4e2] [http-nio-8086-exec-10] DEBUG o.s.w.s.s.t.h.DefaultSockJsService - Processing transport request: GET http://localhost:8086/ws/notifications/info?t=1772692266200
2026-03-05 12:01:11 [3cf71cb0-5dae-48f2-823f-2c998629b016] [http-nio-8086-exec-1] DEBUG o.s.w.s.s.s.WebSocketHandlerMapping - Mapped to org.springframework.web.socket.sockjs.support.SockJsHttpRequestHandler@31360632
2026-03-05 12:01:11 [3cf71cb0-5dae-48f2-823f-2c998629b016] [http-nio-8086-exec-1] DEBUG o.s.w.s.s.t.h.DefaultSockJsService - Processing transport request: GET http://localhost:8086/ws/notifications/info?t=1772692271231
2026-03-05 12:01:16 [f26f50c7-2e71-40f4-9268-e3764ab1bb6d] [http-nio-8086-exec-2] DEBUG o.s.w.s.s.s.WebSocketHandlerMapping - Mapped to org.springframework.web.socket.sockjs.support.SockJsHttpRequestHandler@31360632
2026-03-05 12:01:16 [f26f50c7-2e71-40f4-9268-e3764ab1bb6d] [http-nio-8086-exec-2] DEBUG o.s.w.s.s.t.h.DefaultSockJsService - Processing transport request: GET http://localhost:8086/ws/notifications/info?t=1772692276278
2026-03-05 12:01:21 [2c988219-1a2b-4c36-b588-fbe76b93da60] [http-nio-8086-exec-4] DEBUG o.s.w.s.s.s.WebSocketHandlerMapping - Mapped to org.springframework.web.socket.sockjs.support.SockJsHttpRequestHandler@31360632
2026-03-05 12:01:21 [2c988219-1a2b-4c36-b588-fbe76b93da60] [http-nio-8086-exec-4] DEBUG o.s.w.s.s.t.h.DefaultSockJsService - Processing transport request: GET http://localhost:8086/ws/notifications/info?t=1772692281323
2026-03-05 12:01:25 [72cd11a3-119f-400c-864d-025254da988c] [http-nio-8086-exec-5] DEBUG o.s.w.s.s.s.WebSocketHandlerMapping - Mapped to org.springframework.web.socket.sockjs.support.SockJsHttpRequestHandler@31360632
2026-03-05 12:01:25 [72cd11a3-119f-400c-864d-025254da988c] [http-nio-8086-exec-5] DEBUG o.s.w.s.s.t.h.DefaultSockJsService - Processing transport request: GET http://localhost:8086/ws/notifications/info?t=1772692285112
2026-03-05 12:01:26 [c6a72c75-fca0-4a9f-af71-147812866c8a] [http-nio-8086-exec-6] DEBUG o.s.w.s.s.s.WebSocketHandlerMapping - Mapped to org.springframework.web.socket.sockjs.support.SockJsHttpRequestHandler@31360632
2026-03-05 12:01:26 [c6a72c75-fca0-4a9f-af71-147812866c8a] [http-nio-8086-exec-6] DEBUG o.s.w.s.s.t.h.DefaultSockJsService - Processing transport request: GET http://localhost:8086/ws/notifications/info?t=1772692286754
2026-03-05 12:01:27 [b557e452-6a64-4217-a926-b8cc8e4a1b74] [http-nio-8086-exec-7] DEBUG c.c.n.s.JwtAuthenticationFilter - Authenticated user: shashank123, URI: /api/notifications
2026-03-05 12:01:27 [b557e452-6a64-4217-a926-b8cc8e4a1b74] [http-nio-8086-exec-7] INFO  c.c.n.c.NotificationController - Fetching notifications for user: shashank123
2026-03-05 12:01:27 [b557e452-6a64-4217-a926-b8cc8e4a1b74] [http-nio-8086-exec-7] DEBUG org.hibernate.SQL - 
    select
        n1_0.id,
        n1_0.action_url,
        n1_0.claim_id,
        n1_0.created_at,
        n1_0.is_read,
        n1_0.message,
        n1_0.read_at,
        n1_0.sender_id,
        n1_0.status,
        n1_0.title,
        n1_0.type,
        n1_0.updated_at,
        n1_0.user_id 
    from
        notifications n1_0 
    where
        n1_0.user_id=? 
    order by
        n1_0.created_at desc
2026-03-05 12:01:27 [f86580f6-e40d-47d1-87ae-a2593c2729bd] [http-nio-8086-exec-8] DEBUG c.c.n.s.JwtAuthenticationFilter - Authenticated user: shashank123, URI: /api/notifications/unread/count
2026-03-05 12:01:27 [2213da49-d8ea-488c-8e03-554541782fbc] [http-nio-8086-exec-9] DEBUG o.s.w.s.s.s.WebSocketHandlerMapping - Mapped to org.springframework.web.socket.sockjs.support.SockJsHttpRequestHandler@31360632
2026-03-05 12:01:27 [2213da49-d8ea-488c-8e03-554541782fbc] [http-nio-8086-exec-9] DEBUG o.s.w.s.s.t.h.DefaultSockJsService - Processing transport request: GET http://localhost:8086/ws/notifications/info?t=1772692287835
2026-03-05 12:01:27 [f86580f6-e40d-47d1-87ae-a2593c2729bd] [http-nio-8086-exec-8] DEBUG org.hibernate.SQL - 
    select
        count(n1_0.id) 
    from
        notifications n1_0 
    where
        n1_0.user_id=? 
        and n1_0.is_read=?
2026-03-05 12:01:29 [f06def93-2ff6-41fa-9655-2afeee5887e7] [http-nio-8086-exec-10] DEBUG c.c.n.s.JwtAuthenticationFilter - Authenticated user: shashank123, URI: /api/notifications
2026-03-05 12:01:29 [f06def93-2ff6-41fa-9655-2afeee5887e7] [http-nio-8086-exec-10] INFO  c.c.n.c.NotificationController - Fetching notifications for user: shashank123
2026-03-05 12:01:29 [f06def93-2ff6-41fa-9655-2afeee5887e7] [http-nio-8086-exec-10] DEBUG org.hibernate.SQL - 
    select
        n1_0.id,
        n1_0.action_url,
        n1_0.claim_id,
        n1_0.created_at,
        n1_0.is_read,
        n1_0.message,
        n1_0.read_at,
        n1_0.sender_id,
        n1_0.status,
        n1_0.title,
        n1_0.type,
        n1_0.updated_at,
        n1_0.user_id 
    from
        notifications n1_0 
    where
        n1_0.user_id=? 
    order by
        n1_0.created_at desc
2026-03-05 12:01:29 [297787d4-e56a-4cd7-94d5-d3d1487da211] [http-nio-8086-exec-1] DEBUG c.c.n.s.JwtAuthenticationFilter - Authenticated user: shashank123, URI: /api/notifications/unread/count
2026-03-05 12:01:29 [297787d4-e56a-4cd7-94d5-d3d1487da211] [http-nio-8086-exec-1] DEBUG org.hibernate.SQL - 
    select
        count(n1_0.id) 
    from
        notifications n1_0 
    where
        n1_0.user_id=? 
        and n1_0.is_read=?
2026-03-05 12:01:32 [d93bedc5-859c-466b-aeef-3912b54aed30] [http-nio-8086-exec-2] DEBUG o.s.w.s.s.s.WebSocketHandlerMapping - Mapped to org.springframework.web.socket.sockjs.support.SockJsHttpRequestHandler@31360632
2026-03-05 12:01:32 [d93bedc5-859c-466b-aeef-3912b54aed30] [http-nio-8086-exec-2] DEBUG o.s.w.s.s.t.h.DefaultSockJsService - Processing transport request: GET http://localhost:8086/ws/notifications/info?t=1772692292763
2026-03-05 12:01:32 [b1b7dd43-b747-40e6-b4e8-08893ec66fad] [http-nio-8086-exec-3] DEBUG o.s.w.s.s.s.WebSocketHandlerMapping - Mapped to org.springframework.web.socket.sockjs.support.SockJsHttpRequestHandler@31360632
2026-03-05 12:01:32 [b1b7dd43-b747-40e6-b4e8-08893ec66fad] [http-nio-8086-exec-3] DEBUG o.s.w.s.s.t.h.DefaultSockJsService - Processing transport request: GET http://localhost:8086/ws/notifications/info?t=1772692292897
2026-03-05 12:01:37 [0a5377bc-5a61-4233-a27b-491d76be00ea] [http-nio-8086-exec-4] DEBUG o.s.w.s.s.s.WebSocketHandlerMapping - Mapped to org.springframework.web.socket.sockjs.support.SockJsHttpRequestHandler@31360632
2026-03-05 12:01:37 [0a5377bc-5a61-4233-a27b-491d76be00ea] [http-nio-8086-exec-4] DEBUG o.s.w.s.s.t.h.DefaultSockJsService - Processing transport request: GET http://localhost:8086/ws/notifications/info?t=1772692297928
2026-03-05 12:01:38 [43428865-d0dc-4237-90bd-10e44046442f] [http-nio-8086-exec-5] DEBUG o.s.w.s.s.s.WebSocketHandlerMapping - Mapped to org.springframework.web.socket.sockjs.support.SockJsHttpRequestHandler@31360632
2026-03-05 12:01:38 [43428865-d0dc-4237-90bd-10e44046442f] [http-nio-8086-exec-5] DEBUG o.s.w.s.s.t.h.DefaultSockJsService - Processing transport request: GET http://localhost:8086/ws/notifications/info?t=1772692298760
2026-03-05 12:01:42 [56520ddb-c0ad-4a3c-93e6-927114a855ed] [http-nio-8086-exec-6] DEBUG o.s.w.s.s.s.WebSocketHandlerMapping - Mapped to org.springframework.web.socket.sockjs.support.SockJsHttpRequestHandler@31360632
2026-03-05 12:01:42 [56520ddb-c0ad-4a3c-93e6-927114a855ed] [http-nio-8086-exec-6] DEBUG o.s.w.s.s.t.h.DefaultSockJsService - Processing transport request: GET http://localhost:8086/ws/notifications/info?t=1772692302963
2026-03-05 12:01:44 [b3f7e9a7-2888-4a3c-8140-ee93af1a9f1a] [http-nio-8086-exec-7] DEBUG o.s.w.s.s.s.WebSocketHandlerMapping - Mapped to org.springframework.web.socket.sockjs.support.SockJsHttpRequestHandler@31360632
2026-03-05 12:01:44 [b3f7e9a7-2888-4a3c-8140-ee93af1a9f1a] [http-nio-8086-exec-7] DEBUG o.s.w.s.s.t.h.DefaultSockJsService - Processing transport request: GET http://localhost:8086/ws/notifications/info?t=1772692304755
2026-03-05 12:01:48 [ad88bcfa-541c-49b6-9890-2f6844fe3548] [http-nio-8086-exec-9] DEBUG o.s.w.s.s.s.WebSocketHandlerMapping - Mapped to org.springframework.web.socket.sockjs.support.SockJsHttpRequestHandler@31360632
2026-03-05 12:01:48 [ad88bcfa-541c-49b6-9890-2f6844fe3548] [http-nio-8086-exec-9] DEBUG o.s.w.s.s.t.h.DefaultSockJsService - Processing transport request: GET http://localhost:8086/ws/notifications/info?t=1772692307992
2026-03-05 12:01:50 [69d61585-2454-4a2b-8eb3-ce4ca66838f4] [http-nio-8086-exec-8] DEBUG o.s.w.s.s.s.WebSocketHandlerMapping - Mapped to org.springframework.web.socket.sockjs.support.SockJsHttpRequestHandler@31360632
2026-03-05 12:01:50 [69d61585-2454-4a2b-8eb3-ce4ca66838f4] [http-nio-8086-exec-8] DEBUG o.s.w.s.s.t.h.DefaultSockJsService - Processing transport request: GET http://localhost:8086/ws/notifications/info?t=1772692310767
2026-03-05 12:01:53 [139c8cec-e993-4cac-93f3-deeab9225f52] [http-nio-8086-exec-10] DEBUG o.s.w.s.s.s.WebSocketHandlerMapping - Mapped to org.springframework.web.socket.sockjs.support.SockJsHttpRequestHandler@31360632
2026-03-05 12:01:53 [139c8cec-e993-4cac-93f3-deeab9225f52] [http-nio-8086-exec-10] DEBUG o.s.w.s.s.t.h.DefaultSockJsService - Processing transport request: GET http://localhost:8086/ws/notifications/info?t=1772692313051
2026-03-05 12:01:56 [fe623482-5b67-4493-be70-88cfe9fc6708] [http-nio-8086-exec-1] DEBUG o.s.w.s.s.s.WebSocketHandlerMapping - Mapped to org.springframework.web.socket.sockjs.support.SockJsHttpRequestHandler@31360632
2026-03-05 12:01:56 [fe623482-5b67-4493-be70-88cfe9fc6708] [http-nio-8086-exec-1] DEBUG o.s.w.s.s.t.h.DefaultSockJsService - Processing transport request: GET http://localhost:8086/ws/notifications/info?t=1772692316761
2026-03-05 12:01:58 [fe9cf8a4-fc49-4a00-89b9-6345b68e3483] [http-nio-8086-exec-2] DEBUG o.s.w.s.s.s.WebSocketHandlerMapping - Mapped to org.springframework.web.socket.sockjs.support.SockJsHttpRequestHandler@31360632
2026-03-05 12:01:58 [fe9cf8a4-fc49-4a00-89b9-6345b68e3483] [http-nio-8086-exec-2] DEBUG o.s.w.s.s.t.h.DefaultSockJsService - Processing transport request: GET http://localhost:8086/ws/notifications/info?t=1772692318103
2026-03-05 12:02:02 [e78f0e05-7736-4066-ab5b-b628c87310b3] [http-nio-8086-exec-3] DEBUG o.s.w.s.s.s.WebSocketHandlerMapping - Mapped to org.springframework.web.socket.sockjs.support.SockJsHttpRequestHandler@31360632
2026-03-05 12:02:02 [e78f0e05-7736-4066-ab5b-b628c87310b3] [http-nio-8086-exec-3] DEBUG o.s.w.s.s.t.h.DefaultSockJsService - Processing transport request: GET http://localhost:8086/ws/notifications/info?t=1772692322754
2026-03-05 12:02:03 [374004b7-5f6b-4dd2-b36c-8d7f89142cb9] [http-nio-8086-exec-4] DEBUG o.s.w.s.s.s.WebSocketHandlerMapping - Mapped to org.springframework.web.socket.sockjs.support.SockJsHttpRequestHandler@31360632
2026-03-05 12:02:03 [374004b7-5f6b-4dd2-b36c-8d7f89142cb9] [http-nio-8086-exec-4] DEBUG o.s.w.s.s.t.h.DefaultSockJsService - Processing transport request: GET http://localhost:8086/ws/notifications/info?t=1772692323173
2026-03-05 12:02:08 [6e9293cd-e014-4dc3-80bb-01763cf2c5fa] [http-nio-8086-exec-5] DEBUG o.s.w.s.s.s.WebSocketHandlerMapping - Mapped to org.springframework.web.socket.sockjs.support.SockJsHttpRequestHandler@31360632
2026-03-05 12:02:08 [6e9293cd-e014-4dc3-80bb-01763cf2c5fa] [http-nio-8086-exec-5] DEBUG o.s.w.s.s.t.h.DefaultSockJsService - Processing transport request: GET http://localhost:8086/ws/notifications/info?t=1772692328206
2026-03-05 12:02:08 [c5ec1e7b-675e-4815-b512-dcc1c52e18ae] [http-nio-8086-exec-6] DEBUG o.s.w.s.s.s.WebSocketHandlerMapping - Mapped to org.springframework.web.socket.sockjs.support.SockJsHttpRequestHandler@31360632
2026-03-05 12:02:08 [c5ec1e7b-675e-4815-b512-dcc1c52e18ae] [http-nio-8086-exec-6] DEBUG o.s.w.s.s.t.h.DefaultSockJsService - Processing transport request: GET http://localhost:8086/ws/notifications/info?t=1772692328767
2026-03-05 12:02:13 [6afb0e6e-962c-4370-ae62-cff5dac8797a] [http-nio-8086-exec-7] DEBUG o.s.w.s.s.s.WebSocketHandlerMapping - Mapped to org.springframework.web.socket.sockjs.support.SockJsHttpRequestHandler@31360632
2026-03-05 12:02:13 [6afb0e6e-962c-4370-ae62-cff5dac8797a] [http-nio-8086-exec-7] DEBUG o.s.w.s.s.t.h.DefaultSockJsService - Processing transport request: GET http://localhost:8086/ws/notifications/info?t=1772692333263
2026-03-05 12:02:14 [48cf7c96-0a6a-42ab-95ca-7d17a2c45729] [http-nio-8086-exec-9] DEBUG o.s.w.s.s.s.WebSocketHandlerMapping - Mapped to org.springframework.web.socket.sockjs.support.SockJsHttpRequestHandler@31360632
2026-03-05 12:02:14 [48cf7c96-0a6a-42ab-95ca-7d17a2c45729] [http-nio-8086-exec-9] DEBUG o.s.w.s.s.t.h.DefaultSockJsService - Processing transport request: GET http://localhost:8086/ws/notifications/info?t=1772692334763
2026-03-05 12:02:18 [97de5977-dad1-4513-a392-aa40088453cf] [http-nio-8086-exec-8] DEBUG o.s.w.s.s.s.WebSocketHandlerMapping - Mapped to org.springframework.web.socket.sockjs.support.SockJsHttpRequestHandler@31360632
2026-03-05 12:02:18 [97de5977-dad1-4513-a392-aa40088453cf] [http-nio-8086-exec-8] DEBUG o.s.w.s.s.t.h.DefaultSockJsService - Processing transport request: GET http://localhost:8086/ws/notifications/info?t=1772692338294
2026-03-05 12:02:20 [1f32a74e-94d4-4efb-8956-897ef3a2f6fd] [http-nio-8086-exec-10] DEBUG o.s.w.s.s.s.WebSocketHandlerMapping - Mapped to org.springframework.web.socket.sockjs.support.SockJsHttpRequestHandler@31360632
2026-03-05 12:02:20 [1f32a74e-94d4-4efb-8956-897ef3a2f6fd] [http-nio-8086-exec-10] DEBUG o.s.w.s.s.t.h.DefaultSockJsService - Processing transport request: GET http://localhost:8086/ws/notifications/info?t=1772692340758
2026-03-05 12:02:23 [51e0420a-2572-472c-b9d0-b6b6d8479756] [http-nio-8086-exec-1] DEBUG o.s.w.s.s.s.WebSocketHandlerMapping - Mapped to org.springframework.web.socket.sockjs.support.SockJsHttpRequestHandler@31360632
2026-03-05 12:02:23 [51e0420a-2572-472c-b9d0-b6b6d8479756] [http-nio-8086-exec-1] DEBUG o.s.w.s.s.t.h.DefaultSockJsService - Processing transport request: GET http://localhost:8086/ws/notifications/info?t=1772692343761
2026-03-05 12:02:25 [7acfa07c-8be5-4183-a64d-2f7441513c13] [http-nio-8086-exec-2] DEBUG o.s.w.s.s.s.WebSocketHandlerMapping - Mapped to org.springframework.web.socket.sockjs.support.SockJsHttpRequestHandler@31360632
2026-03-05 12:02:25 [7acfa07c-8be5-4183-a64d-2f7441513c13] [http-nio-8086-exec-2] DEBUG o.s.w.s.s.t.h.DefaultSockJsService - Processing transport request: GET http://localhost:8086/ws/notifications/info?t=1772692345787
2026-03-05 12:02:26 [498b375e-77ea-470b-93fc-7ad92ecf2b4d] [http-nio-8086-exec-3] DEBUG c.c.n.s.JwtAuthenticationFilter - Authenticated user: vikas123, URI: /api/notifications
2026-03-05 12:02:26 [498b375e-77ea-470b-93fc-7ad92ecf2b4d] [http-nio-8086-exec-3] INFO  c.c.n.c.NotificationController - Fetching notifications for user: vikas123
2026-03-05 12:02:26 [498b375e-77ea-470b-93fc-7ad92ecf2b4d] [http-nio-8086-exec-3] DEBUG org.hibernate.SQL - 
    select
        n1_0.id,
        n1_0.action_url,
        n1_0.claim_id,
        n1_0.created_at,
        n1_0.is_read,
        n1_0.message,
        n1_0.read_at,
        n1_0.sender_id,
        n1_0.status,
        n1_0.title,
        n1_0.type,
        n1_0.updated_at,
        n1_0.user_id 
    from
        notifications n1_0 
    where
        n1_0.user_id=? 
    order by
        n1_0.created_at desc
2026-03-05 12:02:26 [be76d3b1-1080-4b25-9f0a-162e73642512] [http-nio-8086-exec-4] DEBUG o.s.w.s.s.s.WebSocketHandlerMapping - Mapped to org.springframework.web.socket.sockjs.support.SockJsHttpRequestHandler@31360632
2026-03-05 12:02:26 [be76d3b1-1080-4b25-9f0a-162e73642512] [http-nio-8086-exec-4] DEBUG o.s.w.s.s.t.h.DefaultSockJsService - Processing transport request: GET http://localhost:8086/ws/notifications/info?t=1772692346188
2026-03-05 12:02:26 [3db87133-d699-4340-b3d6-c00d16f7475b] [http-nio-8086-exec-5] DEBUG c.c.n.s.JwtAuthenticationFilter - Authenticated user: vikas123, URI: /api/notifications/unread/count
2026-03-05 12:02:26 [3db87133-d699-4340-b3d6-c00d16f7475b] [http-nio-8086-exec-5] DEBUG org.hibernate.SQL - 
    select
        count(n1_0.id) 
    from
        notifications n1_0 
    where
        n1_0.user_id=? 
        and n1_0.is_read=?
2026-03-05 12:02:26 [9d49eb9f-aa45-4a39-a56b-3509724882fc] [http-nio-8086-exec-6] DEBUG c.c.n.s.JwtAuthenticationFilter - Authenticated user: vikas123, URI: /api/notifications
2026-03-05 12:02:26 [9d49eb9f-aa45-4a39-a56b-3509724882fc] [http-nio-8086-exec-6] INFO  c.c.n.c.NotificationController - Fetching notifications for user: vikas123
2026-03-05 12:02:26 [9d49eb9f-aa45-4a39-a56b-3509724882fc] [http-nio-8086-exec-6] DEBUG org.hibernate.SQL - 
    select
        n1_0.id,
        n1_0.action_url,
        n1_0.claim_id,
        n1_0.created_at,
        n1_0.is_read,
        n1_0.message,
        n1_0.read_at,
        n1_0.sender_id,
        n1_0.status,
        n1_0.title,
        n1_0.type,
        n1_0.updated_at,
        n1_0.user_id 
    from
        notifications n1_0 
    where
        n1_0.user_id=? 
    order by
        n1_0.created_at desc
2026-03-05 12:02:26 [e5f38d7a-0ce2-4dae-a194-6caf24eeec67] [http-nio-8086-exec-7] DEBUG c.c.n.s.JwtAuthenticationFilter - Authenticated user: vikas123, URI: /api/notifications/unread/count
2026-03-05 12:02:26 [e5f38d7a-0ce2-4dae-a194-6caf24eeec67] [http-nio-8086-exec-7] DEBUG org.hibernate.SQL - 
    select
        count(n1_0.id) 
    from
        notifications n1_0 
    where
        n1_0.user_id=? 
        and n1_0.is_read=?
2026-03-05 12:02:29 [f05be70f-d815-49a5-a94b-70707f0e0ea3] [http-nio-8086-exec-9] DEBUG o.s.w.s.s.s.WebSocketHandlerMapping - Mapped to org.springframework.web.socket.sockjs.support.SockJsHttpRequestHandler@31360632
2026-03-05 12:02:29 [f05be70f-d815-49a5-a94b-70707f0e0ea3] [http-nio-8086-exec-9] DEBUG o.s.w.s.s.t.h.DefaultSockJsService - Processing transport request: GET http://localhost:8086/ws/notifications/info?t=1772692349794
2026-03-05 12:02:31 [60d833cf-b74f-4bc9-a5de-abf13d999c5f] [http-nio-8086-exec-8] DEBUG o.s.w.s.s.s.WebSocketHandlerMapping - Mapped to org.springframework.web.socket.sockjs.support.SockJsHttpRequestHandler@31360632
2026-03-05 12:02:31 [60d833cf-b74f-4bc9-a5de-abf13d999c5f] [http-nio-8086-exec-8] DEBUG o.s.w.s.s.t.h.DefaultSockJsService - Processing transport request: GET http://localhost:8086/ws/notifications/info?t=1772692351225
2026-03-05 12:02:35 [619aec96-ea72-4a0a-b932-05fc9b9f6fc8] [http-nio-8086-exec-10] DEBUG o.s.w.s.s.s.WebSocketHandlerMapping - Mapped to org.springframework.web.socket.sockjs.support.SockJsHttpRequestHandler@31360632
2026-03-05 12:02:35 [619aec96-ea72-4a0a-b932-05fc9b9f6fc8] [http-nio-8086-exec-10] DEBUG o.s.w.s.s.t.h.DefaultSockJsService - Processing transport request: GET http://localhost:8086/ws/notifications/info?t=1772692355762
2026-03-05 12:02:36 [bb87617a-0d43-484a-a275-1e0612247ba0] [http-nio-8086-exec-1] DEBUG o.s.w.s.s.s.WebSocketHandlerMapping - Mapped to org.springframework.web.socket.sockjs.support.SockJsHttpRequestHandler@31360632
2026-03-05 12:02:36 [bb87617a-0d43-484a-a275-1e0612247ba0] [http-nio-8086-exec-1] DEBUG o.s.w.s.s.t.h.DefaultSockJsService - Processing transport request: GET http://localhost:8086/ws/notifications/info?t=1772692356276
2026-03-05 12:02:41 [500954a0-8efc-4a7e-a017-0fc2335eb7d3] [http-nio-8086-exec-2] DEBUG o.s.w.s.s.s.WebSocketHandlerMapping - Mapped to org.springframework.web.socket.sockjs.support.SockJsHttpRequestHandler@31360632
2026-03-05 12:02:41 [500954a0-8efc-4a7e-a017-0fc2335eb7d3] [http-nio-8086-exec-2] DEBUG o.s.w.s.s.t.h.DefaultSockJsService - Processing transport request: GET http://localhost:8086/ws/notifications/info?t=1772692361300
2026-03-05 12:02:41 [a0bc8af4-e321-42a9-8e6d-9bb1a11e5ec6] [http-nio-8086-exec-3] DEBUG o.s.w.s.s.s.WebSocketHandlerMapping - Mapped to org.springframework.web.socket.sockjs.support.SockJsHttpRequestHandler@31360632
2026-03-05 12:02:41 [a0bc8af4-e321-42a9-8e6d-9bb1a11e5ec6] [http-nio-8086-exec-3] DEBUG o.s.w.s.s.t.h.DefaultSockJsService - Processing transport request: GET http://localhost:8086/ws/notifications/info?t=1772692361758
2026-03-05 12:02:47 [07b93112-0f71-493c-a57e-c023ade87315] [http-nio-8086-exec-4] DEBUG o.s.w.s.s.s.WebSocketHandlerMapping - Mapped to org.springframework.web.socket.sockjs.support.SockJsHttpRequestHandler@31360632
2026-03-05 12:02:47 [07b93112-0f71-493c-a57e-c023ade87315] [http-nio-8086-exec-4] DEBUG o.s.w.s.s.t.h.DefaultSockJsService - Processing transport request: GET http://localhost:8086/ws/notifications/info?t=1772692367845
2026-03-05 12:02:53 [c5189de1-1f2f-4b11-981e-3fd66e8d28e9] [http-nio-8086-exec-5] DEBUG o.s.w.s.s.s.WebSocketHandlerMapping - Mapped to org.springframework.web.socket.sockjs.support.SockJsHttpRequestHandler@31360632
2026-03-05 12:02:53 [c5189de1-1f2f-4b11-981e-3fd66e8d28e9] [http-nio-8086-exec-5] DEBUG o.s.w.s.s.t.h.DefaultSockJsService - Processing transport request: GET http://localhost:8086/ws/notifications/info?t=1772692373765
2026-03-05 12:02:54 [698573ec-b053-4edb-bc59-aca2825170a7] [http-nio-8086-exec-6] DEBUG c.c.n.s.JwtAuthenticationFilter - Authenticated user: naveen123, URI: /api/notifications
2026-03-05 12:02:54 [698573ec-b053-4edb-bc59-aca2825170a7] [http-nio-8086-exec-6] INFO  c.c.n.c.NotificationController - Fetching notifications for user: naveen123
2026-03-05 12:02:54 [698573ec-b053-4edb-bc59-aca2825170a7] [http-nio-8086-exec-6] DEBUG org.hibernate.SQL - 
    select
        n1_0.id,
        n1_0.action_url,
        n1_0.claim_id,
        n1_0.created_at,
        n1_0.is_read,
        n1_0.message,
        n1_0.read_at,
        n1_0.sender_id,
        n1_0.status,
        n1_0.title,
        n1_0.type,
        n1_0.updated_at,
        n1_0.user_id 
    from
        notifications n1_0 
    where
        n1_0.user_id=? 
    order by
        n1_0.created_at desc
2026-03-05 12:02:54 [b5342cbd-6962-4046-a552-a1235b637dde] [http-nio-8086-exec-7] DEBUG o.s.w.s.s.s.WebSocketHandlerMapping - Mapped to org.springframework.web.socket.sockjs.support.SockJsHttpRequestHandler@31360632
2026-03-05 12:02:54 [b5342cbd-6962-4046-a552-a1235b637dde] [http-nio-8086-exec-7] DEBUG o.s.w.s.s.t.h.DefaultSockJsService - Processing transport request: GET http://localhost:8086/ws/notifications/info?t=1772692374475
2026-03-05 12:02:54 [4a0a718c-8745-48f4-8210-6c7af7b85d44] [http-nio-8086-exec-9] DEBUG c.c.n.s.JwtAuthenticationFilter - Authenticated user: naveen123, URI: /api/notifications
2026-03-05 12:02:54 [4a0a718c-8745-48f4-8210-6c7af7b85d44] [http-nio-8086-exec-9] INFO  c.c.n.c.NotificationController - Fetching notifications for user: naveen123
2026-03-05 12:02:54 [31d6e488-97bc-42f3-911d-df31734cb442] [http-nio-8086-exec-8] DEBUG c.c.n.s.JwtAuthenticationFilter - Authenticated user: naveen123, URI: /api/notifications/unread/count
2026-03-05 12:02:54 [4a0a718c-8745-48f4-8210-6c7af7b85d44] [http-nio-8086-exec-9] DEBUG org.hibernate.SQL - 
    select
        n1_0.id,
        n1_0.action_url,
        n1_0.claim_id,
        n1_0.created_at,
        n1_0.is_read,
        n1_0.message,
        n1_0.read_at,
        n1_0.sender_id,
        n1_0.status,
        n1_0.title,
        n1_0.type,
        n1_0.updated_at,
        n1_0.user_id 
    from
        notifications n1_0 
    where
        n1_0.user_id=? 
    order by
        n1_0.created_at desc
2026-03-05 12:02:54 [31d6e488-97bc-42f3-911d-df31734cb442] [http-nio-8086-exec-8] DEBUG org.hibernate.SQL - 
    select
        count(n1_0.id) 
    from
        notifications n1_0 
    where
        n1_0.user_id=? 
        and n1_0.is_read=?
2026-03-05 12:02:54 [9588cf31-ab9c-4b49-8829-25b03ae7bb6a] [http-nio-8086-exec-10] DEBUG c.c.n.s.JwtAuthenticationFilter - Authenticated user: naveen123, URI: /api/notifications/unread/count
2026-03-05 12:02:54 [9588cf31-ab9c-4b49-8829-25b03ae7bb6a] [http-nio-8086-exec-10] DEBUG org.hibernate.SQL - 
    select
        count(n1_0.id) 
    from
        notifications n1_0 
    where
        n1_0.user_id=? 
        and n1_0.is_read=?
2026-03-05 12:02:59 [e82a43a9-2fa6-4f2d-a924-1cde7aa04aad] [http-nio-8086-exec-1] DEBUG o.s.w.s.s.s.WebSocketHandlerMapping - Mapped to org.springframework.web.socket.sockjs.support.SockJsHttpRequestHandler@31360632
2026-03-05 12:02:59 [e82a43a9-2fa6-4f2d-a924-1cde7aa04aad] [http-nio-8086-exec-1] DEBUG o.s.w.s.s.t.h.DefaultSockJsService - Processing transport request: GET http://localhost:8086/ws/notifications/info?t=1772692379508
2026-03-05 12:02:59 [ea4eb69d-10f3-48ce-8b61-5b7f79d006fb] [http-nio-8086-exec-2] DEBUG o.s.w.s.s.s.WebSocketHandlerMapping - Mapped to org.springframework.web.socket.sockjs.support.SockJsHttpRequestHandler@31360632
2026-03-05 12:02:59 [ea4eb69d-10f3-48ce-8b61-5b7f79d006fb] [http-nio-8086-exec-2] DEBUG o.s.w.s.s.t.h.DefaultSockJsService - Processing transport request: GET http://localhost:8086/ws/notifications/info?t=1772692379760
2026-03-05 12:03:04 [0da35f85-e1d0-45d3-88d9-361e6ec1f9ab] [http-nio-8086-exec-3] DEBUG o.s.w.s.s.s.WebSocketHandlerMapping - Mapped to org.springframework.web.socket.sockjs.support.SockJsHttpRequestHandler@31360632
2026-03-05 12:03:04 [0da35f85-e1d0-45d3-88d9-361e6ec1f9ab] [http-nio-8086-exec-3] DEBUG o.s.w.s.s.t.h.DefaultSockJsService - Processing transport request: GET http://localhost:8086/ws/notifications/info?t=1772692384533
2026-03-05 12:03:05 [e4176328-5454-40d1-b729-1821a7b9e395] [http-nio-8086-exec-4] DEBUG o.s.w.s.s.s.WebSocketHandlerMapping - Mapped to org.springframework.web.socket.sockjs.support.SockJsHttpRequestHandler@31360632
2026-03-05 12:03:05 [e4176328-5454-40d1-b729-1821a7b9e395] [http-nio-8086-exec-4] DEBUG o.s.w.s.s.t.h.DefaultSockJsService - Processing transport request: GET http://localhost:8086/ws/notifications/info?t=1772692385755
2026-03-05 12:03:09 [dcf2c96a-2042-4ffb-864d-5aadc3dc1ab6] [http-nio-8086-exec-5] DEBUG o.s.w.s.s.s.WebSocketHandlerMapping - Mapped to org.springframework.web.socket.sockjs.support.SockJsHttpRequestHandler@31360632
2026-03-05 12:03:09 [dcf2c96a-2042-4ffb-864d-5aadc3dc1ab6] [http-nio-8086-exec-5] DEBUG o.s.w.s.s.t.h.DefaultSockJsService - Processing transport request: GET http://localhost:8086/ws/notifications/info?t=1772692389558
2026-03-05 12:03:11 [cd0b761e-ce38-4acf-b0d3-e8ceac0aa430] [http-nio-8086-exec-6] DEBUG o.s.w.s.s.s.WebSocketHandlerMapping - Mapped to org.springframework.web.socket.sockjs.support.SockJsHttpRequestHandler@31360632
2026-03-05 12:03:11 [cd0b761e-ce38-4acf-b0d3-e8ceac0aa430] [http-nio-8086-exec-6] DEBUG o.s.w.s.s.t.h.DefaultSockJsService - Processing transport request: GET http://localhost:8086/ws/notifications/info?t=1772692391766
2026-03-05 12:03:14 [28350539-a5ed-421e-9ac1-bb1698194e92] [http-nio-8086-exec-7] DEBUG o.s.w.s.s.s.WebSocketHandlerMapping - Mapped to org.springframework.web.socket.sockjs.support.SockJsHttpRequestHandler@31360632
2026-03-05 12:03:14 [28350539-a5ed-421e-9ac1-bb1698194e92] [http-nio-8086-exec-7] DEBUG o.s.w.s.s.t.h.DefaultSockJsService - Processing transport request: GET http://localhost:8086/ws/notifications/info?t=1772692394595
2026-03-05 12:03:17 [895ade4c-e951-49b2-b95f-bfbfc07d60e0] [http-nio-8086-exec-9] DEBUG o.s.w.s.s.s.WebSocketHandlerMapping - Mapped to org.springframework.web.socket.sockjs.support.SockJsHttpRequestHandler@31360632
2026-03-05 12:03:17 [895ade4c-e951-49b2-b95f-bfbfc07d60e0] [http-nio-8086-exec-9] DEBUG o.s.w.s.s.t.h.DefaultSockJsService - Processing transport request: GET http://localhost:8086/ws/notifications/info?t=1772692397761
2026-03-05 12:03:19 [60d839b1-425f-4e5e-8553-40c42bd1a748] [http-nio-8086-exec-8] DEBUG o.s.w.s.s.s.WebSocketHandlerMapping - Mapped to org.springframework.web.socket.sockjs.support.SockJsHttpRequestHandler@31360632
2026-03-05 12:03:19 [60d839b1-425f-4e5e-8553-40c42bd1a748] [http-nio-8086-exec-8] DEBUG o.s.w.s.s.t.h.DefaultSockJsService - Processing transport request: GET http://localhost:8086/ws/notifications/info?t=1772692399625
2026-03-05 12:03:23 [4974ca02-0eb7-4045-8d9b-47227109d032] [http-nio-8086-exec-10] DEBUG o.s.w.s.s.s.WebSocketHandlerMapping - Mapped to org.springframework.web.socket.sockjs.support.SockJsHttpRequestHandler@31360632
2026-03-05 12:03:23 [4974ca02-0eb7-4045-8d9b-47227109d032] [http-nio-8086-exec-10] DEBUG o.s.w.s.s.t.h.DefaultSockJsService - Processing transport request: GET http://localhost:8086/ws/notifications/info?t=1772692403759
2026-03-05 12:03:24 [f2159b1f-5709-417f-971f-d5bdc336aef0] [http-nio-8086-exec-1] DEBUG o.s.w.s.s.s.WebSocketHandlerMapping - Mapped to org.springframework.web.socket.sockjs.support.SockJsHttpRequestHandler@31360632
2026-03-05 12:03:24 [f2159b1f-5709-417f-971f-d5bdc336aef0] [http-nio-8086-exec-1] DEBUG o.s.w.s.s.t.h.DefaultSockJsService - Processing transport request: GET http://localhost:8086/ws/notifications/info?t=1772692404657
2026-03-05 12:03:29 [dc01940e-8a7d-4223-a665-23ea43fc5369] [http-nio-8086-exec-2] DEBUG o.s.w.s.s.s.WebSocketHandlerMapping - Mapped to org.springframework.web.socket.sockjs.support.SockJsHttpRequestHandler@31360632
2026-03-05 12:03:29 [dc01940e-8a7d-4223-a665-23ea43fc5369] [http-nio-8086-exec-2] DEBUG o.s.w.s.s.t.h.DefaultSockJsService - Processing transport request: GET http://localhost:8086/ws/notifications/info?t=1772692409700
2026-03-05 12:03:29 [76578b1b-bb30-4968-928f-005546469f33] [http-nio-8086-exec-3] DEBUG o.s.w.s.s.s.WebSocketHandlerMapping - Mapped to org.springframework.web.socket.sockjs.support.SockJsHttpRequestHandler@31360632
2026-03-05 12:03:29 [76578b1b-bb30-4968-928f-005546469f33] [http-nio-8086-exec-3] DEBUG o.s.w.s.s.t.h.DefaultSockJsService - Processing transport request: GET http://localhost:8086/ws/notifications/info?t=1772692409768
2026-03-05 12:03:34 [e3b9d8f3-a01a-464f-8a21-38abd3d2f303] [http-nio-8086-exec-4] DEBUG o.s.w.s.s.s.WebSocketHandlerMapping - Mapped to org.springframework.web.socket.sockjs.support.SockJsHttpRequestHandler@31360632
2026-03-05 12:03:34 [e3b9d8f3-a01a-464f-8a21-38abd3d2f303] [http-nio-8086-exec-4] DEBUG o.s.w.s.s.t.h.DefaultSockJsService - Processing transport request: GET http://localhost:8086/ws/notifications/info?t=1772692414734
2026-03-05 12:03:35 [af6e419a-0017-49f5-afcb-8a14046cad75] [http-nio-8086-exec-5] DEBUG o.s.w.s.s.s.WebSocketHandlerMapping - Mapped to org.springframework.web.socket.sockjs.support.SockJsHttpRequestHandler@31360632
2026-03-05 12:03:35 [af6e419a-0017-49f5-afcb-8a14046cad75] [http-nio-8086-exec-5] DEBUG o.s.w.s.s.t.h.DefaultSockJsService - Processing transport request: GET http://localhost:8086/ws/notifications/info?t=1772692415768
2026-03-05 12:03:39 [c7390a8c-60fc-4591-addf-d5b6dbe6c59a] [http-nio-8086-exec-6] DEBUG o.s.w.s.s.s.WebSocketHandlerMapping - Mapped to org.springframework.web.socket.sockjs.support.SockJsHttpRequestHandler@31360632
2026-03-05 12:03:39 [c7390a8c-60fc-4591-addf-d5b6dbe6c59a] [http-nio-8086-exec-6] DEBUG o.s.w.s.s.t.h.DefaultSockJsService - Processing transport request: GET http://localhost:8086/ws/notifications/info?t=1772692419762
2026-03-05 12:03:41 [ad029975-ea3d-4e38-a69a-6ea2781b5624] [http-nio-8086-exec-7] DEBUG o.s.w.s.s.s.WebSocketHandlerMapping - Mapped to org.springframework.web.socket.sockjs.support.SockJsHttpRequestHandler@31360632
2026-03-05 12:03:41 [ad029975-ea3d-4e38-a69a-6ea2781b5624] [http-nio-8086-exec-7] DEBUG o.s.w.s.s.t.h.DefaultSockJsService - Processing transport request: GET http://localhost:8086/ws/notifications/info?t=1772692421760
2026-03-05 12:03:44 [] [AsyncResolver-bootstrap-executor-0] INFO  c.n.d.s.r.aws.ConfigClusterResolver - Resolving eureka endpoints via configuration
2026-03-05 12:03:44 [aec10dd2-2d95-4fb4-9e73-2ecb8ba07868] [http-nio-8086-exec-9] DEBUG o.s.w.s.s.s.WebSocketHandlerMapping - Mapped to org.springframework.web.socket.sockjs.support.SockJsHttpRequestHandler@31360632
2026-03-05 12:03:44 [aec10dd2-2d95-4fb4-9e73-2ecb8ba07868] [http-nio-8086-exec-9] DEBUG o.s.w.s.s.t.h.DefaultSockJsService - Processing transport request: GET http://localhost:8086/ws/notifications/info?t=1772692424804
2026-03-05 12:03:47 [5ec896da-a590-4f27-a4b4-9741e0049812] [http-nio-8086-exec-8] DEBUG o.s.w.s.s.s.WebSocketHandlerMapping - Mapped to org.springframework.web.socket.sockjs.support.SockJsHttpRequestHandler@31360632
2026-03-05 12:03:47 [5ec896da-a590-4f27-a4b4-9741e0049812] [http-nio-8086-exec-8] DEBUG o.s.w.s.s.t.h.DefaultSockJsService - Processing transport request: GET http://localhost:8086/ws/notifications/info?t=1772692427772
2026-03-05 12:03:49 [4ab444e3-f98f-4883-af60-e080e0ffb773] [http-nio-8086-exec-10] DEBUG o.s.w.s.s.s.WebSocketHandlerMapping - Mapped to org.springframework.web.socket.sockjs.support.SockJsHttpRequestHandler@31360632
2026-03-05 12:03:49 [4ab444e3-f98f-4883-af60-e080e0ffb773] [http-nio-8086-exec-10] DEBUG o.s.w.s.s.t.h.DefaultSockJsService - Processing transport request: GET http://localhost:8086/ws/notifications/info?t=1772692429846
2026-03-05 12:03:53 [030484ab-5223-4986-9a63-e3bba7d9c587] [http-nio-8086-exec-1] DEBUG o.s.w.s.s.s.WebSocketHandlerMapping - Mapped to org.springframework.web.socket.sockjs.support.SockJsHttpRequestHandler@31360632
2026-03-05 12:03:53 [030484ab-5223-4986-9a63-e3bba7d9c587] [http-nio-8086-exec-1] DEBUG o.s.w.s.s.t.h.DefaultSockJsService - Processing transport request: GET http://localhost:8086/ws/notifications/info?t=1772692433765
2026-03-05 12:03:54 [952fcbb4-4a09-4e98-9eb6-58516c93c5a4] [http-nio-8086-exec-2] DEBUG o.s.w.s.s.s.WebSocketHandlerMapping - Mapped to org.springframework.web.socket.sockjs.support.SockJsHttpRequestHandler@31360632
2026-03-05 12:03:54 [952fcbb4-4a09-4e98-9eb6-58516c93c5a4] [http-nio-8086-exec-2] DEBUG o.s.w.s.s.t.h.DefaultSockJsService - Processing transport request: GET http://localhost:8086/ws/notifications/info?t=1772692434878
2026-03-05 12:03:59 [745687db-da66-417d-860c-74a92082628e] [http-nio-8086-exec-3] DEBUG o.s.w.s.s.s.WebSocketHandlerMapping - Mapped to org.springframework.web.socket.sockjs.support.SockJsHttpRequestHandler@31360632
2026-03-05 12:03:59 [745687db-da66-417d-860c-74a92082628e] [http-nio-8086-exec-3] DEBUG o.s.w.s.s.t.h.DefaultSockJsService - Processing transport request: GET http://localhost:8086/ws/notifications/info?t=1772692439761
2026-03-05 12:03:59 [7bcc83ea-2657-49cd-a751-734929fd3930] [http-nio-8086-exec-4] DEBUG o.s.w.s.s.s.WebSocketHandlerMapping - Mapped to org.springframework.web.socket.sockjs.support.SockJsHttpRequestHandler@31360632
2026-03-05 12:03:59 [7bcc83ea-2657-49cd-a751-734929fd3930] [http-nio-8086-exec-4] DEBUG o.s.w.s.s.t.h.DefaultSockJsService - Processing transport request: GET http://localhost:8086/ws/notifications/info?t=1772692439916
2026-03-05 12:04:04 [ff8183db-3159-497a-8bbf-198bcdcfb8d9] [http-nio-8086-exec-5] DEBUG o.s.w.s.s.s.WebSocketHandlerMapping - Mapped to org.springframework.web.socket.sockjs.support.SockJsHttpRequestHandler@31360632
2026-03-05 12:04:04 [ff8183db-3159-497a-8bbf-198bcdcfb8d9] [http-nio-8086-exec-5] DEBUG o.s.w.s.s.t.h.DefaultSockJsService - Processing transport request: GET http://localhost:8086/ws/notifications/info?t=1772692444949
2026-03-05 12:04:05 [c2e222e4-d818-441c-9139-8efc0d9e14fc] [http-nio-8086-exec-6] DEBUG o.s.w.s.s.s.WebSocketHandlerMapping - Mapped to org.springframework.web.socket.sockjs.support.SockJsHttpRequestHandler@31360632
2026-03-05 12:04:05 [c2e222e4-d818-441c-9139-8efc0d9e14fc] [http-nio-8086-exec-6] DEBUG o.s.w.s.s.t.h.DefaultSockJsService - Processing transport request: GET http://localhost:8086/ws/notifications/info?t=1772692445758
2026-03-05 12:04:09 [0bd1da3f-b0ee-41da-b7be-8b59e7e192be] [http-nio-8086-exec-7] DEBUG o.s.w.s.s.s.WebSocketHandlerMapping - Mapped to org.springframework.web.socket.sockjs.support.SockJsHttpRequestHandler@31360632
2026-03-05 12:04:10 [0bd1da3f-b0ee-41da-b7be-8b59e7e192be] [http-nio-8086-exec-7] DEBUG o.s.w.s.s.t.h.DefaultSockJsService - Processing transport request: GET http://localhost:8086/ws/notifications/info?t=1772692449988
2026-03-05 12:04:11 [4ea18269-9dd4-405b-a56d-685b54382101] [http-nio-8086-exec-9] DEBUG o.s.w.s.s.s.WebSocketHandlerMapping - Mapped to org.springframework.web.socket.sockjs.support.SockJsHttpRequestHandler@31360632
2026-03-05 12:04:11 [4ea18269-9dd4-405b-a56d-685b54382101] [http-nio-8086-exec-9] DEBUG o.s.w.s.s.t.h.DefaultSockJsService - Processing transport request: GET http://localhost:8086/ws/notifications/info?t=1772692451768
2026-03-05 12:04:15 [d526054e-413f-4ce2-b13e-9e377de495a9] [http-nio-8086-exec-8] DEBUG o.s.w.s.s.s.WebSocketHandlerMapping - Mapped to org.springframework.web.socket.sockjs.support.SockJsHttpRequestHandler@31360632
2026-03-05 12:04:15 [d526054e-413f-4ce2-b13e-9e377de495a9] [http-nio-8086-exec-8] DEBUG o.s.w.s.s.t.h.DefaultSockJsService - Processing transport request: GET http://localhost:8086/ws/notifications/info?t=1772692455017
2026-03-05 12:04:17 [18a63534-702b-4358-8027-7f79c02c2ac5] [http-nio-8086-exec-10] DEBUG o.s.w.s.s.s.WebSocketHandlerMapping - Mapped to org.springframework.web.socket.sockjs.support.SockJsHttpRequestHandler@31360632
2026-03-05 12:04:17 [18a63534-702b-4358-8027-7f79c02c2ac5] [http-nio-8086-exec-10] DEBUG o.s.w.s.s.t.h.DefaultSockJsService - Processing transport request: GET http://localhost:8086/ws/notifications/info?t=1772692457781
2026-03-05 12:04:20 [67742e58-7115-4872-b07f-5ffb1fa239dc] [http-nio-8086-exec-1] DEBUG o.s.w.s.s.s.WebSocketHandlerMapping - Mapped to org.springframework.web.socket.sockjs.support.SockJsHttpRequestHandler@31360632
2026-03-05 12:04:20 [67742e58-7115-4872-b07f-5ffb1fa239dc] [http-nio-8086-exec-1] DEBUG o.s.w.s.s.t.h.DefaultSockJsService - Processing transport request: GET http://localhost:8086/ws/notifications/info?t=1772692460075
2026-03-05 12:04:23 [4c9d2ddc-ddf3-44d9-8276-b79313218299] [http-nio-8086-exec-2] DEBUG o.s.w.s.s.s.WebSocketHandlerMapping - Mapped to org.springframework.web.socket.sockjs.support.SockJsHttpRequestHandler@31360632
2026-03-05 12:04:23 [4c9d2ddc-ddf3-44d9-8276-b79313218299] [http-nio-8086-exec-2] DEBUG o.s.w.s.s.t.h.DefaultSockJsService - Processing transport request: GET http://localhost:8086/ws/notifications/info?t=1772692463760
2026-03-05 12:04:25 [6931a218-23a0-4590-b07a-dc4312241967] [http-nio-8086-exec-3] DEBUG o.s.w.s.s.s.WebSocketHandlerMapping - Mapped to org.springframework.web.socket.sockjs.support.SockJsHttpRequestHandler@31360632
2026-03-05 12:04:25 [6931a218-23a0-4590-b07a-dc4312241967] [http-nio-8086-exec-3] DEBUG o.s.w.s.s.t.h.DefaultSockJsService - Processing transport request: GET http://localhost:8086/ws/notifications/info?t=1772692465137
2026-03-05 12:04:27 [b3fa2456-ab10-47f0-88e1-f3c65724a570] [http-nio-8086-exec-4] DEBUG c.c.n.s.JwtAuthenticationFilter - Authenticated user: naveen123, URI: /api/notifications/internal/claim-status
2026-03-05 12:04:27 [b3fa2456-ab10-47f0-88e1-f3c65724a570] [http-nio-8086-exec-4] DEBUG org.hibernate.SQL - 
    insert 
    into
        notifications
        (action_url, claim_id, created_at, is_read, message, read_at, sender_id, status, title, type, updated_at, user_id) 
    values
        (?, ?, ?, ?, ?, ?, ?, ?, ?, ?, ?, ?)
2026-03-05 12:04:27 [b3fa2456-ab10-47f0-88e1-f3c65724a570] [http-nio-8086-exec-4] INFO  c.c.n.service.NotificationService - Notification created for user 99: Claim Approved
2026-03-05 12:04:27 [b3fa2456-ab10-47f0-88e1-f3c65724a570] [http-nio-8086-exec-4] DEBUG o.s.m.s.b.SimpleBrokerMessageHandler - Processing MESSAGE destination=/topic/notifications/99 session=null payload={
  "id" : 164,
  "userId" : 99,
  "claimId" : 58,
  "title" : "Claim Approv...(truncated)
2026-03-05 12:04:27 [b3fa2456-ab10-47f0-88e1-f3c65724a570] [http-nio-8086-exec-4] DEBUG c.c.n.service.NotificationService - Notification sent to user 99 at /topic/notifications/99
2026-03-05 12:04:27 [b3fa2456-ab10-47f0-88e1-f3c65724a570] [http-nio-8086-exec-4] DEBUG org.hibernate.SQL - 
    update
        notifications 
    set
        action_url=?,
        claim_id=?,
        is_read=?,
        message=?,
        read_at=?,
        sender_id=?,
        status=?,
        title=?,
        type=?,
        updated_at=?,
        user_id=? 
    where
        id=?
2026-03-05 12:04:28 [b3fa2456-ab10-47f0-88e1-f3c65724a570] [http-nio-8086-exec-5] DEBUG c.c.n.s.JwtAuthenticationFilter - Authenticated user: naveen123, URI: /api/notifications/internal/claim-status
2026-03-05 12:04:28 [b3fa2456-ab10-47f0-88e1-f3c65724a570] [http-nio-8086-exec-5] DEBUG org.hibernate.SQL - 
    insert 
    into
        notifications
        (action_url, claim_id, created_at, is_read, message, read_at, sender_id, status, title, type, updated_at, user_id) 
    values
        (?, ?, ?, ?, ?, ?, ?, ?, ?, ?, ?, ?)
2026-03-05 12:04:28 [b3fa2456-ab10-47f0-88e1-f3c65724a570] [http-nio-8086-exec-5] INFO  c.c.n.service.NotificationService - Notification created for user 99: Claim Status Updated
2026-03-05 12:04:28 [b3fa2456-ab10-47f0-88e1-f3c65724a570] [http-nio-8086-exec-5] DEBUG o.s.m.s.b.SimpleBrokerMessageHandler - Processing MESSAGE destination=/topic/notifications/99 session=null payload={
  "id" : 165,
  "userId" : 99,
  "claimId" : 58,
  "title" : "Claim Status...(truncated)
2026-03-05 12:04:28 [b3fa2456-ab10-47f0-88e1-f3c65724a570] [http-nio-8086-exec-5] DEBUG c.c.n.service.NotificationService - Notification sent to user 99 at /topic/notifications/99
2026-03-05 12:04:28 [b3fa2456-ab10-47f0-88e1-f3c65724a570] [http-nio-8086-exec-5] DEBUG org.hibernate.SQL - 
    update
        notifications 
    set
        action_url=?,
        claim_id=?,
        is_read=?,
        message=?,
        read_at=?,
        sender_id=?,
        status=?,
        title=?,
        type=?,
        updated_at=?,
        user_id=? 
    where
        id=?
2026-03-05 12:04:28 [b3fa2456-ab10-47f0-88e1-f3c65724a570] [http-nio-8086-exec-6] DEBUG c.c.n.s.JwtAuthenticationFilter - Authenticated user: naveen123, URI: /api/notifications/internal/payment-processed
2026-03-05 12:04:28 [b3fa2456-ab10-47f0-88e1-f3c65724a570] [http-nio-8086-exec-6] DEBUG org.hibernate.SQL - 
    insert 
    into
        notifications
        (action_url, claim_id, created_at, is_read, message, read_at, sender_id, status, title, type, updated_at, user_id) 
    values
        (?, ?, ?, ?, ?, ?, ?, ?, ?, ?, ?, ?)
2026-03-05 12:04:28 [b3fa2456-ab10-47f0-88e1-f3c65724a570] [http-nio-8086-exec-6] INFO  c.c.n.service.NotificationService - Notification created for user 99: Payment Processed
2026-03-05 12:04:28 [b3fa2456-ab10-47f0-88e1-f3c65724a570] [http-nio-8086-exec-6] DEBUG o.s.m.s.b.SimpleBrokerMessageHandler - Processing MESSAGE destination=/topic/notifications/99 session=null payload={
  "id" : 166,
  "userId" : 99,
  "claimId" : 58,
  "title" : "Payment Proc...(truncated)
2026-03-05 12:04:28 [b3fa2456-ab10-47f0-88e1-f3c65724a570] [http-nio-8086-exec-6] DEBUG c.c.n.service.NotificationService - Notification sent to user 99 at /topic/notifications/99
2026-03-05 12:04:28 [b3fa2456-ab10-47f0-88e1-f3c65724a570] [http-nio-8086-exec-6] DEBUG org.hibernate.SQL - 
    update
        notifications 
    set
        action_url=?,
        claim_id=?,
        is_read=?,
        message=?,
        read_at=?,
        sender_id=?,
        status=?,
        title=?,
        type=?,
        updated_at=?,
        user_id=? 
    where
        id=?
2026-03-05 12:04:29 [7dc87109-16ba-4f7b-84df-9ad6d4d6a118] [http-nio-8086-exec-7] DEBUG o.s.w.s.s.s.WebSocketHandlerMapping - Mapped to org.springframework.web.socket.sockjs.support.SockJsHttpRequestHandler@31360632
2026-03-05 12:04:29 [7dc87109-16ba-4f7b-84df-9ad6d4d6a118] [http-nio-8086-exec-7] DEBUG o.s.w.s.s.t.h.DefaultSockJsService - Processing transport request: GET http://localhost:8086/ws/notifications/info?t=1772692469772
2026-03-05 12:04:30 [087e137d-b8b1-49ae-8477-a912c7bc9bb0] [http-nio-8086-exec-9] DEBUG o.s.w.s.s.s.WebSocketHandlerMapping - Mapped to org.springframework.web.socket.sockjs.support.SockJsHttpRequestHandler@31360632
2026-03-05 12:04:30 [087e137d-b8b1-49ae-8477-a912c7bc9bb0] [http-nio-8086-exec-9] DEBUG o.s.w.s.s.t.h.DefaultSockJsService - Processing transport request: GET http://localhost:8086/ws/notifications/info?t=1772692470184
2026-03-05 12:04:35 [d113c730-2d44-44c8-8b54-b5a94b5a7d67] [http-nio-8086-exec-8] DEBUG o.s.w.s.s.s.WebSocketHandlerMapping - Mapped to org.springframework.web.socket.sockjs.support.SockJsHttpRequestHandler@31360632
2026-03-05 12:04:35 [d113c730-2d44-44c8-8b54-b5a94b5a7d67] [http-nio-8086-exec-8] DEBUG o.s.w.s.s.t.h.DefaultSockJsService - Processing transport request: GET http://localhost:8086/ws/notifications/info?t=1772692475225
2026-03-05 12:04:35 [6dbf5322-6e2f-4b5f-b7c6-7c983ae06bfb] [http-nio-8086-exec-10] DEBUG o.s.w.s.s.s.WebSocketHandlerMapping - Mapped to org.springframework.web.socket.sockjs.support.SockJsHttpRequestHandler@31360632
2026-03-05 12:04:35 [6dbf5322-6e2f-4b5f-b7c6-7c983ae06bfb] [http-nio-8086-exec-10] DEBUG o.s.w.s.s.t.h.DefaultSockJsService - Processing transport request: GET http://localhost:8086/ws/notifications/info?t=1772692475765
2026-03-05 12:04:40 [b467e40a-8734-435f-9ee9-fec889b0e9e2] [http-nio-8086-exec-1] DEBUG o.s.w.s.s.s.WebSocketHandlerMapping - Mapped to org.springframework.web.socket.sockjs.support.SockJsHttpRequestHandler@31360632
2026-03-05 12:04:40 [b467e40a-8734-435f-9ee9-fec889b0e9e2] [http-nio-8086-exec-1] DEBUG o.s.w.s.s.t.h.DefaultSockJsService - Processing transport request: GET http://localhost:8086/ws/notifications/info?t=1772692480276
2026-03-05 12:04:41 [58e3db7a-98e9-4e83-afcd-9dad67bb144a] [http-nio-8086-exec-2] DEBUG o.s.w.s.s.s.WebSocketHandlerMapping - Mapped to org.springframework.web.socket.sockjs.support.SockJsHttpRequestHandler@31360632
2026-03-05 12:04:41 [58e3db7a-98e9-4e83-afcd-9dad67bb144a] [http-nio-8086-exec-2] DEBUG o.s.w.s.s.t.h.DefaultSockJsService - Processing transport request: GET http://localhost:8086/ws/notifications/info?t=1772692481763
2026-03-05 12:04:45 [4533f8cd-c989-4925-9f26-bc69f2d5d159] [http-nio-8086-exec-3] DEBUG o.s.w.s.s.s.WebSocketHandlerMapping - Mapped to org.springframework.web.socket.sockjs.support.SockJsHttpRequestHandler@31360632
2026-03-05 12:04:45 [4533f8cd-c989-4925-9f26-bc69f2d5d159] [http-nio-8086-exec-3] DEBUG o.s.w.s.s.t.h.DefaultSockJsService - Processing transport request: GET http://localhost:8086/ws/notifications/info?t=1772692485306
2026-03-05 12:04:46 [f1fb7016-a295-4e1f-9cb7-2377dd706d1f] [http-nio-8086-exec-4] DEBUG c.c.n.s.JwtAuthenticationFilter - Authenticated user: naveen123, URI: /api/notifications
2026-03-05 12:04:46 [f1fb7016-a295-4e1f-9cb7-2377dd706d1f] [http-nio-8086-exec-4] INFO  c.c.n.c.NotificationController - Fetching notifications for user: naveen123
2026-03-05 12:04:46 [f1fb7016-a295-4e1f-9cb7-2377dd706d1f] [http-nio-8086-exec-4] DEBUG org.hibernate.SQL - 
    select
        n1_0.id,
        n1_0.action_url,
        n1_0.claim_id,
        n1_0.created_at,
        n1_0.is_read,
        n1_0.message,
        n1_0.read_at,
        n1_0.sender_id,
        n1_0.status,
        n1_0.title,
        n1_0.type,
        n1_0.updated_at,
        n1_0.user_id 
    from
        notifications n1_0 
    where
        n1_0.user_id=? 
    order by
        n1_0.created_at desc
2026-03-05 12:04:46 [71a372ea-b13d-4483-88b3-66f084173d5b] [http-nio-8086-exec-5] DEBUG c.c.n.s.JwtAuthenticationFilter - Authenticated user: naveen123, URI: /api/notifications/unread/count
2026-03-05 12:04:46 [71a372ea-b13d-4483-88b3-66f084173d5b] [http-nio-8086-exec-5] DEBUG org.hibernate.SQL - 
    select
        count(n1_0.id) 
    from
        notifications n1_0 
    where
        n1_0.user_id=? 
        and n1_0.is_read=?
2026-03-05 12:04:47 [55b0f3ad-a724-4498-bf05-7b08bf2bb34d] [http-nio-8086-exec-6] DEBUG c.c.n.s.JwtAuthenticationFilter - Authenticated user: naveen123, URI: /api/notifications
2026-03-05 12:04:47 [55b0f3ad-a724-4498-bf05-7b08bf2bb34d] [http-nio-8086-exec-6] INFO  c.c.n.c.NotificationController - Fetching notifications for user: naveen123
2026-03-05 12:04:47 [55b0f3ad-a724-4498-bf05-7b08bf2bb34d] [http-nio-8086-exec-6] DEBUG org.hibernate.SQL - 
    select
        n1_0.id,
        n1_0.action_url,
        n1_0.claim_id,
        n1_0.created_at,
        n1_0.is_read,
        n1_0.message,
        n1_0.read_at,
        n1_0.sender_id,
        n1_0.status,
        n1_0.title,
        n1_0.type,
        n1_0.updated_at,
        n1_0.user_id 
    from
        notifications n1_0 
    where
        n1_0.user_id=? 
    order by
        n1_0.created_at desc
2026-03-05 12:04:47 [73a5b064-20b3-41ef-9088-a22365ee69e2] [http-nio-8086-exec-7] DEBUG c.c.n.s.JwtAuthenticationFilter - Authenticated user: naveen123, URI: /api/notifications/unread/count
2026-03-05 12:04:47 [73a5b064-20b3-41ef-9088-a22365ee69e2] [http-nio-8086-exec-7] DEBUG org.hibernate.SQL - 
    select
        count(n1_0.id) 
    from
        notifications n1_0 
    where
        n1_0.user_id=? 
        and n1_0.is_read=?
2026-03-05 12:04:47 [dd9cc91d-88d9-485e-8ffc-0f1721fb582c] [http-nio-8086-exec-9] DEBUG o.s.w.s.s.s.WebSocketHandlerMapping - Mapped to org.springframework.web.socket.sockjs.support.SockJsHttpRequestHandler@31360632
2026-03-05 12:04:47 [dd9cc91d-88d9-485e-8ffc-0f1721fb582c] [http-nio-8086-exec-9] DEBUG o.s.w.s.s.t.h.DefaultSockJsService - Processing transport request: GET http://localhost:8086/ws/notifications/info?t=1772692487764
2026-03-05 12:04:50 [da44ceea-3b0a-4da1-a2da-7771979b1e71] [http-nio-8086-exec-8] DEBUG o.s.w.s.s.s.WebSocketHandlerMapping - Mapped to org.springframework.web.socket.sockjs.support.SockJsHttpRequestHandler@31360632
2026-03-05 12:04:50 [da44ceea-3b0a-4da1-a2da-7771979b1e71] [http-nio-8086-exec-8] DEBUG o.s.w.s.s.t.h.DefaultSockJsService - Processing transport request: GET http://localhost:8086/ws/notifications/info?t=1772692490343
2026-03-05 12:04:53 [22fa247c-8092-4416-bcce-a0fd0f83262e] [http-nio-8086-exec-10] DEBUG o.s.w.s.s.s.WebSocketHandlerMapping - Mapped to org.springframework.web.socket.sockjs.support.SockJsHttpRequestHandler@31360632
2026-03-05 12:04:53 [22fa247c-8092-4416-bcce-a0fd0f83262e] [http-nio-8086-exec-10] DEBUG o.s.w.s.s.t.h.DefaultSockJsService - Processing transport request: GET http://localhost:8086/ws/notifications/info?t=1772692493769
2026-03-05 12:04:55 [ad4d8cfa-d3e9-4850-b818-09c9ec9ee0ad] [http-nio-8086-exec-1] DEBUG o.s.w.s.s.s.WebSocketHandlerMapping - Mapped to org.springframework.web.socket.sockjs.support.SockJsHttpRequestHandler@31360632
2026-03-05 12:04:55 [ad4d8cfa-d3e9-4850-b818-09c9ec9ee0ad] [http-nio-8086-exec-1] DEBUG o.s.w.s.s.t.h.DefaultSockJsService - Processing transport request: GET http://localhost:8086/ws/notifications/info?t=1772692495379
2026-03-05 12:04:59 [d64398d3-483c-4076-8dac-404825a11a76] [http-nio-8086-exec-2] DEBUG o.s.w.s.s.s.WebSocketHandlerMapping - Mapped to org.springframework.web.socket.sockjs.support.SockJsHttpRequestHandler@31360632
2026-03-05 12:04:59 [d64398d3-483c-4076-8dac-404825a11a76] [http-nio-8086-exec-2] DEBUG o.s.w.s.s.t.h.DefaultSockJsService - Processing transport request: GET http://localhost:8086/ws/notifications/info?t=1772692499770
2026-03-05 12:05:00 [360719df-d738-4223-b98b-9ef64260384b] [http-nio-8086-exec-3] DEBUG o.s.w.s.s.s.WebSocketHandlerMapping - Mapped to org.springframework.web.socket.sockjs.support.SockJsHttpRequestHandler@31360632
2026-03-05 12:05:00 [360719df-d738-4223-b98b-9ef64260384b] [http-nio-8086-exec-3] DEBUG o.s.w.s.s.t.h.DefaultSockJsService - Processing transport request: GET http://localhost:8086/ws/notifications/info?t=1772692500419
2026-03-05 12:05:04 [3017c749-9289-4bcc-9b84-b7f01f3f9c41] [http-nio-8086-exec-4] DEBUG o.s.w.s.s.s.WebSocketHandlerMapping - Mapped to org.springframework.web.socket.sockjs.support.SockJsHttpRequestHandler@31360632
2026-03-05 12:05:04 [3017c749-9289-4bcc-9b84-b7f01f3f9c41] [http-nio-8086-exec-4] DEBUG o.s.w.s.s.t.h.DefaultSockJsService - Processing transport request: GET http://localhost:8086/ws/notifications/info?t=1772692504827
2026-03-05 12:05:05 [1cf4c32c-c613-4b12-bc10-7382ebab89ef] [http-nio-8086-exec-5] DEBUG c.c.n.s.JwtAuthenticationFilter - Authenticated user: shashank123, URI: /api/notifications
2026-03-05 12:05:05 [1cf4c32c-c613-4b12-bc10-7382ebab89ef] [http-nio-8086-exec-5] INFO  c.c.n.c.NotificationController - Fetching notifications for user: shashank123
2026-03-05 12:05:05 [1cf4c32c-c613-4b12-bc10-7382ebab89ef] [http-nio-8086-exec-5] DEBUG org.hibernate.SQL - 
    select
        n1_0.id,
        n1_0.action_url,
        n1_0.claim_id,
        n1_0.created_at,
        n1_0.is_read,
        n1_0.message,
        n1_0.read_at,
        n1_0.sender_id,
        n1_0.status,
        n1_0.title,
        n1_0.type,
        n1_0.updated_at,
        n1_0.user_id 
    from
        notifications n1_0 
    where
        n1_0.user_id=? 
    order by
        n1_0.created_at desc
2026-03-05 12:05:05 [af34180a-6397-4e71-89d2-1ffdc09f5b78] [http-nio-8086-exec-6] DEBUG c.c.n.s.JwtAuthenticationFilter - Authenticated user: shashank123, URI: /api/notifications/unread/count
2026-03-05 12:05:05 [3cb8490e-a5c5-4380-b09f-076447d04a02] [http-nio-8086-exec-7] DEBUG o.s.w.s.s.s.WebSocketHandlerMapping - Mapped to org.springframework.web.socket.sockjs.support.SockJsHttpRequestHandler@31360632
2026-03-05 12:05:05 [3cb8490e-a5c5-4380-b09f-076447d04a02] [http-nio-8086-exec-7] DEBUG o.s.w.s.s.t.h.DefaultSockJsService - Processing transport request: GET http://localhost:8086/ws/notifications/info?t=1772692505678
2026-03-05 12:05:05 [af34180a-6397-4e71-89d2-1ffdc09f5b78] [http-nio-8086-exec-6] DEBUG org.hibernate.SQL - 
    select
        count(n1_0.id) 
    from
        notifications n1_0 
    where
        n1_0.user_id=? 
        and n1_0.is_read=?
2026-03-05 12:05:05 [dcad3ed9-dca8-4c6a-a7ad-34e039c6cf65] [http-nio-8086-exec-9] DEBUG o.s.w.s.s.s.WebSocketHandlerMapping - Mapped to org.springframework.web.socket.sockjs.support.SockJsHttpRequestHandler@31360632
2026-03-05 12:05:05 [dcad3ed9-dca8-4c6a-a7ad-34e039c6cf65] [http-nio-8086-exec-9] DEBUG o.s.w.s.s.t.h.DefaultSockJsService - Processing transport request: GET http://localhost:8086/ws/notifications/info?t=1772692505761
2026-03-05 12:05:10 [25815593-b1a2-42e0-abdd-2934a5eaa778] [http-nio-8086-exec-8] DEBUG o.s.w.s.s.s.WebSocketHandlerMapping - Mapped to org.springframework.web.socket.sockjs.support.SockJsHttpRequestHandler@31360632
2026-03-05 12:05:10 [25815593-b1a2-42e0-abdd-2934a5eaa778] [http-nio-8086-exec-8] DEBUG o.s.w.s.s.t.h.DefaultSockJsService - Processing transport request: GET http://localhost:8086/ws/notifications/info?t=1772692510721
2026-03-05 12:05:11 [4f265890-a48c-48e7-82c7-f9693efe6890] [http-nio-8086-exec-10] DEBUG o.s.w.s.s.s.WebSocketHandlerMapping - Mapped to org.springframework.web.socket.sockjs.support.SockJsHttpRequestHandler@31360632
2026-03-05 12:05:11 [4f265890-a48c-48e7-82c7-f9693efe6890] [http-nio-8086-exec-10] DEBUG o.s.w.s.s.t.h.DefaultSockJsService - Processing transport request: GET http://localhost:8086/ws/notifications/info?t=1772692511772
2026-03-05 12:05:15 [1a8649b7-ac7c-4e2c-b32e-b0d2cce6c9b4] [http-nio-8086-exec-1] DEBUG o.s.w.s.s.s.WebSocketHandlerMapping - Mapped to org.springframework.web.socket.sockjs.support.SockJsHttpRequestHandler@31360632
2026-03-05 12:05:15 [1a8649b7-ac7c-4e2c-b32e-b0d2cce6c9b4] [http-nio-8086-exec-1] DEBUG o.s.w.s.s.t.h.DefaultSockJsService - Processing transport request: GET http://localhost:8086/ws/notifications/info?t=1772692515747
2026-03-05 12:05:17 [03e94b62-2ae1-43f8-a492-d1e3284aee4c] [http-nio-8086-exec-2] DEBUG o.s.w.s.s.s.WebSocketHandlerMapping - Mapped to org.springframework.web.socket.sockjs.support.SockJsHttpRequestHandler@31360632
2026-03-05 12:05:17 [03e94b62-2ae1-43f8-a492-d1e3284aee4c] [http-nio-8086-exec-2] DEBUG o.s.w.s.s.t.h.DefaultSockJsService - Processing transport request: GET http://localhost:8086/ws/notifications/info?t=1772692517779
2026-03-05 12:05:20 [dffe9020-3bfe-4b4f-82ab-a526a465c568] [http-nio-8086-exec-3] DEBUG o.s.w.s.s.s.WebSocketHandlerMapping - Mapped to org.springframework.web.socket.sockjs.support.SockJsHttpRequestHandler@31360632
2026-03-05 12:05:20 [dffe9020-3bfe-4b4f-82ab-a526a465c568] [http-nio-8086-exec-3] DEBUG o.s.w.s.s.t.h.DefaultSockJsService - Processing transport request: GET http://localhost:8086/ws/notifications/info?t=1772692520783
2026-03-05 12:05:23 [1aa38230-d1b8-4f71-9734-c3a13591980d] [http-nio-8086-exec-4] DEBUG o.s.w.s.s.s.WebSocketHandlerMapping - Mapped to org.springframework.web.socket.sockjs.support.SockJsHttpRequestHandler@31360632
2026-03-05 12:05:23 [1aa38230-d1b8-4f71-9734-c3a13591980d] [http-nio-8086-exec-4] DEBUG o.s.w.s.s.t.h.DefaultSockJsService - Processing transport request: GET http://localhost:8086/ws/notifications/info?t=1772692523763
2026-03-05 12:05:25 [8de2c36d-9b4f-41cd-b279-bd5f36bae7e1] [http-nio-8086-exec-5] DEBUG o.s.w.s.s.s.WebSocketHandlerMapping - Mapped to org.springframework.web.socket.sockjs.support.SockJsHttpRequestHandler@31360632
2026-03-05 12:05:25 [8de2c36d-9b4f-41cd-b279-bd5f36bae7e1] [http-nio-8086-exec-5] DEBUG o.s.w.s.s.t.h.DefaultSockJsService - Processing transport request: GET http://localhost:8086/ws/notifications/info?t=1772692525813
2026-03-05 12:05:29 [73ea1458-8662-4306-a68f-d4856684906c] [http-nio-8086-exec-9] DEBUG o.s.w.s.s.s.WebSocketHandlerMapping - Mapped to org.springframework.web.socket.sockjs.support.SockJsHttpRequestHandler@31360632
2026-03-05 12:05:29 [73ea1458-8662-4306-a68f-d4856684906c] [http-nio-8086-exec-9] DEBUG o.s.w.s.s.t.h.DefaultSockJsService - Processing transport request: GET http://localhost:8086/ws/notifications/info?t=1772692529766
2026-03-05 12:05:30 [7ebc928a-fa14-4b27-94f9-3b42ce0fcb9f] [http-nio-8086-exec-8] DEBUG o.s.w.s.s.s.WebSocketHandlerMapping - Mapped to org.springframework.web.socket.sockjs.support.SockJsHttpRequestHandler@31360632
2026-03-05 12:05:30 [7ebc928a-fa14-4b27-94f9-3b42ce0fcb9f] [http-nio-8086-exec-8] DEBUG o.s.w.s.s.t.h.DefaultSockJsService - Processing transport request: GET http://localhost:8086/ws/notifications/info?t=1772692530857
2026-03-05 12:05:35 [4a71d65d-1b11-46d3-b8c3-eeb565195f37] [http-nio-8086-exec-10] DEBUG o.s.w.s.s.s.WebSocketHandlerMapping - Mapped to org.springframework.web.socket.sockjs.support.SockJsHttpRequestHandler@31360632
2026-03-05 12:05:35 [4a71d65d-1b11-46d3-b8c3-eeb565195f37] [http-nio-8086-exec-10] DEBUG o.s.w.s.s.t.h.DefaultSockJsService - Processing transport request: GET http://localhost:8086/ws/notifications/info?t=1772692535769
2026-03-05 12:05:35 [c0fb7bfe-34d2-401d-81b7-1d04e12c5416] [http-nio-8086-exec-1] DEBUG o.s.w.s.s.s.WebSocketHandlerMapping - Mapped to org.springframework.web.socket.sockjs.support.SockJsHttpRequestHandler@31360632
2026-03-05 12:05:35 [c0fb7bfe-34d2-401d-81b7-1d04e12c5416] [http-nio-8086-exec-1] DEBUG o.s.w.s.s.t.h.DefaultSockJsService - Processing transport request: GET http://localhost:8086/ws/notifications/info?t=1772692535917
2026-03-05 12:05:40 [bb924642-b591-408c-b0af-e98ece4bd395] [http-nio-8086-exec-2] DEBUG o.s.w.s.s.s.WebSocketHandlerMapping - Mapped to org.springframework.web.socket.sockjs.support.SockJsHttpRequestHandler@31360632
2026-03-05 12:05:40 [bb924642-b591-408c-b0af-e98ece4bd395] [http-nio-8086-exec-2] DEBUG o.s.w.s.s.t.h.DefaultSockJsService - Processing transport request: GET http://localhost:8086/ws/notifications/info?t=1772692540944
2026-03-05 12:05:41 [d340f39e-dacf-4c79-9dff-c3e203523e50] [http-nio-8086-exec-3] DEBUG o.s.w.s.s.s.WebSocketHandlerMapping - Mapped to org.springframework.web.socket.sockjs.support.SockJsHttpRequestHandler@31360632
2026-03-05 12:05:41 [d340f39e-dacf-4c79-9dff-c3e203523e50] [http-nio-8086-exec-3] DEBUG o.s.w.s.s.t.h.DefaultSockJsService - Processing transport request: GET http://localhost:8086/ws/notifications/info?t=1772692541762
2026-03-05 12:05:44 [291c7ec5-19a5-4e77-99dd-cfdf925bc42f] [http-nio-8086-exec-4] DEBUG c.c.n.s.JwtAuthenticationFilter - Authenticated user: shashank123, URI: /api/notifications
2026-03-05 12:05:44 [291c7ec5-19a5-4e77-99dd-cfdf925bc42f] [http-nio-8086-exec-4] INFO  c.c.n.c.NotificationController - Fetching notifications for user: shashank123
2026-03-05 12:05:44 [291c7ec5-19a5-4e77-99dd-cfdf925bc42f] [http-nio-8086-exec-4] DEBUG org.hibernate.SQL - 
    select
        n1_0.id,
        n1_0.action_url,
        n1_0.claim_id,
        n1_0.created_at,
        n1_0.is_read,
        n1_0.message,
        n1_0.read_at,
        n1_0.sender_id,
        n1_0.status,
        n1_0.title,
        n1_0.type,
        n1_0.updated_at,
        n1_0.user_id 
    from
        notifications n1_0 
    where
        n1_0.user_id=? 
    order by
        n1_0.created_at desc
2026-03-05 12:05:44 [12e730d1-ac5c-49ee-ac05-420af1ae08df] [http-nio-8086-exec-5] DEBUG c.c.n.s.JwtAuthenticationFilter - Authenticated user: shashank123, URI: /api/notifications/unread/count
2026-03-05 12:05:44 [12e730d1-ac5c-49ee-ac05-420af1ae08df] [http-nio-8086-exec-5] DEBUG org.hibernate.SQL - 
    select
        count(n1_0.id) 
    from
        notifications n1_0 
    where
        n1_0.user_id=? 
        and n1_0.is_read=?
2026-03-05 12:05:45 [d981bafe-558d-43f4-b959-a2710e535657] [http-nio-8086-exec-7] DEBUG o.s.w.s.s.s.WebSocketHandlerMapping - Mapped to org.springframework.web.socket.sockjs.support.SockJsHttpRequestHandler@31360632
2026-03-05 12:05:45 [d981bafe-558d-43f4-b959-a2710e535657] [http-nio-8086-exec-7] DEBUG o.s.w.s.s.t.h.DefaultSockJsService - Processing transport request: GET http://localhost:8086/ws/notifications/info?t=1772692545972
2026-03-05 12:05:47 [435d0137-cddd-47d2-af3f-4de25bb8c528] [http-nio-8086-exec-6] DEBUG o.s.w.s.s.s.WebSocketHandlerMapping - Mapped to org.springframework.web.socket.sockjs.support.SockJsHttpRequestHandler@31360632
2026-03-05 12:05:47 [435d0137-cddd-47d2-af3f-4de25bb8c528] [http-nio-8086-exec-6] DEBUG o.s.w.s.s.t.h.DefaultSockJsService - Processing transport request: GET http://localhost:8086/ws/notifications/info?t=1772692547756
2026-03-05 12:05:51 [56a35559-cac8-4957-bc99-3927e4fe7b2e] [http-nio-8086-exec-9] DEBUG o.s.w.s.s.s.WebSocketHandlerMapping - Mapped to org.springframework.web.socket.sockjs.support.SockJsHttpRequestHandler@31360632
2026-03-05 12:05:51 [56a35559-cac8-4957-bc99-3927e4fe7b2e] [http-nio-8086-exec-9] DEBUG o.s.w.s.s.t.h.DefaultSockJsService - Processing transport request: GET http://localhost:8086/ws/notifications/info?t=1772692551009
2026-03-05 12:05:53 [e46e996a-7f7f-449c-b9b2-4e38df34c355] [http-nio-8086-exec-8] DEBUG o.s.w.s.s.s.WebSocketHandlerMapping - Mapped to org.springframework.web.socket.sockjs.support.SockJsHttpRequestHandler@31360632
2026-03-05 12:05:53 [e46e996a-7f7f-449c-b9b2-4e38df34c355] [http-nio-8086-exec-8] DEBUG o.s.w.s.s.t.h.DefaultSockJsService - Processing transport request: GET http://localhost:8086/ws/notifications/info?t=1772692553760
2026-03-05 12:05:54 [dce308f2-3414-416b-8c34-c5639ee05319] [http-nio-8086-exec-10] DEBUG c.c.n.s.JwtAuthenticationFilter - Authenticated user: shashank123, URI: /api/notifications
2026-03-05 12:05:54 [dce308f2-3414-416b-8c34-c5639ee05319] [http-nio-8086-exec-10] INFO  c.c.n.c.NotificationController - Fetching notifications for user: shashank123
2026-03-05 12:05:54 [dce308f2-3414-416b-8c34-c5639ee05319] [http-nio-8086-exec-10] DEBUG org.hibernate.SQL - 
    select
        n1_0.id,
        n1_0.action_url,
        n1_0.claim_id,
        n1_0.created_at,
        n1_0.is_read,
        n1_0.message,
        n1_0.read_at,
        n1_0.sender_id,
        n1_0.status,
        n1_0.title,
        n1_0.type,
        n1_0.updated_at,
        n1_0.user_id 
    from
        notifications n1_0 
    where
        n1_0.user_id=? 
    order by
        n1_0.created_at desc
2026-03-05 12:05:54 [98dee87b-a331-497a-8f1a-fe93853406f1] [http-nio-8086-exec-1] DEBUG c.c.n.s.JwtAuthenticationFilter - Authenticated user: shashank123, URI: /api/notifications/unread/count
2026-03-05 12:05:54 [98dee87b-a331-497a-8f1a-fe93853406f1] [http-nio-8086-exec-1] DEBUG org.hibernate.SQL - 
    select
        count(n1_0.id) 
    from
        notifications n1_0 
    where
        n1_0.user_id=? 
        and n1_0.is_read=?
2026-03-05 12:05:56 [f4ce30d5-c2e6-4b2f-ad6e-536d37ec13f5] [http-nio-8086-exec-2] DEBUG o.s.w.s.s.s.WebSocketHandlerMapping - Mapped to org.springframework.web.socket.sockjs.support.SockJsHttpRequestHandler@31360632
2026-03-05 12:05:56 [f4ce30d5-c2e6-4b2f-ad6e-536d37ec13f5] [http-nio-8086-exec-2] DEBUG o.s.w.s.s.t.h.DefaultSockJsService - Processing transport request: GET http://localhost:8086/ws/notifications/info?t=1772692556029
2026-03-05 12:05:57 [faea838c-8214-4bca-b94f-b8bc2a12e47f] [http-nio-8086-exec-3] DEBUG c.c.n.s.JwtAuthenticationFilter - Authenticated user: shashank123, URI: /api/notifications/121
2026-03-05 12:05:57 [faea838c-8214-4bca-b94f-b8bc2a12e47f] [http-nio-8086-exec-3] DEBUG org.hibernate.SQL - 
    select
        n1_0.id,
        n1_0.action_url,
        n1_0.claim_id,
        n1_0.created_at,
        n1_0.is_read,
        n1_0.message,
        n1_0.read_at,
        n1_0.sender_id,
        n1_0.status,
        n1_0.title,
        n1_0.type,
        n1_0.updated_at,
        n1_0.user_id 
    from
        notifications n1_0 
    where
        n1_0.id=?
2026-03-05 12:05:57 [faea838c-8214-4bca-b94f-b8bc2a12e47f] [http-nio-8086-exec-3] DEBUG org.hibernate.SQL - 
    delete 
    from
        notifications 
    where
        id=?
2026-03-05 12:05:58 [b3097e5a-dc0f-4305-8d53-a284f919c187] [http-nio-8086-exec-4] DEBUG c.c.n.s.JwtAuthenticationFilter - Authenticated user: shashank123, URI: /api/notifications/120
2026-03-05 12:05:58 [b3097e5a-dc0f-4305-8d53-a284f919c187] [http-nio-8086-exec-4] DEBUG org.hibernate.SQL - 
    select
        n1_0.id,
        n1_0.action_url,
        n1_0.claim_id,
        n1_0.created_at,
        n1_0.is_read,
        n1_0.message,
        n1_0.read_at,
        n1_0.sender_id,
        n1_0.status,
        n1_0.title,
        n1_0.type,
        n1_0.updated_at,
        n1_0.user_id 
    from
        notifications n1_0 
    where
        n1_0.id=?
2026-03-05 12:05:58 [b3097e5a-dc0f-4305-8d53-a284f919c187] [http-nio-8086-exec-4] DEBUG org.hibernate.SQL - 
    delete 
    from
        notifications 
    where
        id=?
2026-03-05 12:05:59 [9213d1b1-0451-4e12-9499-05c801ce0e38] [http-nio-8086-exec-5] DEBUG o.s.w.s.s.s.WebSocketHandlerMapping - Mapped to org.springframework.web.socket.sockjs.support.SockJsHttpRequestHandler@31360632
2026-03-05 12:05:59 [9213d1b1-0451-4e12-9499-05c801ce0e38] [http-nio-8086-exec-5] DEBUG o.s.w.s.s.t.h.DefaultSockJsService - Processing transport request: GET http://localhost:8086/ws/notifications/info?t=1772692559764
2026-03-05 12:06:00 [d238b685-8220-40a7-97f2-1d9cc610717f] [http-nio-8086-exec-7] DEBUG c.c.n.s.JwtAuthenticationFilter - Authenticated user: shashank123, URI: /api/notifications
2026-03-05 12:06:00 [d238b685-8220-40a7-97f2-1d9cc610717f] [http-nio-8086-exec-7] INFO  c.c.n.c.NotificationController - Fetching notifications for user: shashank123
2026-03-05 12:06:00 [d238b685-8220-40a7-97f2-1d9cc610717f] [http-nio-8086-exec-7] DEBUG org.hibernate.SQL - 
    select
        n1_0.id,
        n1_0.action_url,
        n1_0.claim_id,
        n1_0.created_at,
        n1_0.is_read,
        n1_0.message,
        n1_0.read_at,
        n1_0.sender_id,
        n1_0.status,
        n1_0.title,
        n1_0.type,
        n1_0.updated_at,
        n1_0.user_id 
    from
        notifications n1_0 
    where
        n1_0.user_id=? 
    order by
        n1_0.created_at desc
2026-03-05 12:06:00 [79017afc-6e90-4820-8a67-29fe59c8db84] [http-nio-8086-exec-6] DEBUG c.c.n.s.JwtAuthenticationFilter - Authenticated user: shashank123, URI: /api/notifications/unread/count
2026-03-05 12:06:00 [79017afc-6e90-4820-8a67-29fe59c8db84] [http-nio-8086-exec-6] DEBUG org.hibernate.SQL - 
    select
        count(n1_0.id) 
    from
        notifications n1_0 
    where
        n1_0.user_id=? 
        and n1_0.is_read=?
2026-03-05 12:06:01 [75030970-b4de-4b0b-ade1-53384fe294c0] [http-nio-8086-exec-9] DEBUG o.s.w.s.s.s.WebSocketHandlerMapping - Mapped to org.springframework.web.socket.sockjs.support.SockJsHttpRequestHandler@31360632
2026-03-05 12:06:01 [75030970-b4de-4b0b-ade1-53384fe294c0] [http-nio-8086-exec-9] DEBUG o.s.w.s.s.t.h.DefaultSockJsService - Processing transport request: GET http://localhost:8086/ws/notifications/info?t=1772692561047
2026-03-05 12:06:05 [4fadbc1e-672e-4103-b129-b26d966a3d5a] [http-nio-8086-exec-8] DEBUG o.s.w.s.s.s.WebSocketHandlerMapping - Mapped to org.springframework.web.socket.sockjs.support.SockJsHttpRequestHandler@31360632
2026-03-05 12:06:05 [4fadbc1e-672e-4103-b129-b26d966a3d5a] [http-nio-8086-exec-8] DEBUG o.s.w.s.s.t.h.DefaultSockJsService - Processing transport request: GET http://localhost:8086/ws/notifications/info?t=1772692565760
2026-03-05 12:06:06 [8d63b5c6-07c0-4eb5-98e7-aba6372c2f68] [http-nio-8086-exec-10] DEBUG o.s.w.s.s.s.WebSocketHandlerMapping - Mapped to org.springframework.web.socket.sockjs.support.SockJsHttpRequestHandler@31360632
2026-03-05 12:06:06 [8d63b5c6-07c0-4eb5-98e7-aba6372c2f68] [http-nio-8086-exec-10] DEBUG o.s.w.s.s.t.h.DefaultSockJsService - Processing transport request: GET http://localhost:8086/ws/notifications/info?t=1772692566070
2026-03-05 12:06:11 [1f36b4c1-adc8-42a5-8028-3502055eb6f8] [http-nio-8086-exec-1] DEBUG o.s.w.s.s.s.WebSocketHandlerMapping - Mapped to org.springframework.web.socket.sockjs.support.SockJsHttpRequestHandler@31360632
2026-03-05 12:06:11 [1f36b4c1-adc8-42a5-8028-3502055eb6f8] [http-nio-8086-exec-1] DEBUG o.s.w.s.s.t.h.DefaultSockJsService - Processing transport request: GET http://localhost:8086/ws/notifications/info?t=1772692571768
2026-03-05 12:06:14 [d85408b9-9f03-4d22-8fc5-cb40b201b0e6] [http-nio-8086-exec-2] DEBUG o.s.w.s.s.s.WebSocketHandlerMapping - Mapped to org.springframework.web.socket.sockjs.support.SockJsHttpRequestHandler@31360632
2026-03-05 12:06:14 [d85408b9-9f03-4d22-8fc5-cb40b201b0e6] [http-nio-8086-exec-2] DEBUG o.s.w.s.s.t.h.DefaultSockJsService - Processing transport request: GET http://localhost:8086/ws/notifications/info?t=1772692574737
2026-03-05 12:06:17 [29964eae-7a71-4162-ac2c-5ec62cc62d59] [http-nio-8086-exec-3] DEBUG o.s.w.s.s.s.WebSocketHandlerMapping - Mapped to org.springframework.web.socket.sockjs.support.SockJsHttpRequestHandler@31360632
2026-03-05 12:06:17 [29964eae-7a71-4162-ac2c-5ec62cc62d59] [http-nio-8086-exec-3] DEBUG o.s.w.s.s.t.h.DefaultSockJsService - Processing transport request: GET http://localhost:8086/ws/notifications/info?t=1772692577762
2026-03-05 12:06:19 [3a9bdc31-ebdf-43b9-9f7e-cd23aa13a379] [http-nio-8086-exec-4] DEBUG o.s.w.s.s.s.WebSocketHandlerMapping - Mapped to org.springframework.web.socket.sockjs.support.SockJsHttpRequestHandler@31360632
2026-03-05 12:06:19 [3a9bdc31-ebdf-43b9-9f7e-cd23aa13a379] [http-nio-8086-exec-4] DEBUG o.s.w.s.s.t.h.DefaultSockJsService - Processing transport request: GET http://localhost:8086/ws/notifications/info?t=1772692579762
2026-03-05 12:06:23 [f39f25f9-5bf2-4529-a8f6-45409f1f3849] [http-nio-8086-exec-5] DEBUG o.s.w.s.s.s.WebSocketHandlerMapping - Mapped to org.springframework.web.socket.sockjs.support.SockJsHttpRequestHandler@31360632
2026-03-05 12:06:23 [f39f25f9-5bf2-4529-a8f6-45409f1f3849] [http-nio-8086-exec-5] DEBUG o.s.w.s.s.t.h.DefaultSockJsService - Processing transport request: GET http://localhost:8086/ws/notifications/info?t=1772692583759
2026-03-05 12:06:24 [026eea93-81ae-4c84-b800-d6d771cd7aa8] [http-nio-8086-exec-7] DEBUG o.s.w.s.s.s.WebSocketHandlerMapping - Mapped to org.springframework.web.socket.sockjs.support.SockJsHttpRequestHandler@31360632
2026-03-05 12:06:24 [026eea93-81ae-4c84-b800-d6d771cd7aa8] [http-nio-8086-exec-7] DEBUG o.s.w.s.s.t.h.DefaultSockJsService - Processing transport request: GET http://localhost:8086/ws/notifications/info?t=1772692584791
2026-03-05 12:06:29 [cf727707-d16e-44d7-a694-2a6ead59aa8c] [http-nio-8086-exec-6] DEBUG o.s.w.s.s.s.WebSocketHandlerMapping - Mapped to org.springframework.web.socket.sockjs.support.SockJsHttpRequestHandler@31360632
2026-03-05 12:06:29 [cf727707-d16e-44d7-a694-2a6ead59aa8c] [http-nio-8086-exec-6] DEBUG o.s.w.s.s.t.h.DefaultSockJsService - Processing transport request: GET http://localhost:8086/ws/notifications/info?t=1772692589774
2026-03-05 12:06:29 [8b13d259-bdca-4531-bca0-cfb61cc8a20c] [http-nio-8086-exec-9] DEBUG o.s.w.s.s.s.WebSocketHandlerMapping - Mapped to org.springframework.web.socket.sockjs.support.SockJsHttpRequestHandler@31360632
2026-03-05 12:06:29 [8b13d259-bdca-4531-bca0-cfb61cc8a20c] [http-nio-8086-exec-9] DEBUG o.s.w.s.s.t.h.DefaultSockJsService - Processing transport request: GET http://localhost:8086/ws/notifications/info?t=1772692589822
2026-03-05 12:06:34 [f18cea00-dcfb-4202-b2d0-d8b981a8aeb4] [http-nio-8086-exec-8] DEBUG o.s.w.s.s.s.WebSocketHandlerMapping - Mapped to org.springframework.web.socket.sockjs.support.SockJsHttpRequestHandler@31360632
2026-03-05 12:06:34 [f18cea00-dcfb-4202-b2d0-d8b981a8aeb4] [http-nio-8086-exec-8] DEBUG o.s.w.s.s.t.h.DefaultSockJsService - Processing transport request: GET http://localhost:8086/ws/notifications/info?t=1772692594851
2026-03-05 12:06:35 [77beb6bc-e2e1-4bec-ab78-6247ab24d788] [http-nio-8086-exec-10] DEBUG o.s.w.s.s.s.WebSocketHandlerMapping - Mapped to org.springframework.web.socket.sockjs.support.SockJsHttpRequestHandler@31360632
2026-03-05 12:06:35 [77beb6bc-e2e1-4bec-ab78-6247ab24d788] [http-nio-8086-exec-10] DEBUG o.s.w.s.s.t.h.DefaultSockJsService - Processing transport request: GET http://localhost:8086/ws/notifications/info?t=1772692595762
2026-03-05 12:06:39 [6b74fdce-3ab1-48e0-b600-dac4c7b0c612] [http-nio-8086-exec-1] DEBUG o.s.w.s.s.s.WebSocketHandlerMapping - Mapped to org.springframework.web.socket.sockjs.support.SockJsHttpRequestHandler@31360632
2026-03-05 12:06:39 [6b74fdce-3ab1-48e0-b600-dac4c7b0c612] [http-nio-8086-exec-1] DEBUG o.s.w.s.s.t.h.DefaultSockJsService - Processing transport request: GET http://localhost:8086/ws/notifications/info?t=1772692599880
2026-03-05 12:06:41 [d5731e37-043c-4d24-bbfa-a2dae827e2e3] [http-nio-8086-exec-2] DEBUG o.s.w.s.s.s.WebSocketHandlerMapping - Mapped to org.springframework.web.socket.sockjs.support.SockJsHttpRequestHandler@31360632
2026-03-05 12:06:41 [d5731e37-043c-4d24-bbfa-a2dae827e2e3] [http-nio-8086-exec-2] DEBUG o.s.w.s.s.t.h.DefaultSockJsService - Processing transport request: GET http://localhost:8086/ws/notifications/info?t=1772692601767
2026-03-05 12:06:43 [ab9247c4-9691-4103-93b7-10bc703d8ce7] [http-nio-8086-exec-3] DEBUG c.c.n.s.JwtAuthenticationFilter - Authenticated user: shashank123, URI: /api/notifications
2026-03-05 12:06:43 [ab9247c4-9691-4103-93b7-10bc703d8ce7] [http-nio-8086-exec-3] INFO  c.c.n.c.NotificationController - Fetching notifications for user: shashank123
2026-03-05 12:06:43 [ab9247c4-9691-4103-93b7-10bc703d8ce7] [http-nio-8086-exec-3] DEBUG org.hibernate.SQL - 
    select
        n1_0.id,
        n1_0.action_url,
        n1_0.claim_id,
        n1_0.created_at,
        n1_0.is_read,
        n1_0.message,
        n1_0.read_at,
        n1_0.sender_id,
        n1_0.status,
        n1_0.title,
        n1_0.type,
        n1_0.updated_at,
        n1_0.user_id 
    from
        notifications n1_0 
    where
        n1_0.user_id=? 
    order by
        n1_0.created_at desc
2026-03-05 12:06:43 [c4481ee9-e7a4-46fa-aec6-39c490ffa4b2] [http-nio-8086-exec-4] DEBUG c.c.n.s.JwtAuthenticationFilter - Authenticated user: shashank123, URI: /api/notifications/unread/count
2026-03-05 12:06:43 [c4481ee9-e7a4-46fa-aec6-39c490ffa4b2] [http-nio-8086-exec-4] DEBUG org.hibernate.SQL - 
    select
        count(n1_0.id) 
    from
        notifications n1_0 
    where
        n1_0.user_id=? 
        and n1_0.is_read=?
2026-03-05 12:06:44 [e5254c23-454d-4233-8764-3fcaf716f525] [http-nio-8086-exec-5] DEBUG o.s.w.s.s.s.WebSocketHandlerMapping - Mapped to org.springframework.web.socket.sockjs.support.SockJsHttpRequestHandler@31360632
2026-03-05 12:06:44 [e5254c23-454d-4233-8764-3fcaf716f525] [http-nio-8086-exec-5] DEBUG o.s.w.s.s.t.h.DefaultSockJsService - Processing transport request: GET http://localhost:8086/ws/notifications/info?t=1772692604914
2026-03-05 12:06:47 [a04fafc9-5e3e-4ecb-8f56-854620684157] [http-nio-8086-exec-7] DEBUG o.s.w.s.s.s.WebSocketHandlerMapping - Mapped to org.springframework.web.socket.sockjs.support.SockJsHttpRequestHandler@31360632
2026-03-05 12:06:47 [a04fafc9-5e3e-4ecb-8f56-854620684157] [http-nio-8086-exec-7] DEBUG o.s.w.s.s.t.h.DefaultSockJsService - Processing transport request: GET http://localhost:8086/ws/notifications/info?t=1772692607329
2026-03-05 12:06:50 [2698d891-1d26-4e89-bd2c-31d2c0a73f0a] [http-nio-8086-exec-6] DEBUG o.s.w.s.s.s.WebSocketHandlerMapping - Mapped to org.springframework.web.socket.sockjs.support.SockJsHttpRequestHandler@31360632
2026-03-05 12:06:50 [2698d891-1d26-4e89-bd2c-31d2c0a73f0a] [http-nio-8086-exec-6] DEBUG o.s.w.s.s.t.h.DefaultSockJsService - Processing transport request: GET http://localhost:8086/ws/notifications/info?t=1772692610723
2026-03-05 12:06:52 [2cb52115-c68e-452b-a7b1-b58ff69185b6] [http-nio-8086-exec-9] DEBUG o.s.w.s.s.s.WebSocketHandlerMapping - Mapped to org.springframework.web.socket.sockjs.support.SockJsHttpRequestHandler@31360632
2026-03-05 12:06:52 [2cb52115-c68e-452b-a7b1-b58ff69185b6] [http-nio-8086-exec-9] DEBUG o.s.w.s.s.t.h.DefaultSockJsService - Processing transport request: GET http://localhost:8086/ws/notifications/info?t=1772692612759
2026-03-05 12:06:55 [0a8717b1-84e7-4f1a-8bbf-01a0fcc721cc] [http-nio-8086-exec-8] DEBUG o.s.w.s.s.s.WebSocketHandlerMapping - Mapped to org.springframework.web.socket.sockjs.support.SockJsHttpRequestHandler@31360632
2026-03-05 12:06:55 [0a8717b1-84e7-4f1a-8bbf-01a0fcc721cc] [http-nio-8086-exec-8] DEBUG o.s.w.s.s.t.h.DefaultSockJsService - Processing transport request: GET http://localhost:8086/ws/notifications/info?t=1772692615748
2026-03-05 12:06:58 [2cbdb2e5-df70-49f4-8977-f16dd5d4eefe] [http-nio-8086-exec-10] DEBUG o.s.w.s.s.s.WebSocketHandlerMapping - Mapped to org.springframework.web.socket.sockjs.support.SockJsHttpRequestHandler@31360632
2026-03-05 12:06:58 [2cbdb2e5-df70-49f4-8977-f16dd5d4eefe] [http-nio-8086-exec-10] DEBUG o.s.w.s.s.t.h.DefaultSockJsService - Processing transport request: GET http://localhost:8086/ws/notifications/info?t=1772692618771
2026-03-05 12:07:00 [44bcc690-ed8b-4e22-8ebc-c45fe858a180] [http-nio-8086-exec-1] DEBUG o.s.w.s.s.s.WebSocketHandlerMapping - Mapped to org.springframework.web.socket.sockjs.support.SockJsHttpRequestHandler@31360632
2026-03-05 12:07:00 [44bcc690-ed8b-4e22-8ebc-c45fe858a180] [http-nio-8086-exec-1] DEBUG o.s.w.s.s.t.h.DefaultSockJsService - Processing transport request: GET http://localhost:8086/ws/notifications/info?t=1772692620789
2026-03-05 12:07:04 [7f812cbc-4f90-4b48-88e4-4c89c93d40b5] [http-nio-8086-exec-2] DEBUG o.s.w.s.s.s.WebSocketHandlerMapping - Mapped to org.springframework.web.socket.sockjs.support.SockJsHttpRequestHandler@31360632
2026-03-05 12:07:04 [7f812cbc-4f90-4b48-88e4-4c89c93d40b5] [http-nio-8086-exec-2] DEBUG o.s.w.s.s.t.h.DefaultSockJsService - Processing transport request: GET http://localhost:8086/ws/notifications/info?t=1772692624760
2026-03-05 12:07:05 [f7c3540d-10da-479c-9179-9f50d3c55760] [http-nio-8086-exec-3] DEBUG o.s.w.s.s.s.WebSocketHandlerMapping - Mapped to org.springframework.web.socket.sockjs.support.SockJsHttpRequestHandler@31360632
2026-03-05 12:07:05 [f7c3540d-10da-479c-9179-9f50d3c55760] [http-nio-8086-exec-3] DEBUG o.s.w.s.s.t.h.DefaultSockJsService - Processing transport request: GET http://localhost:8086/ws/notifications/info?t=1772692625823
2026-03-05 12:07:10 [50b9ac50-e6cf-4e8e-99ff-789abb71c6f6] [http-nio-8086-exec-4] DEBUG o.s.w.s.s.s.WebSocketHandlerMapping - Mapped to org.springframework.web.socket.sockjs.support.SockJsHttpRequestHandler@31360632
2026-03-05 12:07:10 [50b9ac50-e6cf-4e8e-99ff-789abb71c6f6] [http-nio-8086-exec-4] DEBUG o.s.w.s.s.t.h.DefaultSockJsService - Processing transport request: GET http://localhost:8086/ws/notifications/info?t=1772692630758
2026-03-05 12:07:10 [e37ed028-b46a-4a22-8008-a7df9a6633ef] [http-nio-8086-exec-5] DEBUG o.s.w.s.s.s.WebSocketHandlerMapping - Mapped to org.springframework.web.socket.sockjs.support.SockJsHttpRequestHandler@31360632
2026-03-05 12:07:10 [e37ed028-b46a-4a22-8008-a7df9a6633ef] [http-nio-8086-exec-5] DEBUG o.s.w.s.s.t.h.DefaultSockJsService - Processing transport request: GET http://localhost:8086/ws/notifications/info?t=1772692630870
2026-03-05 12:07:15 [0764865d-2060-4b58-8dbc-f440eccafd9b] [http-nio-8086-exec-7] DEBUG o.s.w.s.s.s.WebSocketHandlerMapping - Mapped to org.springframework.web.socket.sockjs.support.SockJsHttpRequestHandler@31360632
2026-03-05 12:07:15 [0764865d-2060-4b58-8dbc-f440eccafd9b] [http-nio-8086-exec-7] DEBUG o.s.w.s.s.t.h.DefaultSockJsService - Processing transport request: GET http://localhost:8086/ws/notifications/info?t=1772692635914
2026-03-05 12:07:16 [236cda39-f44d-4d41-99bd-bdbe3b6b0098] [http-nio-8086-exec-6] DEBUG o.s.w.s.s.s.WebSocketHandlerMapping - Mapped to org.springframework.web.socket.sockjs.support.SockJsHttpRequestHandler@31360632
2026-03-05 12:07:16 [236cda39-f44d-4d41-99bd-bdbe3b6b0098] [http-nio-8086-exec-6] DEBUG o.s.w.s.s.t.h.DefaultSockJsService - Processing transport request: GET http://localhost:8086/ws/notifications/info?t=1772692636756
2026-03-05 12:07:20 [a8c1d180-b382-42cc-892f-baf02d4c22bb] [http-nio-8086-exec-9] DEBUG o.s.w.s.s.s.WebSocketHandlerMapping - Mapped to org.springframework.web.socket.sockjs.support.SockJsHttpRequestHandler@31360632
2026-03-05 12:07:20 [a8c1d180-b382-42cc-892f-baf02d4c22bb] [http-nio-8086-exec-9] DEBUG o.s.w.s.s.t.h.DefaultSockJsService - Processing transport request: GET http://localhost:8086/ws/notifications/info?t=1772692640947
2026-03-05 12:07:22 [f243c183-0f9a-46ff-af99-ad82fa9c7d73] [http-nio-8086-exec-8] DEBUG o.s.w.s.s.s.WebSocketHandlerMapping - Mapped to org.springframework.web.socket.sockjs.support.SockJsHttpRequestHandler@31360632
2026-03-05 12:07:22 [f243c183-0f9a-46ff-af99-ad82fa9c7d73] [http-nio-8086-exec-8] DEBUG o.s.w.s.s.t.h.DefaultSockJsService - Processing transport request: GET http://localhost:8086/ws/notifications/info?t=1772692642765
2026-03-05 12:07:26 [92d229bd-8f6e-4172-b24a-96005ce212c4] [http-nio-8086-exec-10] DEBUG o.s.w.s.s.s.WebSocketHandlerMapping - Mapped to org.springframework.web.socket.sockjs.support.SockJsHttpRequestHandler@31360632
2026-03-05 12:07:26 [92d229bd-8f6e-4172-b24a-96005ce212c4] [http-nio-8086-exec-10] DEBUG o.s.w.s.s.t.h.DefaultSockJsService - Processing transport request: GET http://localhost:8086/ws/notifications/info?t=1772692645989
2026-03-05 12:07:28 [b9510c5f-61f0-4218-9940-4920fbd04d0b] [http-nio-8086-exec-1] DEBUG o.s.w.s.s.s.WebSocketHandlerMapping - Mapped to org.springframework.web.socket.sockjs.support.SockJsHttpRequestHandler@31360632
2026-03-05 12:07:28 [b9510c5f-61f0-4218-9940-4920fbd04d0b] [http-nio-8086-exec-1] DEBUG o.s.w.s.s.t.h.DefaultSockJsService - Processing transport request: GET http://localhost:8086/ws/notifications/info?t=1772692648763
2026-03-05 12:07:31 [1f08f717-6101-41f3-8416-2f1d12b9a82c] [http-nio-8086-exec-2] DEBUG o.s.w.s.s.s.WebSocketHandlerMapping - Mapped to org.springframework.web.socket.sockjs.support.SockJsHttpRequestHandler@31360632
2026-03-05 12:07:31 [1f08f717-6101-41f3-8416-2f1d12b9a82c] [http-nio-8086-exec-2] DEBUG o.s.w.s.s.t.h.DefaultSockJsService - Processing transport request: GET http://localhost:8086/ws/notifications/info?t=1772692651022
2026-03-05 12:07:33 [8ab8bac1-bae0-41f9-a3fe-b00f1ae4c01d] [http-nio-8086-exec-3] DEBUG o.s.w.s.s.s.WebSocketHandlerMapping - Mapped to org.springframework.web.socket.sockjs.support.SockJsHttpRequestHandler@31360632
2026-03-05 12:07:33 [8ab8bac1-bae0-41f9-a3fe-b00f1ae4c01d] [http-nio-8086-exec-3] DEBUG o.s.w.s.s.t.h.DefaultSockJsService - Processing transport request: GET http://localhost:8086/ws/notifications/info?t=1772692653805
2026-03-05 12:07:36 [6be4cd00-27be-4839-99bf-1dd1fc88f353] [http-nio-8086-exec-4] DEBUG o.s.w.s.s.s.WebSocketHandlerMapping - Mapped to org.springframework.web.socket.sockjs.support.SockJsHttpRequestHandler@31360632
2026-03-05 12:07:36 [6be4cd00-27be-4839-99bf-1dd1fc88f353] [http-nio-8086-exec-4] DEBUG o.s.w.s.s.t.h.DefaultSockJsService - Processing transport request: GET http://localhost:8086/ws/notifications/info?t=1772692656769
2026-03-05 12:07:41 [8c5444fb-1831-44ab-bf3d-99911145bdd3] [http-nio-8086-exec-5] DEBUG c.c.n.s.JwtAuthenticationFilter - Authenticated user: vikas123, URI: /api/notifications
2026-03-05 12:07:41 [8c5444fb-1831-44ab-bf3d-99911145bdd3] [http-nio-8086-exec-5] INFO  c.c.n.c.NotificationController - Fetching notifications for user: vikas123
2026-03-05 12:07:41 [8c5444fb-1831-44ab-bf3d-99911145bdd3] [http-nio-8086-exec-5] DEBUG org.hibernate.SQL - 
    select
        n1_0.id,
        n1_0.action_url,
        n1_0.claim_id,
        n1_0.created_at,
        n1_0.is_read,
        n1_0.message,
        n1_0.read_at,
        n1_0.sender_id,
        n1_0.status,
        n1_0.title,
        n1_0.type,
        n1_0.updated_at,
        n1_0.user_id 
    from
        notifications n1_0 
    where
        n1_0.user_id=? 
    order by
        n1_0.created_at desc
2026-03-05 12:07:41 [d6858dd5-726f-462b-ad19-e1fc07012877] [http-nio-8086-exec-7] DEBUG o.s.w.s.s.s.WebSocketHandlerMapping - Mapped to org.springframework.web.socket.sockjs.support.SockJsHttpRequestHandler@31360632
2026-03-05 12:07:41 [d6858dd5-726f-462b-ad19-e1fc07012877] [http-nio-8086-exec-7] DEBUG o.s.w.s.s.t.h.DefaultSockJsService - Processing transport request: GET http://localhost:8086/ws/notifications/info?t=1772692661459
2026-03-05 12:07:41 [b80dcb35-b1f2-43b8-b3b3-f0c057fd071d] [http-nio-8086-exec-6] DEBUG c.c.n.s.JwtAuthenticationFilter - Authenticated user: vikas123, URI: /api/notifications
2026-03-05 12:07:41 [b80dcb35-b1f2-43b8-b3b3-f0c057fd071d] [http-nio-8086-exec-6] INFO  c.c.n.c.NotificationController - Fetching notifications for user: vikas123
2026-03-05 12:07:41 [df719e70-1976-406d-8df4-5cc642b3cb0b] [http-nio-8086-exec-9] DEBUG c.c.n.s.JwtAuthenticationFilter - Authenticated user: vikas123, URI: /api/notifications/unread/count
2026-03-05 12:07:41 [b80dcb35-b1f2-43b8-b3b3-f0c057fd071d] [http-nio-8086-exec-6] DEBUG org.hibernate.SQL - 
    select
        n1_0.id,
        n1_0.action_url,
        n1_0.claim_id,
        n1_0.created_at,
        n1_0.is_read,
        n1_0.message,
        n1_0.read_at,
        n1_0.sender_id,
        n1_0.status,
        n1_0.title,
        n1_0.type,
        n1_0.updated_at,
        n1_0.user_id 
    from
        notifications n1_0 
    where
        n1_0.user_id=? 
    order by
        n1_0.created_at desc
2026-03-05 12:07:41 [df719e70-1976-406d-8df4-5cc642b3cb0b] [http-nio-8086-exec-9] DEBUG org.hibernate.SQL - 
    select
        count(n1_0.id) 
    from
        notifications n1_0 
    where
        n1_0.user_id=? 
        and n1_0.is_read=?
2026-03-05 12:07:41 [b9ec1d1d-63dd-425d-8414-61d56dc30eff] [http-nio-8086-exec-8] DEBUG c.c.n.s.JwtAuthenticationFilter - Authenticated user: vikas123, URI: /api/notifications/unread/count
2026-03-05 12:07:41 [b9ec1d1d-63dd-425d-8414-61d56dc30eff] [http-nio-8086-exec-8] DEBUG org.hibernate.SQL - 
    select
        count(n1_0.id) 
    from
        notifications n1_0 
    where
        n1_0.user_id=? 
        and n1_0.is_read=?
2026-03-05 12:07:42 [c5ed5e67-0d0f-4950-8753-5bd3d8ee6ee0] [http-nio-8086-exec-10] DEBUG o.s.w.s.s.s.WebSocketHandlerMapping - Mapped to org.springframework.web.socket.sockjs.support.SockJsHttpRequestHandler@31360632
2026-03-05 12:07:42 [c5ed5e67-0d0f-4950-8753-5bd3d8ee6ee0] [http-nio-8086-exec-10] DEBUG o.s.w.s.s.t.h.DefaultSockJsService - Processing transport request: GET http://localhost:8086/ws/notifications/info?t=1772692662759
2026-03-05 12:07:46 [ba829222-b116-48e7-b31d-0e319b63cb25] [http-nio-8086-exec-1] DEBUG o.s.w.s.s.s.WebSocketHandlerMapping - Mapped to org.springframework.web.socket.sockjs.support.SockJsHttpRequestHandler@31360632
2026-03-05 12:07:46 [ba829222-b116-48e7-b31d-0e319b63cb25] [http-nio-8086-exec-1] DEBUG o.s.w.s.s.t.h.DefaultSockJsService - Processing transport request: GET http://localhost:8086/ws/notifications/info?t=1772692666511
2026-03-05 12:07:47 [994565bd-82b3-41f2-80de-e63af2cc7f37] [http-nio-8086-exec-2] DEBUG c.c.n.s.JwtAuthenticationFilter - Authenticated user: vikas123, URI: /api/notifications
2026-03-05 12:07:47 [994565bd-82b3-41f2-80de-e63af2cc7f37] [http-nio-8086-exec-2] INFO  c.c.n.c.NotificationController - Fetching notifications for user: vikas123
2026-03-05 12:07:47 [994565bd-82b3-41f2-80de-e63af2cc7f37] [http-nio-8086-exec-2] DEBUG org.hibernate.SQL - 
    select
        n1_0.id,
        n1_0.action_url,
        n1_0.claim_id,
        n1_0.created_at,
        n1_0.is_read,
        n1_0.message,
        n1_0.read_at,
        n1_0.sender_id,
        n1_0.status,
        n1_0.title,
        n1_0.type,
        n1_0.updated_at,
        n1_0.user_id 
    from
        notifications n1_0 
    where
        n1_0.user_id=? 
    order by
        n1_0.created_at desc
2026-03-05 12:07:47 [c9840bea-cb1e-4e2d-abaa-e59830095efc] [http-nio-8086-exec-3] DEBUG c.c.n.s.JwtAuthenticationFilter - Authenticated user: vikas123, URI: /api/notifications/unread/count
2026-03-05 12:07:47 [c9840bea-cb1e-4e2d-abaa-e59830095efc] [http-nio-8086-exec-3] DEBUG org.hibernate.SQL - 
    select
        count(n1_0.id) 
    from
        notifications n1_0 
    where
        n1_0.user_id=? 
        and n1_0.is_read=?
2026-03-05 12:07:48 [1fb8b1c0-beeb-45ac-8998-2f450c0f9e9f] [http-nio-8086-exec-4] DEBUG o.s.w.s.s.s.WebSocketHandlerMapping - Mapped to org.springframework.web.socket.sockjs.support.SockJsHttpRequestHandler@31360632
2026-03-05 12:07:48 [1fb8b1c0-beeb-45ac-8998-2f450c0f9e9f] [http-nio-8086-exec-4] DEBUG o.s.w.s.s.t.h.DefaultSockJsService - Processing transport request: GET http://localhost:8086/ws/notifications/info?t=1772692668767
2026-03-05 12:07:51 [3469fce9-2c51-4a08-8b30-50bab196d3bb] [http-nio-8086-exec-5] DEBUG o.s.w.s.s.s.WebSocketHandlerMapping - Mapped to org.springframework.web.socket.sockjs.support.SockJsHttpRequestHandler@31360632
2026-03-05 12:07:51 [3469fce9-2c51-4a08-8b30-50bab196d3bb] [http-nio-8086-exec-5] DEBUG o.s.w.s.s.t.h.DefaultSockJsService - Processing transport request: GET http://localhost:8086/ws/notifications/info?t=1772692671543
2026-03-05 12:07:54 [d1332071-be8a-4347-b0f5-86b2161637ce] [http-nio-8086-exec-7] DEBUG o.s.w.s.s.s.WebSocketHandlerMapping - Mapped to org.springframework.web.socket.sockjs.support.SockJsHttpRequestHandler@31360632
2026-03-05 12:07:54 [d1332071-be8a-4347-b0f5-86b2161637ce] [http-nio-8086-exec-7] DEBUG o.s.w.s.s.t.h.DefaultSockJsService - Processing transport request: GET http://localhost:8086/ws/notifications/info?t=1772692674760
2026-03-05 12:07:56 [be9febd5-bbbd-4b05-9314-dc33d67db5fa] [http-nio-8086-exec-6] DEBUG o.s.w.s.s.s.WebSocketHandlerMapping - Mapped to org.springframework.web.socket.sockjs.support.SockJsHttpRequestHandler@31360632
2026-03-05 12:07:56 [be9febd5-bbbd-4b05-9314-dc33d67db5fa] [http-nio-8086-exec-6] DEBUG o.s.w.s.s.t.h.DefaultSockJsService - Processing transport request: GET http://localhost:8086/ws/notifications/info?t=1772692676598
2026-03-05 12:08:00 [302d86ee-155f-4395-83d7-0c2a3b30c9e3] [http-nio-8086-exec-9] DEBUG o.s.w.s.s.s.WebSocketHandlerMapping - Mapped to org.springframework.web.socket.sockjs.support.SockJsHttpRequestHandler@31360632
2026-03-05 12:08:00 [302d86ee-155f-4395-83d7-0c2a3b30c9e3] [http-nio-8086-exec-9] DEBUG o.s.w.s.s.t.h.DefaultSockJsService - Processing transport request: GET http://localhost:8086/ws/notifications/info?t=1772692680756
2026-03-05 12:08:01 [7028829a-4ad8-4714-aec2-a56496af76e8] [http-nio-8086-exec-8] DEBUG o.s.w.s.s.s.WebSocketHandlerMapping - Mapped to org.springframework.web.socket.sockjs.support.SockJsHttpRequestHandler@31360632
2026-03-05 12:08:01 [7028829a-4ad8-4714-aec2-a56496af76e8] [http-nio-8086-exec-8] DEBUG o.s.w.s.s.t.h.DefaultSockJsService - Processing transport request: GET http://localhost:8086/ws/notifications/info?t=1772692681637
2026-03-05 12:08:06 [beb43682-d6d3-45c0-a455-8c47f15220d5] [http-nio-8086-exec-10] DEBUG o.s.w.s.s.s.WebSocketHandlerMapping - Mapped to org.springframework.web.socket.sockjs.support.SockJsHttpRequestHandler@31360632
2026-03-05 12:08:06 [beb43682-d6d3-45c0-a455-8c47f15220d5] [http-nio-8086-exec-10] DEBUG o.s.w.s.s.t.h.DefaultSockJsService - Processing transport request: GET http://localhost:8086/ws/notifications/info?t=1772692686670
2026-03-05 12:08:06 [4acb08f1-34bf-47c8-978e-98f86a5db39b] [http-nio-8086-exec-1] DEBUG o.s.w.s.s.s.WebSocketHandlerMapping - Mapped to org.springframework.web.socket.sockjs.support.SockJsHttpRequestHandler@31360632
2026-03-05 12:08:06 [4acb08f1-34bf-47c8-978e-98f86a5db39b] [http-nio-8086-exec-1] DEBUG o.s.w.s.s.t.h.DefaultSockJsService - Processing transport request: GET http://localhost:8086/ws/notifications/info?t=1772692686758
2026-03-05 12:08:11 [9e63e15b-2494-4b82-a466-e4d29750f4ee] [http-nio-8086-exec-2] DEBUG o.s.w.s.s.s.WebSocketHandlerMapping - Mapped to org.springframework.web.socket.sockjs.support.SockJsHttpRequestHandler@31360632
2026-03-05 12:08:11 [9e63e15b-2494-4b82-a466-e4d29750f4ee] [http-nio-8086-exec-2] DEBUG o.s.w.s.s.t.h.DefaultSockJsService - Processing transport request: GET http://localhost:8086/ws/notifications/info?t=1772692691702
2026-03-05 12:08:12 [38ab813f-9eca-4d2c-a20c-36e9f8138fbf] [http-nio-8086-exec-3] DEBUG c.c.n.s.JwtAuthenticationFilter - Authenticated user: vikas123, URI: /api/notifications/read-all
2026-03-05 12:08:12 [38ab813f-9eca-4d2c-a20c-36e9f8138fbf] [http-nio-8086-exec-3] DEBUG org.hibernate.SQL - 
    update
        notifications 
    set
        is_read=1,
        read_at=?,
        status='READ' 
    where
        user_id=? 
        and is_read=0
2026-03-05 12:08:12 [38ab813f-9eca-4d2c-a20c-36e9f8138fbf] [http-nio-8086-exec-3] INFO  c.c.n.service.NotificationService - 3 notifications marked as read for user 99
2026-03-05 12:08:12 [b301a1f8-3c8d-443b-9031-1f214dbd66db] [http-nio-8086-exec-4] DEBUG o.s.w.s.s.s.WebSocketHandlerMapping - Mapped to org.springframework.web.socket.sockjs.support.SockJsHttpRequestHandler@31360632
2026-03-05 12:08:12 [b301a1f8-3c8d-443b-9031-1f214dbd66db] [http-nio-8086-exec-4] DEBUG o.s.w.s.s.t.h.DefaultSockJsService - Processing transport request: GET http://localhost:8086/ws/notifications/info?t=1772692692776
2026-03-05 12:08:16 [e2bc3d44-1ca2-43fb-a12a-f91477f6c1ec] [http-nio-8086-exec-5] DEBUG o.s.w.s.s.s.WebSocketHandlerMapping - Mapped to org.springframework.web.socket.sockjs.support.SockJsHttpRequestHandler@31360632
2026-03-05 12:08:16 [e2bc3d44-1ca2-43fb-a12a-f91477f6c1ec] [http-nio-8086-exec-5] DEBUG o.s.w.s.s.t.h.DefaultSockJsService - Processing transport request: GET http://localhost:8086/ws/notifications/info?t=1772692696737
2026-03-05 12:08:18 [db29b79a-fe42-4009-8e11-3cffa5e62f56] [http-nio-8086-exec-7] DEBUG o.s.w.s.s.s.WebSocketHandlerMapping - Mapped to org.springframework.web.socket.sockjs.support.SockJsHttpRequestHandler@31360632
2026-03-05 12:08:18 [db29b79a-fe42-4009-8e11-3cffa5e62f56] [http-nio-8086-exec-7] DEBUG o.s.w.s.s.t.h.DefaultSockJsService - Processing transport request: GET http://localhost:8086/ws/notifications/info?t=1772692698768
2026-03-05 12:08:21 [7ca3d1c4-ba81-4188-b92a-d784607a56e5] [http-nio-8086-exec-6] DEBUG o.s.w.s.s.s.WebSocketHandlerMapping - Mapped to org.springframework.web.socket.sockjs.support.SockJsHttpRequestHandler@31360632
2026-03-05 12:08:21 [7ca3d1c4-ba81-4188-b92a-d784607a56e5] [http-nio-8086-exec-6] DEBUG o.s.w.s.s.t.h.DefaultSockJsService - Processing transport request: GET http://localhost:8086/ws/notifications/info?t=1772692701775
2026-03-05 12:08:24 [7d2ca8ec-625a-41d2-8d69-b7aeff349bc6] [http-nio-8086-exec-9] DEBUG o.s.w.s.s.s.WebSocketHandlerMapping - Mapped to org.springframework.web.socket.sockjs.support.SockJsHttpRequestHandler@31360632
2026-03-05 12:08:24 [7d2ca8ec-625a-41d2-8d69-b7aeff349bc6] [http-nio-8086-exec-9] DEBUG o.s.w.s.s.t.h.DefaultSockJsService - Processing transport request: GET http://localhost:8086/ws/notifications/info?t=1772692704759
2026-03-05 12:08:25 [2f518c23-c602-4053-9f38-34e065a8a91e] [http-nio-8086-exec-8] DEBUG c.c.n.s.JwtAuthenticationFilter - Authenticated user: vikas123, URI: /api/notifications
2026-03-05 12:08:25 [2f518c23-c602-4053-9f38-34e065a8a91e] [http-nio-8086-exec-8] INFO  c.c.n.c.NotificationController - Fetching notifications for user: vikas123
2026-03-05 12:08:25 [2f518c23-c602-4053-9f38-34e065a8a91e] [http-nio-8086-exec-8] DEBUG org.hibernate.SQL - 
    select
        n1_0.id,
        n1_0.action_url,
        n1_0.claim_id,
        n1_0.created_at,
        n1_0.is_read,
        n1_0.message,
        n1_0.read_at,
        n1_0.sender_id,
        n1_0.status,
        n1_0.title,
        n1_0.type,
        n1_0.updated_at,
        n1_0.user_id 
    from
        notifications n1_0 
    where
        n1_0.user_id=? 
    order by
        n1_0.created_at desc
2026-03-05 12:08:25 [cf57dd04-9478-4b8d-87a1-adf439ea7afa] [http-nio-8086-exec-10] DEBUG o.s.w.s.s.s.WebSocketHandlerMapping - Mapped to org.springframework.web.socket.sockjs.support.SockJsHttpRequestHandler@31360632
2026-03-05 12:08:25 [cf57dd04-9478-4b8d-87a1-adf439ea7afa] [http-nio-8086-exec-10] DEBUG o.s.w.s.s.t.h.DefaultSockJsService - Processing transport request: GET http://localhost:8086/ws/notifications/info?t=1772692705066
2026-03-05 12:08:25 [07b7c09e-0433-4d47-9076-4cc3a05c58b3] [http-nio-8086-exec-1] DEBUG c.c.n.s.JwtAuthenticationFilter - Authenticated user: vikas123, URI: /api/notifications/unread/count
2026-03-05 12:08:25 [07b7c09e-0433-4d47-9076-4cc3a05c58b3] [http-nio-8086-exec-1] DEBUG org.hibernate.SQL - 
    select
        count(n1_0.id) 
    from
        notifications n1_0 
    where
        n1_0.user_id=? 
        and n1_0.is_read=?
2026-03-05 12:08:30 [6f19288e-2541-4804-8e89-392ba2b30565] [http-nio-8086-exec-2] DEBUG o.s.w.s.s.s.WebSocketHandlerMapping - Mapped to org.springframework.web.socket.sockjs.support.SockJsHttpRequestHandler@31360632
2026-03-05 12:08:30 [6f19288e-2541-4804-8e89-392ba2b30565] [http-nio-8086-exec-2] DEBUG o.s.w.s.s.t.h.DefaultSockJsService - Processing transport request: GET http://localhost:8086/ws/notifications/info?t=1772692710098
2026-03-05 12:08:30 [bfdb6e38-af73-44d5-bc00-5cba94c137a4] [http-nio-8086-exec-3] DEBUG o.s.w.s.s.s.WebSocketHandlerMapping - Mapped to org.springframework.web.socket.sockjs.support.SockJsHttpRequestHandler@31360632
2026-03-05 12:08:30 [bfdb6e38-af73-44d5-bc00-5cba94c137a4] [http-nio-8086-exec-3] DEBUG o.s.w.s.s.t.h.DefaultSockJsService - Processing transport request: GET http://localhost:8086/ws/notifications/info?t=1772692710757
2026-03-05 12:08:35 [ad06f217-857e-4462-abca-c02df66ad978] [http-nio-8086-exec-4] DEBUG o.s.w.s.s.s.WebSocketHandlerMapping - Mapped to org.springframework.web.socket.sockjs.support.SockJsHttpRequestHandler@31360632
2026-03-05 12:08:35 [ad06f217-857e-4462-abca-c02df66ad978] [http-nio-8086-exec-4] DEBUG o.s.w.s.s.t.h.DefaultSockJsService - Processing transport request: GET http://localhost:8086/ws/notifications/info?t=1772692715125
2026-03-05 12:08:36 [73405702-b376-4614-81f3-a30818fef68a] [http-nio-8086-exec-5] DEBUG o.s.w.s.s.s.WebSocketHandlerMapping - Mapped to org.springframework.web.socket.sockjs.support.SockJsHttpRequestHandler@31360632
2026-03-05 12:08:36 [73405702-b376-4614-81f3-a30818fef68a] [http-nio-8086-exec-5] DEBUG o.s.w.s.s.t.h.DefaultSockJsService - Processing transport request: GET http://localhost:8086/ws/notifications/info?t=1772692716770
2026-03-05 12:08:40 [9d17bf99-ad5c-455c-a45f-37b7c363ca38] [http-nio-8086-exec-7] DEBUG o.s.w.s.s.s.WebSocketHandlerMapping - Mapped to org.springframework.web.socket.sockjs.support.SockJsHttpRequestHandler@31360632
2026-03-05 12:08:40 [9d17bf99-ad5c-455c-a45f-37b7c363ca38] [http-nio-8086-exec-7] DEBUG o.s.w.s.s.t.h.DefaultSockJsService - Processing transport request: GET http://localhost:8086/ws/notifications/info?t=1772692720161
2026-03-05 12:08:42 [ce0f3d06-81ad-4181-9da1-e159534ad737] [http-nio-8086-exec-6] DEBUG o.s.w.s.s.s.WebSocketHandlerMapping - Mapped to org.springframework.web.socket.sockjs.support.SockJsHttpRequestHandler@31360632
2026-03-05 12:08:42 [ce0f3d06-81ad-4181-9da1-e159534ad737] [http-nio-8086-exec-6] DEBUG o.s.w.s.s.t.h.DefaultSockJsService - Processing transport request: GET http://localhost:8086/ws/notifications/info?t=1772692722763
2026-03-05 12:08:44 [] [AsyncResolver-bootstrap-executor-0] INFO  c.n.d.s.r.aws.ConfigClusterResolver - Resolving eureka endpoints via configuration
2026-03-05 12:08:45 [18b756b6-36fd-4117-9eae-f049adef1824] [http-nio-8086-exec-9] DEBUG o.s.w.s.s.s.WebSocketHandlerMapping - Mapped to org.springframework.web.socket.sockjs.support.SockJsHttpRequestHandler@31360632
2026-03-05 12:08:45 [18b756b6-36fd-4117-9eae-f049adef1824] [http-nio-8086-exec-9] DEBUG o.s.w.s.s.t.h.DefaultSockJsService - Processing transport request: GET http://localhost:8086/ws/notifications/info?t=1772692725190
2026-03-05 12:08:48 [ddc88c0a-0063-4957-a179-327ca4555196] [http-nio-8086-exec-8] DEBUG o.s.w.s.s.s.WebSocketHandlerMapping - Mapped to org.springframework.web.socket.sockjs.support.SockJsHttpRequestHandler@31360632
2026-03-05 12:08:48 [ddc88c0a-0063-4957-a179-327ca4555196] [http-nio-8086-exec-8] DEBUG o.s.w.s.s.t.h.DefaultSockJsService - Processing transport request: GET http://localhost:8086/ws/notifications/info?t=1772692728759
2026-03-05 12:08:50 [ae65a213-73d1-4a48-a404-17b50675468e] [http-nio-8086-exec-10] DEBUG o.s.w.s.s.s.WebSocketHandlerMapping - Mapped to org.springframework.web.socket.sockjs.support.SockJsHttpRequestHandler@31360632
2026-03-05 12:08:50 [ae65a213-73d1-4a48-a404-17b50675468e] [http-nio-8086-exec-10] DEBUG o.s.w.s.s.t.h.DefaultSockJsService - Processing transport request: GET http://localhost:8086/ws/notifications/info?t=1772692730221
2026-03-05 12:08:54 [e9d10241-77b6-4046-9e1f-9e57dc9fd7a0] [http-nio-8086-exec-1] DEBUG o.s.w.s.s.s.WebSocketHandlerMapping - Mapped to org.springframework.web.socket.sockjs.support.SockJsHttpRequestHandler@31360632
2026-03-05 12:08:54 [e9d10241-77b6-4046-9e1f-9e57dc9fd7a0] [http-nio-8086-exec-1] DEBUG o.s.w.s.s.t.h.DefaultSockJsService - Processing transport request: GET http://localhost:8086/ws/notifications/info?t=1772692734766
2026-03-05 12:08:55 [8b69a0ad-0c2d-440a-bb4f-3f695440f07d] [http-nio-8086-exec-2] DEBUG o.s.w.s.s.s.WebSocketHandlerMapping - Mapped to org.springframework.web.socket.sockjs.support.SockJsHttpRequestHandler@31360632
2026-03-05 12:08:55 [8b69a0ad-0c2d-440a-bb4f-3f695440f07d] [http-nio-8086-exec-2] DEBUG o.s.w.s.s.t.h.DefaultSockJsService - Processing transport request: GET http://localhost:8086/ws/notifications/info?t=1772692735251
2026-03-05 12:09:00 [6b2e45af-4335-4892-8121-302b12ed0dd4] [http-nio-8086-exec-3] DEBUG o.s.w.s.s.s.WebSocketHandlerMapping - Mapped to org.springframework.web.socket.sockjs.support.SockJsHttpRequestHandler@31360632
2026-03-05 12:09:00 [6b2e45af-4335-4892-8121-302b12ed0dd4] [http-nio-8086-exec-3] DEBUG o.s.w.s.s.t.h.DefaultSockJsService - Processing transport request: GET http://localhost:8086/ws/notifications/info?t=1772692740293
2026-03-05 12:09:00 [aab99c2d-ecd0-4f8b-a4e7-a28df167daed] [http-nio-8086-exec-4] DEBUG o.s.w.s.s.s.WebSocketHandlerMapping - Mapped to org.springframework.web.socket.sockjs.support.SockJsHttpRequestHandler@31360632
2026-03-05 12:09:00 [aab99c2d-ecd0-4f8b-a4e7-a28df167daed] [http-nio-8086-exec-4] DEBUG o.s.w.s.s.t.h.DefaultSockJsService - Processing transport request: GET http://localhost:8086/ws/notifications/info?t=1772692740764
2026-03-05 12:09:05 [0b9b61fe-3c96-42cd-9e37-81e86b87e80e] [http-nio-8086-exec-5] DEBUG o.s.w.s.s.s.WebSocketHandlerMapping - Mapped to org.springframework.web.socket.sockjs.support.SockJsHttpRequestHandler@31360632
2026-03-05 12:09:05 [0b9b61fe-3c96-42cd-9e37-81e86b87e80e] [http-nio-8086-exec-5] DEBUG o.s.w.s.s.t.h.DefaultSockJsService - Processing transport request: GET http://localhost:8086/ws/notifications/info?t=1772692745330
2026-03-05 12:09:06 [26d06935-3796-4644-9da6-bb65f8f00d94] [http-nio-8086-exec-7] DEBUG o.s.w.s.s.s.WebSocketHandlerMapping - Mapped to org.springframework.web.socket.sockjs.support.SockJsHttpRequestHandler@31360632
2026-03-05 12:09:06 [26d06935-3796-4644-9da6-bb65f8f00d94] [http-nio-8086-exec-7] DEBUG o.s.w.s.s.t.h.DefaultSockJsService - Processing transport request: GET http://localhost:8086/ws/notifications/info?t=1772692746760
2026-03-05 12:09:10 [92ea7e94-8d2e-4f05-8451-c03928c538b9] [http-nio-8086-exec-6] DEBUG o.s.w.s.s.s.WebSocketHandlerMapping - Mapped to org.springframework.web.socket.sockjs.support.SockJsHttpRequestHandler@31360632
2026-03-05 12:09:10 [92ea7e94-8d2e-4f05-8451-c03928c538b9] [http-nio-8086-exec-6] DEBUG o.s.w.s.s.t.h.DefaultSockJsService - Processing transport request: GET http://localhost:8086/ws/notifications/info?t=1772692750374
2026-03-05 12:09:12 [4b9fccd2-8ff4-4ca0-af2e-43786c7bb750] [http-nio-8086-exec-9] DEBUG o.s.w.s.s.s.WebSocketHandlerMapping - Mapped to org.springframework.web.socket.sockjs.support.SockJsHttpRequestHandler@31360632
2026-03-05 12:09:12 [4b9fccd2-8ff4-4ca0-af2e-43786c7bb750] [http-nio-8086-exec-9] DEBUG o.s.w.s.s.t.h.DefaultSockJsService - Processing transport request: GET http://localhost:8086/ws/notifications/info?t=1772692752757
2026-03-05 12:09:15 [6ba2709e-a7f6-44ba-832e-e2d482020f18] [http-nio-8086-exec-8] DEBUG o.s.w.s.s.s.WebSocketHandlerMapping - Mapped to org.springframework.web.socket.sockjs.support.SockJsHttpRequestHandler@31360632
2026-03-05 12:09:15 [6ba2709e-a7f6-44ba-832e-e2d482020f18] [http-nio-8086-exec-8] DEBUG o.s.w.s.s.t.h.DefaultSockJsService - Processing transport request: GET http://localhost:8086/ws/notifications/info?t=1772692755397
2026-03-05 12:09:18 [a238c1e6-d4b0-4716-a26b-5fa16261dbd0] [http-nio-8086-exec-10] DEBUG o.s.w.s.s.s.WebSocketHandlerMapping - Mapped to org.springframework.web.socket.sockjs.support.SockJsHttpRequestHandler@31360632
2026-03-05 12:09:18 [a238c1e6-d4b0-4716-a26b-5fa16261dbd0] [http-nio-8086-exec-10] DEBUG o.s.w.s.s.t.h.DefaultSockJsService - Processing transport request: GET http://localhost:8086/ws/notifications/info?t=1772692758765
2026-03-05 12:09:20 [26ede5ec-6131-4c4b-8eb0-bcbcda39fcce] [http-nio-8086-exec-1] DEBUG o.s.w.s.s.s.WebSocketHandlerMapping - Mapped to org.springframework.web.socket.sockjs.support.SockJsHttpRequestHandler@31360632
2026-03-05 12:09:20 [26ede5ec-6131-4c4b-8eb0-bcbcda39fcce] [http-nio-8086-exec-1] DEBUG o.s.w.s.s.t.h.DefaultSockJsService - Processing transport request: GET http://localhost:8086/ws/notifications/info?t=1772692760426
2026-03-05 12:09:24 [d75350e6-dfd5-4f53-bfb5-2f97b046fe00] [http-nio-8086-exec-2] DEBUG o.s.w.s.s.s.WebSocketHandlerMapping - Mapped to org.springframework.web.socket.sockjs.support.SockJsHttpRequestHandler@31360632
2026-03-05 12:09:24 [d75350e6-dfd5-4f53-bfb5-2f97b046fe00] [http-nio-8086-exec-2] DEBUG o.s.w.s.s.t.h.DefaultSockJsService - Processing transport request: GET http://localhost:8086/ws/notifications/info?t=1772692764757
2026-03-05 12:09:25 [6bcc43c8-12db-41c4-94f8-38619960d315] [http-nio-8086-exec-3] DEBUG o.s.w.s.s.s.WebSocketHandlerMapping - Mapped to org.springframework.web.socket.sockjs.support.SockJsHttpRequestHandler@31360632
2026-03-05 12:09:25 [6bcc43c8-12db-41c4-94f8-38619960d315] [http-nio-8086-exec-3] DEBUG o.s.w.s.s.t.h.DefaultSockJsService - Processing transport request: GET http://localhost:8086/ws/notifications/info?t=1772692765460
2026-03-05 12:09:30 [fb71ef55-9c1d-48e5-895b-a7a5265a6d30] [http-nio-8086-exec-4] DEBUG o.s.w.s.s.s.WebSocketHandlerMapping - Mapped to org.springframework.web.socket.sockjs.support.SockJsHttpRequestHandler@31360632
2026-03-05 12:09:30 [fb71ef55-9c1d-48e5-895b-a7a5265a6d30] [http-nio-8086-exec-4] DEBUG o.s.w.s.s.t.h.DefaultSockJsService - Processing transport request: GET http://localhost:8086/ws/notifications/info?t=1772692770481
2026-03-05 12:09:30 [7a840877-bd7f-4be2-b2c5-a08780019d60] [http-nio-8086-exec-5] DEBUG o.s.w.s.s.s.WebSocketHandlerMapping - Mapped to org.springframework.web.socket.sockjs.support.SockJsHttpRequestHandler@31360632
2026-03-05 12:09:30 [7a840877-bd7f-4be2-b2c5-a08780019d60] [http-nio-8086-exec-5] DEBUG o.s.w.s.s.t.h.DefaultSockJsService - Processing transport request: GET http://localhost:8086/ws/notifications/info?t=1772692770757
2026-03-05 12:09:34 [7e34957f-5c52-4d14-a197-b79378ef785f] [http-nio-8086-exec-7] DEBUG c.c.n.s.JwtAuthenticationFilter - Authenticated user: vikas123, URI: /api/notifications
2026-03-05 12:09:34 [7e34957f-5c52-4d14-a197-b79378ef785f] [http-nio-8086-exec-7] INFO  c.c.n.c.NotificationController - Fetching notifications for user: vikas123
2026-03-05 12:09:34 [7e34957f-5c52-4d14-a197-b79378ef785f] [http-nio-8086-exec-7] DEBUG org.hibernate.SQL - 
    select
        n1_0.id,
        n1_0.action_url,
        n1_0.claim_id,
        n1_0.created_at,
        n1_0.is_read,
        n1_0.message,
        n1_0.read_at,
        n1_0.sender_id,
        n1_0.status,
        n1_0.title,
        n1_0.type,
        n1_0.updated_at,
        n1_0.user_id 
    from
        notifications n1_0 
    where
        n1_0.user_id=? 
    order by
        n1_0.created_at desc
2026-03-05 12:09:34 [460a54d1-be6f-4114-93a2-3176143f692d] [http-nio-8086-exec-6] DEBUG c.c.n.s.JwtAuthenticationFilter - Authenticated user: vikas123, URI: /api/notifications/unread/count
2026-03-05 12:09:34 [460a54d1-be6f-4114-93a2-3176143f692d] [http-nio-8086-exec-6] DEBUG org.hibernate.SQL - 
    select
        count(n1_0.id) 
    from
        notifications n1_0 
    where
        n1_0.user_id=? 
        and n1_0.is_read=?
2026-03-05 12:09:35 [0ebbb73a-43e3-4264-ad29-ee32722dda4c] [http-nio-8086-exec-9] DEBUG o.s.w.s.s.s.WebSocketHandlerMapping - Mapped to org.springframework.web.socket.sockjs.support.SockJsHttpRequestHandler@31360632
2026-03-05 12:09:35 [0ebbb73a-43e3-4264-ad29-ee32722dda4c] [http-nio-8086-exec-9] DEBUG o.s.w.s.s.t.h.DefaultSockJsService - Processing transport request: GET http://localhost:8086/ws/notifications/info?t=1772692775519
2026-03-05 12:09:36 [43584543-06a0-4395-8d71-36d2f3929796] [http-nio-8086-exec-8] DEBUG o.s.w.s.s.s.WebSocketHandlerMapping - Mapped to org.springframework.web.socket.sockjs.support.SockJsHttpRequestHandler@31360632
2026-03-05 12:09:36 [43584543-06a0-4395-8d71-36d2f3929796] [http-nio-8086-exec-8] DEBUG o.s.w.s.s.t.h.DefaultSockJsService - Processing transport request: GET http://localhost:8086/ws/notifications/info?t=1772692776773
2026-03-05 12:09:40 [d22c1d2f-70d8-44ca-8e29-1e0c18cbc9e7] [http-nio-8086-exec-10] DEBUG o.s.w.s.s.s.WebSocketHandlerMapping - Mapped to org.springframework.web.socket.sockjs.support.SockJsHttpRequestHandler@31360632
2026-03-05 12:09:40 [d22c1d2f-70d8-44ca-8e29-1e0c18cbc9e7] [http-nio-8086-exec-10] DEBUG o.s.w.s.s.t.h.DefaultSockJsService - Processing transport request: GET http://localhost:8086/ws/notifications/info?t=1772692780547
2026-03-05 12:09:42 [edc46588-b61d-4c7b-ab6c-1e79dfeb3fad] [http-nio-8086-exec-1] DEBUG o.s.w.s.s.s.WebSocketHandlerMapping - Mapped to org.springframework.web.socket.sockjs.support.SockJsHttpRequestHandler@31360632
2026-03-05 12:09:42 [edc46588-b61d-4c7b-ab6c-1e79dfeb3fad] [http-nio-8086-exec-1] DEBUG o.s.w.s.s.t.h.DefaultSockJsService - Processing transport request: GET http://localhost:8086/ws/notifications/info?t=1772692782759
2026-03-05 12:09:45 [fbafca1f-752e-4aab-8148-33d6bf345e42] [http-nio-8086-exec-2] DEBUG o.s.w.s.s.s.WebSocketHandlerMapping - Mapped to org.springframework.web.socket.sockjs.support.SockJsHttpRequestHandler@31360632
2026-03-05 12:09:45 [fbafca1f-752e-4aab-8148-33d6bf345e42] [http-nio-8086-exec-2] DEBUG o.s.w.s.s.t.h.DefaultSockJsService - Processing transport request: GET http://localhost:8086/ws/notifications/info?t=1772692785579
2026-03-05 12:09:48 [3329be53-28cf-41dc-bbc3-e6d4106cc34f] [http-nio-8086-exec-3] DEBUG o.s.w.s.s.s.WebSocketHandlerMapping - Mapped to org.springframework.web.socket.sockjs.support.SockJsHttpRequestHandler@31360632
2026-03-05 12:09:48 [3329be53-28cf-41dc-bbc3-e6d4106cc34f] [http-nio-8086-exec-3] DEBUG o.s.w.s.s.t.h.DefaultSockJsService - Processing transport request: GET http://localhost:8086/ws/notifications/info?t=1772692788758
2026-03-05 12:09:50 [22d7828c-86c3-4cd6-a59e-02eac4aaea4a] [http-nio-8086-exec-4] DEBUG o.s.w.s.s.s.WebSocketHandlerMapping - Mapped to org.springframework.web.socket.sockjs.support.SockJsHttpRequestHandler@31360632
2026-03-05 12:09:50 [22d7828c-86c3-4cd6-a59e-02eac4aaea4a] [http-nio-8086-exec-4] DEBUG o.s.w.s.s.t.h.DefaultSockJsService - Processing transport request: GET http://localhost:8086/ws/notifications/info?t=1772692790604
2026-03-05 12:09:54 [172a98df-4b24-42e7-9e43-a10f081bdb6b] [http-nio-8086-exec-5] DEBUG o.s.w.s.s.s.WebSocketHandlerMapping - Mapped to org.springframework.web.socket.sockjs.support.SockJsHttpRequestHandler@31360632
2026-03-05 12:09:54 [172a98df-4b24-42e7-9e43-a10f081bdb6b] [http-nio-8086-exec-5] DEBUG o.s.w.s.s.t.h.DefaultSockJsService - Processing transport request: GET http://localhost:8086/ws/notifications/info?t=1772692794769
2026-03-05 12:09:55 [bb50c559-2b47-4d10-ab77-4b71e1b8da73] [http-nio-8086-exec-7] DEBUG o.s.w.s.s.s.WebSocketHandlerMapping - Mapped to org.springframework.web.socket.sockjs.support.SockJsHttpRequestHandler@31360632
2026-03-05 12:09:55 [bb50c559-2b47-4d10-ab77-4b71e1b8da73] [http-nio-8086-exec-7] DEBUG o.s.w.s.s.t.h.DefaultSockJsService - Processing transport request: GET http://localhost:8086/ws/notifications/info?t=1772692795636
2026-03-05 12:10:00 [6e2c7359-5ddf-4801-a0b8-d085132c045a] [http-nio-8086-exec-6] DEBUG o.s.w.s.s.s.WebSocketHandlerMapping - Mapped to org.springframework.web.socket.sockjs.support.SockJsHttpRequestHandler@31360632
2026-03-05 12:10:00 [6e2c7359-5ddf-4801-a0b8-d085132c045a] [http-nio-8086-exec-6] DEBUG o.s.w.s.s.t.h.DefaultSockJsService - Processing transport request: GET http://localhost:8086/ws/notifications/info?t=1772692800662
2026-03-05 12:10:00 [4b016f0c-f6cd-4554-a923-6bc09692a98c] [http-nio-8086-exec-9] DEBUG o.s.w.s.s.s.WebSocketHandlerMapping - Mapped to org.springframework.web.socket.sockjs.support.SockJsHttpRequestHandler@31360632
2026-03-05 12:10:00 [4b016f0c-f6cd-4554-a923-6bc09692a98c] [http-nio-8086-exec-9] DEBUG o.s.w.s.s.t.h.DefaultSockJsService - Processing transport request: GET http://localhost:8086/ws/notifications/info?t=1772692800756
2026-03-05 12:10:05 [39522c76-8dbd-4a87-b9ec-4aa3576d5212] [http-nio-8086-exec-8] DEBUG o.s.w.s.s.s.WebSocketHandlerMapping - Mapped to org.springframework.web.socket.sockjs.support.SockJsHttpRequestHandler@31360632
2026-03-05 12:10:05 [39522c76-8dbd-4a87-b9ec-4aa3576d5212] [http-nio-8086-exec-8] DEBUG o.s.w.s.s.t.h.DefaultSockJsService - Processing transport request: GET http://localhost:8086/ws/notifications/info?t=1772692805696
2026-03-05 12:10:06 [614569ac-c27d-482e-8ce3-6e54b022aee0] [http-nio-8086-exec-10] DEBUG o.s.w.s.s.s.WebSocketHandlerMapping - Mapped to org.springframework.web.socket.sockjs.support.SockJsHttpRequestHandler@31360632
2026-03-05 12:10:06 [614569ac-c27d-482e-8ce3-6e54b022aee0] [http-nio-8086-exec-10] DEBUG o.s.w.s.s.t.h.DefaultSockJsService - Processing transport request: GET http://localhost:8086/ws/notifications/info?t=1772692806758
2026-03-05 12:10:10 [1308344a-8c35-497b-9fd0-755ef5d16155] [http-nio-8086-exec-1] DEBUG o.s.w.s.s.s.WebSocketHandlerMapping - Mapped to org.springframework.web.socket.sockjs.support.SockJsHttpRequestHandler@31360632
2026-03-05 12:10:10 [1308344a-8c35-497b-9fd0-755ef5d16155] [http-nio-8086-exec-1] DEBUG o.s.w.s.s.t.h.DefaultSockJsService - Processing transport request: GET http://localhost:8086/ws/notifications/info?t=1772692810738
2026-03-05 12:10:12 [48dacde6-1c45-40cb-abf7-7f5977110149] [http-nio-8086-exec-2] DEBUG o.s.w.s.s.s.WebSocketHandlerMapping - Mapped to org.springframework.web.socket.sockjs.support.SockJsHttpRequestHandler@31360632
2026-03-05 12:10:12 [48dacde6-1c45-40cb-abf7-7f5977110149] [http-nio-8086-exec-2] DEBUG o.s.w.s.s.t.h.DefaultSockJsService - Processing transport request: GET http://localhost:8086/ws/notifications/info?t=1772692812763
2026-03-05 12:10:15 [fa3e759a-411f-4065-a110-e5d758c241a1] [http-nio-8086-exec-3] DEBUG o.s.w.s.s.s.WebSocketHandlerMapping - Mapped to org.springframework.web.socket.sockjs.support.SockJsHttpRequestHandler@31360632
2026-03-05 12:10:15 [fa3e759a-411f-4065-a110-e5d758c241a1] [http-nio-8086-exec-3] DEBUG o.s.w.s.s.t.h.DefaultSockJsService - Processing transport request: GET http://localhost:8086/ws/notifications/info?t=1772692815770
2026-03-05 12:10:18 [ec1525aa-b7cc-4b9a-82dd-06466bff065a] [http-nio-8086-exec-4] DEBUG o.s.w.s.s.s.WebSocketHandlerMapping - Mapped to org.springframework.web.socket.sockjs.support.SockJsHttpRequestHandler@31360632
2026-03-05 12:10:18 [ec1525aa-b7cc-4b9a-82dd-06466bff065a] [http-nio-8086-exec-4] DEBUG o.s.w.s.s.t.h.DefaultSockJsService - Processing transport request: GET http://localhost:8086/ws/notifications/info?t=1772692818765
2026-03-05 12:10:20 [10c19e08-6495-4eda-bf3a-91ec22763480] [http-nio-8086-exec-5] DEBUG o.s.w.s.s.s.WebSocketHandlerMapping - Mapped to org.springframework.web.socket.sockjs.support.SockJsHttpRequestHandler@31360632
2026-03-05 12:10:20 [10c19e08-6495-4eda-bf3a-91ec22763480] [http-nio-8086-exec-5] DEBUG o.s.w.s.s.t.h.DefaultSockJsService - Processing transport request: GET http://localhost:8086/ws/notifications/info?t=1772692820795
2026-03-05 12:10:24 [7296ac14-2ce8-402a-adfe-7fed05fd680f] [http-nio-8086-exec-7] DEBUG o.s.w.s.s.s.WebSocketHandlerMapping - Mapped to org.springframework.web.socket.sockjs.support.SockJsHttpRequestHandler@31360632
2026-03-05 12:10:24 [7296ac14-2ce8-402a-adfe-7fed05fd680f] [http-nio-8086-exec-7] DEBUG o.s.w.s.s.t.h.DefaultSockJsService - Processing transport request: GET http://localhost:8086/ws/notifications/info?t=1772692824759
2026-03-05 12:10:25 [b15fef5c-6b36-43cb-9d31-34f4efa6f152] [http-nio-8086-exec-6] DEBUG o.s.w.s.s.s.WebSocketHandlerMapping - Mapped to org.springframework.web.socket.sockjs.support.SockJsHttpRequestHandler@31360632
2026-03-05 12:10:25 [b15fef5c-6b36-43cb-9d31-34f4efa6f152] [http-nio-8086-exec-6] DEBUG o.s.w.s.s.t.h.DefaultSockJsService - Processing transport request: GET http://localhost:8086/ws/notifications/info?t=1772692825826
2026-03-05 12:10:30 [9dd81953-ae38-40dd-b826-1c8b801a0232] [http-nio-8086-exec-9] DEBUG o.s.w.s.s.s.WebSocketHandlerMapping - Mapped to org.springframework.web.socket.sockjs.support.SockJsHttpRequestHandler@31360632
2026-03-05 12:10:30 [9dd81953-ae38-40dd-b826-1c8b801a0232] [http-nio-8086-exec-9] DEBUG o.s.w.s.s.t.h.DefaultSockJsService - Processing transport request: GET http://localhost:8086/ws/notifications/info?t=1772692830754
2026-03-05 12:10:30 [ed5d0a83-cbc9-4d2c-a632-022b7079be8e] [http-nio-8086-exec-8] DEBUG o.s.w.s.s.s.WebSocketHandlerMapping - Mapped to org.springframework.web.socket.sockjs.support.SockJsHttpRequestHandler@31360632
2026-03-05 12:10:30 [ed5d0a83-cbc9-4d2c-a632-022b7079be8e] [http-nio-8086-exec-8] DEBUG o.s.w.s.s.t.h.DefaultSockJsService - Processing transport request: GET http://localhost:8086/ws/notifications/info?t=1772692830855
2026-03-05 12:10:35 [0d9bcd4c-4519-4a4c-aa54-fa43f6281b91] [http-nio-8086-exec-10] DEBUG o.s.w.s.s.s.WebSocketHandlerMapping - Mapped to org.springframework.web.socket.sockjs.support.SockJsHttpRequestHandler@31360632
2026-03-05 12:10:35 [0d9bcd4c-4519-4a4c-aa54-fa43f6281b91] [http-nio-8086-exec-10] DEBUG o.s.w.s.s.t.h.DefaultSockJsService - Processing transport request: GET http://localhost:8086/ws/notifications/info?t=1772692835884
2026-03-05 12:10:36 [518c87a8-3a93-4dc5-8931-ffdf853d237a] [http-nio-8086-exec-1] DEBUG o.s.w.s.s.s.WebSocketHandlerMapping - Mapped to org.springframework.web.socket.sockjs.support.SockJsHttpRequestHandler@31360632
2026-03-05 12:10:36 [518c87a8-3a93-4dc5-8931-ffdf853d237a] [http-nio-8086-exec-1] DEBUG o.s.w.s.s.t.h.DefaultSockJsService - Processing transport request: GET http://localhost:8086/ws/notifications/info?t=1772692836759
2026-03-05 12:10:40 [6019c279-420f-4e64-a5dd-acca97596bad] [http-nio-8086-exec-2] DEBUG o.s.w.s.s.s.WebSocketHandlerMapping - Mapped to org.springframework.web.socket.sockjs.support.SockJsHttpRequestHandler@31360632
2026-03-05 12:10:40 [6019c279-420f-4e64-a5dd-acca97596bad] [http-nio-8086-exec-2] DEBUG o.s.w.s.s.t.h.DefaultSockJsService - Processing transport request: GET http://localhost:8086/ws/notifications/info?t=1772692840915
2026-03-05 12:10:42 [58ee3e50-ae7b-44ea-9ad1-d86b9d125c16] [http-nio-8086-exec-3] DEBUG o.s.w.s.s.s.WebSocketHandlerMapping - Mapped to org.springframework.web.socket.sockjs.support.SockJsHttpRequestHandler@31360632
2026-03-05 12:10:42 [58ee3e50-ae7b-44ea-9ad1-d86b9d125c16] [http-nio-8086-exec-3] DEBUG o.s.w.s.s.t.h.DefaultSockJsService - Processing transport request: GET http://localhost:8086/ws/notifications/info?t=1772692842757
2026-03-05 12:10:45 [b7e0b3d0-b9d3-41cd-8db8-4c6aac65a97f] [http-nio-8086-exec-4] DEBUG o.s.w.s.s.s.WebSocketHandlerMapping - Mapped to org.springframework.web.socket.sockjs.support.SockJsHttpRequestHandler@31360632
2026-03-05 12:10:45 [b7e0b3d0-b9d3-41cd-8db8-4c6aac65a97f] [http-nio-8086-exec-4] DEBUG o.s.w.s.s.t.h.DefaultSockJsService - Processing transport request: GET http://localhost:8086/ws/notifications/info?t=1772692845957
2026-03-05 12:10:48 [8ffc9ff5-c910-4904-93ab-a2b5ef908234] [http-nio-8086-exec-5] DEBUG o.s.w.s.s.s.WebSocketHandlerMapping - Mapped to org.springframework.web.socket.sockjs.support.SockJsHttpRequestHandler@31360632
2026-03-05 12:10:48 [8ffc9ff5-c910-4904-93ab-a2b5ef908234] [http-nio-8086-exec-5] DEBUG o.s.w.s.s.t.h.DefaultSockJsService - Processing transport request: GET http://localhost:8086/ws/notifications/info?t=1772692848763
2026-03-05 12:10:51 [b34e569c-ed2a-49f9-b840-7319b490e42f] [http-nio-8086-exec-7] DEBUG o.s.w.s.s.s.WebSocketHandlerMapping - Mapped to org.springframework.web.socket.sockjs.support.SockJsHttpRequestHandler@31360632
2026-03-05 12:10:51 [b34e569c-ed2a-49f9-b840-7319b490e42f] [http-nio-8086-exec-7] DEBUG o.s.w.s.s.t.h.DefaultSockJsService - Processing transport request: GET http://localhost:8086/ws/notifications/info?t=1772692850996
2026-03-05 12:10:54 [3c624afc-fd10-42f7-977a-df7d0472b251] [http-nio-8086-exec-6] DEBUG o.s.w.s.s.s.WebSocketHandlerMapping - Mapped to org.springframework.web.socket.sockjs.support.SockJsHttpRequestHandler@31360632
2026-03-05 12:10:54 [3c624afc-fd10-42f7-977a-df7d0472b251] [http-nio-8086-exec-6] DEBUG o.s.w.s.s.t.h.DefaultSockJsService - Processing transport request: GET http://localhost:8086/ws/notifications/info?t=1772692854756
2026-03-05 12:10:56 [3611fe47-633c-43c7-8e18-a4a57cf3c4a1] [http-nio-8086-exec-9] DEBUG o.s.w.s.s.s.WebSocketHandlerMapping - Mapped to org.springframework.web.socket.sockjs.support.SockJsHttpRequestHandler@31360632
2026-03-05 12:10:56 [3611fe47-633c-43c7-8e18-a4a57cf3c4a1] [http-nio-8086-exec-9] DEBUG o.s.w.s.s.t.h.DefaultSockJsService - Processing transport request: GET http://localhost:8086/ws/notifications/info?t=1772692856022
2026-03-05 12:11:00 [845a003d-89b6-4249-b256-1a4c608a1fe9] [http-nio-8086-exec-8] DEBUG o.s.w.s.s.s.WebSocketHandlerMapping - Mapped to org.springframework.web.socket.sockjs.support.SockJsHttpRequestHandler@31360632
2026-03-05 12:11:00 [845a003d-89b6-4249-b256-1a4c608a1fe9] [http-nio-8086-exec-8] DEBUG o.s.w.s.s.t.h.DefaultSockJsService - Processing transport request: GET http://localhost:8086/ws/notifications/info?t=1772692860767
2026-03-05 12:11:01 [7ca4da91-a20a-49bc-8279-63b2d21c82ca] [http-nio-8086-exec-10] DEBUG o.s.w.s.s.s.WebSocketHandlerMapping - Mapped to org.springframework.web.socket.sockjs.support.SockJsHttpRequestHandler@31360632
2026-03-05 12:11:01 [7ca4da91-a20a-49bc-8279-63b2d21c82ca] [http-nio-8086-exec-10] DEBUG o.s.w.s.s.t.h.DefaultSockJsService - Processing transport request: GET http://localhost:8086/ws/notifications/info?t=1772692861067
2026-03-05 12:11:06 [74d1af19-1970-41f0-a69c-b1c9f9320fac] [http-nio-8086-exec-1] DEBUG o.s.w.s.s.s.WebSocketHandlerMapping - Mapped to org.springframework.web.socket.sockjs.support.SockJsHttpRequestHandler@31360632
2026-03-05 12:11:06 [74d1af19-1970-41f0-a69c-b1c9f9320fac] [http-nio-8086-exec-1] DEBUG o.s.w.s.s.t.h.DefaultSockJsService - Processing transport request: GET http://localhost:8086/ws/notifications/info?t=1772692866103
2026-03-05 12:11:06 [f4f98d3c-27f5-4d4b-a002-48ab1d18d9fa] [http-nio-8086-exec-2] DEBUG o.s.w.s.s.s.WebSocketHandlerMapping - Mapped to org.springframework.web.socket.sockjs.support.SockJsHttpRequestHandler@31360632
2026-03-05 12:11:06 [f4f98d3c-27f5-4d4b-a002-48ab1d18d9fa] [http-nio-8086-exec-2] DEBUG o.s.w.s.s.t.h.DefaultSockJsService - Processing transport request: GET http://localhost:8086/ws/notifications/info?t=1772692866759
2026-03-05 12:11:11 [3a9ac3c4-bb04-45fb-8b95-6b05b0a26e3d] [http-nio-8086-exec-3] DEBUG o.s.w.s.s.s.WebSocketHandlerMapping - Mapped to org.springframework.web.socket.sockjs.support.SockJsHttpRequestHandler@31360632
2026-03-05 12:11:11 [3a9ac3c4-bb04-45fb-8b95-6b05b0a26e3d] [http-nio-8086-exec-3] DEBUG o.s.w.s.s.t.h.DefaultSockJsService - Processing transport request: GET http://localhost:8086/ws/notifications/info?t=1772692871134
2026-03-05 12:11:12 [044a862a-ad42-4969-9224-8e198b5a0978] [http-nio-8086-exec-4] DEBUG o.s.w.s.s.s.WebSocketHandlerMapping - Mapped to org.springframework.web.socket.sockjs.support.SockJsHttpRequestHandler@31360632
2026-03-05 12:11:12 [044a862a-ad42-4969-9224-8e198b5a0978] [http-nio-8086-exec-4] DEBUG o.s.w.s.s.t.h.DefaultSockJsService - Processing transport request: GET http://localhost:8086/ws/notifications/info?t=1772692872769
2026-03-05 12:11:16 [772b5d31-dbbb-4106-bd64-d5dbd8c022a0] [http-nio-8086-exec-5] DEBUG o.s.w.s.s.s.WebSocketHandlerMapping - Mapped to org.springframework.web.socket.sockjs.support.SockJsHttpRequestHandler@31360632
2026-03-05 12:11:16 [772b5d31-dbbb-4106-bd64-d5dbd8c022a0] [http-nio-8086-exec-5] DEBUG o.s.w.s.s.t.h.DefaultSockJsService - Processing transport request: GET http://localhost:8086/ws/notifications/info?t=1772692876162
2026-03-05 12:11:18 [62cd2767-6be7-4970-81ba-54b9c7ef039b] [http-nio-8086-exec-7] DEBUG o.s.w.s.s.s.WebSocketHandlerMapping - Mapped to org.springframework.web.socket.sockjs.support.SockJsHttpRequestHandler@31360632
2026-03-05 12:11:18 [62cd2767-6be7-4970-81ba-54b9c7ef039b] [http-nio-8086-exec-7] DEBUG o.s.w.s.s.t.h.DefaultSockJsService - Processing transport request: GET http://localhost:8086/ws/notifications/info?t=1772692878761
2026-03-05 12:11:21 [a8695ab0-54bb-45b7-9146-053b059b0e18] [http-nio-8086-exec-6] DEBUG o.s.w.s.s.s.WebSocketHandlerMapping - Mapped to org.springframework.web.socket.sockjs.support.SockJsHttpRequestHandler@31360632
2026-03-05 12:11:21 [a8695ab0-54bb-45b7-9146-053b059b0e18] [http-nio-8086-exec-6] DEBUG o.s.w.s.s.t.h.DefaultSockJsService - Processing transport request: GET http://localhost:8086/ws/notifications/info?t=1772692881198
2026-03-05 12:11:24 [16f45ac8-8e9e-489b-a905-8835612d9d38] [http-nio-8086-exec-9] DEBUG o.s.w.s.s.s.WebSocketHandlerMapping - Mapped to org.springframework.web.socket.sockjs.support.SockJsHttpRequestHandler@31360632
2026-03-05 12:11:24 [16f45ac8-8e9e-489b-a905-8835612d9d38] [http-nio-8086-exec-9] DEBUG o.s.w.s.s.t.h.DefaultSockJsService - Processing transport request: GET http://localhost:8086/ws/notifications/info?t=1772692884765
2026-03-05 12:11:26 [97d6c266-93e3-423d-af3a-1e43513ff902] [http-nio-8086-exec-8] DEBUG o.s.w.s.s.s.WebSocketHandlerMapping - Mapped to org.springframework.web.socket.sockjs.support.SockJsHttpRequestHandler@31360632
2026-03-05 12:11:26 [97d6c266-93e3-423d-af3a-1e43513ff902] [http-nio-8086-exec-8] DEBUG o.s.w.s.s.t.h.DefaultSockJsService - Processing transport request: GET http://localhost:8086/ws/notifications/info?t=1772692886226
2026-03-05 12:11:30 [c44369ad-6821-46c9-bb7a-a8353aeb88c9] [http-nio-8086-exec-10] DEBUG o.s.w.s.s.s.WebSocketHandlerMapping - Mapped to org.springframework.web.socket.sockjs.support.SockJsHttpRequestHandler@31360632
2026-03-05 12:11:30 [c44369ad-6821-46c9-bb7a-a8353aeb88c9] [http-nio-8086-exec-10] DEBUG o.s.w.s.s.t.h.DefaultSockJsService - Processing transport request: GET http://localhost:8086/ws/notifications/info?t=1772692890757
2026-03-05 12:11:31 [9d76efa0-495b-4fef-ace4-656c5d3a3f89] [http-nio-8086-exec-1] DEBUG o.s.w.s.s.s.WebSocketHandlerMapping - Mapped to org.springframework.web.socket.sockjs.support.SockJsHttpRequestHandler@31360632
2026-03-05 12:11:31 [9d76efa0-495b-4fef-ace4-656c5d3a3f89] [http-nio-8086-exec-1] DEBUG o.s.w.s.s.t.h.DefaultSockJsService - Processing transport request: GET http://localhost:8086/ws/notifications/info?t=1772692891252
2026-03-05 12:11:36 [bf902039-33c4-41c1-8d52-8d2bab98e864] [http-nio-8086-exec-2] DEBUG o.s.w.s.s.s.WebSocketHandlerMapping - Mapped to org.springframework.web.socket.sockjs.support.SockJsHttpRequestHandler@31360632
2026-03-05 12:11:36 [bf902039-33c4-41c1-8d52-8d2bab98e864] [http-nio-8086-exec-2] DEBUG o.s.w.s.s.t.h.DefaultSockJsService - Processing transport request: GET http://localhost:8086/ws/notifications/info?t=1772692896280
2026-03-05 12:11:36 [f34cd95b-af90-416e-a710-e06abc7be4fa] [http-nio-8086-exec-3] DEBUG o.s.w.s.s.s.WebSocketHandlerMapping - Mapped to org.springframework.web.socket.sockjs.support.SockJsHttpRequestHandler@31360632
2026-03-05 12:11:36 [f34cd95b-af90-416e-a710-e06abc7be4fa] [http-nio-8086-exec-3] DEBUG o.s.w.s.s.t.h.DefaultSockJsService - Processing transport request: GET http://localhost:8086/ws/notifications/info?t=1772692896766
2026-03-05 12:11:41 [e220de4b-451a-4845-88df-acadd8098c47] [http-nio-8086-exec-4] DEBUG o.s.w.s.s.s.WebSocketHandlerMapping - Mapped to org.springframework.web.socket.sockjs.support.SockJsHttpRequestHandler@31360632
2026-03-05 12:11:41 [e220de4b-451a-4845-88df-acadd8098c47] [http-nio-8086-exec-4] DEBUG o.s.w.s.s.t.h.DefaultSockJsService - Processing transport request: GET http://localhost:8086/ws/notifications/info?t=1772692901319
2026-03-05 12:11:42 [201f8eb7-1ed2-4ddd-8b08-5be53c3c0bbb] [http-nio-8086-exec-5] DEBUG o.s.w.s.s.s.WebSocketHandlerMapping - Mapped to org.springframework.web.socket.sockjs.support.SockJsHttpRequestHandler@31360632
2026-03-05 12:11:42 [201f8eb7-1ed2-4ddd-8b08-5be53c3c0bbb] [http-nio-8086-exec-5] DEBUG o.s.w.s.s.t.h.DefaultSockJsService - Processing transport request: GET http://localhost:8086/ws/notifications/info?t=1772692902765
2026-03-05 12:11:46 [a6d467f6-cac2-414c-a124-39ef46c378a5] [http-nio-8086-exec-7] DEBUG o.s.w.s.s.s.WebSocketHandlerMapping - Mapped to org.springframework.web.socket.sockjs.support.SockJsHttpRequestHandler@31360632
2026-03-05 12:11:46 [a6d467f6-cac2-414c-a124-39ef46c378a5] [http-nio-8086-exec-7] DEBUG o.s.w.s.s.t.h.DefaultSockJsService - Processing transport request: GET http://localhost:8086/ws/notifications/info?t=1772692906341
2026-03-05 12:11:48 [7509397d-fa58-4d86-b576-ea9c05700c88] [http-nio-8086-exec-6] DEBUG o.s.w.s.s.s.WebSocketHandlerMapping - Mapped to org.springframework.web.socket.sockjs.support.SockJsHttpRequestHandler@31360632
2026-03-05 12:11:48 [7509397d-fa58-4d86-b576-ea9c05700c88] [http-nio-8086-exec-6] DEBUG o.s.w.s.s.t.h.DefaultSockJsService - Processing transport request: GET http://localhost:8086/ws/notifications/info?t=1772692908759
2026-03-05 12:11:51 [3c3000d8-8107-451e-a5ee-99a2588c6507] [http-nio-8086-exec-9] DEBUG o.s.w.s.s.s.WebSocketHandlerMapping - Mapped to org.springframework.web.socket.sockjs.support.SockJsHttpRequestHandler@31360632
2026-03-05 12:11:51 [3c3000d8-8107-451e-a5ee-99a2588c6507] [http-nio-8086-exec-9] DEBUG o.s.w.s.s.t.h.DefaultSockJsService - Processing transport request: GET http://localhost:8086/ws/notifications/info?t=1772692911391
2026-03-05 12:11:54 [012acc54-7b07-4e91-b8d5-536437214e2d] [http-nio-8086-exec-8] DEBUG o.s.w.s.s.s.WebSocketHandlerMapping - Mapped to org.springframework.web.socket.sockjs.support.SockJsHttpRequestHandler@31360632
2026-03-05 12:11:54 [012acc54-7b07-4e91-b8d5-536437214e2d] [http-nio-8086-exec-8] DEBUG o.s.w.s.s.t.h.DefaultSockJsService - Processing transport request: GET http://localhost:8086/ws/notifications/info?t=1772692914770
2026-03-05 12:11:56 [583928c8-23e4-4e64-bef0-5b29c04eb4cd] [http-nio-8086-exec-10] DEBUG o.s.w.s.s.s.WebSocketHandlerMapping - Mapped to org.springframework.web.socket.sockjs.support.SockJsHttpRequestHandler@31360632
2026-03-05 12:11:56 [583928c8-23e4-4e64-bef0-5b29c04eb4cd] [http-nio-8086-exec-10] DEBUG o.s.w.s.s.t.h.DefaultSockJsService - Processing transport request: GET http://localhost:8086/ws/notifications/info?t=1772692916421
2026-03-05 12:12:00 [f9ddaa2f-8964-4b87-812c-f40367a1c5ce] [http-nio-8086-exec-1] DEBUG o.s.w.s.s.s.WebSocketHandlerMapping - Mapped to org.springframework.web.socket.sockjs.support.SockJsHttpRequestHandler@31360632
2026-03-05 12:12:00 [f9ddaa2f-8964-4b87-812c-f40367a1c5ce] [http-nio-8086-exec-1] DEBUG o.s.w.s.s.t.h.DefaultSockJsService - Processing transport request: GET http://localhost:8086/ws/notifications/info?t=1772692920756
2026-03-05 12:12:01 [6e14c2cd-8da5-464a-9836-ad5051a90388] [http-nio-8086-exec-2] DEBUG o.s.w.s.s.s.WebSocketHandlerMapping - Mapped to org.springframework.web.socket.sockjs.support.SockJsHttpRequestHandler@31360632
2026-03-05 12:12:01 [6e14c2cd-8da5-464a-9836-ad5051a90388] [http-nio-8086-exec-2] DEBUG o.s.w.s.s.t.h.DefaultSockJsService - Processing transport request: GET http://localhost:8086/ws/notifications/info?t=1772692921457
2026-03-05 12:12:06 [13c70d95-01d6-4f42-bf9b-83af0b7ce731] [http-nio-8086-exec-3] DEBUG o.s.w.s.s.s.WebSocketHandlerMapping - Mapped to org.springframework.web.socket.sockjs.support.SockJsHttpRequestHandler@31360632
2026-03-05 12:12:06 [13c70d95-01d6-4f42-bf9b-83af0b7ce731] [http-nio-8086-exec-3] DEBUG o.s.w.s.s.t.h.DefaultSockJsService - Processing transport request: GET http://localhost:8086/ws/notifications/info?t=1772692926487
2026-03-05 12:12:06 [184703e5-25fd-4cda-a520-6c8e1a2cceda] [http-nio-8086-exec-4] DEBUG o.s.w.s.s.s.WebSocketHandlerMapping - Mapped to org.springframework.web.socket.sockjs.support.SockJsHttpRequestHandler@31360632
2026-03-05 12:12:06 [184703e5-25fd-4cda-a520-6c8e1a2cceda] [http-nio-8086-exec-4] DEBUG o.s.w.s.s.t.h.DefaultSockJsService - Processing transport request: GET http://localhost:8086/ws/notifications/info?t=1772692926761
2026-03-05 12:12:11 [559191a5-c7a7-4a7e-a449-045bf88d8bb7] [http-nio-8086-exec-5] DEBUG o.s.w.s.s.s.WebSocketHandlerMapping - Mapped to org.springframework.web.socket.sockjs.support.SockJsHttpRequestHandler@31360632
2026-03-05 12:12:11 [559191a5-c7a7-4a7e-a449-045bf88d8bb7] [http-nio-8086-exec-5] DEBUG o.s.w.s.s.t.h.DefaultSockJsService - Processing transport request: GET http://localhost:8086/ws/notifications/info?t=1772692931532
2026-03-05 12:12:12 [8163ee41-0ed4-4626-9852-fd9f344050d3] [http-nio-8086-exec-7] DEBUG o.s.w.s.s.s.WebSocketHandlerMapping - Mapped to org.springframework.web.socket.sockjs.support.SockJsHttpRequestHandler@31360632
2026-03-05 12:12:12 [8163ee41-0ed4-4626-9852-fd9f344050d3] [http-nio-8086-exec-7] DEBUG o.s.w.s.s.t.h.DefaultSockJsService - Processing transport request: GET http://localhost:8086/ws/notifications/info?t=1772692932760
2026-03-05 12:12:16 [7424be9b-d956-4a99-96e5-046ddc1a86b1] [http-nio-8086-exec-6] DEBUG o.s.w.s.s.s.WebSocketHandlerMapping - Mapped to org.springframework.web.socket.sockjs.support.SockJsHttpRequestHandler@31360632
2026-03-05 12:12:16 [7424be9b-d956-4a99-96e5-046ddc1a86b1] [http-nio-8086-exec-6] DEBUG o.s.w.s.s.t.h.DefaultSockJsService - Processing transport request: GET http://localhost:8086/ws/notifications/info?t=1772692936571
2026-03-05 12:12:18 [6719498c-ec8c-48a2-988b-2af92032d3ec] [http-nio-8086-exec-9] DEBUG o.s.w.s.s.s.WebSocketHandlerMapping - Mapped to org.springframework.web.socket.sockjs.support.SockJsHttpRequestHandler@31360632
2026-03-05 12:12:18 [6719498c-ec8c-48a2-988b-2af92032d3ec] [http-nio-8086-exec-9] DEBUG o.s.w.s.s.t.h.DefaultSockJsService - Processing transport request: GET http://localhost:8086/ws/notifications/info?t=1772692938763
2026-03-05 12:12:21 [55f2ef9b-eb4d-4c1d-9631-970963277b4d] [http-nio-8086-exec-8] DEBUG o.s.w.s.s.s.WebSocketHandlerMapping - Mapped to org.springframework.web.socket.sockjs.support.SockJsHttpRequestHandler@31360632
2026-03-05 12:12:21 [55f2ef9b-eb4d-4c1d-9631-970963277b4d] [http-nio-8086-exec-8] DEBUG o.s.w.s.s.t.h.DefaultSockJsService - Processing transport request: GET http://localhost:8086/ws/notifications/info?t=1772692941594
2026-03-05 12:12:24 [268460eb-f854-4743-babf-70c93cd7e710] [http-nio-8086-exec-10] DEBUG o.s.w.s.s.s.WebSocketHandlerMapping - Mapped to org.springframework.web.socket.sockjs.support.SockJsHttpRequestHandler@31360632
2026-03-05 12:12:24 [268460eb-f854-4743-babf-70c93cd7e710] [http-nio-8086-exec-10] DEBUG o.s.w.s.s.t.h.DefaultSockJsService - Processing transport request: GET http://localhost:8086/ws/notifications/info?t=1772692944765
2026-03-05 12:12:26 [8d1b7b57-ad26-40cf-9b88-969cc90bda6a] [http-nio-8086-exec-1] DEBUG o.s.w.s.s.s.WebSocketHandlerMapping - Mapped to org.springframework.web.socket.sockjs.support.SockJsHttpRequestHandler@31360632
2026-03-05 12:12:26 [8d1b7b57-ad26-40cf-9b88-969cc90bda6a] [http-nio-8086-exec-1] DEBUG o.s.w.s.s.t.h.DefaultSockJsService - Processing transport request: GET http://localhost:8086/ws/notifications/info?t=1772692946626
2026-03-05 12:12:30 [fb3a6fef-de25-4110-90ba-73384c40e7c3] [http-nio-8086-exec-2] DEBUG c.c.n.s.JwtAuthenticationFilter - Authenticated user: vikas123, URI: /api/notifications
2026-03-05 12:12:30 [fb3a6fef-de25-4110-90ba-73384c40e7c3] [http-nio-8086-exec-2] INFO  c.c.n.c.NotificationController - Fetching notifications for user: vikas123
2026-03-05 12:12:30 [fb3a6fef-de25-4110-90ba-73384c40e7c3] [http-nio-8086-exec-2] DEBUG org.hibernate.SQL - 
    select
        n1_0.id,
        n1_0.action_url,
        n1_0.claim_id,
        n1_0.created_at,
        n1_0.is_read,
        n1_0.message,
        n1_0.read_at,
        n1_0.sender_id,
        n1_0.status,
        n1_0.title,
        n1_0.type,
        n1_0.updated_at,
        n1_0.user_id 
    from
        notifications n1_0 
    where
        n1_0.user_id=? 
    order by
        n1_0.created_at desc
2026-03-05 12:12:30 [ee45b246-0e43-4681-a7b2-264dee942df5] [http-nio-8086-exec-3] DEBUG c.c.n.s.JwtAuthenticationFilter - Authenticated user: vikas123, URI: /api/notifications/unread/count
2026-03-05 12:12:30 [ee45b246-0e43-4681-a7b2-264dee942df5] [http-nio-8086-exec-3] DEBUG org.hibernate.SQL - 
    select
        count(n1_0.id) 
    from
        notifications n1_0 
    where
        n1_0.user_id=? 
        and n1_0.is_read=?
2026-03-05 12:12:30 [42a004bb-fa47-4036-833a-5ccc635773e6] [http-nio-8086-exec-4] DEBUG o.s.w.s.s.s.WebSocketHandlerMapping - Mapped to org.springframework.web.socket.sockjs.support.SockJsHttpRequestHandler@31360632
2026-03-05 12:12:30 [42a004bb-fa47-4036-833a-5ccc635773e6] [http-nio-8086-exec-4] DEBUG o.s.w.s.s.t.h.DefaultSockJsService - Processing transport request: GET http://localhost:8086/ws/notifications/info?t=1772692950758
2026-03-05 12:12:31 [1a5ad5b0-cb38-42b8-8551-e5c00dc935ba] [http-nio-8086-exec-5] DEBUG o.s.w.s.s.s.WebSocketHandlerMapping - Mapped to org.springframework.web.socket.sockjs.support.SockJsHttpRequestHandler@31360632
2026-03-05 12:12:31 [1a5ad5b0-cb38-42b8-8551-e5c00dc935ba] [http-nio-8086-exec-5] DEBUG o.s.w.s.s.t.h.DefaultSockJsService - Processing transport request: GET http://localhost:8086/ws/notifications/info?t=1772692951676
2026-03-05 12:12:36 [93fece00-b5bf-4109-9648-bbf66fdeee4e] [http-nio-8086-exec-7] DEBUG c.c.n.s.JwtAuthenticationFilter - Authenticated user: vikas123, URI: /api/notifications
2026-03-05 12:12:36 [93fece00-b5bf-4109-9648-bbf66fdeee4e] [http-nio-8086-exec-7] INFO  c.c.n.c.NotificationController - Fetching notifications for user: vikas123
2026-03-05 12:12:36 [93fece00-b5bf-4109-9648-bbf66fdeee4e] [http-nio-8086-exec-7] DEBUG org.hibernate.SQL - 
    select
        n1_0.id,
        n1_0.action_url,
        n1_0.claim_id,
        n1_0.created_at,
        n1_0.is_read,
        n1_0.message,
        n1_0.read_at,
        n1_0.sender_id,
        n1_0.status,
        n1_0.title,
        n1_0.type,
        n1_0.updated_at,
        n1_0.user_id 
    from
        notifications n1_0 
    where
        n1_0.user_id=? 
    order by
        n1_0.created_at desc
2026-03-05 12:12:36 [84be68cf-62ae-485f-adf2-b547ff9a0758] [http-nio-8086-exec-6] DEBUG c.c.n.s.JwtAuthenticationFilter - Authenticated user: vikas123, URI: /api/notifications/unread/count
2026-03-05 12:12:36 [84be68cf-62ae-485f-adf2-b547ff9a0758] [http-nio-8086-exec-6] DEBUG org.hibernate.SQL - 
    select
        count(n1_0.id) 
    from
        notifications n1_0 
    where
        n1_0.user_id=? 
        and n1_0.is_read=?
2026-03-05 12:12:36 [cf8a8c2e-9398-4bc6-b836-3b0fde1c4988] [http-nio-8086-exec-9] DEBUG o.s.w.s.s.s.WebSocketHandlerMapping - Mapped to org.springframework.web.socket.sockjs.support.SockJsHttpRequestHandler@31360632
2026-03-05 12:12:36 [cf8a8c2e-9398-4bc6-b836-3b0fde1c4988] [http-nio-8086-exec-9] DEBUG o.s.w.s.s.t.h.DefaultSockJsService - Processing transport request: GET http://localhost:8086/ws/notifications/info?t=1772692956702
2026-03-05 12:12:36 [c1323bf7-98b9-41b5-9b9b-d8c294448a2a] [http-nio-8086-exec-8] DEBUG o.s.w.s.s.s.WebSocketHandlerMapping - Mapped to org.springframework.web.socket.sockjs.support.SockJsHttpRequestHandler@31360632
2026-03-05 12:12:36 [c1323bf7-98b9-41b5-9b9b-d8c294448a2a] [http-nio-8086-exec-8] DEBUG o.s.w.s.s.t.h.DefaultSockJsService - Processing transport request: GET http://localhost:8086/ws/notifications/info?t=1772692956756
2026-03-05 12:12:41 [f625bba3-7eca-4b48-af7a-718e77e59c21] [http-nio-8086-exec-10] DEBUG o.s.w.s.s.s.WebSocketHandlerMapping - Mapped to org.springframework.web.socket.sockjs.support.SockJsHttpRequestHandler@31360632
2026-03-05 12:12:41 [f625bba3-7eca-4b48-af7a-718e77e59c21] [http-nio-8086-exec-10] DEBUG o.s.w.s.s.t.h.DefaultSockJsService - Processing transport request: GET http://localhost:8086/ws/notifications/info?t=1772692961729
2026-03-05 12:12:42 [053afe6e-8d26-4f73-94dd-9d61f1c88310] [http-nio-8086-exec-1] DEBUG o.s.w.s.s.s.WebSocketHandlerMapping - Mapped to org.springframework.web.socket.sockjs.support.SockJsHttpRequestHandler@31360632
2026-03-05 12:12:42 [053afe6e-8d26-4f73-94dd-9d61f1c88310] [http-nio-8086-exec-1] DEBUG o.s.w.s.s.t.h.DefaultSockJsService - Processing transport request: GET http://localhost:8086/ws/notifications/info?t=1772692962766
2026-03-05 12:12:47 [c79e7b59-784b-432d-bd2d-c6fc7662f920] [http-nio-8086-exec-2] DEBUG o.s.w.s.s.s.WebSocketHandlerMapping - Mapped to org.springframework.web.socket.sockjs.support.SockJsHttpRequestHandler@31360632
2026-03-05 12:12:47 [c79e7b59-784b-432d-bd2d-c6fc7662f920] [http-nio-8086-exec-2] DEBUG o.s.w.s.s.t.h.DefaultSockJsService - Processing transport request: GET http://localhost:8086/ws/notifications/info?t=1772692967759
2026-03-05 12:12:47 [7ee0b5eb-84d5-4dcb-a51e-28b7f59524c2] [http-nio-8086-exec-3] DEBUG o.s.w.s.s.s.WebSocketHandlerMapping - Mapped to org.springframework.web.socket.sockjs.support.SockJsHttpRequestHandler@31360632
2026-03-05 12:12:47 [7ee0b5eb-84d5-4dcb-a51e-28b7f59524c2] [http-nio-8086-exec-3] DEBUG o.s.w.s.s.t.h.DefaultSockJsService - Processing transport request: GET http://localhost:8086/ws/notifications/info?t=1772692967807
2026-03-05 12:12:52 [cdb50f42-dfad-4188-a3db-99c71f60ca34] [http-nio-8086-exec-4] DEBUG o.s.w.s.s.s.WebSocketHandlerMapping - Mapped to org.springframework.web.socket.sockjs.support.SockJsHttpRequestHandler@31360632
2026-03-05 12:12:52 [cdb50f42-dfad-4188-a3db-99c71f60ca34] [http-nio-8086-exec-4] DEBUG o.s.w.s.s.t.h.DefaultSockJsService - Processing transport request: GET http://localhost:8086/ws/notifications/info?t=1772692972865
2026-03-05 12:12:53 [deaecdd3-0646-42f1-8779-b7035f9c3b10] [http-nio-8086-exec-5] DEBUG o.s.w.s.s.s.WebSocketHandlerMapping - Mapped to org.springframework.web.socket.sockjs.support.SockJsHttpRequestHandler@31360632
2026-03-05 12:12:53 [deaecdd3-0646-42f1-8779-b7035f9c3b10] [http-nio-8086-exec-5] DEBUG o.s.w.s.s.t.h.DefaultSockJsService - Processing transport request: GET http://localhost:8086/ws/notifications/info?t=1772692973768
2026-03-05 12:12:57 [5b3a6bf1-e96b-4d03-9a79-1aa82b8aff4a] [http-nio-8086-exec-7] DEBUG o.s.w.s.s.s.WebSocketHandlerMapping - Mapped to org.springframework.web.socket.sockjs.support.SockJsHttpRequestHandler@31360632
2026-03-05 12:12:57 [5b3a6bf1-e96b-4d03-9a79-1aa82b8aff4a] [http-nio-8086-exec-7] DEBUG o.s.w.s.s.t.h.DefaultSockJsService - Processing transport request: GET http://localhost:8086/ws/notifications/info?t=1772692977911
2026-03-05 12:12:59 [8d16e774-51f3-4a03-8655-76a0d6ee8b57] [http-nio-8086-exec-6] DEBUG o.s.w.s.s.s.WebSocketHandlerMapping - Mapped to org.springframework.web.socket.sockjs.support.SockJsHttpRequestHandler@31360632
2026-03-05 12:12:59 [8d16e774-51f3-4a03-8655-76a0d6ee8b57] [http-nio-8086-exec-6] DEBUG o.s.w.s.s.t.h.DefaultSockJsService - Processing transport request: GET http://localhost:8086/ws/notifications/info?t=1772692979758
2026-03-05 12:13:02 [ed936c6f-d2f8-4e66-8988-d85d76cc2318] [http-nio-8086-exec-9] DEBUG o.s.w.s.s.s.WebSocketHandlerMapping - Mapped to org.springframework.web.socket.sockjs.support.SockJsHttpRequestHandler@31360632
2026-03-05 12:13:02 [ed936c6f-d2f8-4e66-8988-d85d76cc2318] [http-nio-8086-exec-9] DEBUG o.s.w.s.s.t.h.DefaultSockJsService - Processing transport request: GET http://localhost:8086/ws/notifications/info?t=1772692982949
2026-03-05 12:13:05 [df106bcb-25f8-4aff-b157-5fe84bce1ad5] [http-nio-8086-exec-8] DEBUG o.s.w.s.s.s.WebSocketHandlerMapping - Mapped to org.springframework.web.socket.sockjs.support.SockJsHttpRequestHandler@31360632
2026-03-05 12:13:05 [df106bcb-25f8-4aff-b157-5fe84bce1ad5] [http-nio-8086-exec-8] DEBUG o.s.w.s.s.t.h.DefaultSockJsService - Processing transport request: GET http://localhost:8086/ws/notifications/info?t=1772692985759
2026-03-05 12:13:08 [2763c804-a5da-4909-8231-2d76b93543fc] [http-nio-8086-exec-10] DEBUG o.s.w.s.s.s.WebSocketHandlerMapping - Mapped to org.springframework.web.socket.sockjs.support.SockJsHttpRequestHandler@31360632
2026-03-05 12:13:08 [2763c804-a5da-4909-8231-2d76b93543fc] [http-nio-8086-exec-10] DEBUG o.s.w.s.s.t.h.DefaultSockJsService - Processing transport request: GET http://localhost:8086/ws/notifications/info?t=1772692987989
2026-03-05 12:13:11 [89b58821-fa64-467d-8b76-157bb654864d] [http-nio-8086-exec-1] DEBUG o.s.w.s.s.s.WebSocketHandlerMapping - Mapped to org.springframework.web.socket.sockjs.support.SockJsHttpRequestHandler@31360632
2026-03-05 12:13:11 [89b58821-fa64-467d-8b76-157bb654864d] [http-nio-8086-exec-1] DEBUG o.s.w.s.s.t.h.DefaultSockJsService - Processing transport request: GET http://localhost:8086/ws/notifications/info?t=1772692991757
2026-03-05 12:13:13 [8659e96a-5ba3-4fd0-8ebd-45f9a7397242] [http-nio-8086-exec-2] DEBUG o.s.w.s.s.s.WebSocketHandlerMapping - Mapped to org.springframework.web.socket.sockjs.support.SockJsHttpRequestHandler@31360632
2026-03-05 12:13:13 [8659e96a-5ba3-4fd0-8ebd-45f9a7397242] [http-nio-8086-exec-2] DEBUG o.s.w.s.s.t.h.DefaultSockJsService - Processing transport request: GET http://localhost:8086/ws/notifications/info?t=1772692993017
2026-03-05 12:13:17 [9c2dd6b1-0421-4d49-bdcb-2c38bec47f12] [http-nio-8086-exec-3] DEBUG o.s.w.s.s.s.WebSocketHandlerMapping - Mapped to org.springframework.web.socket.sockjs.support.SockJsHttpRequestHandler@31360632
2026-03-05 12:13:17 [9c2dd6b1-0421-4d49-bdcb-2c38bec47f12] [http-nio-8086-exec-3] DEBUG o.s.w.s.s.t.h.DefaultSockJsService - Processing transport request: GET http://localhost:8086/ws/notifications/info?t=1772692997770
2026-03-05 12:13:18 [cc1157d9-87a5-4eb2-9d16-cacacbd7f212] [http-nio-8086-exec-4] DEBUG o.s.w.s.s.s.WebSocketHandlerMapping - Mapped to org.springframework.web.socket.sockjs.support.SockJsHttpRequestHandler@31360632
2026-03-05 12:13:18 [cc1157d9-87a5-4eb2-9d16-cacacbd7f212] [http-nio-8086-exec-4] DEBUG o.s.w.s.s.t.h.DefaultSockJsService - Processing transport request: GET http://localhost:8086/ws/notifications/info?t=1772692998058
2026-03-05 12:13:23 [e9c37cc3-5844-48f0-91ca-a11b31b8f9d1] [http-nio-8086-exec-5] DEBUG o.s.w.s.s.s.WebSocketHandlerMapping - Mapped to org.springframework.web.socket.sockjs.support.SockJsHttpRequestHandler@31360632
2026-03-05 12:13:23 [e9c37cc3-5844-48f0-91ca-a11b31b8f9d1] [http-nio-8086-exec-5] DEBUG o.s.w.s.s.t.h.DefaultSockJsService - Processing transport request: GET http://localhost:8086/ws/notifications/info?t=1772693003094
2026-03-05 12:13:23 [30077ef6-4f56-43f2-afd8-bbd5434a49f4] [http-nio-8086-exec-7] DEBUG o.s.w.s.s.s.WebSocketHandlerMapping - Mapped to org.springframework.web.socket.sockjs.support.SockJsHttpRequestHandler@31360632
2026-03-05 12:13:23 [30077ef6-4f56-43f2-afd8-bbd5434a49f4] [http-nio-8086-exec-7] DEBUG o.s.w.s.s.t.h.DefaultSockJsService - Processing transport request: GET http://localhost:8086/ws/notifications/info?t=1772693003785
2026-03-05 12:13:28 [d746c8e9-c809-4ba2-b9ab-47b959718033] [http-nio-8086-exec-6] DEBUG o.s.w.s.s.s.WebSocketHandlerMapping - Mapped to org.springframework.web.socket.sockjs.support.SockJsHttpRequestHandler@31360632
2026-03-05 12:13:28 [d746c8e9-c809-4ba2-b9ab-47b959718033] [http-nio-8086-exec-6] DEBUG o.s.w.s.s.t.h.DefaultSockJsService - Processing transport request: GET http://localhost:8086/ws/notifications/info?t=1772693008757
2026-03-05 12:13:29 [65ad03fe-be5c-4ac3-9c46-dadac755939b] [http-nio-8086-exec-9] DEBUG o.s.w.s.s.s.WebSocketHandlerMapping - Mapped to org.springframework.web.socket.sockjs.support.SockJsHttpRequestHandler@31360632
2026-03-05 12:13:29 [65ad03fe-be5c-4ac3-9c46-dadac755939b] [http-nio-8086-exec-9] DEBUG o.s.w.s.s.t.h.DefaultSockJsService - Processing transport request: GET http://localhost:8086/ws/notifications/info?t=1772693009768
2026-03-05 12:13:34 [0495e4ec-155f-4f69-acae-512480ef5787] [http-nio-8086-exec-8] DEBUG o.s.w.s.s.s.WebSocketHandlerMapping - Mapped to org.springframework.web.socket.sockjs.support.SockJsHttpRequestHandler@31360632
2026-03-05 12:13:34 [0495e4ec-155f-4f69-acae-512480ef5787] [http-nio-8086-exec-8] DEBUG o.s.w.s.s.t.h.DefaultSockJsService - Processing transport request: GET http://localhost:8086/ws/notifications/info?t=1772693014770
